"#","Game","Release date","Price","Score rank(Userscore / Metascore)","Owners","Playtime (Median)","Developer(s)","Publisher(s)"
"1098","New World: Aeternum","Sep 28, 2021","$59.99","N/A (N/A)","50,000,000 .. 100,000,000","02:24 (01:36)","Amazon Games","Amazon Games"
"606","Halo Infinite","Nov 15, 2021","Free","N/A (N/A)","10,000,000 .. 20,000,000","62:27 (05:23)","343 Industries","Xbox Game Studios"
"1084","eFootball","Sep 29, 2021","Free","N/A (N/A)","10,000,000 .. 20,000,000","60:40 (65:27)","KONAMI","KONAMI"
"1100","NARAKA: BLADEPOINT","Aug 11, 2021","Free","N/A (N/A)","10,000,000 .. 20,000,000","28:08 (07:26)","24 Entertainment","NetEase Games Global"
"1102","Valheim","Feb 2, 2021","$19.99","N/A (N/A)","10,000,000 .. 20,000,000","13:51 (06:57)","Iron Gate AB","Coffee Stain Publishing"
"6","It Takes Two","Mar 25, 2021","$9.99","N/A (N/A/89%)","5,000,000 .. 10,000,000","02:17 (01:33)","Hazelight Studios","Electronic Arts"
"603","Russian Fishing 4","Nov 10, 2021","Free","N/A (N/A)","5,000,000 .. 10,000,000","60:08 (12:53)","FishSoft LLC","FishSoft LLC"
"1090","Poppy Playtime","Oct 12, 2021","Free","N/A (N/A)","5,000,000 .. 10,000,000","145:19 (217:35)","Mob Entertainment","Mob Entertainment"
"1095","Stumble Guys","Oct 7, 2021","N/A","N/A (N/A)","5,000,000 .. 10,000,000","01:09 (00:56)","Scopely","Scopely"
"1097","Crab Game","Oct 29, 2021","Free","N/A (N/A)","5,000,000 .. 10,000,000","24:53 (01:01)","Dani","Dani"
"1099","Forza Horizon 5","Nov 8, 2021","$29.99","N/A (N/A)","5,000,000 .. 10,000,000","03:00 (01:29)","Playground Games","Xbox Game Studios"
"1101","Forza Horizon 4","Mar 9, 2021","N/A","N/A (N/A)","5,000,000 .. 10,000,000","01:58 (01:29)","Playground Games","Xbox Game Studios"
"24","Football Manager 2022","Nov 9, 2021","N/A","N/A (N/A/85%)","2,000,000 .. 5,000,000","15:36 (05:12)","Sports Interactive","SEGA"
"26","Inscryption","Oct 19, 2021","$19.99","N/A (N/A/85%)","2,000,000 .. 5,000,000","03:28 (02:46)","Daniel Mullins Games","Devolver Digital"
"34","Tales of Arise","Sep 9, 2021","$39.99","N/A (N/A/84%)","2,000,000 .. 5,000,000","02:25 (01:36)","Bandai Namco Studios Inc.","Bandai Namco Entertainment"
"46","Pathfinder: Wrath of the Righteous - Enhanced Edition","Sep 2, 2021","$19.99","N/A (N/A/83%)","2,000,000 .. 5,000,000","04:24 (06:20)","Owlcat Games","META Publishing, Owlcat Games"
"49","Resident Evil Village","May 6, 2021","$14.99","N/A (N/A/83%)","2,000,000 .. 5,000,000","05:24 (03:10)","CAPCOM Co., Ltd.","CAPCOM Co., Ltd."
"57","Monster Hunter Stories 2: Wings of Ruin","Jul 8, 2021","$39.99","N/A (N/A/82%)","2,000,000 .. 5,000,000","02:13 (00:44)","CAPCOM Co., Ltd.","CAPCOM Co., Ltd."
"82","Age of Empires IV: Anniversary Edition","Oct 28, 2021","$13.99","N/A (N/A/81%)","2,000,000 .. 5,000,000","12:05 (06:28)","World's Edge, Relic Entertainment, Forgotten Empires, Climax Studios","Xbox Game Studios"
"103","Hell Let Loose","Jul 27, 2021","$12.49","N/A (N/A/79%)","2,000,000 .. 5,000,000","04:18 (04:00)","Expression Games","Team17"
"116","GTFO","Dec 9, 2021","$39.99","N/A (N/A/78%)","2,000,000 .. 5,000,000","03:46 (04:26)","10 Chambers","10 Chambers"
"597","Bless Unleashed","Aug 6, 2021","Free","N/A (N/A)","2,000,000 .. 5,000,000","00:00 (00:00)","VALOFE","VALOFE"
"600","Krunker","Feb 1, 2021","N/A","N/A (N/A)","2,000,000 .. 5,000,000","00:10 (00:03)","FRVR","FRVR"
"602","封灵档案","Mar 29, 2021","Free","N/A (N/A)","2,000,000 .. 5,000,000","00:00 (00:00)","（Hong Kong）GKD","（Hong Kong）GKD"
"1041","Century: Age of Ashes","Dec 2, 2021","Free","N/A (N/A)","2,000,000 .. 5,000,000","00:35 (00:11)","Playwing LTD","Playwing LTD"
"1053","Tribes of Midgard","Jul 27, 2021","$19.99","N/A (N/A)","2,000,000 .. 5,000,000","00:00 (00:00)","Norsfell","Gearbox Publishing"
"1077","ROUNDS","Apr 1, 2021","$5.99","N/A (N/A)","2,000,000 .. 5,000,000","01:38 (01:34)","Landfall","Landfall"
"1081","OUTRIDERS","Apr 1, 2021","$7.99","N/A (N/A)","2,000,000 .. 5,000,000","00:00 (00:00)","People Can Fly","Square Enix"
"1086","DEVOUR","Jan 28, 2021","$9.99","N/A (N/A)","2,000,000 .. 5,000,000","01:37 (01:32)","Straight Back Games","Straight Back Games"
"1087","Cookie Clicker","Sep 1, 2021","$3.99","N/A (N/A)","2,000,000 .. 5,000,000","09:41 (04:11)","Orteil, DashNet","Playsaurus"
"1088","Farming Simulator 22","Nov 21, 2021","$29.99","N/A (N/A)","2,000,000 .. 5,000,000","10:25 (16:28)","Giants Software","Giants Software"
"1089","Dyson Sphere Program","Jan 20, 2021","$19.99","N/A (N/A)","2,000,000 .. 5,000,000","16:23 (07:14)","Youthcat Studio","Gamirror Games"
"1091","Subnautica: Below Zero","May 13, 2021","$29.99","N/A (N/A)","2,000,000 .. 5,000,000","08:04 (14:46)","Unknown Worlds Entertainment","Unknown Worlds Entertainment"
"1092","Gunfire Reborn","Nov 17, 2021","$19.99","N/A (N/A)","2,000,000 .. 5,000,000","07:09 (05:54)","Duoyi Games","Duoyi Games"
"1093","Days Gone","May 17, 2021","$15.99","N/A (N/A)","2,000,000 .. 5,000,000","03:30 (02:18)","Bend Studio","PlayStation Publishing LLC"
"1094","FIFA 22","Oct 1, 2021","N/A","N/A (N/A)","2,000,000 .. 5,000,000","02:13 (02:54)","EA Canada & EA Romania","Electronic Arts"
"1096","Totally Accurate Battle Simulator","Apr 1, 2021","$19.99","N/A (N/A)","2,000,000 .. 5,000,000","02:26 (03:17)","Landfall","Landfall"
"12","DEATHLOOP","Sep 13, 2021","$11.99","N/A (N/A/87%)","1,000,000 .. 2,000,000","01:25 (00:56)","Arkane Studios","Bethesda Softworks"
"14","Wildermyth","Jun 15, 2021","$24.99","N/A (N/A/86%)","1,000,000 .. 2,000,000","00:00 (00:00)","Worldwalker Games LLC","Worldwalker Games LLC, WhisperGames"
"15","F1 2021","Jul 15, 2021","N/A","N/A (N/A/86%)","1,000,000 .. 2,000,000","00:00 (00:00)","Codemasters","Electronic Arts"
"16","ENDER LILIES: Quietus of the Knights","Jun 21, 2021","$9.99","N/A (N/A/86%)","1,000,000 .. 2,000,000","03:06 (01:02)","Live Wire, Adglobe","Binary Haze Interactive"
"17","Nioh 2 – The Complete Edition","Feb 5, 2021","$19.99","N/A (N/A/86%)","1,000,000 .. 2,000,000","02:09 (03:28)","KOEI TECMO GAMES CO., LTD.","KOEI TECMO GAMES CO., LTD."
"18","Mass Effect Legendary Edition","May 14, 2021","$5.99","N/A (N/A/86%)","1,000,000 .. 2,000,000","07:12 (04:59)","BioWare","Electronic Arts"
"25","GUILTY GEAR -STRIVE-","Jun 11, 2021","$19.99","N/A (N/A/85%)","1,000,000 .. 2,000,000","04:58 (06:20)","Arc System Works","Arc System Works"
"45","The Riftbreaker","Oct 14, 2021","$29.99","N/A (N/A/83%)","1,000,000 .. 2,000,000","04:47 (09:50)","EXOR Studios","EXOR Studios, Surefire.Games"
"48","Little Nightmares II","Feb 10, 2021","$29.99","N/A (N/A/83%)","1,000,000 .. 2,000,000","01:44 (02:27)","Tarsier Studios","BANDAI NAMCO Entertainment"
"59","Escape Simulator","Oct 19, 2021","$19.99","N/A (N/A/82%)","1,000,000 .. 2,000,000","03:56 (04:23)","Pine Studio","Pine Studio"
"60","Clone Drone in the Danger Zone","Jul 27, 2021","$19.99","N/A (N/A/82%)","1,000,000 .. 2,000,000","00:07 (00:02)","Doborog Games","Doborog Games"
"61","Loop Hero","Mar 4, 2021","$14.99","N/A (N/A/82%)","1,000,000 .. 2,000,000","00:00 (00:00)","Four Quarters","Devolver Digital"
"92","Skul: The Hero Slayer","Jan 20, 2021","$19.99","N/A (N/A/80%)","1,000,000 .. 2,000,000","09:30 (05:34)","SOUTHPAW GAMES","NEOWIZ"
"114","SCARLET NEXUS","Jun 24, 2021","$14.39","N/A (N/A/78%)","1,000,000 .. 2,000,000","00:15 (00:05)","BANDAI NAMCO Studios Inc.","BANDAI NAMCO Entertainment"
"140","Persona 5 Strikers","Feb 22, 2021","$17.99","N/A (N/A/76%)","1,000,000 .. 2,000,000","02:24 (00:48)","ATLUS","SEGA"
"141","Jurassic World Evolution 2","Nov 9, 2021","$17.99","N/A (N/A/76%)","1,000,000 .. 2,000,000","02:30 (03:35)","Frontier Developments","Frontier Developments"
"181","Medieval Dynasty","Sep 23, 2021","$34.99","N/A (N/A/73%)","1,000,000 .. 2,000,000","05:38 (03:35)","Render Cube","Toplitz Productions"
"221","BIOMUTANT","May 25, 2021","$39.99","N/A (N/A/66%)","1,000,000 .. 2,000,000","01:02 (00:26)","Experiment 101","THQ Nordic"
"227","Thunder Tier One","Dec 7, 2021","Free","N/A (N/A/65%)","1,000,000 .. 2,000,000","00:18 (00:06)","KRAFTON, Inc.","KRAFTON, Inc."
"591","XERA: Survival","Sep 26, 2021","Free","N/A (N/A)","1,000,000 .. 2,000,000","00:00 (00:00)","Spotted Kiwi Interactive","Spotted Kiwi Interactive"
"592","VTube Studio","Mar 12, 2021","Free","N/A (N/A)","1,000,000 .. 2,000,000","14:08 (20:25)","DenchiSoft","DenchiSoft"
"595","Torque Drift","Apr 20, 2021","Free","N/A (N/A)","1,000,000 .. 2,000,000","00:00 (00:00)","Grease Monkey Games","Grease Monkey Games"
"598","Legends of IdleOn - Idle MMO","Apr 2, 2021","Free","N/A (N/A)","1,000,000 .. 2,000,000","58:46 (31:53)","Lavaflame2","Lavaflame2"
"601","Cell to Singularity - Evolution Never Ends","Nov 3, 2021","Free","N/A (N/A)","1,000,000 .. 2,000,000","10:33 (11:11)","Computer Lunch","Computer Lunch"
"604","Super Animal Royale","Aug 26, 2021","N/A","N/A (N/A)","1,000,000 .. 2,000,000","01:20 (01:41)","Pixile","Pixile"
"605","World of Tanks","Apr 28, 2021","Free","N/A (N/A)","1,000,000 .. 2,000,000","17:49 (08:30)","Wargaming Group Limited","Wargaming Group Limited"
"867","Tails Noir","Jun 8, 2021","$24.99","N/A (N/A)","1,000,000 .. 2,000,000","00:00 (00:00)","Eggnut","Raw Fury"
"897","Capcom Arcade Stadium","May 24, 2021","$19.79","N/A (N/A)","1,000,000 .. 2,000,000","00:01 (00:00)","CAPCOM Co., Ltd.","CAPCOM Co., Ltd."
"957","Swords of Legends Online","Jul 9, 2021","N/A","N/A (N/A)","1,000,000 .. 2,000,000","00:00 (00:00)","Wangyuan Shengtang Entertainment Technology CO., 上海烛龙信息科技有限公司","Gameforge 4D GmbH"
"1012","小黑盒加速器","May 24, 2021","Free","N/A (N/A)","1,000,000 .. 2,000,000","00:00 (00:00)","Qing Feng Beijing Technology","Qing Feng Beijing Technology"
"1032","Sniper Ghost Warrior Contracts 2","Jun 4, 2021","$39.99","N/A (N/A)","1,000,000 .. 2,000,000","00:00 (00:00)","CI Games","CI Games"
"1035","Legion TD 2 - Multiplayer Tower Defense","Oct 1, 2021","$24.99","N/A (N/A)","1,000,000 .. 2,000,000","10:49 (10:49)","AutoAttack Games","AutoAttack Games"
"1036","Orcs Must Die! 3","Jul 23, 2021","$29.99","N/A (N/A)","1,000,000 .. 2,000,000","00:21 (00:13)","Robot Entertainment","Robot Entertainment"
"1038","Minecraft Dungeons","Sep 22, 2021","$14.79","N/A (N/A)","1,000,000 .. 2,000,000","02:41 (03:37)","Mojang Studios, ‪Double Eleven","Xbox Game Studios"
"1049","Demon Slayer -Kimetsu no Yaiba- The Hinokami Chronicles","Oct 15, 2021","$14.99","N/A (N/A)","1,000,000 .. 2,000,000","00:00 (00:00)","CyberConnect2","SEGA"
"1051","The Ascent","Jul 29, 2021","$29.99","N/A (N/A)","1,000,000 .. 2,000,000","01:13 (00:24)","Neon Giant","Curve Games"
"1055","Solasta: Crown of the Magister","May 27, 2021","$29.99","N/A (N/A)","1,000,000 .. 2,000,000","01:35 (01:16)","Tactical Adventures","Tactical Adventures"
"1057","Sands of Salzaar","Dec 15, 2021","$5.99","N/A (N/A)","1,000,000 .. 2,000,000","00:03 (00:01)","汉家松鼠Han-Squirrel Studio","XD"
"1058","HUMANKIND","Aug 17, 2021","$49.99","N/A (N/A)","1,000,000 .. 2,000,000","13:22 (10:24)","AMPLITUDE Studios","AMPLITUDE Studios"
"1060","Aliens: Fireteam Elite","Aug 23, 2021","$29.99","N/A (N/A)","1,000,000 .. 2,000,000","03:39 (04:48)","Cold Iron Studios","Cold Iron Studios, Focus Entertainment"
"1061","Call to Arms - Gates of Hell: Ostfront","Jun 11, 2021","$34.99","N/A (N/A)","1,000,000 .. 2,000,000","09:02 (06:11)","Barbedwire Studios, Digitalmindsoft","Digitalmindsoft"
"1062","Townscaper","Aug 26, 2021","$2.69","N/A (N/A)","1,000,000 .. 2,000,000","01:58 (01:18)","Oskar Stålberg","Raw Fury"
"1063","Cruelty Squad","Jun 15, 2021","$19.99","N/A (N/A)","1,000,000 .. 2,000,000","01:35 (01:57)","Consumer Softproducts","Consumer Softproducts"
"1065","World War Z","Sep 21, 2021","$29.99","N/A (N/A)","1,000,000 .. 2,000,000","11:52 (05:51)","Saber Interactive Inc","Saber Interactive Inc"
"1069","PICO PARK","May 7, 2021","$4.99","N/A (N/A)","1,000,000 .. 2,000,000","00:01 (00:00)","TECOPARK","TECOPARK"
"1071","Draw & Guess","Mar 12, 2021","$2.99","N/A (N/A)","1,000,000 .. 2,000,000","01:07 (00:57)","Acureus","Acureus"
"1072","Paint the Town Red","Jul 29, 2021","$19.99","N/A (N/A)","1,000,000 .. 2,000,000","00:07 (00:04)","South East Games","South East Games"
"1073","Timberborn","Sep 15, 2021","$34.99","N/A (N/A)","1,000,000 .. 2,000,000","08:59 (08:29)","Mechanistry","Mechanistry"
"1074","LoveChoice","Nov 15, 2021","$1.99","N/A (N/A)","1,000,000 .. 2,000,000","00:03 (00:01)","Akaba Studio","Akaba Studio"
"1075","Library Of Ruina","Aug 10, 2021","$29.99","N/A (N/A)","1,000,000 .. 2,000,000","10:40 (09:48)","ProjectMoon","ProjectMoon"
"1078","Bright Memory: Infinite","Nov 11, 2021","$19.99","N/A (N/A)","1,000,000 .. 2,000,000","00:01 (00:00)","FYQD-Studio","FYQD-Studio, PLAYISM"
"1079","My Singing Monsters","Mar 24, 2021","Free","N/A (N/A)","1,000,000 .. 2,000,000","00:19 (00:27)","Big Blue Bubble","Big Blue Bubble"
"1080","SnowRunner","May 17, 2021","$11.99","N/A (N/A)","1,000,000 .. 2,000,000","06:33 (04:29)","Saber Interactive","Focus Entertainment"
"1083","WorldBox - God Simulator","Dec 2, 2021","$19.99","N/A (N/A)","1,000,000 .. 2,000,000","06:00 (03:36)","Maxim Karpenko","Maxim Karpenko"
"1085","Five Nights at Freddy's: Security Breach","Dec 16, 2021","$39.99","N/A (N/A)","1,000,000 .. 2,000,000","00:00 (00:00)","Steel Wool Studios","ScottGames"
"3666","Sabre Team","Jun 4, 2021","$3.14","N/A (N/A)","1,000,000 .. 2,000,000","00:00 (00:00)","Krisalis Software","Ziggurat"
"7842","Saving Grace","Jan 2, 2021","$1.99","N/A (N/A)","1,000,000 .. 2,000,000","00:00 (00:00)","Thomas JC Ironmonger","Ironmonger Games"
"9840","My Beautiful Paper Smile","Oct 14, 2021","$14.99","N/A (N/A)","1,000,000 .. 2,000,000","00:00 (00:00)","Two Star Games","V Publishing, Surefire.Games"
"1","Tetris Effect: Connected","Aug 17, 2021","$19.99","N/A (N/A/93%)","500,000 .. 1,000,000","01:30 (01:23)","Monstars Inc., Resonair, Stage Games","Enhance"
"5","Psychonauts 2","Aug 24, 2021","$11.99","N/A (N/A/89%)","500,000 .. 1,000,000","00:12 (00:04)","Double Fine Productions","Xbox Game Studios"
"11","Mini Motorways","Jul 20, 2021","$7.49","N/A (N/A/87%)","500,000 .. 1,000,000","11:38 (15:29)","Dinosaur Polo Club","Dinosaur Polo Club"
"13","Lacuna – A Sci-Fi Noir Adventure","May 20, 2021","$3.19","N/A (N/A/86%)","500,000 .. 1,000,000","00:00 (00:00)","DigiTales Interactive","Assemble Entertainment, WhisperGames, Mayflower Entertainment"
"22","The Forgotten City","Jul 28, 2021","$24.99","N/A (N/A/85%)","500,000 .. 1,000,000","00:00 (00:00)","Modern Storyteller","Dear Villagers"
"23","Death's Door","Jul 20, 2021","$19.99","N/A (N/A/85%)","500,000 .. 1,000,000","02:54 (01:59)","Acid Nerve","Devolver Digital"
"33","Griftlands","Jun 1, 2021","$19.99","N/A (N/A/84%)","500,000 .. 1,000,000","00:52 (00:17)","Klei Entertainment","Klei Entertainment"
"42","Shadow Tactics: Aiko's Choice","Dec 6, 2021","$19.99","N/A (N/A/83%)","500,000 .. 1,000,000","00:00 (00:00)","Mimimi Games","Daedalic Entertainment"
"47","Unpacking","Nov 1, 2021","$7.99","N/A (N/A/83%)","500,000 .. 1,000,000","01:55 (01:42)","Witch Beam","Humble Games"
"56","Gloomhaven","Oct 20, 2021","$12.24","N/A (N/A/82%)","500,000 .. 1,000,000","00:37 (00:12)","Flaming Fowl Studios, Saber Interactive","Twin Sails Interactive"
"58","Eastward","Sep 16, 2021","$24.99","N/A (N/A/82%)","500,000 .. 1,000,000","00:00 (00:00)","Pixpil","Chucklefish, XD"
"79","F.I.S.T.: Forged In Shadow Torch","Oct 2, 2021","$15.99","N/A (N/A/81%)","500,000 .. 1,000,000","02:15 (00:45)","TiGames","Astrolabe Games"
"81","Doki Doki Literature Club Plus!","Jun 30, 2021","$14.99","N/A (N/A/81%)","500,000 .. 1,000,000","46:53 (15:37)","Team Salvato","Serenity Forge"
"88","Knockout City","May 21, 2021","N/A","N/A (N/A/80%)","500,000 .. 1,000,000","00:00 (00:00)","Velan Studios","Velan Studios"
"89","Ruined King: A League of Legends Story","Nov 16, 2021","$29.99","N/A (N/A/80%)","500,000 .. 1,000,000","00:34 (00:22)","Airship Syndicate","Riot Forge"
"90","Impostor Factory","Sep 30, 2021","$9.99","N/A (N/A/80%)","500,000 .. 1,000,000","00:00 (00:00)","Freebird Games","Freebird Games"
"91","The Last Campfire","Oct 7, 2021","$14.99","N/A (N/A/80%)","500,000 .. 1,000,000","00:53 (00:17)","Hello Games","Hello Games"
"101","Super Robot Wars 30","Oct 27, 2021","$59.99","N/A (N/A/79%)","500,000 .. 1,000,000","00:00 (00:00)","Bandai Namco Forge Digitals Inc.","Bandai Namco Entertainment"
"115","Marvel's Guardians of the Galaxy","Oct 26, 2021","$59.99","N/A (N/A/78%)","500,000 .. 1,000,000","03:09 (00:51)","Eidos-Montréal","Eidos Interactive Corp."
"135","Curious Expedition 2","Jan 28, 2021","$19.99","N/A (N/A/76%)","500,000 .. 1,000,000","00:00 (00:00)","Maschinen-Mensch","Maschinen-Mensch"
"138","Twelve Minutes","Aug 19, 2021","$7.49","N/A (N/A/76%)","500,000 .. 1,000,000","03:32 (01:35)","Luis Antonio","Annapurna Interactive"
"154","In Sound Mind","Sep 28, 2021","$34.99","N/A (N/A/75%)","500,000 .. 1,000,000","00:00 (00:00)","We Create Stuff","Maximum Entertainment"
"155","Tormented Souls","Aug 26, 2021","$19.99","N/A (N/A/75%)","500,000 .. 1,000,000","04:03 (02:39)","Dual Effect, Abstract Digital","PQube"
"157","Chernobylite Complete Edition","Jul 28, 2021","$29.99","N/A (N/A/75%)","500,000 .. 1,000,000","02:19 (00:46)","The Farm 51","The Farm 51"
"163","Zombie Army 4: Dead War","Feb 18, 2021","$49.99","N/A (N/A/74%)","500,000 .. 1,000,000","00:35 (00:11)","Rebellion","Rebellion"
"180","MechWarrior 5: Mercenaries","May 26, 2021","$11.99","N/A (N/A/73%)","500,000 .. 1,000,000","02:01 (01:44)","Piranha Games Inc.","Piranha Games Inc."
"187","Endzone - A World Apart","Mar 18, 2021","$24.99","N/A (N/A/72%)","500,000 .. 1,000,000","02:00 (00:40)","Gentlymad Studios","Assemble Entertainment, WhisperGames"
"189","Gas Station Simulator","Sep 15, 2021","$9.99","N/A (N/A/72%)","500,000 .. 1,000,000","01:52 (01:25)","DRAGO entertainment","DRAGO entertainment, HeartBeat Games, Shochiku"
"203","Maneater","May 25, 2021","$39.99","N/A (N/A/70%)","500,000 .. 1,000,000","02:08 (00:42)","Tripwire Interactive","Tripwire Interactive"
"220","INDUSTRIA","Sep 30, 2021","$19.99","N/A (N/A/67%)","500,000 .. 1,000,000","00:00 (00:00)","Bleakmill","Headup"
"568","ANOTHER EDEN","Mar 30, 2021","Free","N/A (N/A)","500,000 .. 1,000,000","00:00 (00:00)","WFS, Inc.","WFS, Inc."
"577","Royal Crown","Feb 23, 2021","N/A","N/A (N/A)","500,000 .. 1,000,000","00:00 (00:00)","Meerkat Games Corporation","LINE Games Corporation"
"579","Animaze by FaceRig","Nov 17, 2021","Free","N/A (N/A)","500,000 .. 1,000,000","00:00 (00:00)","Holotech Studios Inc.","Holotech Studios Inc."
"584","Idle Big Devil","Nov 3, 2021","Free","N/A (N/A)","500,000 .. 1,000,000","00:00 (00:00)","HONG KONG SPARK SOFTWARE TECHNOLOGY CO., LIMITED","HONG KONG SPARK SOFTWARE TECHNOLOGY CO., LIMITED"
"586","League of Maidens","Feb 25, 2021","Free","N/A (N/A)","500,000 .. 1,000,000","00:00 (00:00)","Maiden Gaming Inc.","Maiden Gaming Inc."
"594","SuchArt: Creative Space","Jan 21, 2021","Free","N/A (N/A)","500,000 .. 1,000,000","00:00 (00:00)","Goose Minded","HypeTrain Digital"
"596","Hired Ops","Apr 13, 2021","Free","N/A (N/A)","500,000 .. 1,000,000","00:00 (00:00)","Absolut Soft LLC","Panomix Studio"
"599","Road 96","Aug 16, 2021","$4.99","N/A (N/A)","500,000 .. 1,000,000","32:44 (21:49)","Digixart","Deep Silver"
"780","Olympic Games Tokyo 2020 – The Official Video Game","Jun 21, 2021","$39.99","N/A (N/A)","500,000 .. 1,000,000","00:00 (00:00)","SEGA","SEGA"
"804","Ficket: 追剧引擎","Jun 18, 2021","$2.79","N/A (N/A)","500,000 .. 1,000,000","07:27 (04:44)","一个小目标工作室","一个小目标工作室"
"826","DYSMANTLE","Nov 16, 2021","$19.99","N/A (N/A)","500,000 .. 1,000,000","00:00 (00:00)","10tons Ltd","10tons Ltd"
"857","SYNTHETIK 2","Nov 11, 2021","$19.99","N/A (N/A)","500,000 .. 1,000,000","00:00 (00:00)","Flow Fire Games","Flow Fire Games"
"879","Soccer Manager 2022","Nov 26, 2021","Free","N/A (N/A)","500,000 .. 1,000,000","00:00 (00:00)","Invincibles Studio Ltd","ケイエル"
"892","ELYON","Oct 20, 2021","N/A","N/A (N/A)","500,000 .. 1,000,000","00:00 (00:00)","Bluehole Studio, Inc.","Kakao Games Europe B.V."
"920","Until We Die","Jun 3, 2021","$16.99","N/A (N/A)","500,000 .. 1,000,000","00:00 (00:00)","Pixeye Games","Pixeye Games"
"937","Death Trash","Aug 5, 2021","$19.99","N/A (N/A)","500,000 .. 1,000,000","00:00 (00:00)","Crafting Legends","Crafting Legends"
"950","Hood: Outlaws & Legends","May 10, 2021","N/A","N/A (N/A)","500,000 .. 1,000,000","00:00 (00:00)","Sumo Digital","Focus Entertainment"
"952","Perfect Heist 2","Dec 10, 2021","$9.99","N/A (N/A)","500,000 .. 1,000,000","00:35 (00:11)","yeswecamp","yeswecamp"
"955","Madden NFL 22","Aug 19, 2021","N/A","N/A (N/A)","500,000 .. 1,000,000","00:00 (00:00)","Tiburon","Electronic Arts"
"961","Nickelodeon All-Star Brawl","Oct 4, 2021","$4.99","N/A (N/A)","500,000 .. 1,000,000","00:00 (00:00)","Ludosity, Fair Play Labs","GameMill Entertainment"
"963","MyDockFinder","Nov 25, 2021","$4.99","N/A (N/A)","500,000 .. 1,000,000","04:17 (04:17)","MyDockFinder","MyDockFinder"
"967","HudSight - crosshair overlay","Jan 5, 2021","$7.99","N/A (N/A)","500,000 .. 1,000,000","08:49 (10:32)","Eduard Kozadaev","Eduard Kozadaev"
"973","Intravenous","Jul 26, 2021","$19.99","N/A (N/A)","500,000 .. 1,000,000","00:00 (00:00)","Explosive Squat Games","HypeTrain Digital"
"974","Overcooked! All You Can Eat","Mar 23, 2021","$39.99","N/A (N/A)","500,000 .. 1,000,000","01:26 (00:57)","Team17 Digital, Ghost Town Games","Team17 Digital"
"976","Home Sweet Home : Survive","Mar 25, 2021","N/A","N/A (N/A)","500,000 .. 1,000,000","00:00 (00:00)","YGGDRAZIL GROUP PUBLIC COMPANY LIMITED","Shift Now"
"983","Teamfight Manager","Mar 1, 2021","$9.99","N/A (N/A)","500,000 .. 1,000,000","00:01 (00:00)","Team Samoyed","Team Samoyed"
"985","Necromunda: Hired Gun","May 31, 2021","$5.99","N/A (N/A)","500,000 .. 1,000,000","00:00 (00:00)","Streum On Studio","Focus Entertainment"
"989","PULSAR: Lost Colony","Jun 22, 2021","$19.99","N/A (N/A)","500,000 .. 1,000,000","00:00 (00:00)","Leafy Games","Leafy Games"
"993","Rubber Bandits","Dec 2, 2021","$9.99","N/A (N/A)","500,000 .. 1,000,000","01:02 (00:40)","Flashbulb","Flashbulb"
"994","Eastern Exorcist","Jul 7, 2021","$17.99","N/A (N/A)","500,000 .. 1,000,000","00:10 (00:03)","Wildfire Game（无锡野火数字科技有限公司）","Wildfire Game（无锡野火数字科技有限公司）"
"997","Yakuza 5 Remastered","Jan 28, 2021","$19.99","N/A (N/A)","500,000 .. 1,000,000","11:32 (03:50)","Ryu Ga Gotoku Studio","SEGA"
"1000","HighFleet","Jul 27, 2021","$29.99","N/A (N/A)","500,000 .. 1,000,000","01:00 (00:39)","Konstantin Koshutin","MicroProse Software"
"1002","Mortal Shell","Aug 18, 2021","$29.99","N/A (N/A)","500,000 .. 1,000,000","00:00 (00:00)","Cold Symmetry","Playstack"
"1004","Airport CEO","Mar 4, 2021","$24.99","N/A (N/A)","500,000 .. 1,000,000","09:00 (08:07)","Apog Labs","Apog Labs"
"1005","FINAL FANTASY","Jul 28, 2021","$7.79","N/A (N/A)","500,000 .. 1,000,000","06:38 (07:25)","Square Enix","Square Enix"
"1006","Hellish Quart","Feb 16, 2021","$17.99","N/A (N/A)","500,000 .. 1,000,000","00:38 (00:41)","Kubold","Kubold"
"1010","Severed Steel","Sep 17, 2021","$24.99","N/A (N/A)","500,000 .. 1,000,000","00:04 (00:01)","Greylock Studio","Greylock Studio"
"1011","Operation: Tango","Jun 1, 2021","$19.99","N/A (N/A)","500,000 .. 1,000,000","00:00 (00:00)","Clever Plays","Team17, Clever Plays"
"1015","Curse of the Dead Gods","Feb 23, 2021","$19.99","N/A (N/A)","500,000 .. 1,000,000","02:35 (01:43)","Passtech Games","Focus Entertainment"
"1016","Yakuza 3 Remastered","Jan 28, 2021","$19.99","N/A (N/A)","500,000 .. 1,000,000","01:15 (00:49)","Ryu Ga Gotoku Studio","SEGA"
"1018","The Medium","Jan 28, 2021","$49.99","N/A (N/A)","500,000 .. 1,000,000","00:00 (00:00)","Bloober Team","Bloober Team SA, NA PUBLISHING INC."
"1019","The Dark Pictures Anthology: House of Ashes","Oct 21, 2021","$29.99","N/A (N/A)","500,000 .. 1,000,000","05:10 (01:43)","Supermassive Games","BANDAI NAMCO Entertainment Europe"
"1020","Kingdom Heroes 8","Jan 12, 2021","$29.99","N/A (N/A)","500,000 .. 1,000,000","00:00 (00:00)","USERJOY Technology Co.,Ltd.","USERJOY Technology Co.,Ltd., Phoenix Game"
"1022","MELTY BLOOD: TYPE LUMINA","Sep 29, 2021","$49.99","N/A (N/A)","500,000 .. 1,000,000","00:15 (00:05)","FRENCH-BREAD, TYPE-MOON, Lasengle Inc., TAMSOFT CORPORATION, GameLoop Inc.","Lasengle Inc."
"1024","In Silence","Oct 29, 2021","$9.99","N/A (N/A)","500,000 .. 1,000,000","00:00 (00:00)","Ravenhood Games","Ravenhood Games"
"1025","Deepest Sword","Jun 9, 2021","Free","N/A (N/A)","500,000 .. 1,000,000","00:00 (00:00)","Cosmic Adventure Squad","Cosmic Adventure Squad"
"1026","Total War: ROME REMASTERED","Apr 29, 2021","$29.99","N/A (N/A)","500,000 .. 1,000,000","00:55 (00:54)","Creative Assembly, Feral Interactive","SEGA"
"1028","小白兔电商~Bunny e-Shop","Nov 11, 2021","$7.36","N/A (N/A)","500,000 .. 1,000,000","00:00 (00:00)","落叶岛项目组, 橘子班","NVLMaker"
"1029","Crysis Remastered","Sep 17, 2021","$8.99","N/A (N/A)","500,000 .. 1,000,000","02:41 (01:47)","Crytek","Crytek"
"1033","Lunch Lady","Apr 15, 2021","$4.99","N/A (N/A)","500,000 .. 1,000,000","00:00 (00:00)","Manic Mice","Manic Mice"
"1039","Propnight","Dec 1, 2021","N/A","N/A (N/A)","500,000 .. 1,000,000","00:05 (00:01)","FNTASTIC","Mytona Fntastic"
"1040","Melvor Idle","Nov 18, 2021","$9.99","N/A (N/A)","500,000 .. 1,000,000","30:27 (54:08)","Games by Malcs","Jagex Ltd"
"1042","Sword and Fairy 7","Oct 21, 2021","$29.99","N/A (N/A)","500,000 .. 1,000,000","00:00 (00:00)","软星科技(SoftStarlight)","方块游戏(CubeGame), 软星科技(SoftStarlight)"
"1043","Webbed","Sep 9, 2021","$9.99","N/A (N/A)","500,000 .. 1,000,000","01:59 (00:50)","Sbug Games","Sbug Games"
"1044","Cyber Manhunt","Feb 2, 2021","$9.99","N/A (N/A)","500,000 .. 1,000,000","03:28 (02:18)","Aluba Van+","Aluba Van+"
"1045","Life is Strange: True Colors","Sep 9, 2021","$17.99","N/A (N/A)","500,000 .. 1,000,000","00:00 (00:00)","Deck Nine","Square Enix"
"1046","MADNESS: Project Nexus","Sep 29, 2021","$24.99","N/A (N/A)","500,000 .. 1,000,000","00:00 (00:00)","GIBBING TREE, LLC","GIBBING TREE, LLC"
"1050","Going Medieval","Jun 1, 2021","$24.99","N/A (N/A)","500,000 .. 1,000,000","14:07 (09:09)","Foxy Voxel","Mythwright"
"1054","Tales from the Borderlands","Feb 16, 2021","$19.99","N/A (N/A)","500,000 .. 1,000,000","00:46 (00:15)","Telltale Games","2K"
"1056","Milk outside a bag of milk outside a bag of milk","Dec 16, 2021","$8.99","N/A (N/A)","500,000 .. 1,000,000","00:00 (00:00)","Nikita Kryukov","Nikita Kryukov"
"1059","Tiny Bunny","Apr 16, 2021","$10.99","N/A (N/A)","500,000 .. 1,000,000","00:00 (00:00)","Saikono, Sokar","Saikono, Game Art Pioneers"
"1064","Rhythm Doctor","Feb 26, 2021","$19.99","N/A (N/A)","500,000 .. 1,000,000","00:21 (00:21)","7th Beat Games","7th Beat Games, indienova"
"1067","NBA 2K22","Sep 9, 2021","N/A","N/A (N/A)","500,000 .. 1,000,000","05:06 (01:42)","Visual Concepts","2K"
"1068","NieR Replicant ver.1.22474487139...","Apr 23, 2021","$23.99","N/A (N/A)","500,000 .. 1,000,000","09:48 (12:11)","Square Enix, Toylogic Inc.","Square Enix"
"1070","Touhou Mystia's Izakaya","Oct 1, 2021","$4.79","N/A (N/A)","500,000 .. 1,000,000","12:29 (12:23)","二色幽紫蝶, Re零同人社","二色幽紫蝶, Re零同人社"
"1076","ICARUS","Dec 3, 2021","$34.99","N/A (N/A)","500,000 .. 1,000,000","07:04 (09:39)","RocketWerkz","RocketWerkz"
"1082","Firework","Feb 3, 2021","$9.99","N/A (N/A)","500,000 .. 1,000,000","00:31 (00:10)","Shiying Studio","Gamirror Games"
"2737","Sands of Fire","Apr 2, 2021","$2.09","N/A (N/A)","500,000 .. 1,000,000","00:00 (00:00)","Three-Sixty Pacific","Ziggurat"
"3793","Minicraft Shooter","Feb 26, 2021","$0.99","N/A (N/A)","500,000 .. 1,000,000","00:00 (00:00)","Boom Team","Boom Team"
"6118","极限求生","Mar 3, 2021","Free","N/A (N/A)","500,000 .. 1,000,000","00:00 (00:00)","陈 世杰","陈 世杰"
"3","Chicory: A Colorful Tale","Jun 10, 2021","$19.99","N/A (N/A/90%)","200,000 .. 500,000","00:00 (00:00)","Wishes Ultd., Greg Lobanov, Alexis Dean-Jones, Lena Raine, Madeline Berger, A Shell in the Pit","Finji"
"4","OPUS: Echo of Starsong - Full Bloom Edition","Aug 31, 2021","$24.99","N/A (N/A/90%)","200,000 .. 500,000","00:00 (00:00)","SIGONO INC.","SIGONO INC."
"32","Heavenly Bodies","Dec 7, 2021","$6.79","N/A (N/A/84%)","200,000 .. 500,000","01:15 (00:25)","2pt Interactive","2pt Interactive, Team17"
"43","The Great Ace Attorney Chronicles","Jul 26, 2021","$15.99","N/A (N/A/83%)","200,000 .. 500,000","04:48 (07:59)","CAPCOM Co., Ltd.","CAPCOM Co., Ltd."
"44","Everhood","Mar 4, 2021","$9.99","N/A (N/A/83%)","200,000 .. 500,000","00:00 (00:00)","Chris Nordgren, Jordi Roca","Foreign Gnomes, Surefire.Games"
"50","Cyber Shadow","Jan 26, 2021","$19.99","N/A (N/A/82%)","200,000 .. 500,000","00:00 (00:00)","Aarne ""MekaSkull"" Hunziker","Yacht Club Games"
"53","UnMetal","Sep 28, 2021","$19.99","N/A (N/A/82%)","200,000 .. 500,000","07:24 (02:28)","@unepic_fran","Versus Evil"
"54","Tainted Grail: Conquest","May 27, 2021","$19.99","N/A (N/A/82%)","200,000 .. 500,000","01:46 (00:35)","Questline","Awaken Realms"
"55","The Life and Suffering of Sir Brante","Mar 4, 2021","$19.99","N/A (N/A/82%)","200,000 .. 500,000","00:00 (00:00)","Sever, Schisma Games","101XP"
"75","Happy Game","Oct 28, 2021","$13.13","N/A (N/A/81%)","200,000 .. 500,000","00:00 (00:00)","Amanita Design","Amanita Design"
"76","Trials of Fire","Apr 9, 2021","$19.99","N/A (N/A/81%)","200,000 .. 500,000","00:00 (00:00)","Whatboy Games","Whatboy Games"
"77","The Legend of Tianding","Nov 1, 2021","$19.99","N/A (N/A/81%)","200,000 .. 500,000","00:00 (00:00)","Creative Games Computer Graphics Corporation, Neon Doctrine","Neon Doctrine"
"78","GRIME","Aug 2, 2021","$24.99","N/A (N/A/81%)","200,000 .. 500,000","04:29 (01:45)","Clover Bite","Akupara Games"
"80","Tails of Iron","Sep 17, 2021","$24.99","N/A (N/A/81%)","200,000 .. 500,000","00:00 (00:00)","Odd Bug Studio","United Label"
"85","Dark Deity","Jun 15, 2021","$4.99","N/A (N/A/80%)","200,000 .. 500,000","00:01 (00:00)","Sword & Axe LLC","indie.io"
"86","Dreamscaper","Aug 5, 2021","$4.99","N/A (N/A/80%)","200,000 .. 500,000","00:00 (00:00)","Afterburner Studios","indie.io, Maple Whispering Limited"
"87","ATOM RPG Trudograd","Sep 13, 2021","$10.99","N/A (N/A/80%)","200,000 .. 500,000","00:00 (00:00)","AtomTeam","AtomTeam"
"93","Time Commando","Oct 9, 2021","$5.99","N/A (N/A/80%)","200,000 .. 500,000","00:00 (00:00)","[2.21]","[2.21]"
"98","Golf Club Nostalgia","Sep 3, 2021","$9.99","N/A (N/A/79%)","200,000 .. 500,000","00:00 (00:00)","Demagog Studio","Untold Tales"
"99","LEGO Builder's Journey","Jun 22, 2021","$19.99","N/A (N/A/79%)","200,000 .. 500,000","00:00 (00:00)","Light Brick Studio","LEGO® Games"
"102","TOEM: A Photo Adventure","Sep 17, 2021","$19.99","N/A (N/A/79%)","200,000 .. 500,000","02:00 (01:04)","Something We Made","Something We Made, popagenda"
"110","Roguebook","Jun 17, 2021","$2.49","N/A (N/A/78%)","200,000 .. 500,000","30:57 (20:38)","Abrakam Entertainment SA","Nacon"
"111","Let's Build a Zoo","Nov 5, 2021","$19.99","N/A (N/A/78%)","200,000 .. 500,000","05:27 (01:49)","Springloaded","No More Robots"
"112","Wytchwood","Dec 9, 2021","$19.99","N/A (N/A/78%)","200,000 .. 500,000","00:00 (00:00)","Alientrap","Alientrap"
"113","Lost in Random","Sep 10, 2021","$4.49","N/A (N/A/78%)","200,000 .. 500,000","00:00 (00:00)","Zoink, Thunderful","Electronic Arts"
"128","Sherlock Holmes Chapter One","Nov 15, 2021","$4.49","N/A (N/A/77%)","200,000 .. 500,000","00:00 (00:00)","Frogwares","Frogwares"
"132","Omno","Jul 28, 2021","$18.99","N/A (N/A/76%)","200,000 .. 500,000","00:00 (00:00)","Studio Inkyfox","Future Friends Games, StudioInkyfox"
"133","Eldest Souls","Jul 29, 2021","$19.99","N/A (N/A/76%)","200,000 .. 500,000","00:00 (00:00)","Fallen Flag Studio","United Label, CI Games"
"134","Chorus","Dec 3, 2021","$24.99","N/A (N/A/76%)","200,000 .. 500,000","00:40 (00:13)","Deep Silver Fishlabs","Deep Silver"
"137","Sable","Sep 23, 2021","$24.99","N/A (N/A/76%)","200,000 .. 500,000","02:28 (00:49)","Shedworks","Raw Fury"
"139","Journey To The Savage Planet","Jan 28, 2021","$5.99","N/A (N/A/76%)","200,000 .. 500,000","04:23 (04:20)","Typhoon","505 Games"
"156","Black Book","Aug 10, 2021","$8.74","N/A (N/A/75%)","200,000 .. 500,000","00:00 (00:00)","Morteshka","HypeTrain Digital"
"175","Killsquad","Oct 21, 2021","$29.99","N/A (N/A/73%)","200,000 .. 500,000","00:00 (00:00)","Novarama","Novarama"
"176","Spellcaster University","Jun 15, 2021","$24.99","N/A (N/A/73%)","200,000 .. 500,000","00:00 (00:00)","Sneaky Yak Studio","Sneaky Yak Studio, WhisperGames"
"177","Idol Manager","Jul 26, 2021","$19.99","N/A (N/A/73%)","200,000 .. 500,000","00:00 (00:00)","Glitch Pitch","PLAYISM"
"178","SLUDGE LIFE","Jun 2, 2021","$14.99","N/A (N/A/73%)","200,000 .. 500,000","00:00 (00:00)","Terri Vellmann, Doseone","Devolver Digital"
"179","Behind the Frame: The Finest Scenery","Aug 25, 2021","$12.99","N/A (N/A/73%)","200,000 .. 500,000","00:00 (00:00)","Silver Lining Studio","Akupara Games, Akatsuki Taiwan Inc."
"183","Gamedec - Definitive Edition","Sep 16, 2021","$29.99","N/A (N/A/72%)","200,000 .. 500,000","00:00 (00:00)","Anshar Studios","Anshar Publishing"
"186","Stubbs the Zombie in Rebel Without a Pulse","Mar 16, 2021","$19.99","N/A (N/A/72%)","200,000 .. 500,000","00:00 (00:00)","Aspyr","Aspyr"
"188","Turnip Boy Commits Tax Evasion","Apr 22, 2021","$14.99","N/A (N/A/72%)","200,000 .. 500,000","00:47 (00:15)","Snoozy Kazoo","Graffiti Games"
"196","Banners of Ruin","Jul 29, 2021","$19.99","N/A (N/A/71%)","200,000 .. 500,000","00:00 (00:00)","MonteBearo","Goblinz Publishing, Maple Whispering Limited"
"197","The Sinking City Remastered","Feb 26, 2021","$9.99","N/A (N/A/71%)","200,000 .. 500,000","09:48 (03:16)","Frogwares","Frogwares"
"200","Quantum League","Apr 15, 2021","N/A","N/A (N/A/70%)","200,000 .. 500,000","00:00 (00:00)","Nimble Giant Entertainment","Nimble Giant Entertainment"
"202","Lake","Sep 1, 2021","$19.99","N/A (N/A/70%)","200,000 .. 500,000","01:03 (00:21)","Gamious","Whitethorn Games, Gamious"
"228","Stronghold: Warlords","Mar 9, 2021","$39.99","N/A (N/A/65%)","200,000 .. 500,000","00:00 (00:00)","Firefly Studios","Firefly Studios"
"229","Hammerting","Nov 16, 2021","$24.99","N/A (N/A/64%)","200,000 .. 500,000","00:00 (00:00)","Warpzone Studios","Team17 Digital"
"451","Wonhon: Prologue","Feb 28, 2021","Free","N/A (N/A)","200,000 .. 500,000","00:00 (00:00)","BUSAN SANAI GAMES","SuperGG.com"
"458","Monstrum 2 Beta","Jan 22, 2021","N/A","N/A (N/A)","200,000 .. 500,000","00:00 (00:00)","Team Junkfish","Junkfish Limited"
"529","CODE2040","Feb 1, 2021","N/A","N/A (N/A)","200,000 .. 500,000","00:00 (00:00)","WANIN Games, Team Weaver","WANIN Games"
"537","Grow Defense","Jan 10, 2021","N/A","N/A (N/A)","200,000 .. 500,000","00:00 (00:00)","SoftCowGames","SoftCowGames"
"549","M.A.R.S.","Oct 28, 2021","Free","N/A (N/A)","200,000 .. 500,000","00:00 (00:00)","YingPei Games","SubaGames"
"551","Evil Inside - Prologue","Mar 4, 2021","Free","N/A (N/A)","200,000 .. 500,000","00:00 (00:00)","JanduSoft","JanduSoft"
"562","Dis The Game","Feb 18, 2021","Free","N/A (N/A)","200,000 .. 500,000","00:00 (00:00)","Leaf","DisStream"
"563","Holodrive","Mar 16, 2021","Free","N/A (N/A)","200,000 .. 500,000","00:00 (00:00)","BitCake Studio","Versus Evil"
"565","Rushdown Revolt - Alpha Testing","Jan 27, 2021","Free","N/A (N/A)","200,000 .. 500,000","00:00 (00:00)","Vortex Games","Vortex Games"
"574","Durka Simulator","Jan 1, 2021","Free","N/A (N/A)","200,000 .. 500,000","00:00 (00:00)","Crucial Experiment","Unknown Softwares Lab"
"575","Orqa FPV.SkyDive","May 31, 2021","Free","N/A (N/A)","200,000 .. 500,000","00:00 (00:00)","ORQA","ORQA"
"576","ChilloutVR","Feb 8, 2021","Free","N/A (N/A)","200,000 .. 500,000","00:00 (00:00)","Alpha Blend Interactive","Alpha Blend Interactive"
"578","OMFG: One Million Fatal Guns","Jan 5, 2021","Free","N/A (N/A)","200,000 .. 500,000","00:00 (00:00)","Gun Hit Wonders","DigiPen Institute of Technology"
"580","BEACHED","Aug 4, 2021","Free","N/A (N/A)","200,000 .. 500,000","00:00 (00:00)","Gradient Studios","Gradient Studios"
"582","SCP: Escape Together","Jan 6, 2021","Free","N/A (N/A)","200,000 .. 500,000","00:00 (00:00)","SCP: Escape Together development team","SCP: Escape Together development team"
"583","Prison Simulator: Prologue","May 20, 2021","Free","N/A (N/A)","200,000 .. 500,000","00:00 (00:00)","Baked Games","Baked Games, PlayWay S.A."
"585","The Perfect Tower II","Feb 26, 2021","Free","N/A (N/A)","200,000 .. 500,000","00:00 (00:00)","Fire Sword Studios","Fire Sword Studios"
"587","Mitoza","Mar 5, 2021","Free","N/A (N/A)","200,000 .. 500,000","00:00 (00:00)","Gal Mamalya","Second Maze"
"641","Galactic Mining Corp","May 18, 2021","$12.99","N/A (N/A)","200,000 .. 500,000","00:00 (00:00)","Windybeard","Windybeard"
"645","Stuck In Time","Dec 9, 2021","$7.99","N/A (N/A)","200,000 .. 500,000","00:00 (00:00)","Housemade Inc.","Housemade Inc."
"664","Soul Dossier","Jan 8, 2021","N/A","N/A (N/A)","200,000 .. 500,000","00:00 (00:00)","（Hong Kong）GKD Game Studio","鸽屋咕游戏"
"666","Hacker Simulator","Oct 20, 2021","$24.99","N/A (N/A)","200,000 .. 500,000","00:00 (00:00)","Save All Studio","Save All Studio"
"672","Suicide Countdown: 7 Days","Feb 12, 2021","$1.99","N/A (N/A)","200,000 .. 500,000","00:00 (00:00)","致意","致意"
"703","Rift Wizard","Sep 1, 2021","$14.99","N/A (N/A)","200,000 .. 500,000","00:00 (00:00)","Dylan White","Dylan White"
"706","Conquest of Elysium 5","Aug 17, 2021","$29.99","N/A (N/A)","200,000 .. 500,000","00:00 (00:00)","Illwinter Game Design","Illwinter Game Design"
"709","Sheltered 2","Sep 21, 2021","$19.99","N/A (N/A)","200,000 .. 500,000","00:00 (00:00)","Unicube","Team17"
"710","Toree 2","Sep 30, 2021","$0.99","N/A (N/A)","200,000 .. 500,000","00:00 (00:00)","Siactro","Siactro"
"715","Crypto Mining Simulator","Apr 24, 2021","$4.99","N/A (N/A)","200,000 .. 500,000","00:00 (00:00)","Satosha Nakamoti","Satosha Nakamoti"
"726","METALLIC CHILD","Sep 15, 2021","$24.99","N/A (N/A)","200,000 .. 500,000","00:00 (00:00)","Action Square(STUDIO HG)","HIKE Inc."
"734","Greak: Memories of Azur","Aug 17, 2021","$19.99","N/A (N/A)","200,000 .. 500,000","00:00 (00:00)","Navegante","Team17"
"735","No Umbrellas Allowed","Sep 3, 2021","$19.99","N/A (N/A)","200,000 .. 500,000","15:39 (05:13)","Hoochoo Game Studios","Hoochoo Game Studios"
"742","WE ARE FOOTBALL","Jun 10, 2021","$24.99","N/A (N/A)","200,000 .. 500,000","00:00 (00:00)","Winning Streak Games","THQ Nordic"
"765","The Jackbox Party Pack 8","Oct 13, 2021","$17.99","N/A (N/A)","200,000 .. 500,000","00:16 (00:10)","Jackbox Games, Inc.","Jackbox Games, Inc."
"767","Super Monkey Ball Banana Mania","Oct 4, 2021","$29.99","N/A (N/A)","200,000 .. 500,000","00:00 (00:00)","Ryu Ga Gotoku Studio","SEGA"
"772","Erica","May 25, 2021","$11.99","N/A (N/A)","200,000 .. 500,000","00:00 (00:00)","Flavourworks","Flavourworks"
"778","Shadow Man Remastered","Apr 15, 2021","$4.99","N/A (N/A)","200,000 .. 500,000","00:46 (00:15)","Nightdive Studios, Acclaim Studios Teesside","Nightdive Studios"
"779","Siege Survival: Gloria Victis","May 18, 2021","$2.49","N/A (N/A)","200,000 .. 500,000","00:00 (00:00)","Black Eye Games","Ravenscourt"
"786","Mecha Knights: Nightmare","Aug 30, 2021","$15.99","N/A (N/A)","200,000 .. 500,000","00:00 (00:00)","Damian Kubiak","Damian Kubiak"
"787","FIGHT KNIGHT","Nov 30, 2021","$7.99","N/A (N/A)","200,000 .. 500,000","00:00 (00:00)","Team Sorcerobe","Team Sorcerobe"
"788","Rebirth:Beware of Mr.Wang","Sep 30, 2021","$8.99","N/A (N/A)","200,000 .. 500,000","00:00 (00:00)","DSGame","DSGame"
"797","WRC 9 FIA World Rally Championship","Sep 16, 2021","$2.99","N/A (N/A)","200,000 .. 500,000","01:33 (00:31)","KT Racing","Nacon"
"807","HellSign","Feb 24, 2021","$19.99","N/A (N/A)","200,000 .. 500,000","00:00 (00:00)","Ballistic Interactive","Ballistic Interactive"
"812","No More Heroes","Jun 9, 2021","$9.99","N/A (N/A)","200,000 .. 500,000","00:44 (00:14)","GRASSHOPPER MANUFACTURE INC.","XSEED Games, Marvelous USA, Inc., Marvelous Europe"
"815","BURIED STARS","Nov 29, 2021","$39.99","N/A (N/A)","200,000 .. 500,000","00:00 (00:00)","LINE Games Corporation","LINE Games Corporation"
"821","The Darkest Tales — Into the Nightmare","Oct 14, 2021","Free","N/A (N/A)","200,000 .. 500,000","00:00 (00:00)","Trinity Team","101XP"
"825","Your Chronicle","Apr 4, 2021","Free","N/A (N/A)","200,000 .. 500,000","67:03 (22:21)","Samurai Games","Samurai Games"
"830","Rune Factory 4 Special","Dec 7, 2021","$8.99","N/A (N/A)","200,000 .. 500,000","10:15 (06:49)","Marvelous Inc.","XSEED Games, Marvelous USA, Inc., Marvelous Europe"
"831","FINAL FANTASY V","Nov 10, 2021","$11.69","N/A (N/A)","200,000 .. 500,000","21:18 (07:06)","Square Enix","Square Enix"
"832","Farm Manager 2021","May 6, 2021","$19.99","N/A (N/A)","200,000 .. 500,000","00:00 (00:00)","Cleversan Games","PlayWay S.A., Sim Farm S.A."
"840","Lost: Find","Dec 3, 2021","$3.99","N/A (N/A)","200,000 .. 500,000","00:00 (00:00)","DSGame","DSGame"
"845","WRC 10 FIA World Rally Championship","Sep 2, 2021","$4.99","N/A (N/A)","200,000 .. 500,000","00:25 (00:22)","KT Racing","Nacon"
"846","Hextech Mayhem: A League of Legends Story","Nov 16, 2021","$9.99","N/A (N/A)","200,000 .. 500,000","00:00 (00:00)","Choice Provisions","Riot Forge"
"847","Paper Bride","Dec 2, 2021","$7.99","N/A (N/A)","200,000 .. 500,000","00:00 (00:00)","HeartBeat Plus","HeartBeat Plus"
"851","Siralim Ultimate","Dec 3, 2021","$19.99","N/A (N/A)","200,000 .. 500,000","00:00 (00:00)","Thylacine Studios","Thylacine Studios LLC"
"852","Castlevania Advance Collection","Sep 23, 2021","$19.99","N/A (N/A)","200,000 .. 500,000","00:52 (00:17)","KONAMI","KONAMI"
"853","The Tenants - Free Trial","Mar 9, 2021","N/A","N/A (N/A)","200,000 .. 500,000","00:00 (00:00)","Ancient Forge Studio","Frozen District"
"858","Archvale","Dec 2, 2021","$7.49","N/A (N/A)","200,000 .. 500,000","00:00 (00:00)","idoz & phops","Humble Games"
"860","Slipways","Jun 3, 2021","$16.99","N/A (N/A)","200,000 .. 500,000","00:00 (00:00)","Beetlewing","Beetlewing"
"865","FINAL FANTASY III","Jul 28, 2021","$11.69","N/A (N/A)","200,000 .. 500,000","21:41 (07:13)","Square Enix","Square Enix"
"866","Puyo Puyo Tetris 2","Mar 23, 2021","$15.19","N/A (N/A)","200,000 .. 500,000","00:00 (00:00)","SEGA","SEGA"
"871","100 hidden cats","Apr 15, 2021","$1.99","N/A (N/A)","200,000 .. 500,000","00:00 (00:00)","Anatoliy Loginovskikh, Аlexandr Telminov","Anatoliy Loginovskikh"
"873","FINAL FANTASY II","Jul 28, 2021","$7.79","N/A (N/A)","200,000 .. 500,000","07:40 (07:23)","Square Enix","Square Enix"
"875","FINAL FANTASY IV","Sep 8, 2021","$11.69","N/A (N/A)","200,000 .. 500,000","21:18 (07:06)","Square Enix","Square Enix"
"882","Red Solstice 2: Survivors","Jun 17, 2021","$14.99","N/A (N/A)","200,000 .. 500,000","00:00 (00:00)","Ironward","505 Games"
"883","Tiny Tina's Assault on Dragon Keep: A Wonderlands One-shot Adventure","Nov 9, 2021","$4.99","N/A (N/A)","200,000 .. 500,000","00:00 (00:00)","Gearbox Software, Stray Kite Studios","2K"
"885","Sizeable","Mar 19, 2021","$9.99","N/A (N/A)","200,000 .. 500,000","00:00 (00:00)","Business Goose Studios","Business Goose Studios"
"888","Dungeons & Dragons: Dark Alliance","Jun 21, 2021","N/A","N/A (N/A)","200,000 .. 500,000","00:00 (00:00)","Tuque Games","Wizards of the Coast"
"889","Blue Fire","Feb 4, 2021","$19.99","N/A (N/A)","200,000 .. 500,000","00:00 (00:00)","Robi Studios","Graffiti Games"
"890","A Total War Saga: TROY","Sep 2, 2021","$39.99","N/A (N/A)","200,000 .. 500,000","35:31 (11:50)","CREATIVE ASSEMBLY, Feral Interactive (Mac)","SEGA, Feral Interactive (Mac)"
"895","Ambrosia","Jan 29, 2021","$8.99","N/A (N/A)","200,000 .. 500,000","00:22 (00:14)","Shimobashira Workshop","Kagura Games"
"896","Devil Slayer - Raksasi","Apr 22, 2021","$14.99","N/A (N/A)","200,000 .. 500,000","00:00 (00:00)","GlassesCatGames","GlassesCatGames, indienova"
"898","Crazy Flasher Series 2021","Feb 24, 2021","$0.99","N/A (N/A)","200,000 .. 500,000","00:00 (00:00)","Andy Law","Andy Law"
"899","3D Aim Trainer","Jul 7, 2021","Free","N/A (N/A)","200,000 .. 500,000","00:00 (00:00)","3D Aim Trainer","3D Aim Trainer, SteelSeries"
"904","Academia : School Simulator","Jan 28, 2021","$19.99","N/A (N/A)","200,000 .. 500,000","00:00 (00:00)","Squeaky Wheel Studio Inc","Paradox Interactive"
"907","Disciples: Liberation","Oct 21, 2021","$13.99","N/A (N/A)","200,000 .. 500,000","00:00 (00:00)","Frima Studio","Kalypso Media"
"908","Three Kingdoms The Last Warlord","Feb 4, 2021","$2.19","N/A (N/A)","200,000 .. 500,000","00:00 (00:00)","LongYou Game Studio","LongYou Tech Ltd"
"910","Duck Simulator 2","Nov 22, 2021","Free","N/A (N/A)","200,000 .. 500,000","00:00 (00:00)","Orius Games","Orius Games"
"911","Element TD 2 - Tower Defense","Apr 2, 2021","$14.99","N/A (N/A)","200,000 .. 500,000","00:00 (00:00)","Element Studios","Element Studios"
"912","Edge Of Eternity","Jun 8, 2021","$29.99","N/A (N/A)","200,000 .. 500,000","00:00 (00:00)","Midgar Studio","Nacon"
"913","Rogue Heroes: Ruins of Tasos","Feb 23, 2021","$19.99","N/A (N/A)","200,000 .. 500,000","00:00 (00:00)","Heliocentric Studios","Team17 Digital"
"914","Marfusha:Sentinel Girls","Aug 26, 2021","$7.99","N/A (N/A)","200,000 .. 500,000","00:49 (00:16)","hinyari9","hinyari9"
"916","Just Die Already","May 20, 2021","$14.99","N/A (N/A)","200,000 .. 500,000","00:00 (00:00)","DoubleMoose Games","Curve Games"
"918","My Garage","Aug 10, 2021","$19.99","N/A (N/A)","200,000 .. 500,000","116:48 (74:30)","Viking Game Studio","Viking Game Studio"
"919","Growing Up","Oct 13, 2021","$14.99","N/A (N/A)","200,000 .. 500,000","03:00 (01:00)","Vile Monarch","Vile Monarch, Spiral Up Games"
"922","Northern Journey","Aug 18, 2021","$11.99","N/A (N/A)","200,000 .. 500,000","00:00 (00:00)","Slid Studio","Slid Studio"
"923","ScooterFlow","Nov 29, 2021","$15.99","N/A (N/A)","200,000 .. 500,000","00:00 (00:00)","Dillon Earle","UncannyKiwi"
"926","This Land Is My Land","Oct 20, 2021","$29.99","N/A (N/A)","200,000 .. 500,000","00:00 (00:00)","Game-Labs","Game-Labs"
"928","Surviving the Aftermath","Nov 16, 2021","$29.99","N/A (N/A)","200,000 .. 500,000","00:00 (00:00)","Iceflake Studios","Paradox Interactive"
"930","Emergency Call 112 – The Fire Fighting Simulation 2","Mar 18, 2021","$29.99","N/A (N/A)","200,000 .. 500,000","00:16 (00:05)","Crenetic","Aerosoft GmbH"
"931","DOOM Eternal: The Ancient Gods - Part Two","Mar 18, 2021","$7.99","N/A (N/A)","200,000 .. 500,000","00:00 (00:00)","id Software","Bethesda Softworks"
"932","Fear Therapy","Dec 24, 2021","$4.99","N/A (N/A)","200,000 .. 500,000","00:00 (00:00)","Black Flag Studios","Black Flag Studios"
"935","Touhou Hero of Ice Fairy: Prologue","Dec 17, 2021","Free","N/A (N/A)","200,000 .. 500,000","00:00 (00:00)","GAMEPULSE 游戏脉冲","GAMEPULSE 游戏脉冲"
"936","Live2DViewerEX","Dec 31, 2021","$4.99","N/A (N/A)","200,000 .. 500,000","03:06 (02:03)","Pavo Studio","Pavo Studio"
"938","King's Bounty II","Aug 24, 2021","$39.99","N/A (N/A)","200,000 .. 500,000","00:00 (00:00)","Fulqrum Games","Fulqrum Publishing, Prime Matter, 方块游戏 (China)"
"940","风信楼","Oct 13, 2021","$11.99","N/A (N/A)","200,000 .. 500,000","00:00 (00:00)","Pingfang Games","Pingfang Games"
"941","Billionaire Lovers","Jul 2, 2021","$2.99","N/A (N/A)","200,000 .. 500,000","00:00 (00:00)","Ayacat Games","Ayacat Games"
"942","UpGun","Aug 13, 2021","Free","N/A (N/A)","200,000 .. 500,000","00:11 (00:03)","MaxEstLa, Zino","MaxEstLa"
"943","Encased: A Sci-Fi Post-Apocalyptic RPG","Sep 7, 2021","$29.99","N/A (N/A)","200,000 .. 500,000","00:00 (00:00)","Dark Crystal Games","Prime Matter"
"944","Predator: Hunting Grounds","Apr 29, 2021","$19.99","N/A (N/A)","200,000 .. 500,000","00:00 (00:00)","IllFonic","IllFonic Publishing"
"947","Sword and Fairy","Apr 14, 2021","$4.99","N/A (N/A)","200,000 .. 500,000","00:00 (00:00)","SOFTSTAR ENTERTAINMENT","SOFTSTAR ENTERTAINMENT"
"948","Savage Lands","Dec 16, 2021","$3.99","N/A (N/A)","200,000 .. 500,000","00:00 (00:00)","Last Bastion Studios LLC","Last Bastion Studios LLC"
"949","Axis & Allies 1942 Online","Nov 9, 2021","$19.99","N/A (N/A)","200,000 .. 500,000","00:00 (00:00)","Beamdog","Beamdog"
"951","Buddy Simulator 1984","Feb 18, 2021","$9.99","N/A (N/A)","200,000 .. 500,000","00:00 (00:00)","Not a Sailor Studios","Not a Sailor Studios"
"953","SUCCUBUS","Oct 5, 2021","$24.99","N/A (N/A)","200,000 .. 500,000","00:00 (00:00)","Madmind Studio","Madmind Studio"
"954","Starbase","Jul 29, 2021","$34.99","N/A (N/A)","200,000 .. 500,000","00:00 (00:00)","Frozenbyte","Frozenbyte"
"956","Turing Complete","Oct 2, 2021","$19.99","N/A (N/A)","200,000 .. 500,000","08:55 (02:58)","LevelHead","LevelHead"
"959","Clownfield 2042","Dec 31, 2021","$0.99","N/A (N/A)","200,000 .. 500,000","00:00 (00:00)","RIVERSIDE SPORTS","RIVERSIDE SPORTS"
"960","Factory Town","Nov 17, 2021","$7.99","N/A (N/A)","200,000 .. 500,000","13:33 (04:31)","Erik Asmussen","Erik Asmussen"
"962","Mr. Prepper","Mar 18, 2021","$5.99","N/A (N/A)","200,000 .. 500,000","09:04 (03:01)","Rejected Games","PlayWay S.A., Rejected Games"
"966","Ghost Exorcism INC.","Jul 15, 2021","$11.99","N/A (N/A)","200,000 .. 500,000","00:00 (00:00)","StudioGoupil","StudioGoupil"
"968","Uncrashed : FPV Drone Simulator","Sep 1, 2021","$11.24","N/A (N/A)","200,000 .. 500,000","05:14 (01:44)","Louis Rochette","Louis Rochette"
"969","Exo One","Nov 18, 2021","$16.99","N/A (N/A)","200,000 .. 500,000","00:00 (00:00)","Exbleative","Future Friends Games, Exbleative"
"970","Bus Simulator 21 Next Stop","Sep 7, 2021","$34.99","N/A (N/A)","200,000 .. 500,000","00:00 (00:00)","stillalive studios","astragon Entertainment"
"971","TaleSpire","Apr 14, 2021","$24.99","N/A (N/A)","200,000 .. 500,000","12:28 (09:08)","Bouncyrock Entertainment","Bouncyrock Entertainment"
"972","Have a Nice Dream","May 24, 2021","Free","N/A (N/A)","200,000 .. 500,000","00:00 (00:00)","榭季生","榭季生"
"977","Incredibox","Apr 30, 2021","$4.99","N/A (N/A)","200,000 .. 500,000","00:32 (00:26)","So Far So Good","So Far So Good"
"978","Mosaique Neko Waifus 4","Feb 12, 2021","$4.99","N/A (N/A)","200,000 .. 500,000","00:00 (00:00)","Lil Hentai Games","Lil Hentai Games"
"980","FATAL FRAME / PROJECT ZERO: Maiden of Black Water","Oct 27, 2021","$39.99","N/A (N/A)","200,000 .. 500,000","01:37 (01:04)","KOEI TECMO GAMES CO., LTD.","KOEI TECMO GAMES CO., LTD."
"982","The Bus","Mar 25, 2021","$39.99","N/A (N/A)","200,000 .. 500,000","00:40 (00:26)","TML-Studios","Aerosoft GmbH"
"984","CryoFall","Apr 29, 2021","$19.99","N/A (N/A)","200,000 .. 500,000","00:00 (00:00)","AtomicTorch Studio","Daedalic Entertainment"
"987","The Last Stand: Aftermath","Nov 16, 2021","$24.99","N/A (N/A)","200,000 .. 500,000","01:02 (00:41)","Con Artist Games","Armor Games Studios"
"991","Rebel Inc: Escalation","Oct 13, 2021","$14.99","N/A (N/A)","200,000 .. 500,000","00:01 (00:00)","Ndemic Creations","Ndemic Creations"
"995","Dead Estate","Oct 19, 2021","$14.99","N/A (N/A)","200,000 .. 500,000","00:14 (00:04)","Milkbar Lads","2 Left Thumbs"
"996","Emily is Away <3","Apr 16, 2021","$9.99","N/A (N/A)","200,000 .. 500,000","00:00 (00:00)","Kyle Seeley","Kyle Seeley"
"998","HOT WHEELS UNLEASHED","Sep 30, 2021","$39.99","N/A (N/A)","200,000 .. 500,000","00:00 (00:00)","Milestone S.r.l.","Milestone S.r.l."
"999","Yakuza 4 Remastered","Jan 28, 2021","$19.99","N/A (N/A)","200,000 .. 500,000","00:00 (00:00)","Ryu Ga Gotoku Studio","SEGA"
"1001","Motor Town: Behind The Wheel","Dec 17, 2021","$19.99","N/A (N/A)","200,000 .. 500,000","14:18 (10:03)","P3 Games","P3 Games"
"1003","Lay a Beauty to Rest: The Darkness Peach Blossom Spring","Oct 21, 2021","$13.99","N/A (N/A)","200,000 .. 500,000","00:00 (00:00)","零创游戏(ZerocreationGame)","零创游戏(ZerocreationGame)"
"1007","The Rewinder","Sep 9, 2021","$14.99","N/A (N/A)","200,000 .. 500,000","00:00 (00:00)","MistyMountainStudio","Gamirror Games"
"1008","Class of '09","Jun 10, 2021","$9.99","N/A (N/A)","200,000 .. 500,000","00:00 (00:00)","SBN3","SBN3"
"1009","Yakuza 6: The Song of Life","Mar 25, 2021","$19.99","N/A (N/A)","200,000 .. 500,000","00:00 (00:00)","Ryu Ga Gotoku Studio","SEGA"
"1013","Far Away","Aug 17, 2021","$12.99","N/A (N/A)","200,000 .. 500,000","00:00 (00:00)","Gratesca","Gratesca"
"1014","Cozy Grove","Apr 7, 2021","$14.99","N/A (N/A)","200,000 .. 500,000","02:05 (00:41)","Spry Fox LLC","Spry Fox LLC"
"1017","Hobo: Tough Life","Apr 12, 2021","$29.99","N/A (N/A)","200,000 .. 500,000","37:38 (25:05)","Perun Creative","Perun Creative"
"1021","BAD END THEATER","Oct 26, 2021","$9.99","N/A (N/A)","200,000 .. 500,000","00:43 (00:14)","NomnomNami","NomnomNami"
"1023","ALTF4","Nov 12, 2021","$2.99","N/A (N/A)","200,000 .. 500,000","00:16 (00:05)","PUMPKIM","PUMPKIM"
"1027","Fear Surrounds","Oct 19, 2021","Free","N/A (N/A)","200,000 .. 500,000","00:00 (00:00)","SaltyEgg Studio","Yooreka Studio"
"1030","Sprocket","Aug 26, 2021","$19.99","N/A (N/A)","200,000 .. 500,000","01:02 (01:27)","Hamish Dunn","Hamish Dunn"
"1031","Tavern Master","Nov 16, 2021","$2.99","N/A (N/A)","200,000 .. 500,000","02:24 (02:51)","Untitled Studio","Untitled Studio"
"1034","Find Love or Die Trying","Sep 16, 2021","$4.99","N/A (N/A)","200,000 .. 500,000","00:00 (00:00)","Sunseeker Games","Sunseeker Games"
"1037","Fate Seeker II","Nov 22, 2021","$22.6","N/A (N/A)","200,000 .. 500,000","00:00 (00:00)","JSL Entertainment","JSL Entertainment, Phoenix Game"
"1047","Mon Bazou","Dec 16, 2021","$15.99","N/A (N/A)","200,000 .. 500,000","02:44 (02:42)","Santa Goat","Santa Goat"
"1048","The Room 4: Old Sins","Feb 11, 2021","$8.99","N/A (N/A)","200,000 .. 500,000","00:00 (00:00)","Fireproof Games","Fireproof Games"
"1052","Before Your Eyes","Apr 8, 2021","$9.99","N/A (N/A)","200,000 .. 500,000","02:03 (01:22)","GoodbyeWorld Games","Skybound Games"
"1066","Pro Soccer Online","Nov 15, 2021","$4.99","N/A (N/A)","200,000 .. 500,000","00:00 (00:00)","Skywall Studios LLC","Skywall Studios LLC"
"2888","The Northern Gate : Special agent","Oct 13, 2021","$1.99","N/A (N/A)","200,000 .. 500,000","00:00 (00:00)","Jun Yang","Centillion Games"
"3016","Hormone Wars - Tower Defense","Nov 10, 2021","$9.99","N/A (N/A)","200,000 .. 500,000","00:00 (00:00)","3d pixel art studio","3d pixel art studio"
"3030","Dragon Hunters","Dec 3, 2021","$19.99","N/A (N/A)","200,000 .. 500,000","00:00 (00:00)","Sigonheart Games LLC","Sigonheart Games LLC"
"3356","Search for the Titanic","Apr 2, 2021","$1.99","N/A (N/A)","200,000 .. 500,000","00:00 (00:00)","Capstone Software","Ziggurat"
"3460","Miasma 2: Freedom Uprising","Dec 3, 2021","$2.99","N/A (N/A)","200,000 .. 500,000","00:00 (00:00)","ESP Games","David Addis"
"3668","Casual Golf","Aug 16, 2021","$0.99","N/A (N/A)","200,000 .. 500,000","00:00 (00:00)","NikiGames","NikiGames"
"3692","Wetlands","Feb 5, 2021","$2.79","N/A (N/A)","200,000 .. 500,000","00:00 (00:00)","New World Computing","Ziggurat"
"3708","Fear in The Modern House - CH3","Oct 8, 2021","$2.99","N/A (N/A)","200,000 .. 500,000","00:00 (00:00)","Samuka Gomes","Samuka Gomes"
"4020","boom faster","Mar 15, 2021","$0.99","N/A (N/A)","200,000 .. 500,000","00:00 (00:00)","Crocodile and cactus","Crocodile and cactus"
"4555","末日航路-The Termination","Jul 22, 2021","$10.99","N/A (N/A)","200,000 .. 500,000","00:00 (00:00)","橙光游戏","橙光游戏"
"4824","Planet's Edge","Feb 5, 2021","$7.99","N/A (N/A)","200,000 .. 500,000","00:00 (00:00)","New World Computing","Ziggurat"
"5004","Shankaram: CODE REBORN","Dec 20, 2021","$8.99","N/A (N/A)","200,000 .. 500,000","00:00 (00:00)","Gloac Games, Gloac","Gloac"
"5025","村庄-The Village","Mar 24, 2021","$8.99","N/A (N/A)","200,000 .. 500,000","00:00 (00:00)","橙光游戏","橙光游戏"
"5441","Welcome To Lakewood","Jun 17, 2021","$0.99","N/A (N/A)","200,000 .. 500,000","00:00 (00:00)","Space Slug Studios","Space Slug Studios"
"5448","Miasma: Citizens of Free Thought","Nov 3, 2021","$0.99","N/A (N/A)","200,000 .. 500,000","00:00 (00:00)","ESP Games","David Addis"
"5725","Valkyrie: Journey To Midgard","Aug 28, 2021","$2.99","N/A (N/A)","200,000 .. 500,000","00:00 (00:00)","Succubella Games","Angel And Demons"
"5894","Höll Space 5D6","May 21, 2021","$4.99","N/A (N/A)","200,000 .. 500,000","00:00 (00:00)","5D6 Games","5D6 Games"
"6083","Shillelagh","Nov 10, 2021","$4.99","N/A (N/A)","200,000 .. 500,000","00:00 (00:00)","Andrew Simon Thomas LLC","Andrew Simon Thomas LLC"
"6199","孤胆惊魂2：消失的207（Fear 2: The Disappeared 207）","Jun 28, 2021","$1.99","N/A (N/A)","200,000 .. 500,000","00:00 (00:00)","PYSL","Wolf Game"
"6231","MOLOGA","Dec 28, 2021","$0.99","N/A (N/A)","200,000 .. 500,000","00:00 (00:00)","GiBar","RoBot"
"6440","Pegasus: Broken Wings","Sep 15, 2021","$6.99","N/A (N/A)","200,000 .. 500,000","00:00 (00:00)","Astronomic Games","Astronomic Games"
"6616","Shadow of Azrael","Mar 5, 2021","$1.99","N/A (N/A)","200,000 .. 500,000","00:00 (00:00)","Dream Within","Dream Within"
"6725","The Dawning Clocks Of Time - Director's Cut","Sep 8, 2021","$7.99","N/A (N/A)","200,000 .. 500,000","00:00 (00:00)","Spacefarer R&D Ltd.","Spacefarer R&D Ltd."
"7237","ROUGH KUTS: Night of the Living Dead","Mar 23, 2021","$0.99","N/A (N/A)","200,000 .. 500,000","00:00 (00:00)","ROUGH KUTS","ROUGH KUTS"
"7570","Spiritwish","Mar 31, 2021","Free","N/A (N/A)","200,000 .. 500,000","00:00 (00:00)","NEONSTUDIO Corp.","SUBETE"
"7752","Samurai Chess","Apr 16, 2021","$1.99","N/A (N/A)","200,000 .. 500,000","00:00 (00:00)","Minimol Games","Minimol Games"
"8156","Mainframe Defenders: Meltdown - Prologue","Jun 2, 2021","Free","N/A (N/A)","200,000 .. 500,000","00:00 (00:00)","Synthetic Domain","Synthetic Domain"
"8397","Wholesome Slaughter","Jan 25, 2021","$0.99","N/A (N/A)","200,000 .. 500,000","00:00 (00:00)","Eclipse Game Labs","Patrick Simeon"
"8536","HEXCRAFT: Harlequin Fair","Oct 22, 2021","$12.99","N/A (N/A)","200,000 .. 500,000","00:00 (00:00)","Oleander Garden","Hex Code Coven"
"8787","Star Shift Origins","Nov 8, 2021","Free","N/A (N/A)","200,000 .. 500,000","00:00 (00:00)","Psychronic Game Studios","Psychronic Games"
"8807","Grim wanderings 2","Sep 15, 2021","$5.99","N/A (N/A)","200,000 .. 500,000","00:00 (00:00)","Ellinia games","Ellinia games"
"9196","The Dark Side of the Moon: An Interactive FMV Thriller","Mar 12, 2021","$8.99","N/A (N/A)","200,000 .. 500,000","00:00 (00:00)","Tayanna Studios","Tayanna Studios"
"9418","Cute Cats","Aug 9, 2021","$0.28","N/A (N/A)","200,000 .. 500,000","00:00 (00:00)","КиКо","КиКо"
"9557","White Hell","Aug 12, 2021","$14.99","N/A (N/A)","200,000 .. 500,000","00:00 (00:00)","Robert Raulus, Mikko Tamper, Antti Allén","KeleSoft avoin yhtiö"
"9561","Night in Riverager","Feb 2, 2021","Free","N/A (N/A)","200,000 .. 500,000","00:00 (00:00)","Two Star Games","V Publishing"
"9593","Fishards","Nov 3, 2021","Free","N/A (N/A)","200,000 .. 500,000","00:00 (00:00)","Rivernotch Game Studio","Rivernotch Game Studio"
"9712","Cover Fire: Offline Shooting Game","Nov 4, 2021","Free","N/A (N/A)","200,000 .. 500,000","00:00 (00:00)","1MB","1MB"
"9820","Fake Hostel","Sep 16, 2021","$4.99","N/A (N/A)","200,000 .. 500,000","00:00 (00:00)","Romantic Room","Romantic Room"
"9864","Danger Scavenger","Mar 25, 2021","$4.99","N/A (N/A)","200,000 .. 500,000","00:00 (00:00)","Piotr Wolk, Star Drifters","Star Drifters, Doyoyo Games"
"9922","Mech Mechanic Simulator","Mar 25, 2021","$19.99","N/A (N/A)","200,000 .. 500,000","00:00 (00:00)","Polyslash","Valkyrie Initiative"
"9974","RAM Pressure","Sep 15, 2021","Free","N/A (N/A)","200,000 .. 500,000","00:00 (00:00)","QuadCom Interactive, GDT","GDT"
"10036","Substance 3D Painter 2022","Nov 24, 2021","N/A","N/A (N/A)","200,000 .. 500,000","00:00 (00:00)","Adobe","Adobe"
"9","Kathy Rain: Director's Cut","Oct 26, 2021","$14.99","N/A (N/A/87%)","100,000 .. 200,000","05:41 (01:53)","Clifftop Games","Raw Fury"
"10","Ragnarock","Jul 15, 2021","$24.99","N/A (N/A/87%)","100,000 .. 200,000","00:08 (00:02)","WanadevStudio","WanadevStudio"
"30","UNSIGHTED","Sep 30, 2021","$7.99","N/A (N/A/84%)","100,000 .. 200,000","00:00 (00:00)","Studio Pixel Punk","Humble Games"
"71","Doctor Who: The Lonely Assassins","Mar 18, 2021","$5.99","N/A (N/A/81%)","100,000 .. 200,000","00:00 (00:00)","Maze Theory","Maze Theory"
"72","Boomerang X","Jul 8, 2021","$19.99","N/A (N/A/81%)","100,000 .. 200,000","00:00 (00:00)","DANG!","Devolver Digital"
"74","Labyrinth City: Pierre the Maze Detective","Jun 22, 2021","$11.99","N/A (N/A/81%)","100,000 .. 200,000","00:00 (00:00)","Darjeeling","Pixmain"
"84","The Artful Escape","Sep 9, 2021","$6.99","N/A (N/A/80%)","100,000 .. 200,000","00:00 (00:00)","Beethoven and Dinosaur","Annapurna Interactive"
"97","Ocean's Heart","Jan 21, 2021","$14.99","N/A (N/A/79%)","100,000 .. 200,000","00:00 (00:00)","Max Mraz","Nordcurrent Labs"
"100","Shin Megami Tensei III Nocturne HD Remaster","May 20, 2021","$14.99","N/A (N/A/79%)","100,000 .. 200,000","00:00 (00:00)","ATLUS","SEGA"
"104","Imagine Earth","May 25, 2021","$24.99","N/A (N/A/78%)","100,000 .. 200,000","00:00 (00:00)","Serious Bros.","Serious Bros."
"106","Unbound: Worlds Apart","Jul 28, 2021","$19.99","N/A (N/A/78%)","100,000 .. 200,000","00:00 (00:00)","Alien Pixel Studios","Alien Pixel Studios"
"107","Myst","Aug 26, 2021","$34.99","N/A (N/A/78%)","100,000 .. 200,000","00:00 (00:00)","Cyan Worlds Inc","Cyan Worlds Inc"
"109","Grow: Song of the Evertree","Nov 16, 2021","$7.49","N/A (N/A/78%)","100,000 .. 200,000","03:20 (01:06)","Prideful Sloth","505 Games"
"131","After the Fall","Dec 9, 2021","$5.99","N/A (N/A/76%)","100,000 .. 200,000","08:09 (02:43)","Vertigo Games","Vertigo Games"
"153","Blade of Darkness","Oct 7, 2021","$5.99","N/A (N/A/75%)","100,000 .. 200,000","00:00 (00:00)","Rebel Act Studios, Fire Falcom, General Arcade","SNEG"
"160","Hundred Days - Winemaking Simulator","May 13, 2021","$8.49","N/A (N/A/74%)","100,000 .. 200,000","00:00 (00:00)","Broken Arms Games","Broken Arms Games"
"167","Smelter","Apr 22, 2021","$19.99","N/A (N/A/73%)","100,000 .. 200,000","00:00 (00:00)","X PLUS Co., Ltd.","DANGEN Entertainment, Gamirror Games, Intragames"
"173","Nebuchadnezzar","Feb 17, 2021","$5.99","N/A (N/A/73%)","100,000 .. 200,000","00:00 (00:00)","Nepos Games","Astra Logical"
"184","Before We Leave","May 13, 2021","$19.99","N/A (N/A/72%)","100,000 .. 200,000","00:00 (00:00)","Balancing Monkey Games","Team17"
"185","Embr","Sep 23, 2021","$19.99","N/A (N/A/72%)","100,000 .. 200,000","00:00 (00:00)","Muse Games","Curve Games"
"195","Foregone","Mar 1, 2021","$19.99","N/A (N/A/71%)","100,000 .. 200,000","00:00 (00:00)","Big Blue Bubble","Big Blue Bubble"
"198","Dice Legacy","Sep 9, 2021","$14.99","N/A (N/A/70%)","100,000 .. 200,000","00:00 (00:00)","DESTINYbit","DESTINYbit, Amplifier Studios"
"199","Garden Story","Aug 11, 2021","$3.99","N/A (N/A/70%)","100,000 .. 200,000","00:00 (00:00)","Picogram","Rose City Games"
"201","Boyfriend Dungeon","Aug 11, 2021","$19.99","N/A (N/A/70%)","100,000 .. 200,000","00:00 (00:00)","Kitfox Games","Kitfox Games"
"208","The Invisible Hand","May 7, 2021","$12.99","N/A (N/A/69%)","100,000 .. 200,000","00:00 (00:00)","Power Struggle Games","Fellow Traveller"
"219","Say No! More","Apr 9, 2021","$14.99","N/A (N/A/67%)","100,000 .. 200,000","00:00 (00:00)","Studio Fizbin","Thunderful Publishing"
"226","Rustler (Grand Theft Horse)","Aug 31, 2021","$24.99","N/A (N/A/65%)","100,000 .. 200,000","00:00 (00:00)","Jutsu Games","Games Operators, Modus Games"
"230","Totally Reliable Delivery Service","Apr 1, 2021","$2.99","N/A (N/A/64%)","100,000 .. 200,000","00:00 (00:00)","We're Five Games","Infogrames, Atari"
"263","孙美琪疑案 第四季","Feb 5, 2021","N/A","N/A (N/A)","100,000 .. 200,000","00:00 (00:00)","QZQ Studio","H.P.Y.S,LLC"
"271","孙美琪疑案 第三季","Jan 20, 2021","N/A","N/A (N/A)","100,000 .. 200,000","00:00 (00:00)","QZQ Studio","H.P.Y.S,LLC"
"275","SunSenSim","Feb 22, 2021","Free","N/A (N/A)","100,000 .. 200,000","00:00 (00:00)","studeii","studeii.us"
"303","孙美琪疑案 第二季","Jan 10, 2021","N/A","N/A (N/A)","100,000 .. 200,000","00:00 (00:00)","QZQ Studio","H.P.Y.S,LLC"
"313","Oath","Jan 8, 2021","Free","N/A (N/A)","100,000 .. 200,000","00:00 (00:00)","Hermit","Hermit"
"332","Mercenary Skirmish","Mar 26, 2021","Free","N/A (N/A)","100,000 .. 200,000","00:00 (00:00)","4ugui","4ugui"
"353","Infinite Dungeon Crawler","Jun 1, 2021","Free","N/A (N/A)","100,000 .. 200,000","00:00 (00:00)","DD-Consulting","DD-Consulting"
"359","Orion: The Eternal Punishment","Jan 5, 2021","Free","N/A (N/A)","100,000 .. 200,000","00:00 (00:00)","Frogames SL","Juan Gabriel Gomila"
"382","Giants","May 7, 2021","N/A","N/A (N/A)","100,000 .. 200,000","00:00 (00:00)","Singta inc.","Singta Inc."
"400","Ynglet: Prologue","Feb 18, 2021","Free","N/A (N/A)","100,000 .. 200,000","00:00 (00:00)","Nifflas","Triple Topping"
"407","Rifle Strike","Mar 19, 2021","Free","N/A (N/A)","100,000 .. 200,000","00:00 (00:00)","Štěpán Sedmík, Lukáš Vorlíček","Jakub Sedmík"
"447","Wild Dose: First Session","Mar 1, 2021","Free","N/A (N/A)","100,000 .. 200,000","00:00 (00:00)","Lappi Soft","Lappi Soft"
"453","Protoball","Sep 8, 2021","Free","N/A (N/A)","100,000 .. 200,000","00:00 (00:00)","Studio Z 3D","Studio Z 3D"
"461","Commie Killer 2069","Feb 6, 2021","N/A","N/A (N/A)","100,000 .. 200,000","00:00 (00:00)","Blake Pierce","Pierced Games"
"462","Dragon VR","May 1, 2021","Free","N/A (N/A)","100,000 .. 200,000","00:00 (00:00)","Anvio","Anvio"
"477","BATTLESHIP APOLLO","Sep 5, 2021","N/A","N/A (N/A)","100,000 .. 200,000","00:00 (00:00)","Parallel Space Inc","Parallel Space Inc"
"480","Space Cats Tactics: Prologue","Jan 1, 2021","N/A","N/A (N/A)","100,000 .. 200,000","00:00 (00:00)","Mitzi Games","Mitzi Games"
"497","LastCloudia","Feb 17, 2021","Free","N/A (N/A)","100,000 .. 200,000","01:19 (00:26)","AIDIS","Boltrend Games"
"498","Bounty Below","Oct 14, 2021","Free","N/A (N/A)","100,000 .. 200,000","00:00 (00:00)","William Cheek","William Cheek"
"525","Three of Cards","Mar 4, 2021","Free","N/A (N/A)","100,000 .. 200,000","00:00 (00:00)","Sparky Studios","Sparky Studios, Sejong Univ. PandoraCube"
"526","幽灵高校(Ghost College)","May 28, 2021","Free","N/A (N/A)","100,000 .. 200,000","00:00 (00:00)","血色双眸","血色双眸"
"527","MONOLISK","Feb 4, 2021","Free","N/A (N/A)","100,000 .. 200,000","00:00 (00:00)","Trickster Arts","Trickster Arts"
"531","GET OUT!","Mar 2, 2021","Free","N/A (N/A)","100,000 .. 200,000","00:00 (00:00)","Milpitians","Milpitians"
"535","凯尔文 - Kelvin And The Chateau","Aug 5, 2021","Free","N/A (N/A)","100,000 .. 200,000","00:00 (00:00)","Forgotten","Forgotten"
"539","Swing Dunk","Sep 15, 2021","N/A","N/A (N/A)","100,000 .. 200,000","00:00 (00:00)","Bucketplay Inc.","Bucketplay Inc."
"541","DPS IDLE","Aug 21, 2021","Free","N/A (N/A)","100,000 .. 200,000","89:25 (29:48)","YDKR, Semenov Iurii, Aleksandr Golovkin","YDKR"
"543","Til Nord","Jun 29, 2021","Free","N/A (N/A)","100,000 .. 200,000","00:00 (00:00)","Moose Attack Studios","Breda University of Applied Sciences"
"546","Idle Monster TD","Jun 20, 2021","Free","N/A (N/A)","100,000 .. 200,000","00:00 (00:00)","Swell Games LLC","Swell Games LLC"
"553","Run Prop, Run!","Jun 23, 2021","N/A","N/A (N/A)","100,000 .. 200,000","00:00 (00:00)","PlayTogether Studio","PlayTogether Studio"
"555","cyberpunkdreams","May 14, 2021","Free","N/A (N/A)","100,000 .. 200,000","17:28 (05:49)","Late Night Games","Late Night Games"
"556","B100X - Auto Dungeon RPG","Jan 26, 2021","Free","N/A (N/A)","100,000 .. 200,000","00:00 (00:00)","Nussygame","Nussygame"
"557","Farm Manager 2021: Prologue","Jan 14, 2021","Free","N/A (N/A)","100,000 .. 200,000","00:00 (00:00)","Cleversan Games","PlayWay S.A., Sim Farm S.A."
"558","Tadpole Tales","Mar 12, 2021","Free","N/A (N/A)","100,000 .. 200,000","00:00 (00:00)","Andrei Cretu, Giacomo Autili, Tomer Barnea","Pinnical Studio"
"559","Bacon May Die","Apr 15, 2021","Free","N/A (N/A)","100,000 .. 200,000","00:00 (00:00)","SnoutUp","SnoutUp"
"569","Vectorio - Early Access","Mar 22, 2021","Free","N/A (N/A)","100,000 .. 200,000","00:00 (00:00)","Ben Nichols","BN Games"
"571","Coloring Game 4","Jul 30, 2021","Free","N/A (N/A)","100,000 .. 200,000","06:27 (02:09)","L. Stotch","L. Stotch"
"572","NERTS! Online","Jan 5, 2021","Free","N/A (N/A)","100,000 .. 200,000","00:00 (00:00)","Zachtronics","Zachtronics"
"573","Arid","Jun 29, 2021","Free","N/A (N/A)","100,000 .. 200,000","00:00 (00:00)","Sad Viscacha Studio","Breda University of Applied Sciences"
"589","Cloud Climber","Jan 14, 2021","Free","N/A (N/A)","100,000 .. 200,000","00:00 (00:00)","Two Star Games","Two Star Games"
"590","Word Game: Episode 0","Jan 14, 2021","Free","N/A (N/A)","100,000 .. 200,000","00:00 (00:00)","Team9","Team9"
"593","Contraband Police: Prologue","Feb 16, 2021","Free","N/A (N/A)","100,000 .. 200,000","01:25 (00:56)","Crazy Rocks","PlayWay S.A."
"607","Alfred Hitchcock - Vertigo","Dec 16, 2021","$2.99","N/A (N/A)","100,000 .. 200,000","00:00 (00:00)","Pendulo Studios","Microids"
"612","Hell Architect: Prologue","Jun 9, 2021","Free","N/A (N/A)","100,000 .. 200,000","00:00 (00:00)","Woodland Games","Leonardo Interactive"
"617","Wolfstride","Dec 7, 2021","$14.99","N/A (N/A)","100,000 .. 200,000","00:00 (00:00)","OTA IMON Studios","Raw Fury"
"621","军团战棋Legion War","Jul 14, 2021","$9.99","N/A (N/A)","100,000 .. 200,000","56:38 (18:52)","Bear & Cat Studio","Bear & Cat Studio"
"625","The Fermi Paradox","Jul 1, 2021","$18.99","N/A (N/A)","100,000 .. 200,000","00:00 (00:00)","Anomaly Games","Anomaly Games"
"630","Imperivm RTC - HD Edition ""Great Battles of Rome""","Aug 16, 2021","$9.99","N/A (N/A)","100,000 .. 200,000","00:00 (00:00)","Dinamic Games, Imperivm World","FX Interactive"
"631","Citystate II","Sep 23, 2021","$24.99","N/A (N/A)","100,000 .. 200,000","00:00 (00:00)","Andy Sztark","Andy Sztark"
"632","Gomoku Let's Go","Jul 28, 2021","$2.99","N/A (N/A)","100,000 .. 200,000","00:03 (00:01)","Studio Amateur","indienova, Studio Amateur"
"633","Garbage","Jun 4, 2021","$14.99","N/A (N/A)","100,000 .. 200,000","00:00 (00:00)","Homebased","GrabTheGames, UpgradePoint"
"644","Ship Graveyard Simulator: Prologue","Oct 7, 2021","Free","N/A (N/A)","100,000 .. 200,000","00:00 (00:00)","Games Incubator","Games Incubator, PlayWay S.A."
"648","UndercoverAgent","Jul 9, 2021","$7.99","N/A (N/A)","100,000 .. 200,000","00:00 (00:00)","AleCubicSoft","OTAKU Plan"
"651","Re: LieF ~ Shin'ainaru Anata e~","Feb 26, 2021","$34.99","N/A (N/A)","100,000 .. 200,000","00:01 (00:00)","RASK","HIKARI FIELD"
"654","Blightbound","Jul 27, 2021","$19.99","N/A (N/A)","100,000 .. 200,000","00:00 (00:00)","Ronimo Games","Devolver Digital"
"658","Untrusted","May 9, 2021","$4.99","N/A (N/A)","100,000 .. 200,000","00:00 (00:00)","playuntrusted.com","playuntrusted.com"
"659","THE LEGEND OF HEROES: HAJIMARI NO KISEKI","Aug 25, 2021","$23.99","N/A (N/A)","100,000 .. 200,000","00:00 (00:00)","Nihon Falcom","Clouded Leopard Entertainment"
"662","Touhou Monster TD ~ 幻想乡妖怪塔防","Oct 1, 2021","$6.64","N/A (N/A)","100,000 .. 200,000","00:00 (00:00)","MyACG Studio","MyACG Studio"
"670","Mirror Party","Dec 2, 2021","$0.59","N/A (N/A)","100,000 .. 200,000","00:00 (00:00)","KAGAMI Ⅱ WORKs","NIJICO"
"671","Christmas Massacre","Dec 17, 2021","$7.99","N/A (N/A)","100,000 .. 200,000","00:00 (00:00)","Puppet Combo","Puppet Combo"
"674","100 hidden cats 2","Jul 17, 2021","$2.99","N/A (N/A)","100,000 .. 200,000","00:00 (00:00)","Anatoliy Loginovskikh","Anatoliy Loginovskikh"
"675","Super Raft Boat Classic","Feb 21, 2021","Free","N/A (N/A)","100,000 .. 200,000","00:00 (00:00)","Jason Gertner, Carson Kompon, Yukon Wainczak, Jennifer Kindl","Shattered Journal Games"
"678","Lemnis Gate","Sep 28, 2021","N/A","N/A (N/A)","100,000 .. 200,000","00:00 (00:00)","Ratloop Games Canada","Frontier Foundry"
"682","Piratopia","Nov 11, 2021","Free","N/A (N/A)","100,000 .. 200,000","00:00 (00:00)","Adi Zhavo, Project 99 Games","Project 99 Games"
"683","Subway Midnight","Oct 28, 2021","$9.99","N/A (N/A)","100,000 .. 200,000","00:00 (00:00)","Bubby Darkstar","Aggro Crab"
"689","Granny 3","Aug 22, 2021","$4.99","N/A (N/A)","100,000 .. 200,000","00:00 (00:00)","DVloper","DVloper"
"690","Legend of Mana","Jun 24, 2021","$11.99","N/A (N/A)","100,000 .. 200,000","00:00 (00:00)","Square Enix, M2 Co., Ltd.","Square Enix"
"691","Agatha Christie - Hercule Poirot: The First Cases","Sep 27, 2021","$19.99","N/A (N/A)","100,000 .. 200,000","00:00 (00:00)","Blazing Griffin","Microids"
"695","Fallen girl - Black rose and the fire of desire","May 28, 2021","$14.99","N/A (N/A)","100,000 .. 200,000","00:00 (00:00)","BoRoBoRoGame","OTAKU Plan, BoRoBoRoGame"
"701","Escape From School","Sep 7, 2021","Free","N/A (N/A)","100,000 .. 200,000","00:00 (00:00)","Tudor Sandru","Tudor Sandru"
"704","FALL IN LABYRINTH","Apr 16, 2021","$19.99","N/A (N/A)","100,000 .. 200,000","00:00 (00:00)","JUKKAKU GAMES","OTAKU Plan"
"705","Dust to the End","Aug 11, 2021","$2.99","N/A (N/A)","100,000 .. 200,000","00:00 (00:00)","Haojoy Game, Zjoy Game","2P Games"
"707","Dark Roll: Free Kick Challenge","Aug 5, 2021","Free","N/A (N/A)","100,000 .. 200,000","00:00 (00:00)","Pawel Zajac (Artbarian Games)","Pawel Zajac (Artbarian Games)"
"712","NINJA GAIDEN 3: Razor's Edge [NINJA GAIDEN: Master Collection]","Jun 9, 2021","$39.99","N/A (N/A)","100,000 .. 200,000","00:40 (00:13)","KOEI TECMO GAMES CO., LTD.","KOEI TECMO GAMES CO., LTD."
"714","Scars of Summer","Apr 9, 2021","$19.99","N/A (N/A)","100,000 .. 200,000","00:00 (00:00)","Shinachiku-castella","Kagura Games"
"716","Astronarch","Jan 22, 2021","$14.99","N/A (N/A)","100,000 .. 200,000","00:00 (00:00)","Dale Turner","Dale Turner"
"717","Increlution","Oct 13, 2021","$3.99","N/A (N/A)","100,000 .. 200,000","84:35 (28:11)","Gniller","Gniller"
"719","Twin Mirror","Dec 1, 2021","$29.99","N/A (N/A)","100,000 .. 200,000","00:00 (00:00)","DON'T NOD","DON'T NOD"
"721","Song of Farca","Jul 21, 2021","$1.19","N/A (N/A)","100,000 .. 200,000","06:56 (02:18)","Wooden Monkeys","Alawar"
"725","九州：商旅（Nine Provinces: Caravan）","Feb 26, 2021","$8.99","N/A (N/A)","100,000 .. 200,000","00:00 (00:00)","BigLight.Games, Xbgzs","BigLight.Games, NPC Entertainment"
"729","City of Gangsters","Aug 9, 2021","$29.99","N/A (N/A)","100,000 .. 200,000","00:00 (00:00)","SomaSim","Kasedo Games"
"731","Sword and Fairy 2","Apr 14, 2021","$5.99","N/A (N/A)","100,000 .. 200,000","00:00 (00:00)","SOFTSTAR ENTERTAINMENT","SOFTSTAR ENTERTAINMENT"
"732","Them and Us","Sep 28, 2021","$39.99","N/A (N/A)","100,000 .. 200,000","00:00 (00:00)","TendoGames Co., Ltd.","TendoGames Co., Ltd., Cube Game"
"739","Kitaria Fables","Sep 1, 2021","$19.99","N/A (N/A)","100,000 .. 200,000","00:08 (00:02)","Twin Hearts, Secret Level Studios","PQube"
"747","8Doors: Arum's Afterlife Adventure","Apr 7, 2021","$19.99","N/A (N/A)","100,000 .. 200,000","00:00 (00:00)","Rootless Studio","NEOWIZ"
"748","PIGGY: Hunt","Oct 14, 2021","N/A","N/A (N/A)","100,000 .. 200,000","00:00 (00:00)","Shaggy Doge","Shaggy Doge"
"756","Creepy Tale 2","Jul 16, 2021","$9.99","N/A (N/A)","100,000 .. 200,000","00:00 (00:00)","Creepy Brothers","Creepy Brothers"
"757","Cooking Simulator VR","Jul 29, 2021","$19.99","N/A (N/A)","100,000 .. 200,000","00:05 (00:01)","Big Cheese Studio","Big Cheese Studio"
"758","Junkyard Simulator","Oct 13, 2021","$19.99","N/A (N/A)","100,000 .. 200,000","00:01 (00:00)","Rebelia Games","PlayWay S.A."
"760","Accident","Sep 21, 2021","$4.94","N/A (N/A)","100,000 .. 200,000","00:00 (00:00)","Duality Games, Glob Games Studio","Duality Games, PlayWay S.A., HeartBeat Games"
"761","Ship Graveyard Simulator","Nov 10, 2021","$14.99","N/A (N/A)","100,000 .. 200,000","00:00 (00:00)","Games Incubator","Games Incubator, PlayWay S.A."
"762","Never Return","Aug 20, 2021","$13.99","N/A (N/A)","100,000 .. 200,000","00:00 (00:00)","YeMuNetWork","Cyberisle"
"763","Vagrus - The Riven Realms","Oct 5, 2021","$29.99","N/A (N/A)","100,000 .. 200,000","46:19 (15:26)","Lost Pilgrims Studio","Lost Pilgrims Studios"
"766","Cats in Time","Aug 26, 2021","$4.99","N/A (N/A)","100,000 .. 200,000","00:00 (00:00)","Pine Studio","Pine Studio"
"768","Thrive","Nov 26, 2021","$4.99","N/A (N/A)","100,000 .. 200,000","00:43 (00:14)","Revolutionary Games Studio","Revolutionary Games Studio"
"769","NINJA GAIDEN Σ2 [NINJA GAIDEN: Master Collection]","Jun 9, 2021","$39.99","N/A (N/A)","100,000 .. 200,000","00:29 (00:09)","KOEI TECMO GAMES CO., LTD.","KOEI TECMO GAMES CO., LTD."
"771","Rogue Lords","Sep 30, 2021","$24.99","N/A (N/A)","100,000 .. 200,000","00:00 (00:00)","Leikir Studio, Cyanide Studio","Nacon"
"774","Ziggurat 2","Oct 28, 2021","$24.99","N/A (N/A)","100,000 .. 200,000","01:40 (01:04)","Milkstone Studios","Milkstone Studios"
"776","Here Comes Niko!","Aug 3, 2021","$24.99","N/A (N/A)","100,000 .. 200,000","00:00 (00:00)","Frog Vibes","Gears for Breakfast"
"782","The Shore","Feb 19, 2021","$11.99","N/A (N/A)","100,000 .. 200,000","00:00 (00:00)","Ares Dragonis","Dragonis Games"
"783","Aeterna Noctis","Dec 14, 2021","$8.99","N/A (N/A)","100,000 .. 200,000","00:00 (00:00)","Aeternum Game Studios S.L","Aeternum Game Studios S.L"
"784","Voxel Tycoon","Apr 15, 2021","$24.99","N/A (N/A)","100,000 .. 200,000","00:00 (00:00)","Voxel Tycoon","Voxel Tycoon"
"791","To The Rescue!","Nov 2, 2021","$8.99","N/A (N/A)","100,000 .. 200,000","00:00 (00:00)","Little Rock Games, indie.io","indie.io"
"794","Furry Feet","Aug 10, 2021","$2.99","N/A (N/A)","100,000 .. 200,000","00:00 (00:00)","bhungry","bhungry"
"796","Out of the Park Baseball 22","Mar 26, 2021","N/A","N/A (N/A)","100,000 .. 200,000","00:00 (00:00)","Out of the Park Developments","Out of the Park Developments"
"799","Adorable Witch","Jun 16, 2021","$1.99","N/A (N/A)","100,000 .. 200,000","00:00 (00:00)","Lovely Games","Lovely Games"
"800","SURV1V3","Jun 20, 2021","$24.99","N/A (N/A)","100,000 .. 200,000","00:00 (00:00)","Candymakers","Candymakers"
"803","Among Trees","Nov 10, 2021","$14.99","N/A (N/A)","100,000 .. 200,000","00:00 (00:00)","FJRD Interactive","FJRD Interactive"
"805","Vivid Knight","May 26, 2021","$14.99","N/A (N/A)","100,000 .. 200,000","00:00 (00:00)","Asobism.Co.,Ltd","Asobism.Co.,Ltd"
"809","Sword and Fairy 3","Apr 14, 2021","$7.99","N/A (N/A)","100,000 .. 200,000","00:00 (00:00)","SOFTSTAR TECHNOLOGY(SHANGHAI)","SOFTSTAR ENTERTAINMENT"
"810","Paradise Lost","Mar 24, 2021","$14.99","N/A (N/A)","100,000 .. 200,000","00:00 (00:00)","PolyAmorous","Walkabout"
"813","MotoGP21","Apr 22, 2021","$24.99","N/A (N/A)","100,000 .. 200,000","00:00 (00:00)","Milestone S.r.l.","Milestone S.r.l."
"814","坏小孩","Jul 14, 2021","$2.99","N/A (N/A)","100,000 .. 200,000","00:00 (00:00)","WildMonkey","WildMonkey, Gamirror Games"
"819","Book of Travels","Oct 11, 2021","$23.99","N/A (N/A)","100,000 .. 200,000","00:00 (00:00)","Might and Delight","Might and Delight"
"827","Lemon Cake","Feb 18, 2021","$14.99","N/A (N/A)","100,000 .. 200,000","00:00 (00:00)","Cozy Bee Games","Cozy Bee Games"
"834","DRIFT CE","Jun 10, 2021","$8.99","N/A (N/A)","100,000 .. 200,000","00:00 (00:00)","ECC GAMES","505 Games"
"836","Animalia Survival","Sep 9, 2021","$19.99","N/A (N/A)","100,000 .. 200,000","00:00 (00:00)","High Brazil Studio","High Brazil Studio"
"838","inbento","Jul 30, 2021","$4.99","N/A (N/A)","100,000 .. 200,000","00:26 (00:17)","Afterburn","Afterburn"
"839","Force of Nature 2: Ghost Keeper","May 27, 2021","$15.99","N/A (N/A)","100,000 .. 200,000","00:00 (00:00)","A.Y.std","Crytivo"
"841","NIMBY Rails","Jan 26, 2021","$18.99","N/A (N/A)","100,000 .. 200,000","00:00 (00:00)","Weird and Wry","Weird and Wry"
"842","Erophone","Apr 26, 2021","$4.99","N/A (N/A)","100,000 .. 200,000","00:02 (00:00)","CreamCatGame","CreamCatGame"
"844","Kinkoi: Golden Loveriche","Jun 11, 2021","$34.99","N/A (N/A)","100,000 .. 200,000","00:01 (00:00)","Saga Planets","NekoNyan Ltd., HIKARI FIELD"
"848","NINJA GAIDEN Σ [NINJA GAIDEN: Master Collection]","Jun 9, 2021","$39.99","N/A (N/A)","100,000 .. 200,000","00:18 (00:06)","KOEI TECMO GAMES CO., LTD.","KOEI TECMO GAMES CO., LTD."
"849","Lumberjack's Dynasty","Feb 25, 2021","$19.99","N/A (N/A)","100,000 .. 200,000","00:00 (00:00)","UMEO Studios","Toplitz Productions"
"850","Erzurum","Feb 10, 2021","$0.49","N/A (N/A)","100,000 .. 200,000","00:00 (00:00)","Proximity Games","Proximity Games"
"854","Lawn Mowing Simulator","Aug 10, 2021","$19.99","N/A (N/A)","100,000 .. 200,000","03:44 (01:14)","Skyhook Games","Curve Games"
"856","Prison Simulator","Nov 4, 2021","$19.99","N/A (N/A)","100,000 .. 200,000","00:00 (00:00)","Baked Games","PlayWay S.A., Baked Games"
"862","The Last Stand Legacy Collection","Jul 15, 2021","$9.99","N/A (N/A)","100,000 .. 200,000","00:00 (00:00)","Con Artist Games","Armor Games Studios"
"863","Warbox","Mar 22, 2021","$9.99","N/A (N/A)","100,000 .. 200,000","00:00 (00:00)","Mantaliss","Mantaliss"
"864","The Legend of Heroes: Trails of Cold Steel IV","Apr 9, 2021","$59.99","N/A (N/A)","100,000 .. 200,000","30:48 (10:16)","Nihon Falcom, Engine Software BV, PH3 GmbH","NIS America, Inc."
"870","Cloud Gardens","Sep 1, 2021","$17.99","N/A (N/A)","100,000 .. 200,000","00:00 (00:00)","Noio","Noio"
"874","PARQUET","Aug 27, 2021","$16.99","N/A (N/A)","100,000 .. 200,000","00:00 (00:00)","YUZUSOFTSOUR","NekoNyan Ltd., HIKARI FIELD"
"876","恋爱关系/Romance","Sep 24, 2021","$3.99","N/A (N/A)","100,000 .. 200,000","00:00 (00:00)","AFOG","AFOG"
"877","I Am Fish","Sep 16, 2021","$19.99","N/A (N/A)","100,000 .. 200,000","00:00 (00:00)","Bossa Studios","Curve Games"
"878","Patron","Aug 10, 2021","$19.99","N/A (N/A)","100,000 .. 200,000","00:00 (00:00)","Overseer Games","Overseer Games"
"881","Swallow the Sea","Sep 3, 2021","Free","N/A (N/A)","100,000 .. 200,000","00:00 (00:00)","Talia bob Mair, Nicolás Delgado","ItsTheTalia"
"884","pureya","Mar 26, 2021","$5.99","N/A (N/A)","100,000 .. 200,000","00:00 (00:00)","Majorariatto","Majorariatto"
"887","Metal Unit","Jan 27, 2021","$14.99","N/A (N/A)","100,000 .. 200,000","00:00 (00:00)","JellySnow Studio","NEOWIZ"
"891","Touhou Blooming Chaos 2","Jun 24, 2021","$4.79","N/A (N/A)","100,000 .. 200,000","00:00 (00:00)","二色幽紫蝶, re零同人社","二色幽紫蝶, 东游鉴"
"894","Praey for the Gods","Dec 14, 2021","$7.49","N/A (N/A)","100,000 .. 200,000","00:00 (00:00)","No Matter Studios","No Matter Studios"
"901","The Greatest Penguin Heist of All Time","Jul 2, 2021","$14.99","N/A (N/A)","100,000 .. 200,000","00:00 (00:00)","That Fish, That Other Fish","That Fish, That Other Fish"
"903","Hoa","Aug 24, 2021","$14.99","N/A (N/A)","100,000 .. 200,000","00:00 (00:00)","Skrollcat Studio","PM Studios, inc., CE-Asia"
"905","Miss Neko 2","Dec 17, 2021","$1.99","N/A (N/A)","100,000 .. 200,000","00:00 (00:00)","Double W","Toffee Cafe"
"906","Wrestling Empire","Jul 2, 2021","$19.99","N/A (N/A)","100,000 .. 200,000","00:00 (00:00)","MDickie","MDickie"
"915","Bishojo Mangekyo Kotowari to Meikyu no Shojo","Jun 20, 2021","$29.99","N/A (N/A)","100,000 .. 200,000","00:00 (00:00)","ωstar, Seikei Production","Seikei Production"
"917","From The Darkness","Mar 30, 2021","$6.99","N/A (N/A)","100,000 .. 200,000","00:00 (00:00)","N4bA","N4bA"
"921","Press Any Button","Jan 7, 2021","$0.55","N/A (N/A)","100,000 .. 200,000","00:00 (00:00)","Eugene Zubko","Eugene Zubko"
"924","Fights in Tight Spaces","Dec 2, 2021","$24.99","N/A (N/A)","100,000 .. 200,000","00:00 (00:00)","Ground Shatter","Reforged Studios"
"925","Walkabout Mini Golf VR","Jul 15, 2021","$14.99","N/A (N/A)","100,000 .. 200,000","00:24 (00:08)","Mighty Coconut","Mighty Coconut"
"927","Aragami 2","Sep 17, 2021","$34.99","N/A (N/A)","100,000 .. 200,000","04:26 (01:28)","Lince Works","Lince Works"
"929","Milo and the Magpies","Sep 7, 2021","$2.99","N/A (N/A)","100,000 .. 200,000","00:00 (00:00)","Johan Scherft","Second Maze"
"933","First Class Trouble","Nov 1, 2021","$14.99","N/A (N/A)","100,000 .. 200,000","00:00 (00:00)","Invisible Walls","Invisible Walls"
"946","Chasing Tails ~A Promise in the Snow~","Aug 13, 2021","$7.99","N/A (N/A)","100,000 .. 200,000","00:22 (00:07)","the last evil wizard, Nupu Neko Dev","Nupu Neko Dev"
"958","DEEEER Simulator: Your Average Everyday Deer Game","Nov 23, 2021","$14.99","N/A (N/A)","100,000 .. 200,000","00:00 (00:00)","Gibier Games","PLAYISM"
"965","Summer of '58","Jul 21, 2021","$8.99","N/A (N/A)","100,000 .. 200,000","00:00 (00:00)","EMIKA_GAMES","EMIKA_GAMES"
"975","TOGETHER BnB","Apr 9, 2021","$17.99","N/A (N/A)","100,000 .. 200,000","00:10 (00:03)","AURORA Games","AURORA Games"
"979","Lost Ruins","May 13, 2021","$19.99","N/A (N/A)","100,000 .. 200,000","00:00 (00:00)","ALTARI GAMES","DANGEN Entertainment"
"981","SUPER CHICKEN JUMPER","Sep 24, 2021","$2.99","N/A (N/A)","100,000 .. 200,000","00:00 (00:00)","Sewer Cat, Heavy Sheep","Sewer Cat"
"986","Moncage","Nov 15, 2021","$14.99","N/A (N/A)","100,000 .. 200,000","00:03 (00:01)","Optillusion","XD"
"988","Warhammer 40,000: Battlesector","Jul 22, 2021","$39.99","N/A (N/A)","100,000 .. 200,000","07:12 (04:48)","Slitherine Ltd.","Slitherine Ltd."
"990","Machinika: Museum","Mar 23, 2021","$7.99","N/A (N/A)","100,000 .. 200,000","00:00 (00:00)","Littlefield Studio","Dear Villagers"
"2503","Tactical Vanguard Saga","Jul 20, 2021","$4.99","N/A (N/A)","100,000 .. 200,000","00:00 (00:00)","Blacc Ski Weekend Industries","Blacc Ski Weekend Industries"
"2514","Dungeons Of Honor","Nov 29, 2021","$1.99","N/A (N/A)","100,000 .. 200,000","00:00 (00:00)","Ice Charge Productions","Ice Charge Productions"
"2721","Yokai Taiji","Jun 30, 2021","$3.99","N/A (N/A)","100,000 .. 200,000","00:00 (00:00)","Bonsai Games","Bonsai Games"
"3001","VR Game Station","Jun 14, 2021","$10.99","N/A (N/A)","100,000 .. 200,000","00:00 (00:00)","Batuhan Güner","Batuhan Güner"
"3015","Stack Defense","May 21, 2021","$9.99","N/A (N/A)","100,000 .. 200,000","00:00 (00:00)","Area 1","Area 1"
"3076","Throne And Crown","Dec 7, 2021","$6.99","N/A (N/A)","100,000 .. 200,000","00:00 (00:00)","James Sager, Brian Mclendon, Tuomo Untinen, Team Don Corgi, Yamillian, Garrett Wessner, Rob Somerfield, Jacob Wilkins, Janet Banerjee, SithJester","James Sager"
"3101","Moon Defence","Jul 26, 2021","$8.99","N/A (N/A)","100,000 .. 200,000","00:00 (00:00)","Ivan Kulibin","Ivan Kulibin"
"3119","World Legends","Aug 12, 2021","$14.99","N/A (N/A)","100,000 .. 200,000","00:00 (00:00)","OmegaSoft","Mesopotamia"
"3178","Queen of Zarkov","Oct 4, 2021","$5.99","N/A (N/A)","100,000 .. 200,000","00:00 (00:00)","Benedikt Glemnitz","Benedikt Glemnitz"
"3194","You Must Survive","Mar 26, 2021","$4.99","N/A (N/A)","100,000 .. 200,000","00:00 (00:00)","pg_bassist","pg_bassist"
"3224","Nibiru Voyage","Mar 24, 2021","$3.99","N/A (N/A)","100,000 .. 200,000","00:00 (00:00)","Cow Game","Cow Game"
"3234","Delphyq","Oct 19, 2021","$14.99","N/A (N/A)","100,000 .. 200,000","00:00 (00:00)","Dusk Wave Arts LLC","Dusk Wave Arts LLC"
"3243","VIRTUAL SOLDIERS","Jun 13, 2021","$0.99","N/A (N/A)","100,000 .. 200,000","00:00 (00:00)","Sean Adair Entertainment","Sean Adair Entertainment"
"3302","Zephyr","Feb 5, 2021","$2.44","N/A (N/A)","100,000 .. 200,000","00:00 (00:00)","New World Computing","Ziggurat"
"3383","Astralis","Apr 28, 2021","$2.99","N/A (N/A)","100,000 .. 200,000","00:00 (00:00)","Vizek","Vizek"
"3604","Chronicles of Deeps","Nov 17, 2021","$9.99","N/A (N/A)","100,000 .. 200,000","00:00 (00:00)","Gameliner","Gameliner"
"3748","Sleeper Cell","Jan 25, 2021","N/A","N/A (N/A)","100,000 .. 200,000","00:00 (00:00)","Novice Entertainment Limited","Novice Entertainment Limited"
"3944","MoveUp","Sep 15, 2021","$2.99","N/A (N/A)","100,000 .. 200,000","00:00 (00:00)","Voxel LLC","ExAbsentia"
"3998","Cosmotronik","Jan 7, 2021","$2.99","N/A (N/A)","100,000 .. 200,000","00:00 (00:00)","Igor Rykhlevskyi","Igor Rykhlevskyi"
"4286","Air Strike","Sep 13, 2021","$1.99","N/A (N/A)","100,000 .. 200,000","00:00 (00:00)","beans rolls","beans rolls"
"4390","ChineseZodiac","Jun 24, 2021","$1.99","N/A (N/A)","100,000 .. 200,000","00:00 (00:00)","XUZHOU GETAI TRADING CO. LTD","XUZHOU GETAI TRADING CO. LTD"
"4395","XOMBEE MPFPS","Jul 29, 2021","$0.99","N/A (N/A)","100,000 .. 200,000","00:00 (00:00)","Christopher V. Costello","ChristopherCgaming llc"
"4515","Starbase Gunship","Dec 2, 2021","$4.99","N/A (N/A)","100,000 .. 200,000","00:00 (00:00)","Mythical City Games","Mythical City Games"
"4581","Giant Blobs From Mars","Mar 31, 2021","$1.99","N/A (N/A)","100,000 .. 200,000","00:00 (00:00)","Almighty Games","Almighty Games"
"4604","Outergalactic Aliens Pinball","Sep 29, 2021","$1.99","N/A (N/A)","100,000 .. 200,000","00:00 (00:00)","Pinblend Studios","Pinblend Studios"
"4635","Dark Harvest","Jun 11, 2021","$4.99","N/A (N/A)","100,000 .. 200,000","00:00 (00:00)","Kitungo Studios","Kitungo Studios"
"4656","Endless Furry Blackjack","Mar 23, 2021","$0.99","N/A (N/A)","100,000 .. 200,000","00:00 (00:00)","Tegridy Made Games","Tegridy Made Games"
"4686","VR Shooting Range: Multiple Weapons","Feb 1, 2021","$1.99","N/A (N/A)","100,000 .. 200,000","00:00 (00:00)","William at Oxford","William at Oxford"
"4890","ZombieWave-UnlimitedChallenges","Jan 6, 2021","$1.99","N/A (N/A)","100,000 .. 200,000","00:00 (00:00)","AlloyStove","AlloyStove"
"4902","Unknown Woods","Sep 20, 2021","$0.99","N/A (N/A)","100,000 .. 200,000","00:00 (00:00)","Spirit Games","Spirit Games"
"4944","MineSweeper 3D 三维扫雷","Aug 13, 2021","$0.99","N/A (N/A)","100,000 .. 200,000","00:00 (00:00)","CanFish","CanFish"
"4957","SIT DOWN, PLEASE","Sep 17, 2021","$1.99","N/A (N/A)","100,000 .. 200,000","00:00 (00:00)","SawyHeartGames","SawyHeartGames"
"5023","Desdemona","Feb 28, 2021","$9.99","N/A (N/A)","100,000 .. 200,000","00:00 (00:00)","Batuhan Guner","Batuhan Guner"
"5097","Gazmatera: Return Of The Generals","Jun 21, 2021","$7.99","N/A (N/A)","100,000 .. 200,000","00:00 (00:00)","Kazarma (ex-Katapult), Les Kalifas","Les Kalifas"
"5154","Fenrir's Prelude","Jun 29, 2021","$0.99","N/A (N/A)","100,000 .. 200,000","00:00 (00:00)","Ragnarok Aesthetic","Ragnarok Aesthetic"
"5309","Commandos Pro Simulator","Feb 23, 2021","$1.99","N/A (N/A)","100,000 .. 200,000","00:00 (00:00)","CommandosPro","CommandosPro"
"5401","3D Double Dealing Character","Sep 30, 2021","$14.99","N/A (N/A)","100,000 .. 200,000","00:00 (00:00)","ST.Games同人游戏社团","ST.Games同人游戏社团"
"5518","时空梦魇Ⅰ代号608","Aug 23, 2021","$6.99","N/A (N/A)","100,000 .. 200,000","00:00 (00:00)","Clock In Dream","Clock In Dream"
"5549","CubePuzzle","Jul 25, 2021","$0.49","N/A (N/A)","100,000 .. 200,000","00:00 (00:00)","RRTS","kazakovstudios"
"5569","白玉的幻梦 Dream of Hakugyokurou","Mar 15, 2021","$0.99","N/A (N/A)","100,000 .. 200,000","00:00 (00:00)","16air","16air"
"5573","StalakMiner","Oct 7, 2021","$9.99","N/A (N/A)","100,000 .. 200,000","00:00 (00:00)","Heats Inc","Heats Inc"
"5600","Broken Sky","May 12, 2021","$7.99","N/A (N/A)","100,000 .. 200,000","00:00 (00:00)","Addictive 247 Games","Addictive 247 Games"
"5632","Crusade in Europe","Nov 30, 2021","$1.39","N/A (N/A)","100,000 .. 200,000","00:00 (00:00)","Microprose","Atari"
"5645","Roseblight","Sep 25, 2021","$7.99","N/A (N/A)","100,000 .. 200,000","00:00 (00:00)","AploveStudio","AploveStudio"
"5877","SLASH OF BULLET","Apr 23, 2021","$9.99","N/A (N/A)","100,000 .. 200,000","00:00 (00:00)","kan.kikuchi","kan.kikuchi"
"5899","LawnMower City","Dec 14, 2021","$1.19","N/A (N/A)","100,000 .. 200,000","00:00 (00:00)","NanningsGames","NanningsGames"
"5921","TIERRA - Mystery Point & Click Adventure","Jul 20, 2021","$4.19","N/A (N/A)","100,000 .. 200,000","00:00 (00:00)","M9 Games","M9 Games"
"5945","灭顶之灾—救赎","Feb 19, 2021","$4.99","N/A (N/A)","100,000 .. 200,000","00:00 (00:00)","NuoMiGame游戏开发工作室, 玖日六叔","NuoMiGame游戏开发工作室"
"6041","Myths or Reality: Fairy Lands Collector's Edition","Nov 22, 2021","$4.79","N/A (N/A)","100,000 .. 200,000","00:00 (00:00)","Do Games Limited","Do Games Limited"
"6098","Live Labyrinth","Feb 24, 2021","$0.99","N/A (N/A)","100,000 .. 200,000","00:00 (00:00)","DIGITAL ART TEAM","DIGITAL ART TEAM"
"6239","Somniphobia","Oct 31, 2021","$0.99","N/A (N/A)","100,000 .. 200,000","00:00 (00:00)","Ethan Harris-Austin","Ethan Harris-Austin"
"6261","CUBE-e 2","Aug 26, 2021","$9.99","N/A (N/A)","100,000 .. 200,000","00:00 (00:00)","Piece Of Voxel","Piece Of Voxel"
"6326","31st prototype","May 4, 2021","$1.99","N/A (N/A)","100,000 .. 200,000","00:00 (00:00)","HAIM","HAIM"
"6491","Kill Demons","Jan 26, 2021","$5.99","N/A (N/A)","100,000 .. 200,000","00:00 (00:00)","黑白牛游戏","黑白牛游戏"
"6597","Arcade Boy","Aug 27, 2021","Free","N/A (N/A)","100,000 .. 200,000","00:00 (00:00)","Edvar Studio","Edvar Studio"
"6650","Lamia's Plan","Aug 26, 2021","$0.99","N/A (N/A)","100,000 .. 200,000","00:00 (00:00)","Succubella Games","Angels and Demons"
"6651","Operation Body Count","Aug 6, 2021","$3.14","N/A (N/A)","100,000 .. 200,000","00:00 (00:00)","Capstone Software","Ziggurat"
"6666","KaraDedeler 1989","Sep 9, 2021","$1.99","N/A (N/A)","100,000 .. 200,000","00:00 (00:00)","Helraiser","Helraiser"
"6674","The Lost Legends of Redwall: The Scout Act 3","Dec 24, 2021","N/A","N/A (N/A)","100,000 .. 200,000","00:00 (00:00)","Soma Games","Soma Games"
"6742","The Undisputables : Online Multiplayer Shooter","Dec 5, 2021","$12.99","N/A (N/A)","100,000 .. 200,000","00:00 (00:00)","Amonga99","Amonga99"
"6762","Dangerous Lands","Mar 12, 2021","$2.99","N/A (N/A)","100,000 .. 200,000","00:00 (00:00)","Laush Dmitriy Sergeevich","Laush Studio"
"6890","Concealment","Mar 14, 2021","$3.99","N/A (N/A)","100,000 .. 200,000","00:00 (00:00)","HorrorTheory","HorrorTheory"
"6945","Twin Mind: Power of Love Collector's Edition","Oct 22, 2021","$7.99","N/A (N/A)","100,000 .. 200,000","00:00 (00:00)","Do Games Limited","Do Games Limited"
"6981","Sentinel: Cursed Knight","Apr 8, 2021","$4.99","N/A (N/A)","100,000 .. 200,000","00:00 (00:00)","Sentinel Studios","Sentinel Studios"
"7157","A Winding Path","Aug 26, 2021","$4.99","N/A (N/A)","100,000 .. 200,000","00:00 (00:00)","Three Eyed Games","Three Eyed Games"
"7238","Maguntsche: Chapter One Remastered","Jun 22, 2021","Free","N/A (N/A)","100,000 .. 200,000","00:00 (00:00)","Kaleb Wassa","Kaleb Wassa"
"7373","Voodoo Kid","Apr 20, 2021","$6.99","N/A (N/A)","100,000 .. 200,000","00:00 (00:00)","Infogrames Europe SA, Etranges Libellules Studios","Digital Theory Ltd."
"7377","迅风的米斯特汀 Windy Mystletainn","Oct 19, 2021","$0.99","N/A (N/A)","100,000 .. 200,000","00:00 (00:00)","索尼克","冷笑黑妖"
"7423","He Will Shoot","Dec 17, 2021","$0.59","N/A (N/A)","100,000 .. 200,000","00:00 (00:00)","Boom Games","Boom Games"
"7449","Aurora - Hidden Colors","Sep 2, 2021","$4.99","N/A (N/A)","100,000 .. 200,000","00:00 (00:00)","Aurora - Mídia & Games","Aurora - Mídia & Games"
"7462","Fate of WINDSHIFT","Jun 24, 2021","$7.69","N/A (N/A)","100,000 .. 200,000","00:00 (00:00)","REAL Co.Ltd","Real Co.Ltd"
"7644","Big NEON Tower VS Tiny Square","Jul 26, 2021","$4.99","N/A (N/A)","100,000 .. 200,000","00:00 (00:00)","Evil Objective","EO Interactive Ltd."
"7743","Hungry Fish","Jul 20, 2021","$0.49","N/A (N/A)","100,000 .. 200,000","00:00 (00:00)","PhoenixFire Games","PhoenixFire Games"
"7754","Martha","Feb 8, 2021","$3.99","N/A (N/A)","100,000 .. 200,000","00:00 (00:00)","Affordable Cat","Affordable Cat"
"7788","Pixelot","Mar 31, 2021","$5.99","N/A (N/A)","100,000 .. 200,000","00:00 (00:00)","Kyle Berger","Kyle Berger"
"7861","Timewalk Tower Defense","Jan 1, 2021","Free","N/A (N/A)","100,000 .. 200,000","00:00 (00:00)","Maxeymus Games","Maxeymus Games"
"7899","Perseverance Mission - Astronaut Charlie","Sep 12, 2021","$1.99","N/A (N/A)","100,000 .. 200,000","00:00 (00:00)","Heimo Game Studio","Heimo Game Studio"
"7915","NANOCELLS - Mission: Back Home","Feb 6, 2021","$4.99","N/A (N/A)","100,000 .. 200,000","00:00 (00:00)","S.E.R.A. STUDIO 3D, DX Gameworks LLC","DX Gameworks LLC"
"7983","Corridor 7: Alien Invasion","Aug 6, 2021","$3.99","N/A (N/A)","100,000 .. 200,000","00:00 (00:00)","Capstone Software","Ziggurat"
"7989","Daenerys Miracle","Apr 7, 2021","$0.99","N/A (N/A)","100,000 .. 200,000","00:00 (00:00)","SeedWall","SeedWall"
"8145","银魂：Silver Soul","Apr 8, 2021","$0.99","N/A (N/A)","100,000 .. 200,000","00:00 (00:00)","秋太虚工作室","qiutaixu studio"
"8152","Super High Ball: Pinball Platformer","Jun 18, 2021","$9.99","N/A (N/A)","100,000 .. 200,000","00:00 (00:00)","Emberstone Interactive","Emberstone Interactive"
"8213","Ghost Blood","Sep 22, 2021","$3.99","N/A (N/A)","100,000 .. 200,000","00:00 (00:00)","BigBread","BigBread"
"8231","Warshmallows","Mar 10, 2021","N/A","N/A (N/A)","100,000 .. 200,000","00:00 (00:00)","You Run Ltd, DigitalMania SA","Silicon Sundial"
"8350","DarkHouse","Dec 1, 2021","$9.99","N/A (N/A)","100,000 .. 200,000","00:00 (00:00)","VD Games","VD Games"
"8547","SEARCH ALL - STEAMPUNK","Nov 20, 2021","$0.59","N/A (N/A)","100,000 .. 200,000","00:00 (00:00)","Laush Dmitriy Sergeevich","Laush Studio"
"8673","ComPressure","May 3, 2021","$4.99","N/A (N/A)","100,000 .. 200,000","00:00 (00:00)","Charlie Brej","Charlie Brej"
"8759","CARGAME","Jan 28, 2021","N/A","N/A (N/A)","100,000 .. 200,000","00:00 (00:00)","Ready To Play","Ready To Play"
"8812","Whisper Trip","Oct 7, 2021","$4.99","N/A (N/A)","100,000 .. 200,000","00:00 (00:00)","Walnut LLC","Walnut LLC"
"8875","Bloody Raid","May 20, 2021","N/A","N/A (N/A)","100,000 .. 200,000","00:00 (00:00)","God Roll Games","God Roll Games"
"8901","Rift's Cave","Sep 9, 2021","$4.99","N/A (N/A)","100,000 .. 200,000","00:00 (00:00)","Volens Nolens Games","Volens Nolens Games"
"8927","Witchaven","Jun 17, 2021","$1.99","N/A (N/A)","100,000 .. 200,000","00:00 (00:00)","Capstone Software","SNEG"
"8948","Wonhon: A Vengeful Spirit","Jul 15, 2021","$9.99","N/A (N/A)","100,000 .. 200,000","00:00 (00:00)","BUSAN SANAI GAMES","SuperGG.com"
"9000","The List","Jun 29, 2021","$5.99","N/A (N/A)","100,000 .. 200,000","00:00 (00:00)","Dan Trimble","Dan Trimble"
"9003","A.D. 2047","Jul 8, 2021","$19.99","N/A (N/A)","100,000 .. 200,000","00:00 (00:00)","Leenzee Games","Leenzee Games"
"9014","Riddle of the Sphinx The Awakening (Enhanced Edition)","Feb 1, 2021","$19.99","N/A (N/A)","100,000 .. 200,000","00:00 (00:00)","Old World Studios™","Old World Studios™"
"9028","Rain City","Jan 21, 2021","$3.99","N/A (N/A)","100,000 .. 200,000","00:00 (00:00)","big pineapple","Cotton Game"
"9045","Nix Umbra","Nov 19, 2021","$9.99","N/A (N/A)","100,000 .. 200,000","00:00 (00:00)","ilzard","ilzard"
"9306","Mechajammer","Dec 2, 2021","$12.99","N/A (N/A)","100,000 .. 200,000","00:00 (00:00)","Whalenought Studios","Modern Wolf"
"9341","Tempo","Nov 1, 2021","Free","N/A (N/A)","100,000 .. 200,000","00:00 (00:00)","Aestronauts","Aestronauts"
"9374","Eclipse","Oct 7, 2021","$1.49","N/A (N/A)","100,000 .. 200,000","00:00 (00:00)","MadRock","MadRock"
"9472","Secret Government","Apr 15, 2021","$19.99","N/A (N/A)","100,000 .. 200,000","00:00 (00:00)","GameTrek","Fulqrum Publishing"
"9490","City Zoomer","Nov 12, 2021","$4.99","N/A (N/A)","100,000 .. 200,000","00:00 (00:00)","Planet Renox","Planet Renox"
"9491","The Secret of Retropolis","Jul 21, 2021","$9.99","N/A (N/A)","100,000 .. 200,000","00:00 (00:00)","Peanut Button","Peanut Button"
"9523","Beacon","Dec 14, 2021","N/A","N/A (N/A)","100,000 .. 200,000","00:00 (00:00)","Monothetic LLC","Monothetic LLC"
"9525","Minesweeper Ultimate","Sep 10, 2021","$2.99","N/A (N/A)","100,000 .. 200,000","00:00 (00:00)","RetroBug","RetroBug"
"9526","Of Bird and Cage","May 20, 2021","$4.99","N/A (N/A)","100,000 .. 200,000","00:00 (00:00)","Capricia Productions","Capricia Productions"
"9530","The Sin","May 20, 2021","$4.99","N/A (N/A)","100,000 .. 200,000","00:00 (00:00)","Baba Nura","Baba Nura, Feodosiy"
"9565","ECO HOLE","Oct 7, 2021","$9.99","N/A (N/A)","100,000 .. 200,000","00:00 (00:00)","AIHASTO","Volens Nolens Games"
"9588","Phantom Project","Oct 12, 2021","$4.99","N/A (N/A)","100,000 .. 200,000","00:00 (00:00)","Astravelari LLC","Astravelari LLC"
"9645","Causality","Apr 16, 2021","$6.99","N/A (N/A)","100,000 .. 200,000","00:00 (00:00)","WAFFLE GAMES","PsychoFlux Entertainment"
"9671","Mido and Di","Nov 23, 2021","$0.99","N/A (N/A)","100,000 .. 200,000","00:00 (00:00)","Alper Gonen, Dogan Dipcin","Alper Gonen"
"9719","Farlanders: Prologue","May 18, 2021","Free","N/A (N/A)","100,000 .. 200,000","00:00 (00:00)","Andriy Bychkovskyi","Crytivo"
"9722","INVITATION To FEAR","Nov 24, 2021","$4.99","N/A (N/A)","100,000 .. 200,000","00:00 (00:00)","CHEST BOX","CHEST BOX"
"9725","Last Room","Jun 14, 2021","$0.41","N/A (N/A)","100,000 .. 200,000","00:00 (00:00)","RelluRealGames","Gigantum Games"
"9727","Space Scavenger","Aug 20, 2021","$12.99","N/A (N/A)","100,000 .. 200,000","00:00 (00:00)","Red Cabin Games","Red Cabin Games"
"9743","The Captain","Dec 3, 2021","$19.99","N/A (N/A)","100,000 .. 200,000","00:00 (00:00)","Sysiac Games","Tomorrow Corporation, Flyhigh Works"
"9751","Maskmaker","Apr 20, 2021","$2.99","N/A (N/A)","100,000 .. 200,000","00:00 (00:00)","InnerspaceVR","Vertigo Games"
"9756","iBLiS","Apr 16, 2021","$9.99","N/A (N/A)","100,000 .. 200,000","00:00 (00:00)","Bulut ULU","FND GAME"
"9758","Dahlia View","Nov 2, 2021","$29.99","N/A (N/A)","100,000 .. 200,000","00:00 (00:00)","White Paper Games","White Paper Games"
"9804","Shadowbane","Feb 5, 2021","N/A","N/A (N/A)","100,000 .. 200,000","00:00 (00:00)","Beijing AmazGame Age Internet Technology Co., Ltd.","CHANGYOU.COM HK LIMITED"
"9814","Barro 22","Nov 5, 2021","$4.99","N/A (N/A)","100,000 .. 200,000","00:00 (00:00)","SC Jogos","SC Jogos"
"9850","ENCODYA","Jan 26, 2021","$2.49","N/A (N/A)","100,000 .. 200,000","00:00 (00:00)","Chaosmonger Studio","Assemble Entertainment"
"9856","Life is Hard","Aug 14, 2021","$9.99","N/A (N/A)","100,000 .. 200,000","00:00 (00:00)","Pirozhok Studio, Vitaliy Ruzankin","Pirozhok Studio"
"9858","Sweet House","Jul 20, 2021","$1.99","N/A (N/A)","100,000 .. 200,000","00:00 (00:00)","Bambuseae Games","DigitalDream"
"9859","Junkyard Simulator: First Car (Prologue 2)","Mar 31, 2021","N/A","N/A (N/A)","100,000 .. 200,000","00:00 (00:00)","Rebelia Games","PlayWay S.A."
"9860","Land of War - The Beginning","Jun 10, 2021","$19.99","N/A (N/A)","100,000 .. 200,000","00:00 (00:00)","MS GAMES","MS GAMES SP. Z O.O."
"9871","西游记2021","Sep 30, 2021","$9.99","N/A (N/A)","100,000 .. 200,000","00:00 (00:00)","FC Maker","FC Maker"
"9899","Sport Mode","Apr 15, 2021","$9.99","N/A (N/A)","100,000 .. 200,000","00:00 (00:00)","Virtuaport","Virtuaport"
"9907","Dread X Collection 4: The Hunt","Apr 13, 2021","$9.99","N/A (N/A)","100,000 .. 200,000","00:00 (00:00)","DreadXP, David Szymanski, Christopher Yabsley, KIRA, Philisophic Games, Dan McGrath, TorpleDook, Abbey 'Scruncho' Smith, Vidas Salavejus, Redact Games, Wayward Preacher, Mr. Pink, Aaron Wise","DreadXP"
"9921","Chroma: Bloom And Blight","Jan 28, 2021","Free","N/A (N/A)","100,000 .. 200,000","00:00 (00:00)","Clarity Games","Philipp Baumgart, WhisperGames"
"9923","Variables 2","Oct 1, 2021","$2.99","N/A (N/A)","100,000 .. 200,000","00:00 (00:00)","Asteroid Game Studio","Asteroid Game Studio"
"9934","Substance 3D Painter 2021","Jan 28, 2021","N/A","N/A (N/A)","100,000 .. 200,000","00:00 (00:00)","Adobe","Adobe"
"9936","Mercenaries Blaze","Jun 10, 2021","$19.99","N/A (N/A)","100,000 .. 200,000","00:00 (00:00)","ESQUADRA,inc., RideonJapan","Flyhigh Works"
"9940","Anima : The Reign of Darkness","Jun 2, 2021","$11.99","N/A (N/A)","100,000 .. 200,000","00:00 (00:00)","Redeev","Redeev"
"9950","Maquette","Mar 2, 2021","$5.99","N/A (N/A)","100,000 .. 200,000","00:00 (00:00)","Graceful Decay","Annapurna Interactive"
"9958","SVFI","Sep 6, 2021","$6.99","N/A (N/A)","100,000 .. 200,000","00:13 (00:06)","SDT Core","SDT Core"
"9961","Blind Fate: Edo no Yami — Dojo","Dec 16, 2021","Free","N/A (N/A)","100,000 .. 200,000","00:00 (00:00)","Troglobytes Games","101XP"
"9966","Pumpkin Eater","Nov 17, 2021","$1.99","N/A (N/A)","100,000 .. 200,000","00:00 (00:00)","thugzilladev","thugzilladev"
"9970","Shovel Knight Pocket Dungeon","Dec 13, 2021","$19.99","N/A (N/A)","100,000 .. 200,000","00:00 (00:00)","VINE, Yacht Club Games","Yacht Club Games"
"9986","Cute Honey 3","Apr 5, 2021","$1.29","N/A (N/A)","100,000 .. 200,000","00:00 (00:00)","Lovely Games","Lovely Games"
"9989","Haunt Chaser","Oct 6, 2021","$14.99","N/A (N/A)","100,000 .. 200,000","00:00 (00:00)","Clock Wizard Games","Clock Wizard Games"
"9990","A Random Maze 某个迷宫","Mar 10, 2021","Free","N/A (N/A)","100,000 .. 200,000","00:00 (00:00)","幻想博物馆（Utopia Museum）","幻想博物馆（Utopia Museum）"
"9992","START AGAIN: a prologue","Aug 18, 2021","$10.99","N/A (N/A)","100,000 .. 200,000","00:00 (00:00)","insertdisc5","insertdisc5"
"9993","Arthurian Legends","Oct 4, 2021","$11.99","N/A (N/A)","100,000 .. 200,000","00:00 (00:00)","Scolaro Games","Scolaro Games"
"10013","Wordle","Apr 12, 2021","$0.38","N/A (N/A)","100,000 .. 200,000","00:17 (00:05)","PreoNus Games","Gigantum Games"
"10016","Soulestination","Jan 5, 2021","$2.99","N/A (N/A)","100,000 .. 200,000","00:00 (00:00)","Zaxiquej","Zaxiquej"
"10017","100 hidden snails 2","Feb 26, 2021","$2.99","N/A (N/A)","100,000 .. 200,000","00:00 (00:00)","Anatoliy Loginovskikh","Anatoliy Loginovskikh"
"10040","Bloodshore","Nov 3, 2021","$14.99","N/A (N/A)","100,000 .. 200,000","00:00 (00:00)","Wales Interactive, Good Gate Media, Wayout Pictures, Posterity Entertainment","Wales Interactive"
"10041","R-Type Final 2","Apr 30, 2021","$39.99","N/A (N/A)","100,000 .. 200,000","00:00 (00:00)","Granzella Inc.","NIS America, Inc."
"10043","Boss of this gym","Mar 5, 2021","$0.99","N/A (N/A)","100,000 .. 200,000","00:00 (00:00)","IndieGameMamaDev","IndieGameMama"
"10044","Samurai GUNN 2","Jul 20, 2021","$14.99","N/A (N/A)","100,000 .. 200,000","00:00 (00:00)","Beau Blyth, Nelson Boles, Valentin Seiche, Doseone, Adam Robezzoli, Evan Hemsley, YellowAfterlife","SCRAMBLER, Peow Studio"
"10052","Cute Honey: Bunny Girl","Nov 25, 2021","$4.99","N/A (N/A)","100,000 .. 200,000","00:00 (00:00)","Lovely Games","Lovely Games"
"10054","東方剛欲異聞　～ 水没した沈愁地獄","Oct 29, 2021","$19.99","N/A (N/A)","100,000 .. 200,000","00:00 (00:00)","黄昏フロンティア","SUNFISH Co., Ltd."
"10055","Kubifaktorium","Dec 16, 2021","$9.99","N/A (N/A)","100,000 .. 200,000","00:00 (00:00)","Neomateria Games GmbH","Neomateria Games GmbH"
"10058","Introvert: A Teenager Simulator","Mar 2, 2021","Free","N/A (N/A)","100,000 .. 200,000","00:00 (00:00)","Euphoric Brothers","Euphoric Brothers"
"10062","Cyanide & Happiness - Freakpocalypse (Episode 1)","Mar 11, 2021","$19.99","N/A (N/A)","100,000 .. 200,000","00:00 (00:00)","Explosm, Skeleton Crew Studios","Serenity Forge"
"10064","YUME 2 : Sleepless Night","Jul 25, 2021","$3.99","N/A (N/A)","100,000 .. 200,000","00:00 (00:00)","YUME","Lovely Games"
"10067","Hero of the Kingdom: The Lost Tales 2","Nov 19, 2021","$6.99","N/A (N/A)","100,000 .. 200,000","00:00 (00:00)","Lonely Troops","Lonely Troops"
"10073","Starmancer","Aug 5, 2021","$14.99","N/A (N/A)","100,000 .. 200,000","00:00 (00:00)","Ominux Games","Chucklefish"
"10075","Tanks: The Crusades","Jun 24, 2021","Free","N/A (N/A)","100,000 .. 200,000","00:00 (00:00)","Aehmttw (Matei Budiu)","Aehmttw (Matei Budiu)"
"10078","Incremental Cubes","Nov 3, 2021","Free","N/A (N/A)","100,000 .. 200,000","00:00 (00:00)","Idle System, Inc.","Idle System, Inc."
"2","Scarlet Hollow","Jun 11, 2021","$24.99","N/A (N/A/90%)","50,000 .. 100,000","00:00 (00:00)","Black Tabby Games","Black Tabby Games"
"28","Astalon: Tears of the Earth","Jun 3, 2021","$19.99","N/A (N/A/84%)","50,000 .. 100,000","00:00 (00:00)","LABS Works","DANGEN Entertainment"
"31","Atelier Ryza 2: Lost Legends & the Secret Fairy","Jan 25, 2021","$59.99","N/A (N/A/84%)","50,000 .. 100,000","00:22 (00:07)","KOEI TECMO GAMES CO., LTD.","KOEI TECMO GAMES CO., LTD."
"35","ElecHead","Oct 14, 2021","$9.99","N/A (N/A/84%)","50,000 .. 100,000","00:00 (00:00)","NamaTakahashi, Tsuyomi","NamaTakahashi"
"40","Papetura","May 7, 2021","$11.99","N/A (N/A/83%)","50,000 .. 100,000","00:00 (00:00)","Petums","Petums"
"51","The Ramp","Aug 3, 2021","$5.99","N/A (N/A/82%)","50,000 .. 100,000","00:00 (00:00)","Paul Schnepf","hyperparadise"
"66","Silicon Dreams  |  cyberpunk interrogation","Apr 20, 2021","$4.49","N/A (N/A/81%)","50,000 .. 100,000","00:00 (00:00)","James Patton, Clockwork Bird","Clockwork Bird"
"67","Bonfire Peaks","Sep 30, 2021","$19.99","N/A (N/A/81%)","50,000 .. 100,000","00:00 (00:00)","Corey Martin, Alan Hazelden, Mari Zand, Zach Soares","Draknek & Friends"
"69","Overboard!","Jun 2, 2021","$14.99","N/A (N/A/81%)","50,000 .. 100,000","00:00 (00:00)","inkle Ltd","inkle Ltd"
"73","The Pathless","Nov 16, 2021","$9.99","N/A (N/A/81%)","50,000 .. 100,000","06:42 (02:14)","Giant Squid","Annapurna Interactive"
"83","Dandy Ace","Mar 25, 2021","$19.99","N/A (N/A/80%)","50,000 .. 100,000","00:00 (00:00)","Mad Mimic","NEOWIZ"
"105","Sumire","May 26, 2021","$5.99","N/A (N/A/78%)","50,000 .. 100,000","00:00 (00:00)","GameTomo Team","GameTomo Co., Ltd."
"108","Jupiter Hell","Aug 5, 2021","$24.99","N/A (N/A/78%)","50,000 .. 100,000","00:00 (00:00)","ChaosForge","Hyperstrange"
"117","Sarawak","Jan 27, 2021","$4.99","N/A (N/A/78%)","50,000 .. 100,000","00:00 (00:00)","Cowleyfornia Studios","Cowleyfornia Studios"
"121","ALTDEUS: Beyond Chronos","Feb 18, 2021","$29.99","N/A (N/A/78%)","50,000 .. 100,000","00:00 (00:00)","MyDearest Inc.","MyDearest Inc."
"127","Genesis Noir","Mar 26, 2021","$14.99","N/A (N/A/77%)","50,000 .. 100,000","00:00 (00:00)","Feral Cat Den","Fellow Traveller"
"130","STORY OF SEASONS: Pioneers of Olive Town","Sep 15, 2021","$13.99","N/A (N/A/76%)","50,000 .. 100,000","00:00 (00:00)","Marvelous Inc.","XSEED Games, Marvelous USA, Inc., Marvelous Europe"
"136","Legend of Keepers: Career of a Dungeon Manager","Apr 29, 2021","$19.99","N/A (N/A/76%)","50,000 .. 100,000","15:17 (05:05)","Goblinz Studio","Goblinz Publishing"
"158","Insurmountable","Apr 29, 2021","$3.99","N/A (N/A/74%)","50,000 .. 100,000","00:00 (00:00)","ByteRockers' Games","Daedalic Entertainment"
"171","Minute of Islands","Jun 13, 2021","$3.99","N/A (N/A/73%)","50,000 .. 100,000","00:00 (00:00)","Studio Fizbin","Assemble Entertainment"
"190","The Alien Cube","Oct 14, 2021","$19.99","N/A (N/A/72%)","50,000 .. 100,000","00:00 (00:00)","Alessandro Guzzo","Alessandro Guzzo"
"216","Nanotale - Typing Chronicles","Mar 31, 2021","$19.99","N/A (N/A/68%)","50,000 .. 100,000","00:00 (00:00)","Fishing Cactus","Fishing Cactus, PID Games, 2PGames"
"218","Disjunction","Jan 28, 2021","$15.99","N/A (N/A/67%)","50,000 .. 100,000","00:00 (00:00)","Ape Tribe Games","Fireshine Games"
"261","Vivian's Kurse","Feb 25, 2021","N/A","N/A (N/A)","50,000 .. 100,000","00:00 (00:00)","Damnskulls","Damnskulls"
"277","The Tower Of TigerQiuQiu 2","Mar 18, 2021","Free","N/A (N/A)","50,000 .. 100,000","00:00 (00:00)","TigerQiuQiu","TigerQiuQiu"
"282","Mythic Prelude - Concept Demo","Feb 17, 2021","Free","N/A (N/A)","50,000 .. 100,000","00:00 (00:00)","Dmitri Lowell","Dmitri Lowell"
"291","Vapor Music Tour","Jan 5, 2021","Free","N/A (N/A)","50,000 .. 100,000","00:00 (00:00)","Devil's Cider Games","Vapor Music"
"298","Because its hot! - Why pizza? PROLOGUE","May 8, 2021","Free","N/A (N/A)","50,000 .. 100,000","00:00 (00:00)","Marginal act","Woo Foo games"
"317","I Am Robot","Jan 15, 2021","N/A","N/A (N/A)","50,000 .. 100,000","00:00 (00:00)","Adrian Domagalski","Adrian Domagalski"
"321","Bog Lord","Feb 5, 2021","Free","N/A (N/A)","50,000 .. 100,000","00:00 (00:00)","Frog Cult","Breda University of Applied Sciences"
"354","Dead Herring VR","Feb 1, 2021","Free","N/A (N/A)","50,000 .. 100,000","00:00 (00:00)","Raumkapsel - Animation and Interactive Media","Raumkapsel - Animation and Interactive Media"
"380","Alas Astra","Dec 26, 2021","Free","N/A (N/A)","50,000 .. 100,000","00:00 (00:00)","Delta Video Games","Delta Video Games"
"393","Wow Dance","Mar 19, 2021","Free","N/A (N/A)","50,000 .. 100,000","00:00 (00:00)","Prometheus Vision Technology Co., Ltd.","Prometheus Vision Technology Co., Ltd."
"396","Dungeon Delver","Mar 15, 2021","Free","N/A (N/A)","50,000 .. 100,000","00:00 (00:00)","Skip Stone Studios","Skip Stone Studios"
"405","Magicians' Legacy: Prologue","Apr 6, 2021","Free","N/A (N/A)","50,000 .. 100,000","00:00 (00:00)","Greenolor Studio","Kaser Studio"
"418","Veneficium: A witch's tale","Mar 18, 2021","Free","N/A (N/A)","50,000 .. 100,000","00:00 (00:00)","Frostpetal Studio","Frostpetal Studio"
"419","41 Hours: Prologue","Mar 19, 2021","Free","N/A (N/A)","50,000 .. 100,000","00:00 (00:00)","Texelworks","ValkyrieInitiative"
"435","Swallow The Blue: Remastered","Jan 15, 2021","Free","N/A (N/A)","50,000 .. 100,000","00:00 (00:00)","Euphoric Brothers","Euphoric Brothers"
"437","Rokka","Jan 1, 2021","Free","N/A (N/A)","50,000 .. 100,000","00:00 (00:00)","Jonne Ojennus","Jonne Ojennus"
"450","Eternal Dreamers","Jul 24, 2021","Free","N/A (N/A)","50,000 .. 100,000","00:00 (00:00)","Studio Biest","Studio Biest"
"460","Sentience","Mar 25, 2021","Free","N/A (N/A)","50,000 .. 100,000","00:00 (00:00)","Red Meat Games","Red Meat Games"
"464","Clodhoppers","Apr 28, 2021","N/A","N/A (N/A)","50,000 .. 100,000","00:00 (00:00)","Claymatic Games","Claymatic Games"
"466","Etched Memories Demo","Feb 22, 2021","Free","N/A (N/A)","50,000 .. 100,000","00:00 (00:00)","From Scratch Studios","From Scratch Studios"
"481","副作用之瞳-Tlicolity Eyes-","Jun 29, 2021","Free","N/A (N/A)","50,000 .. 100,000","00:00 (00:00)","IDEA FACTORY, Frontier Works, JoyMoe Interactive Entertainment Limited","JoyMoe Interactive Entertainment Limited"
"484","Fractal Fury","Apr 4, 2021","Free","N/A (N/A)","50,000 .. 100,000","00:00 (00:00)","Alex","Alex"
"485","Royale Island Showdown","Feb 10, 2021","Free","N/A (N/A)","50,000 .. 100,000","00:00 (00:00)","Logan Thatcher","Logan Thatcher"
"487","Distancing","Feb 2, 2021","Free","N/A (N/A)","50,000 .. 100,000","00:00 (00:00)","Jan Place Jakobsen, Kristoffer Juel Friis, Jonas Skjønnemann, Ignacy Grabowski","Jan Place Jakobsen, Kristoffer Juel Friis, Jonas Skjønnemann, Ignacy Grabowski"
"492","Coloring Book for Kids","Mar 8, 2021","Free","N/A (N/A)","50,000 .. 100,000","00:00 (00:00)","Peaksel","Peaksel"
"499","Degraman: Act I. Vincent & Cassel","Dec 10, 2021","Free","N/A (N/A)","50,000 .. 100,000","00:00 (00:00)","NamNorm","NamNorm"
"501","Last Message","Jun 24, 2021","Free","N/A (N/A)","50,000 .. 100,000","00:00 (00:00)","JamesGamesNZ","JamesGamesNZ"
"503","Song of Farca: Prologue","Feb 24, 2021","Free","N/A (N/A)","50,000 .. 100,000","00:00 (00:00)","Wooden Monkeys","Alawar"
"504","Wartune Reborn","Feb 26, 2021","Free","N/A (N/A)","50,000 .. 100,000","00:00 (00:00)","7Road","7Road"
"506","Crystal Call","Jan 6, 2021","Free","N/A (N/A)","50,000 .. 100,000","00:00 (00:00)","SMU Guildhall","SMU Guildhall"
"507","HEAT REBORN","May 8, 2021","Free","N/A (N/A)","50,000 .. 100,000","00:00 (00:00)","HEAT REBORN DEV TEAM","HEAT REBORN DEV TEAM"
"510","CrazyFlasher7 Mercenary Empire","Jan 19, 2021","N/A","N/A (N/A)","50,000 .. 100,000","00:00 (00:00)","AndyLaw","AndyLaw"
"513","EQI","Jan 15, 2021","Free","N/A (N/A)","50,000 .. 100,000","00:00 (00:00)","Chopin et al.","Hyperstrange"
"518","Ethereal Estate","Mar 12, 2021","Free","N/A (N/A)","50,000 .. 100,000","00:00 (00:00)","Emergence Studio","UQAT - Création et nouveaux médias"
"521","Fight the Landlord","Feb 11, 2021","N/A","N/A (N/A)","50,000 .. 100,000","00:00 (00:00)","Fight the landlord Studio","Fight the landlord Studio"
"528","Fujiwara Bittersweet","Jan 16, 2021","Free","N/A (N/A)","50,000 .. 100,000","00:00 (00:00)","MagicBenchVN","MagicBenchVN"
"530","Slay the Dragon!","Feb 5, 2021","Free","N/A (N/A)","50,000 .. 100,000","00:00 (00:00)","Slay the Dragon!-Team","The Animation Workshop"
"532","Battle Ball","Mar 12, 2021","Free","N/A (N/A)","50,000 .. 100,000","00:00 (00:00)","Dad Hat Games","Dad Hat Games"
"534","Warriors: Rise to Glory! Online Multiplayer Open Beta","Jan 28, 2021","N/A","N/A (N/A)","50,000 .. 100,000","00:00 (00:00)","Gavra Games","Gavra Games"
"536","ROG CITADEL XV","Jan 12, 2021","Free","N/A (N/A)","50,000 .. 100,000","00:00 (00:00)","ASUS GLOBAL PTE. LTD, Moonshine Creation CO., LTD.","ASUS GLOBAL PTE. LTD"
"544","Angel Wings","Jan 29, 2021","Free","N/A (N/A)","50,000 .. 100,000","00:00 (00:00)","RumR Design","RumR Design"
"547","Let It Flow","Mar 1, 2021","Free","N/A (N/A)","50,000 .. 100,000","00:00 (00:00)","DevAddict's Chat","DevAddict"
"548","Chess Evolved Online","Feb 22, 2021","Free","N/A (N/A)","50,000 .. 100,000","00:00 (00:00)","TheGrandestine","TheGrandestine"
"550","NOeSIS_羽化","Nov 8, 2021","Free","N/A (N/A)","50,000 .. 100,000","00:00 (00:00)","Classic Chocolat","Red × Balloon, Hikare 个人汉化"
"552","Project Castle","Jun 22, 2021","Free","N/A (N/A)","50,000 .. 100,000","00:00 (00:00)","Castle Roaches","Breda University of Applied Sciences"
"566","NGU INDUSTRIES","Apr 5, 2021","Free","N/A (N/A)","50,000 .. 100,000","00:00 (00:00)","4G","4G"
"567","圣歌德嘉的晚钟","Dec 4, 2021","Free","N/A (N/A)","50,000 .. 100,000","00:00 (00:00)","二律背反","旅人计划"
"570","Iron Conflict","Jan 7, 2021","N/A","N/A (N/A)","50,000 .. 100,000","00:00 (00:00)","Angela Game","Imperium Interactive Entertainment Limited"
"581","hexceed","Jan 15, 2021","Free","N/A (N/A)","50,000 .. 100,000","03:47 (01:15)","ToastieLabs","ToastieLabs"
"588","Gladio and Glory","Mar 16, 2021","Free","N/A (N/A)","50,000 .. 100,000","00:00 (00:00)","Adi Zhavo","Adi Zhavo"
"608","Magical Battle Cry","Feb 8, 2021","$19.99","N/A (N/A)","50,000 .. 100,000","00:00 (00:00)","羲和工作室","羲和工作室"
"614","仙绣剑缘录","Oct 29, 2021","$11.99","N/A (N/A)","50,000 .. 100,000","00:00 (00:00)","熊窝dodox","熊窝dodox, RuiXiao"
"622","Lost Words: Beyond the Page","Apr 6, 2021","$14.99","N/A (N/A)","50,000 .. 100,000","00:00 (00:00)","Sketchbook Games, Fourth State","Sketchbook Games"
"626","Obama Boss Fight","Nov 24, 2021","$2.99","N/A (N/A)","50,000 .. 100,000","00:00 (00:00)","xXx_Skipper_xXx","xXx_Skipper_xXx"
"628","YUME","Jan 14, 2021","$1.94","N/A (N/A)","50,000 .. 100,000","00:00 (00:00)","Lovely Games","Lovely Games Hentai Club, Lovely Games"
"629","Pawnbarian","Sep 24, 2021","$9.99","N/A (N/A)","50,000 .. 100,000","00:00 (00:00)","j4nw",""
"635","Priest Simulator: Heavy Duty","Oct 18, 2021","Free","N/A (N/A)","50,000 .. 100,000","00:00 (00:00)","Asmodev","Ultimate Games"
"637","I'm on Observation Duty 4","Dec 22, 2021","$4.99","N/A (N/A)","50,000 .. 100,000","00:00 (00:00)","Notovia","Notovia"
"638","Baldur's Gate: Dark Alliance","Dec 17, 2021","$39.99","N/A (N/A)","50,000 .. 100,000","00:00 (00:00)","Square One Games Inc., Black Isle Studios","Interplay Entertainment Corp."
"649","MECHANICA: A Ballad of the Rabbit and Mercury","Sep 17, 2021","$19.99","N/A (N/A)","50,000 .. 100,000","00:00 (00:00)","Loser/s","OTAKU Plan"
"650","Peace, Death! 2","Oct 7, 2021","$4.99","N/A (N/A)","50,000 .. 100,000","00:00 (00:00)","AZAMATIKA","AZAMATIKA"
"653","Mighty Goose","Jun 5, 2021","$19.99","N/A (N/A)","50,000 .. 100,000","00:00 (00:00)","Blastmode, MP2 Games","PLAYISM"
"660","The Red Lantern","Dec 8, 2021","$24.99","N/A (N/A)","50,000 .. 100,000","00:00 (00:00)","Timberline Studio","Kepler Interactive"
"663","Vomitoreum","Jul 30, 2021","$9.99","N/A (N/A)","50,000 .. 100,000","00:00 (00:00)","Scumhead","Scumhead"
"665","One Hand Clapping","Dec 14, 2021","$14.99","N/A (N/A)","50,000 .. 100,000","00:00 (00:00)","Bad Dream Games","HandyGames"
"667","White Shadows","Dec 7, 2021","$19.99","N/A (N/A)","50,000 .. 100,000","00:00 (00:00)","Monokel","Thunderful Publishing, Mixtvision"
"677","Ghosts 'n Goblins Resurrection","May 31, 2021","$29.99","N/A (N/A)","50,000 .. 100,000","01:28 (00:29)","CAPCOM Co., Ltd.","CAPCOM Co., Ltd."
"687","DYNASTY WARRIORS 9 Empires","Dec 22, 2021","$29.99","N/A (N/A)","50,000 .. 100,000","00:00 (00:00)","KOEI TECMO GAMES CO., LTD.","KOEI TECMO GAMES CO., LTD."
"688","Enter The Backrooms","Feb 12, 2021","$9.99","N/A (N/A)","50,000 .. 100,000","00:00 (00:00)","Justin Kroh","Cosmic Crow Creations"
"693","Aquarium Designer","Oct 21, 2021","$9.99","N/A (N/A)","50,000 .. 100,000","00:00 (00:00)","Sigur Studio","Games Operators, PlayWay S.A."
"696","Motesolo : No Girlfriend Since Birth","Jun 9, 2021","$11.49","N/A (N/A)","50,000 .. 100,000","00:00 (00:00)","INDICAVA INTERACTIVE","INDICAVA INTERACTIVE"
"698","Attack on Toys","Sep 24, 2021","$6.99","N/A (N/A)","50,000 .. 100,000","00:00 (00:00)","N7T-GAMES","N7T-GAMES"
"702","Ark Mobius: Censored Edition","Oct 14, 2021","$4.99","N/A (N/A)","50,000 .. 100,000","00:00 (00:00)","YellowDuckWorks","YellowDuckWorks"
"708","Dead Age 2: The Zombie Survival RPG","Mar 12, 2021","$1.79","N/A (N/A)","50,000 .. 100,000","00:00 (00:00)","Silent Dreams","Headup"
"711","[Chilla's Art] Night Delivery | 例外配達","Jun 4, 2021","$2.99","N/A (N/A)","50,000 .. 100,000","00:00 (00:00)","Chilla's Art","Chilla's Art"
"713","Fresh Body","Jul 22, 2021","$9.99","N/A (N/A)","50,000 .. 100,000","00:00 (00:00)","LOVIGAME","LOVIGAME"
"718","Landlord of the Woods","Mar 17, 2021","$0.49","N/A (N/A)","50,000 .. 100,000","00:00 (00:00)","Madison Karrh","Madison Karrh"
"720","Pronty","Nov 18, 2021","$17.99","N/A (N/A)","50,000 .. 100,000","00:00 (00:00)","18Light Game Ltd., FunZone Games","18Light Game Ltd., CE-Asia, 樂磚 Joy Brick, Mayflower Entertainment"
"727","Motorcycle Mechanic Simulator 2021","Nov 17, 2021","$1.99","N/A (N/A)","50,000 .. 100,000","00:05 (00:01)","Play2Chill S.A.","PlayWay S.A., Play2Chill S.A."
"730","GunSoul Girl","Feb 25, 2021","$1.99","N/A (N/A)","50,000 .. 100,000","00:00 (00:00)","MoeGame","HyperStar Group"
"733","WitchSpring3 Re:Fine - The Story of Eirudy -","Nov 1, 2021","$11.99","N/A (N/A)","50,000 .. 100,000","00:00 (00:00)","KIWIWALKS, IKINAGAMES","KIWIWALKS"
"736","Voice of Cards: The Isle Dragon Roars","Oct 28, 2021","$11.99","N/A (N/A)","50,000 .. 100,000","00:00 (00:00)","Square Enix","Square Enix"
"741","Corpse Party (2021)","Oct 20, 2021","$9.99","N/A (N/A)","50,000 .. 100,000","02:18 (00:46)","MAGES.","XSEED Games, Marvelous USA, Inc."
"743","Main Assembly","Jan 26, 2021","$19.99","N/A (N/A)","50,000 .. 100,000","00:00 (00:00)","Bad Yolk Games","Team17"
"744","Surgeon Simulator 2","Sep 2, 2021","$19.99","N/A (N/A)","50,000 .. 100,000","00:00 (00:00)","Bossa Studios","Infogrames"
"745","Noble Fates","Dec 14, 2021","$24.99","N/A (N/A)","50,000 .. 100,000","00:00 (00:00)","Xobermon, LLC","Xobermon, LLC"
"746","Suspects: Mystery Mansion","Nov 11, 2021","N/A","N/A (N/A)","50,000 .. 100,000","00:00 (00:00)","Wildlife Studios","Wildlife Studios"
"749","Love n War: Warlord by Chance","May 28, 2021","$3.24","N/A (N/A)","50,000 .. 100,000","00:03 (00:01)","Reborn Entertainment","Reborn Entertainment"
"750","Bright Lights of Svetlov","Sep 14, 2021","$4.99","N/A (N/A)","50,000 .. 100,000","00:00 (00:00)","Vladimir Cholokyan","Vladimir Cholokyan"
"751","Bloodwash","Sep 16, 2021","$7.99","N/A (N/A)","50,000 .. 100,000","00:00 (00:00)","Black Eyed Priest, Henry Hoare","Torture Star Video"
"752","9-nine-:Episode 4","Mar 19, 2021","$19.99","N/A (N/A)","50,000 .. 100,000","00:00 (00:00)","PALETTE","Sekai Project"
"753","Alisa","Oct 22, 2021","$17.99","N/A (N/A)","50,000 .. 100,000","00:00 (00:00)","Casper Croes","Casper Croes"
"754","Utawarerumono: Prelude to the Fallen","Jan 22, 2021","$35.99","N/A (N/A)","50,000 .. 100,000","00:00 (00:00)","AQUAPLUS","DMM GAMES, Shiravune"
"755","IRMÃO Grande & Brasileiro 2","Oct 14, 2021","$19.99","N/A (N/A)","50,000 .. 100,000","00:00 (00:00)","Virgula Leal","Jogo Joia"
"764","SAMURAI WARRIORS 5","Jul 26, 2021","$59.99","N/A (N/A)","50,000 .. 100,000","00:00 (00:00)","KOEI TECMO GAMES CO., LTD.","KOEI TECMO GAMES CO., LTD."
"773","Tunguska: The Visitation - Enhanced Edition","Jun 4, 2021","$14.99","N/A (N/A)","50,000 .. 100,000","00:00 (00:00)","Rotorist Workshop","Rotorist Workshop"
"777","Sakura Hime","Oct 15, 2021","$2.79","N/A (N/A)","50,000 .. 100,000","00:00 (00:00)","GirlGames","GirlGames"
"789","Critters for Sale","Jun 3, 2021","$9.99","N/A (N/A)","50,000 .. 100,000","00:00 (00:00)","Sonoshee","Sonoshee"
"790","Ancient Dungeon","Nov 3, 2021","$19.99","N/A (N/A)","50,000 .. 100,000","00:00 (00:00)","Eric Thullen","Eric Thullen"
"792","Hmmsim Metro","Jun 25, 2021","$19.99","N/A (N/A)","50,000 .. 100,000","02:27 (02:27)","Jeminie Interactive","Jeminie Interactive"
"793","Cricket 22","Dec 1, 2021","$44.99","N/A (N/A)","50,000 .. 100,000","00:00 (00:00)","Big Ant Studios","Nacon"
"795","Panzer Knights","May 19, 2021","$12.49","N/A (N/A)","50,000 .. 100,000","00:00 (00:00)","樂磚Joy Brick","PQube"
"802","BRAVELY DEFAULT II","Sep 2, 2021","$23.99","N/A (N/A)","50,000 .. 100,000","00:00 (00:00)","Square Enix, Claytechworks","Square Enix"
"808","Zeepkist","Jan 28, 2021","$19.99","N/A (N/A)","50,000 .. 100,000","00:00 (00:00)","Steelpan Interactive","Steelpan Interactive"
"811","The Adventure of NAYU","Jan 19, 2021","$2.99","N/A (N/A)","50,000 .. 100,000","00:00 (00:00)","ambai","ambai"
"816","Ultimate Admiral: Age of Sail","Apr 7, 2021","$29.99","N/A (N/A)","50,000 .. 100,000","28:10 (09:23)","Game-Labs","Game-Labs"
"818","Youtubers Life 2","Oct 19, 2021","$24.99","N/A (N/A)","50,000 .. 100,000","00:00 (00:00)","UPLAY Online","UPLAY Online"
"820","Sailwind","Oct 18, 2021","$19.99","N/A (N/A)","50,000 .. 100,000","00:00 (00:00)","Raw Lion Workshop","Raw Lion Workshop"
"823","Ys IX: Monstrum Nox","Jul 6, 2021","$59.99","N/A (N/A)","50,000 .. 100,000","00:00 (00:00)","Nihon Falcom, PH3 GmbH, Engine Software BV","NIS America, Inc."
"824","TRADER LIFE SIMULATOR","Feb 22, 2021","N/A","N/A (N/A)","50,000 .. 100,000","00:00 (00:00)","DNA ARMY GAMING","DNA ARMY GAMING"
"828","War Mongrels","Oct 19, 2021","$44.99","N/A (N/A)","50,000 .. 100,000","00:00 (00:00)","Destructive Creations","Destructive Creations, DMM Games - Asia"
"833","Touhou Kouryudou ~ Unconnected Marketeers.","May 3, 2021","$14.99","N/A (N/A)","50,000 .. 100,000","00:00 (00:00)","上海アリス幻樂団","Mediascape Co., Ltd."
"837","Brutal Orchestra","Dec 17, 2021","$19.99","N/A (N/A)","50,000 .. 100,000","00:00 (00:00)","Talia bob Mair, Nicolás Delgado","Hellbent Games"
"843","The Chrono Jotter","Aug 25, 2021","$11.99","N/A (N/A)","50,000 .. 100,000","00:03 (00:01)","Orca Layout","2P Games, Orca Layout"
"855","Luna's Fishing Garden","Jun 16, 2021","$7.99","N/A (N/A)","50,000 .. 100,000","00:00 (00:00)","Coldwild Games, illufinch","Coldwild Games"
"861","Flowers Blooming at the End of Summer","Feb 26, 2021","$0.99","N/A (N/A)","50,000 .. 100,000","00:00 (00:00)","MidnightWorks","PsychoFlux Entertainment"
"868","Urtuk: The Desolation","Feb 27, 2021","$13.99","N/A (N/A)","50,000 .. 100,000","00:16 (00:05)","David Kaleta","David Kaleta"
"872","Xuan-Yuan Sword: The Scar of Sky","Aug 18, 2021","$9.99","N/A (N/A)","50,000 .. 100,000","00:00 (00:00)","DOMO Studio, SOFTSTAR ENTERTAINMENT","方块游戏(CubeGame), SOFTSTAR ENTERTAINMENT"
"880","War on the Sea","Feb 2, 2021","$39.99","N/A (N/A)","50,000 .. 100,000","00:00 (00:00)","Killerfish Games","Killerfish Games"
"886","Geometry Arena","Jun 1, 2021","$5.99","N/A (N/A)","50,000 .. 100,000","00:00 (00:00)","011 Games","011 Games"
"893","Saints Row: The Third Remastered","May 21, 2021","$29.99","N/A (N/A)","50,000 .. 100,000","00:46 (00:15)","Deep Silver Volition, Sperasoft","Deep Silver"
"900","Seed of the Dead: Sweet Home","Aug 27, 2021","$29.99","N/A (N/A)","50,000 .. 100,000","00:00 (00:00)","TeamKRAMA","Eroge Japan"
"902","Aventura Copilului Albastru și Urât","Feb 8, 2021","$1.99","N/A (N/A)","50,000 .. 100,000","00:00 (00:00)","Codrin Bradea","Codrin Bradea"
"909","Carrier Command 2","Aug 10, 2021","$29.99","N/A (N/A)","50,000 .. 100,000","03:16 (01:05)","Geometa","MicroProse Software"
"934","Saiko no sutoka","Mar 19, 2021","$4.99","N/A (N/A)","50,000 .. 100,000","00:00 (00:00)","Habupain","Habupain"
"939","Infinitode 2 - Infinite Tower Defense","May 6, 2021","Free","N/A (N/A)","50,000 .. 100,000","00:07 (00:02)","Prineside","Prineside"
"945","DRAMAtical Murder","Apr 6, 2021","$19.99","N/A (N/A)","50,000 .. 100,000","00:01 (00:00)","Nitro+CHiRAL","JAST"
"964","SNKRX","May 17, 2021","$2.99","N/A (N/A)","50,000 .. 100,000","00:00 (00:00)","a327ex","a327ex"
"2294","Rathe: The Beginning","Jan 11, 2021","$24.99","N/A (N/A)","50,000 .. 100,000","00:00 (00:00)","Fists Of Destiny Games","Fists Of Destiny Games"
"2304","Super Brain Cube","Jan 31, 2021","$0.99","N/A (N/A)","50,000 .. 100,000","00:00 (00:00)","Andreas Otten","Andreas Otten"
"2333","Ballistic Machines","Jun 11, 2021","$1.99","N/A (N/A)","50,000 .. 100,000","00:00 (00:00)","Ballistic Machine","Ballistic Machine"
"2360","SpiderPunks","Aug 3, 2021","$0.99","N/A (N/A)","50,000 .. 100,000","00:00 (00:00)","Krzysztof Macias","Line A Cross"
"2380","Lipstick Assassin","May 25, 2021","$0.99","N/A (N/A)","50,000 .. 100,000","00:00 (00:00)","Pamela Linares, Gamma Ray Chamber","Gamma Ray Chamber"
"2402","League Space","Sep 26, 2021","$11.99","N/A (N/A)","50,000 .. 100,000","00:00 (00:00)","EURO GAMES STUDIO","EURO GAMES STUDIO (ESP)"
"2411","Gauntlet","Oct 5, 2021","$2.99","N/A (N/A)","50,000 .. 100,000","00:00 (00:00)","FALCON GAMES","FALCON GAMES"
"2417","King of the Universe","Oct 13, 2021","$9.99","N/A (N/A)","50,000 .. 100,000","00:00 (00:00)","Diana Nilsson","Diana Nilsson"
"2423","Star Witch","Nov 2, 2021","$4.99","N/A (N/A)","50,000 .. 100,000","00:00 (00:00)","Frozen Dungeon","Frozen Dungeon"
"2455","Wild Workshop","Jan 28, 2021","N/A","N/A (N/A)","50,000 .. 100,000","00:00 (00:00)","PRIMATE GAMES CO., LTD.","PRIMATE GAMES CO., LTD."
"2486","Evil Shogun","Jul 20, 2021","$1","N/A (N/A)","50,000 .. 100,000","00:00 (00:00)","A. A. Bills, Rino Ito","Flat 47 Productions"
"2494","Save The Heart Planet","May 14, 2021","$8.99","N/A (N/A)","50,000 .. 100,000","00:00 (00:00)","Bi Kun","Bi Kun"
"2568","Doomsday Defense","Oct 2, 2021","$19.99","N/A (N/A)","50,000 .. 100,000","00:00 (00:00)","Limitcore.studio","Limitcore.studio"
"2576","A Siren's Call  VR: Legacy ( A VR Short Story)","Mar 15, 2021","N/A","N/A (N/A)","50,000 .. 100,000","00:00 (00:00)","Siren Heart Studios","Siren Heart Studios"
"2631","tanxy","Jan 11, 2021","$7.99","N/A (N/A)","50,000 .. 100,000","00:00 (00:00)","IronRib","IronRib"
"2669","Assimilation X","Mar 12, 2021","$2.99","N/A (N/A)","50,000 .. 100,000","00:00 (00:00)","AvrillionArts","AvrillionArts"
"2690","Degradation(Alpha)","Mar 14, 2021","$1.99","N/A (N/A)","50,000 .. 100,000","00:00 (00:00)","SRCS, EDGE-GAMES","SRCS"
"2738","Cosmic Tank","Apr 7, 2021","$4.99","N/A (N/A)","50,000 .. 100,000","00:00 (00:00)","Game Masterminds","Game Masterminds"
"2773","Metal Golem: First Contact","Aug 23, 2021","$3.99","N/A (N/A)","50,000 .. 100,000","00:00 (00:00)","Divine Vision LLC","Divine Vision LLC"
"2779","Voxel Printer","Jun 5, 2021","$0.99","N/A (N/A)","50,000 .. 100,000","00:00 (00:00)","Laurasia Chronicle","Laurasia Chronicle"
"2803","Black Mansion","Jun 15, 2021","$0.99","N/A (N/A)","50,000 .. 100,000","00:00 (00:00)","PICTOLOGI","PICTOLOGI"
"2819","Ichth.ys","May 25, 2021","$9.99","N/A (N/A)","50,000 .. 100,000","00:00 (00:00)","Steganographia Games","Steganographia Games"
"2828","Metal Faith","Aug 2, 2021","$9.99","N/A (N/A)","50,000 .. 100,000","00:00 (00:00)","Youth Game","Youth Game"
"2876","Legends of Murder Collection","Oct 1, 2021","$2.79","N/A (N/A)","50,000 .. 100,000","00:00 (00:00)","Softdisk Publishing","Ziggurat"
"2880","Flyland Wars: 2 Not Yours Mine","Oct 4, 2021","$3.99","N/A (N/A)","50,000 .. 100,000","00:00 (00:00)","Loren Logic","Loren Logic"
"2885","Connection","Oct 25, 2021","$9.99","N/A (N/A)","50,000 .. 100,000","00:00 (00:00)","FTH GAMES","FTH GAMES"
"2943","GravityPunk","Dec 15, 2021","$0.99","N/A (N/A)","50,000 .. 100,000","00:00 (00:00)","9527 Studio","9527 Studio"
"2981","Demon Zombie Outpost","Feb 19, 2021","$1","N/A (N/A)","50,000 .. 100,000","00:00 (00:00)","CitizenZ, CitizenZ","Citizen Z"
"2998","The Key of Rednow","Aug 10, 2021","$2.5","N/A (N/A)","50,000 .. 100,000","00:00 (00:00)","G-G-Games, G. Gambrel","G-G-Games, G. Gambrel"
"2999","Santa Soccer","May 21, 2021","$0.99","N/A (N/A)","50,000 .. 100,000","00:00 (00:00)","Halara Studios","Halara Studios"
"3011","Chronicles of Elmyra","Mar 25, 2021","N/A","N/A (N/A)","50,000 .. 100,000","00:00 (00:00)","4p0 Informatica","4p0 Informatica"
"3013","Bomb Escape","Apr 12, 2021","$0.99","N/A (N/A)","50,000 .. 100,000","00:00 (00:00)","Thiago Fernandes","TAG Games"
"3020","Tower Alchemy","Oct 31, 2021","$6.99","N/A (N/A)","50,000 .. 100,000","00:00 (00:00)","Mischief & Mayhem Studios","Mischief & Mayhem Studios"
"3021","Purgatory Overkill","Apr 26, 2021","$9.99","N/A (N/A)","50,000 .. 100,000","00:00 (00:00)","Death On Sausage","Scalable Graphics USA, INC"
"3045","Historic Fighters","Jul 30, 2021","$4.99","N/A (N/A)","50,000 .. 100,000","00:00 (00:00)","Hero Games","Hero Games"
"3063","Tales from Ahrum","Oct 10, 2021","$1.99","N/A (N/A)","50,000 .. 100,000","00:00 (00:00)","Marcos S Junqueira","Marcos S Junqueira"
"3081","Sink","Jan 15, 2021","$1.99","N/A (N/A)","50,000 .. 100,000","00:00 (00:00)","IceCreamMakerStudio","IceCreamMakerStudio"
"3104","RAZE 2070","Jun 2, 2021","$9.99","N/A (N/A)","50,000 .. 100,000","00:00 (00:00)","SIENTURE","SIENTURE"
"3106","Ohio John: Get Out!","Aug 20, 2021","$8.99","N/A (N/A)","50,000 .. 100,000","00:00 (00:00)","Yanohi Studio","Yanohi Studio"
"3148","Roof Genocide","Dec 10, 2021","$1.99","N/A (N/A)","50,000 .. 100,000","00:00 (00:00)","Tamashii","Tamashii"
"3173","Castles & Catapults","Jul 7, 2021","$7.99","N/A (N/A)","50,000 .. 100,000","00:00 (00:00)","Magic Lantern","Atari"
"3177","Starfighter Aces","Sep 15, 2021","$4.99","N/A (N/A)","50,000 .. 100,000","00:00 (00:00)","Adlai Glass","Adlai Glass"
"3282","Lithoi - Trials of Memory","Jan 28, 2021","$2.99","N/A (N/A)","50,000 .. 100,000","00:00 (00:00)","Anemoessa","Anemoessa"
"3294","Rogun Arena","Jan 29, 2021","$7.99","N/A (N/A)","50,000 .. 100,000","00:00 (00:00)","Russian Implant Games","Russian Implant Games"
"3354","Monster In The Dark","May 16, 2021","$1","N/A (N/A)","50,000 .. 100,000","00:00 (00:00)","D I S S","BYVOP , Prizyik Bognan"
"3404","Tree Strike","Jun 4, 2021","$3.99","N/A (N/A)","50,000 .. 100,000","00:00 (00:00)","T_T Games","T_T Games"
"3406","Peg Solitaire","May 28, 2021","$1.99","N/A (N/A)","50,000 .. 100,000","00:00 (00:00)","Terrestrial Games LLC","Terrestrial Games LLC"
"3441","Detective Gman","Oct 4, 2021","$0.99","N/A (N/A)","50,000 .. 100,000","00:00 (00:00)","Greg Wildasin","Greg Wildasin"
"3487","The Devils - A Visual Novel Of WWII","Dec 23, 2021","$1.99","N/A (N/A)","50,000 .. 100,000","00:00 (00:00)","William Volk","Deep State Games"
"3494","ARCADEON VR","Jul 9, 2021","$0.99","N/A (N/A)","50,000 .. 100,000","00:00 (00:00)","Actura Studios","Actura Studios"
"3500","Aim: Warmup","Jan 7, 2021","$0.99","N/A (N/A)","50,000 .. 100,000","00:00 (00:00)","Gamegarden","Gamegarden"
"3521","Crazy Christmas","Mar 23, 2021","$2","N/A (N/A)","50,000 .. 100,000","00:00 (00:00)","Anemona Games","Anemona Games"
"3542","Space Battle SVF","Sep 10, 2021","$0.99","N/A (N/A)","50,000 .. 100,000","00:00 (00:00)","Sonic-Alpha","NS"
"3543","Adventurers Guild","Sep 6, 2021","$4.2","N/A (N/A)","50,000 .. 100,000","00:00 (00:00)","Game Delivery","Game Delivery"
"3546","Mars Quest","May 27, 2021","$1.99","N/A (N/A)","50,000 .. 100,000","00:00 (00:00)","JRC","JRC"
"3585","Ruin","Oct 29, 2021","$7.99","N/A (N/A)","50,000 .. 100,000","00:00 (00:00)","Blue Ink Games","Blue Ink Games"
"3595","LineVox 2: Forward to the Past","Oct 5, 2021","$0.89","N/A (N/A)","50,000 .. 100,000","00:00 (00:00)","Piece Of Voxel","Piece Of Voxel"
"3608","2021","Nov 11, 2021","$0.99","N/A (N/A)","50,000 .. 100,000","00:00 (00:00)","3000Studio","3000Studio"
"3646","Darkness Arrives","May 5, 2021","N/A","N/A (N/A)","50,000 .. 100,000","00:00 (00:00)","","LM Games Studio"
"3647","Unchosen: Forsaken","Aug 12, 2021","$9.99","N/A (N/A)","50,000 .. 100,000","00:00 (00:00)","ArchDawn","ArchDawn"
"3650","Killer 19","May 9, 2021","$0.99","N/A (N/A)","50,000 .. 100,000","00:00 (00:00)","SkyLine Studio","SkyLine Studio"
"3665","Infiltration: Alone in Combat","Jun 2, 2021","$1.99","N/A (N/A)","50,000 .. 100,000","00:00 (00:00)","Elvio Luján","Elvio Luján"
"3729","Brick People","Aug 23, 2021","$1.99","N/A (N/A)","50,000 .. 100,000","00:00 (00:00)","soxcz","soxcz"
"3841","Raptors of SouthEdge","Mar 9, 2021","$2.99","N/A (N/A)","50,000 .. 100,000","00:00 (00:00)","SouthEdge Studios","SouthEdge Studios"
"3910","Color Pixel Heroes","Apr 8, 2021","$1.99","N/A (N/A)","50,000 .. 100,000","00:00 (00:00)","Boogygames Studios","Boogygames Studios"
"3922","Chuhou Joutai 2: Paraided!","Jul 1, 2021","$4.99","N/A (N/A)","50,000 .. 100,000","00:00 (00:00)","Drillimation Systems","Drillimation Systems"
"3928","The Witch's Maze","May 26, 2021","$1.99","N/A (N/A)","50,000 .. 100,000","00:00 (00:00)","friendMaster2000","friendMaster2000"
"3960","Dragon War","Oct 22, 2021","$9.99","N/A (N/A)","50,000 .. 100,000","00:00 (00:00)","QJ","QJ"
"3979","Alien Age","Dec 1, 2021","$5.99","N/A (N/A)","50,000 .. 100,000","00:00 (00:00)","Indie Wizards","Indie Wizards"
"3982","Magnificent-1","Dec 15, 2021","$2.99","N/A (N/A)","50,000 .. 100,000","00:00 (00:00)","SlothLadDev","SlothLadDev"
"3995","DeRailed","Nov 22, 2021","$4.99","N/A (N/A)","50,000 .. 100,000","00:00 (00:00)","KanapaGames","KanapaGames"
"6253","PUBG: BATTLEGROUNDS","Dec 21, 2017","Free","N/A (N/A)","100,000,000 .. 200,000,000","17:15 (05:58)","PUBG Corporation","KRAFTON, Inc."
"1102","Unturned","Jul 7, 2017","Free","N/A (N/A)","50,000,000 .. 100,000,000","59:46 (09:57)","Smartly Dressed Games","Smartly Dressed Games"
"72","World of Warships","Nov 15, 2017","Free","N/A (N/A/81%)","20,000,000 .. 50,000,000","17:05 (13:29)","Wargaming Group Limited","Wargaming Group Limited"
"231","ARK: Survival Evolved","Aug 27, 2017","$14.99","N/A (N/A/70%)","20,000,000 .. 50,000,000","23:10 (12:35)","Studio Wildcard, Instinct Games, Efecto Studios, Virtual Basement LLC","Studio Wildcard, Snail Games USA"
"1099","VRChat","Feb 1, 2017","Free","N/A (N/A)","20,000,000 .. 50,000,000","24:07 (07:01)","VRChat Inc.","VRChat Inc."
"6252","Brawlhalla","Oct 17, 2017","Free","N/A (N/A)","20,000,000 .. 50,000,000","02:13 (01:02)","Blue Mammoth Games","Ubisoft"
"13","Cuphead","Sep 29, 2017","$19.99","N/A (N/A/88%)","5,000,000 .. 10,000,000","03:35 (02:05)","Studio MDHR Entertainment Inc.","Studio MDHR Entertainment Inc."
"18","Hollow Knight","Feb 24, 2017","$14.99","N/A (N/A/87%)","5,000,000 .. 10,000,000","06:41 (02:52)","Team Cherry","Team Cherry"
"71","Little Nightmares","Apr 27, 2017","$19.99","N/A (N/A/81%)","5,000,000 .. 10,000,000","02:41 (04:30)","Tarsier Studios","BANDAI NAMCO Entertainment"
"152","FOR HONOR","Feb 13, 2017","$29.99","N/A (N/A/76%)","5,000,000 .. 10,000,000","06:02 (05:57)","Ubisoft Montreal, Ubisoft Quebec, Ubisoft Toronto, Blue Byte","Ubisoft"
"1096","Business Tour - Board Game with Online Multiplayer","Jul 27, 2017","Free","N/A (N/A)","5,000,000 .. 10,000,000","01:14 (01:51)","8Floor","8Floor"
"1097","Deceit","Mar 3, 2017","Free","N/A (N/A)","5,000,000 .. 10,000,000","00:01 (00:00)","World Makers","World Makers"
"1098","Robocraft","Aug 24, 2017","N/A","N/A (N/A)","5,000,000 .. 10,000,000","00:00 (00:00)","Freejam","Freejam"
"1100","SCP: Secret Laboratory","Dec 29, 2017","Free","N/A (N/A)","5,000,000 .. 10,000,000","05:16 (02:50)","Northwood Studios","Northwood Studios"
"1101","Doki Doki Literature Club!","Sep 22, 2017","Free","N/A (N/A)","5,000,000 .. 10,000,000","00:00 (00:00)","Team Salvato","Team Salvato"
"6242","Crossout","Jul 26, 2017","Free","N/A (N/A)","5,000,000 .. 10,000,000","146:34 (272:10)","Targem Games","Gaijin Network Ltd"
"6251","theHunter: Call of the Wild","Feb 16, 2017","$19.99","N/A (N/A)","5,000,000 .. 10,000,000","04:06 (02:11)","Expansive Worlds","Avalanche Studios"
"29","Battlerite","Nov 8, 2017","Free","N/A (N/A/85%)","2,000,000 .. 5,000,000","00:08 (00:02)","Stunlock Studios","Stunlock Studios"
"40","Nioh: Complete Edition","Nov 7, 2017","$49.99","N/A (N/A/84%)","2,000,000 .. 5,000,000","00:18 (00:06)","KOEI TECMO GAMES CO., LTD.","KOEI TECMO GAMES CO., LTD."
"41","NieR:Automata","Mar 17, 2017","$15.99","N/A (N/A/84%)","2,000,000 .. 5,000,000","05:18 (02:17)","Square Enix, PlatinumGames Inc.","Square Enix"
"51","Resident Evil 7 Biohazard","Jan 23, 2017","$19.99","N/A (N/A/83%)","2,000,000 .. 5,000,000","03:55 (01:31)","CAPCOM Co., Ltd.","CAPCOM Co., Ltd."
"73","Slime Rancher","Aug 1, 2017","$4.99","N/A (N/A/81%)","2,000,000 .. 5,000,000","01:20 (01:20)","Monomi Park","Monomi Park"
"122","Sniper Elite 4","Feb 13, 2017","$59.99","N/A (N/A/78%)","2,000,000 .. 5,000,000","00:47 (01:11)","Rebellion","Rebellion"
"136","Life is Strange: Before the Storm","Aug 31, 2017","$16.99","N/A (N/A/77%)","2,000,000 .. 5,000,000","00:00 (00:00)","Deck Nine, Feral Interactive (Mac), Feral Interactive (Linux)","Square Enix, Feral Interactive (Mac), Feral Interactive (Linux)"
"205","Albion Online","Jul 17, 2017","Free","N/A (N/A/72%)","2,000,000 .. 5,000,000","64:25 (08:00)","Sandbox Interactive GmbH","Sandbox Interactive GmbH"
"291","Fallout Shelter","Mar 29, 2017","Free","N/A (N/A/63%)","2,000,000 .. 5,000,000","04:10 (03:51)","Bethesda Game Studios","Bethesda Softworks"
"299","Friday the 13th: The Game","May 26, 2017","N/A","N/A (N/A/61%)","2,000,000 .. 5,000,000","00:34 (00:11)","IllFonic","Gun Media"
"1081","Line of Sight","Jan 31, 2017","Free","N/A (N/A)","2,000,000 .. 5,000,000","00:00 (00:00)","BlackSpot Entertainment","BlackSpot Entertainment"
"1083","Argo","Jun 22, 2017","N/A","N/A (N/A)","2,000,000 .. 5,000,000","00:00 (00:00)","Bohemia Interactive","Bohemia Interactive"
"1087","ARK: Survival Of The Fittest","Aug 29, 2017","$4.49","N/A (N/A)","2,000,000 .. 5,000,000","00:00 (00:00)","Studio Wildcard, Instinct Games, Efecto Studios, Virtual Basement LLC","Studio Wildcard"
"1089","Last Man Standing","Mar 29, 2017","N/A","N/A (N/A)","2,000,000 .. 5,000,000","00:00 (00:00)","Free Reign Entertainment, Free Reign Entertainment","Free Reign Entertainment"
"1091","Codename CURE","Oct 31, 2017","Free","N/A (N/A)","2,000,000 .. 5,000,000","00:00 (00:00)","Raptor Byte","Raptor Byte"
"1092","Dungeon Defenders II","Jun 20, 2017","Free","N/A (N/A)","2,000,000 .. 5,000,000","15:03 (05:01)","Chromatic Games","Chromatic Games"
"1094","Freddy Fazbear's Pizzeria Simulator","Dec 4, 2017","Free","N/A (N/A)","2,000,000 .. 5,000,000","00:07 (00:02)","Scott Cawthon","Scott Cawthon"
"1095","Yu-Gi-Oh! Duel Links","Nov 16, 2017","Free","N/A (N/A)","2,000,000 .. 5,000,000","03:15 (05:05)","KONAMI","KONAMI"
"4961","Secret in Story","Jun 19, 2017","$0.99","N/A (N/A)","2,000,000 .. 5,000,000","00:00 (00:00)","Naivus Luo","Naivus Luo"
"5565","Heaven Forest NIGHTS","Mar 14, 2017","$0.99","N/A (N/A)","2,000,000 .. 5,000,000","00:00 (00:00)","Fabio Ferrara","Chubby Pixel"
"6039","Minimalism","Feb 8, 2017","$0.99","N/A (N/A)","2,000,000 .. 5,000,000","00:00 (00:00)","PixelMouse","PixelMouse"
"6233","South Park: The Fractured But Whole","Oct 16, 2017","$5.99","N/A (N/A)","2,000,000 .. 5,000,000","05:27 (08:43)","Ubisoft San Francisco","Ubisoft"
"6239","UNO","Jan 3, 2017","$3.99","N/A (N/A)","2,000,000 .. 5,000,000","00:23 (00:26)","Ubisoft Entertainment","Ubisoft Entertainment"
"6241","Car Mechanic Simulator 2018","Jul 28, 2017","$19.99","N/A (N/A)","2,000,000 .. 5,000,000","00:00 (00:00)","Red Dot Games","PlayWay S.A."
"6243","Gang Beasts","Dec 12, 2017","$19.99","N/A (N/A)","2,000,000 .. 5,000,000","00:18 (00:09)","Boneloaf, Rocket Science","Boneloaf"
"6244","Getting Over It with Bennett Foddy","Dec 6, 2017","$7.99","N/A (N/A)","2,000,000 .. 5,000,000","00:15 (00:15)","Bennett Foddy","Bennett Foddy"
"6246","CarX Drift Racing Online","Nov 17, 2017","$2.99","N/A (N/A)","2,000,000 .. 5,000,000","01:51 (00:54)","CarX Technologies, LLC","CarX Technologies, LLC"
"6247","Soundpad","Sep 30, 2017","$4.99","N/A (N/A)","2,000,000 .. 5,000,000","08:05 (02:04)","Leppsoft","Leppsoft"
"6249","The Long Dark","Aug 1, 2017","$9.99","N/A (N/A)","2,000,000 .. 5,000,000","07:49 (14:53)","Hinterland Studio Inc.","Hinterland Studio Inc."
"6250","Stick Fight: The Game","Sep 28, 2017","$4.99","N/A (N/A)","2,000,000 .. 5,000,000","01:55 (00:35)","Landfall West","Landfall"
"5","Bayonetta","Apr 11, 2017","$5.99","N/A (N/A/90%)","1,000,000 .. 2,000,000","00:35 (00:11)","PlatinumGames","SEGA"
"12","Night in the Woods","Feb 21, 2017","$19.99","N/A (N/A/88%)","1,000,000 .. 2,000,000","00:00 (00:00)","Infinite Fall","Finji"
"16","Orcs Must Die! Unchained","Apr 19, 2017","N/A","N/A (N/A/87%)","1,000,000 .. 2,000,000","00:00 (00:00)","Robot Entertainment","Robot Entertainment"
"24","Injustice 2","Nov 30, 2017","$4.99","N/A (N/A/86%)","1,000,000 .. 2,000,000","02:12 (02:01)","NetherRealm Studios, QLOC","WB Games"
"25","Wolfenstein II: The New Colossus","Oct 26, 2017","$5.99","N/A (N/A/86%)","1,000,000 .. 2,000,000","02:16 (03:06)","MachineGames","Bethesda Softworks"
"37","Project CARS 2","Sep 21, 2017","N/A","N/A (N/A/84%)","1,000,000 .. 2,000,000","00:38 (00:47)","Slightly Mad Studios","BANDAI NAMCO Entertainment"
"39","Sonic Mania","Aug 29, 2017","$4.99","N/A (N/A/84%)","1,000,000 .. 2,000,000","00:04 (00:02)","Christian Whitehead, Headcannon, PagodaWest Games","SEGA"
"49","SUPERHOT VR","May 25, 2017","$24.99","N/A (N/A/83%)","1,000,000 .. 2,000,000","01:37 (00:45)","SUPERHOT Team","SUPERHOT Team"
"68","Dishonored: Death of the Outsider","Sep 14, 2017","$5.99","N/A (N/A/81%)","1,000,000 .. 2,000,000","00:55 (00:18)","Arkane Studios","Bethesda Softworks"
"90","Danganronpa V3: Killing Harmony","Sep 25, 2017","$39.99","N/A (N/A/80%)","1,000,000 .. 2,000,000","29:54 (09:58)","Spike Chunsoft Co., Ltd.","Spike Chunsoft Co., Ltd."
"91","Darkwood","Aug 17, 2017","$14.99","N/A (N/A/80%)","1,000,000 .. 2,000,000","00:54 (00:45)","Acid Wizard Studio","Acid Wizard Studio"
"92","Battle Brothers","Mar 24, 2017","$29.99","N/A (N/A/80%)","1,000,000 .. 2,000,000","10:16 (09:13)","Overhype Studios","Overhype Studios"
"93","The Evil Within 2","Oct 12, 2017","$39.99","N/A (N/A/80%)","1,000,000 .. 2,000,000","09:35 (09:23)","Tango Gameworks","Bethesda Softworks"
"134","TERA - Action MMORPG","Jan 31, 2017","N/A","N/A (N/A/77%)","1,000,000 .. 2,000,000","00:00 (00:00)","Bluehole, Inc.","Gameforge 4D GmbH"
"135","Day of Infamy","Mar 23, 2017","$14.99","N/A (N/A/77%)","1,000,000 .. 2,000,000","00:00 (00:00)","New World Interactive","New World Interactive"
"149","Gigantic","Jul 19, 2017","N/A","N/A (N/A/76%)","1,000,000 .. 2,000,000","00:00 (00:00)","Motiga Inc.","Perfect World Entertainment"
"150","Secret World Legends","Jul 31, 2017","Free","N/A (N/A/76%)","1,000,000 .. 2,000,000","00:00 (00:00)","Funcom","Funcom"
"168","Dungeons 3","Oct 13, 2017","$29.99","N/A (N/A/75%)","1,000,000 .. 2,000,000","01:25 (00:28)","Realmforge Studios","Kalypso Media"
"169","Outlast 2","Apr 24, 2017","$19.99","N/A (N/A/75%)","1,000,000 .. 2,000,000","03:46 (02:30)","Red Barrels","Red Barrels"
"180","Forts","Apr 19, 2017","$14.99","N/A (N/A/74%)","1,000,000 .. 2,000,000","02:29 (02:47)","EarthWork Games","EarthWork Games"
"202","Dream Daddy: A Dad Dating Simulator","Jul 20, 2017","$14.99","N/A (N/A/72%)","1,000,000 .. 2,000,000","00:00 (00:00)","Game Grumps","Game Grumps"
"203","The Surge","May 15, 2017","$1.94","N/A (N/A/72%)","1,000,000 .. 2,000,000","00:00 (00:00)","Deck13","Focus Entertainment"
"204","Portal Knights","May 18, 2017","$2.99","N/A (N/A/72%)","1,000,000 .. 2,000,000","00:53 (00:17)","Keen Games GmbH","505 Games"
"263","ELEX","Oct 17, 2017","$29.99","N/A (N/A/67%)","1,000,000 .. 2,000,000","00:00 (00:00)","Piranha Bytes","THQ Nordic"
"270","Rain World","Mar 28, 2017","$11.24","N/A (N/A/66%)","1,000,000 .. 2,000,000","01:57 (02:35)","Videocult","Akupara Games"
"285","Serial Cleaner","Jul 14, 2017","$14.99","N/A (N/A/64%)","1,000,000 .. 2,000,000","00:00 (00:00)","Draw Distance","Curve Games"
"592","Flame of Memory","Dec 8, 2017","N/A","N/A (N/A)","1,000,000 .. 2,000,000","00:00 (00:00)","Kacper Stasiełuk","Kacper Stasiełuk"
"623","Magic Lantern","Jan 29, 2017","N/A","N/A (N/A)","1,000,000 .. 2,000,000","00:00 (00:00)","Parovoz Animation Studio","Interactive Moolt"
"1026","TurnSignal","Jul 30, 2017","Free","N/A (N/A)","1,000,000 .. 2,000,000","01:16 (00:25)","Ben Otter","Otter-Co"
"1073","MOBIUS FINAL FANTASY","Feb 5, 2017","N/A","N/A (N/A)","1,000,000 .. 2,000,000","00:00 (00:00)","Square Enix","Square Enix"
"1082","McOsu","Mar 20, 2017","Free","N/A (N/A)","1,000,000 .. 2,000,000","08:08 (05:25)","McKay","McKay"
"1086","Realm Grinder","Jun 15, 2017","Free","N/A (N/A)","1,000,000 .. 2,000,000","02:48 (00:56)","Divine Games","Kongregate"
"1088","Catan Universe","Apr 25, 2017","Free","N/A (N/A)","1,000,000 .. 2,000,000","02:40 (01:46)","Client/Frontend: Endava  / Backend: SuperNimbus","USM"
"1090","BRAIN / OUT","Feb 24, 2017","Free","N/A (N/A)","1,000,000 .. 2,000,000","00:09 (00:03)","Desertkun","Desertkun"
"1093","We Were Here","Feb 3, 2017","Free","N/A (N/A)","1,000,000 .. 2,000,000","00:54 (01:08)","Total Mayhem Games","Total Mayhem Games"
"5916","Evolvation","Feb 6, 2017","$1.99","N/A (N/A)","1,000,000 .. 2,000,000","00:00 (00:00)","Eric Ruts, Jacob Kooiman","HyperReuts"
"5925","Reflex","Nov 23, 2017","$0.99","N/A (N/A)","1,000,000 .. 2,000,000","00:00 (00:00)","Easy game","Game for people"
"5945","Pixel Sketch","Jun 19, 2017","Free","N/A (N/A)","1,000,000 .. 2,000,000","00:00 (00:00)","mimicryTeam","mimicryTeam"
"6192","The LEGO NINJAGO Movie Video Game","Sep 22, 2017","$19.99","N/A (N/A)","1,000,000 .. 2,000,000","00:00 (00:00)","Traveller's Tales, TT Games","Warner Bros. Interactive Entertainment"
"6209","SAS: Zombie Assault 4","Oct 16, 2017","Free","N/A (N/A)","1,000,000 .. 2,000,000","09:03 (05:11)","Ninja Kiwi","Ninja Kiwi"
"6211","The Elder Scrolls: Legends","May 31, 2017","N/A","N/A (N/A)","1,000,000 .. 2,000,000","00:00 (00:00)","Sparkypants Studios, LLC","Bethesda Softworks"
"6213","Soccer Online: Ball 3D","Mar 31, 2017","$0.99","N/A (N/A)","1,000,000 .. 2,000,000","00:06 (00:02)","Unusualsoft","Unusualsoft"
"6217","The Culling","Oct 5, 2017","N/A","N/A (N/A)","1,000,000 .. 2,000,000","00:00 (00:00)","Xaviant","Xaviant Games"
"6219","Road Redemption","Oct 4, 2017","$19.99","N/A (N/A)","1,000,000 .. 2,000,000","00:00 (00:00)","Redemption Road, Pixel Dash Studios","Tripwire Presents"
"6227","BIGFOOT","Jan 31, 2017","$19.99","N/A (N/A)","1,000,000 .. 2,000,000","02:51 (02:44)","CyberLight Game Studio","CyberLight Game Studio"
"6228","X-Plane 11","Mar 30, 2017","$29.99","N/A (N/A)","1,000,000 .. 2,000,000","13:46 (09:10)","Laminar Research","Laminar Research"
"6231","Tricolour Lovestory","Sep 20, 2017","$1.99","N/A (N/A)","1,000,000 .. 2,000,000","00:00 (00:00)","HL-Galgame","SakuraGame"
"6232","Creativerse","May 8, 2017","$24.99","N/A (N/A)","1,000,000 .. 2,000,000","00:00 (00:00)","Playful Corp.","Playful Corp."
"6235","Kingdoms and Castles","Jul 20, 2017","$14.99","N/A (N/A)","1,000,000 .. 2,000,000","12:38 (11:39)","Lion Shield, LLC","Lion Shield, LLC"
"6236","Hand Simulator","Jul 18, 2017","$1.99","N/A (N/A)","1,000,000 .. 2,000,000","00:00 (00:00)","HFM Games","HFM Games"
"6237","MudRunner","Oct 30, 2017","$19.99","N/A (N/A)","1,000,000 .. 2,000,000","00:29 (00:38)","Saber Interactive","Focus Entertainment"
"6238","Rivals of Aether","Mar 28, 2017","$14.99","N/A (N/A)","1,000,000 .. 2,000,000","02:45 (02:42)","Aether Studios","Aether Studios"
"6240","Prey","May 4, 2017","$5.99","N/A (N/A)","1,000,000 .. 2,000,000","18:10 (06:03)","Arkane Studios","Bethesda Softworks"
"6245","Ravenfield","May 18, 2017","$17.99","N/A (N/A)","1,000,000 .. 2,000,000","00:56 (00:52)","SteelRaven7","SteelRaven7"
"6248","Assassin's Creed Origins","Oct 26, 2017","$59.99","N/A (N/A)","1,000,000 .. 2,000,000","07:12 (02:23)","Ubisoft Montreal","Ubisoft"
"2","Okami HD","Dec 12, 2017","$9.99","N/A (N/A/92%)","500,000 .. 1,000,000","01:14 (00:24)","CAPCOM Co., Ltd.","CAPCOM Co., Ltd."
"9","Pinball FX3","Sep 26, 2017","$23.97","N/A (N/A/89%)","500,000 .. 1,000,000","00:01 (00:00)","Zen Studios","Zen Studios"
"17","West of Loathing","Aug 10, 2017","$10.99","N/A (N/A/87%)","500,000 .. 1,000,000","00:00 (00:00)","Asymmetric","Asymmetric"
"35","Thimbleweed Park","Mar 30, 2017","$19.99","N/A (N/A/84%)","500,000 .. 1,000,000","00:00 (00:00)","Terrible Toybox","Terrible Toybox"
"50","Detention","Jan 12, 2017","$11.99","N/A (N/A/83%)","500,000 .. 1,000,000","00:00 (00:00)","RedCandleGames","RedCandleGames, AGM PLAYISM"
"57","Pyre","Jul 25, 2017","$19.99","N/A (N/A/82%)","500,000 .. 1,000,000","00:00 (00:00)","Supergiant Games","Supergiant Games"
"67","Faeria","Mar 8, 2017","$19.99","N/A (N/A/81%)","500,000 .. 1,000,000","00:00 (00:00)","Abrakam Entertainment SA","Versus Evil"
"69","Finding Paradise","Dec 14, 2017","$9.99","N/A (N/A/81%)","500,000 .. 1,000,000","00:00 (00:00)","Freebird Games","Freebird Games, Serenity Forge"
"70","Rising Storm 2: Vietnam","May 30, 2017","$24.99","N/A (N/A/81%)","500,000 .. 1,000,000","00:00 (00:00)","Antimatter Games, Tripwire Interactive","Tripwire Interactive"
"89","LEGO City Undercover","Apr 4, 2017","$19.99","N/A (N/A/80%)","500,000 .. 1,000,000","00:00 (00:00)","Traveller's Tales","TT Games"
"98","Heat Signature","Sep 21, 2017","$14.99","N/A (N/A/79%)","500,000 .. 1,000,000","00:01 (00:00)","Suspicious Developments","Suspicious Developments"
"100","Batman: The Enemy Within - The Telltale Series","Aug 8, 2017","$14.99","N/A (N/A/79%)","500,000 .. 1,000,000","21:28 (07:09)","Telltale","Telltale"
"101","EVERSPACE","May 25, 2017","$19.99","N/A (N/A/79%)","500,000 .. 1,000,000","00:00 (00:00)","ROCKFISH Games","ROCKFISH Games"
"103","A Hat in Time","Oct 5, 2017","$29.99","N/A (N/A/79%)","500,000 .. 1,000,000","00:24 (00:20)","Gears for Breakfast","Gears for Breakfast, Humble Games"
"117","Fallout 4 VR","Dec 11, 2017","$19.79","N/A (N/A/78%)","500,000 .. 1,000,000","00:00 (00:00)","Bethesda Game Studios","Bethesda Softworks"
"119","Vanquish","May 25, 2017","$5.99","N/A (N/A/78%)","500,000 .. 1,000,000","00:00 (00:00)","PlatinumGames, Little Stone Software","SEGA"
"121","DiRT 4","Jun 9, 2017","N/A","N/A (N/A/78%)","500,000 .. 1,000,000","02:21 (00:47)","Codemasters, Feral Interactive (Mac), Feral Interactive (Linux)","Codemasters, Feral Interactive (Mac), Feral Interactive (Linux), Electronic Arts"
"133","Figment","Sep 22, 2017","$19.99","N/A (N/A/77%)","500,000 .. 1,000,000","00:00 (00:00)","Bedtime Digital Games","Bedtime Digital Games"
"151","Bulletstorm: Full Clip Edition","Apr 7, 2017","$39.99","N/A (N/A/76%)","500,000 .. 1,000,000","00:22 (00:14)","People Can Fly","Gearbox Publishing"
"165","RUINER","Sep 26, 2017","$19.99","N/A (N/A/75%)","500,000 .. 1,000,000","00:00 (00:00)","Reikon Games","Devolver Digital"
"166","Absolver","Aug 29, 2017","$29.99","N/A (N/A/75%)","500,000 .. 1,000,000","00:00 (00:00)","Sloclap","Devolver Digital"
"167","Bomber Crew","Oct 19, 2017","$15.99","N/A (N/A/75%)","500,000 .. 1,000,000","02:42 (00:54)","Runner Duck","Curve Games"
"190","Yooka-Laylee","Apr 11, 2017","$19.99","N/A (N/A/73%)","500,000 .. 1,000,000","01:40 (00:33)","Playtonic Games","Playtonic Friends"
"201","Styx: Shards of Darkness","Mar 14, 2017","$19.99","N/A (N/A/72%)","500,000 .. 1,000,000","06:13 (02:04)","Cyanide Studio","Nacon"
"219","Dreamfall Chapters","Jul 21, 2017","$24.99","N/A (N/A/71%)","500,000 .. 1,000,000","00:00 (00:00)","Red Thread Games","Red Thread Games"
"255","911 Operator","Feb 24, 2017","$14.99","N/A (N/A/68%)","500,000 .. 1,000,000","01:57 (03:01)","Jutsu Games","Games Operators"
"316","Sonic Forces","Nov 7, 2017","$9.99","N/A (N/A/56%)","500,000 .. 1,000,000","02:00 (00:40)","Sonic Team, Hardlight","SEGA"
"1036","PRO EVOLUTION SOCCER 2018 LITE","Nov 15, 2017","N/A","N/A (N/A)","500,000 .. 1,000,000","00:00 (00:00)","Konami Digital Entertainment Co., Ltd","Konami Digital Entertainment"
"1051","Tales of Escape","Mar 15, 2017","Free","N/A (N/A)","500,000 .. 1,000,000","00:00 (00:00)","OnSkull Games","OnSkull Games"
"1053","Sniper Fury","Jun 13, 2017","Free","N/A (N/A)","500,000 .. 1,000,000","00:00 (00:00)","Gameloft","Gameloft"
"1054","ONRAID","Apr 18, 2017","Free","N/A (N/A)","500,000 .. 1,000,000","00:00 (00:00)","Pragmatix Ltd","Pragmatix Ltd"
"1063","Spacelords","Sep 22, 2017","Free","N/A (N/A)","500,000 .. 1,000,000","00:00 (00:00)","MercurySteam","Mercury Steam Entertainment s.l."
"1064","Cube Racer","Oct 30, 2017","Free","N/A (N/A)","500,000 .. 1,000,000","04:34 (03:52)","Simon Blasen","Simon Blasen"
"1068","NosTale - Anime MMORPG","Sep 18, 2017","Free","N/A (N/A)","500,000 .. 1,000,000","00:00 (00:00)","Entwell Co., Ltd.","Gameforge 4D GmbH"
"1070","Skyforge","Apr 13, 2017","N/A","N/A (N/A)","500,000 .. 1,000,000","00:00 (00:00)","Innova Co SARL","Innova Co SARL"
"1079","Call of War: World War 2","Oct 21, 2017","Free","N/A (N/A)","500,000 .. 1,000,000","07:42 (02:34)","Bytro Labs GmbH","Bytro Labs GmbH"
"1084","Soda Dungeon","Feb 6, 2017","Free","N/A (N/A)","500,000 .. 1,000,000","00:00 (00:00)","AN Productions, Poxpower","Armor Games Studios"
"1085","PickCrafter","Dec 14, 2017","Free","N/A (N/A)","500,000 .. 1,000,000","00:00 (00:00)","Fiveamp","Fiveamp"
"3058","Resurgence","Sep 12, 2017","$1.99","N/A (N/A)","500,000 .. 1,000,000","00:00 (00:00)","Lightning Man Media","Lightning Man Media"
"3402","Deadly Animal Duel","Sep 12, 2017","$1.99","N/A (N/A)","500,000 .. 1,000,000","00:00 (00:00)","Night Animals","New Reality Games"
"3501","DEATH TRAIN - Warning: Unsafe VR Experience","Sep 21, 2017","$19.99","N/A (N/A)","500,000 .. 1,000,000","00:00 (00:00)","Nomad Assembly","Nomad Assembly"
"4370","Cosmic Pioneer","Jun 7, 2017","$0.99","N/A (N/A)","500,000 .. 1,000,000","00:00 (00:00)","Amaterasu Software","Amaterasu Software"
"5073","The Pasture","Jan 17, 2017","$0.99","N/A (N/A)","500,000 .. 1,000,000","00:00 (00:00)","Mikhail Maksimov","Sometimes You"
"5164","Tomb Joe","Apr 23, 2017","$0.99","N/A (N/A)","500,000 .. 1,000,000","00:00 (00:00)","Amaterasu Software","Amaterasu Software"
"5187","Desolate Wastes: Vendor Chronicles","Jul 21, 2017","$1.99","N/A (N/A)","500,000 .. 1,000,000","00:00 (00:00)","Rotatipyra","New Reality Games"
"5362","CryptoMoneya","Sep 3, 2017","$1.99","N/A (N/A)","500,000 .. 1,000,000","00:00 (00:00)","azimuth team","azimuth team"
"5740","VITATIO 2","Apr 11, 2017","$0.99","N/A (N/A)","500,000 .. 1,000,000","00:00 (00:00)","ColloseusX","Phat Phrog Studios"
"5932","Cat or Bread?","May 8, 2017","$1.99","N/A (N/A)","500,000 .. 1,000,000","00:00 (00:00)","Casioqu","Casioqu"
"5998","Face It - A game to fight inner demons","Jun 9, 2017","$3.99","N/A (N/A)","500,000 .. 1,000,000","00:00 (00:00)","Tlön Studios, Ilex Games","Gamestorming"
"6027","Chinese Paladin：Sword and Fairy","Oct 11, 2017","$4.99","N/A (N/A)","500,000 .. 1,000,000","00:00 (00:00)","SOFTSTAR TECHNOLOGY(BEIJING)","SOFTSTAR TECHNOLOGY(BEIJING), SOFTSTAR ENTERTAINMENT"
"6036","Dude Simulator","Jul 13, 2017","$4.99","N/A (N/A)","500,000 .. 1,000,000","00:00 (00:00)","Kiddy","Kiddy"
"6071","Cyberhunt","May 19, 2017","$0.49","N/A (N/A)","500,000 .. 1,000,000","01:40 (01:35)","NukGames","NukGames"
"6073","Hover","May 31, 2017","$19.99","N/A (N/A)","500,000 .. 1,000,000","00:00 (00:00)","Midgar Studio, Fusty Game","Nacon"
"6095","Warspear Online","Nov 2, 2017","Free","N/A (N/A)","500,000 .. 1,000,000","00:00 (00:00)","Titulum Enterprises Limited","Titulum Enterprises Limited"
"6113","Suicide Guy","Jul 14, 2017","$5.99","N/A (N/A)","500,000 .. 1,000,000","00:00 (00:00)","Fabio Ferrara","Chubby Pixel"
"6121","Snake Pass","Mar 28, 2017","$3.99","N/A (N/A)","500,000 .. 1,000,000","00:00 (00:00)","Sumo Digital","Secret Mode"
"6124","Bit Heroes Quest","Dec 13, 2017","Free","N/A (N/A)","500,000 .. 1,000,000","00:00 (00:00)","Juppiomenz","Kongregate"
"6134","Rock of Ages 2: Bigger & Boulder","Aug 28, 2017","$14.99","N/A (N/A)","500,000 .. 1,000,000","00:00 (00:00)","ACE Team","SEGA"
"6136","神舞幻想 Faith of Danschant","Dec 21, 2017","$29.99","N/A (N/A)","500,000 .. 1,000,000","00:00 (00:00)","北京九鳳信息科技有限公司","北京网元圣唐娱乐科技有限公司"
"6142","Shift Happens","Feb 22, 2017","$15.99","N/A (N/A)","500,000 .. 1,000,000","05:51 (01:57)","Klonk Games","Daedalic Entertainment"
"6147","MadOut2 BigCityOnline [CLOSED]","Feb 21, 2017","N/A","N/A (N/A)","500,000 .. 1,000,000","00:00 (00:00)","MadOut Games","MadOut Games"
"6166","古剑奇谭(GuJian)","Sep 7, 2017","$11.99","N/A (N/A)","500,000 .. 1,000,000","00:00 (00:00)","上海烛龙信息科技有限公司, Aurogon Shanghai","北京网元圣唐娱乐科技有限公司"
"6169","Dark Elf","Aug 3, 2017","N/A","N/A (N/A)","500,000 .. 1,000,000","00:00 (00:00)","ONEONE1","Paradise Project"
"6170","Modern Combat Versus","Dec 19, 2017","N/A","N/A (N/A)","500,000 .. 1,000,000","00:00 (00:00)","Gameloft","Gameloft"
"6175","The Painscreek Killings","Sep 27, 2017","$19.99","N/A (N/A)","500,000 .. 1,000,000","00:00 (00:00)","EQ Studios","EQ Studios"
"6182","OLDTV","Jul 14, 2017","Free","N/A (N/A)","500,000 .. 1,000,000","00:00 (00:00)","Creability","Creability"
"6186","SpellForce 3 Reforced","Dec 7, 2017","$39.99","N/A (N/A)","500,000 .. 1,000,000","00:00 (00:00)","Grimlore Games","THQ Nordic"
"6191","Dark and Light","Jul 20, 2017","$17.99","N/A (N/A)","500,000 .. 1,000,000","00:00 (00:00)","Snail Games USA","Snail Games USA"
"6193","ULTIMATE MARVEL VS. CAPCOM 3","Mar 6, 2017","$7.49","N/A (N/A)","500,000 .. 1,000,000","00:28 (00:23)","CAPCOM CO., LTD.","CAPCOM U.S.A., INC."
"6198","Comedy Night","Aug 24, 2017","$4.99","N/A (N/A)","500,000 .. 1,000,000","00:00 (00:00)","Lighthouse Games Studio","Lighthouse Games Studio"
"6199","Overgrowth","Oct 16, 2017","$19.99","N/A (N/A)","500,000 .. 1,000,000","00:00 (00:00)","Wolfire Games","Wolfire Games"
"6200","MONOPOLY PLUS","Sep 7, 2017","N/A","N/A (N/A)","500,000 .. 1,000,000","02:00 (01:20)","Ubisoft Pune","Ubisoft"
"6206","Call of Duty: Modern Warfare Remastered (2017)","Jul 27, 2017","$19.99","N/A (N/A)","500,000 .. 1,000,000","00:01 (00:00)","Raven Software, Beenox","Activision"
"6208","Halo Wars: Definitive Edition","Apr 20, 2017","$4.99","N/A (N/A)","500,000 .. 1,000,000","08:16 (05:18)","Ensemble Studios, Behaviour Interactive, 343 Industries","Xbox Game Studios"
"6210","LEGO Marvel Super Heroes 2","Nov 14, 2017","$19.99","N/A (N/A)","500,000 .. 1,000,000","00:01 (00:00)","TT Games, Feral Interactive (Mac)","Warner Bros. Interactive, Feral Interactive (Mac)"
"6215","Ultimate Epic Battle Simulator","Jun 1, 2017","$14.99","N/A (N/A)","500,000 .. 1,000,000","00:36 (00:12)","Brilliant Game Studios","Brilliant Game Studios"
"6216","WRC 7 FIA World Rally Championship","Sep 15, 2017","$1.99","N/A (N/A)","500,000 .. 1,000,000","00:50 (01:04)","KT Racing","Nacon"
"6218","BlazBlue Centralfiction","Apr 25, 2017","$39.99","N/A (N/A)","500,000 .. 1,000,000","00:14 (00:06)","Arc System Works","H2 Interactive Co., Ltd."
"6220","Superflight","Nov 8, 2017","$2.99","N/A (N/A)","500,000 .. 1,000,000","00:00 (00:00)","GrizzlyGames","GrizzlyGames"
"6221","Gold Mining Simulator","Oct 13, 2017","$2.99","N/A (N/A)","500,000 .. 1,000,000","11:13 (13:50)","Code Horizon","Code Horizon, PlayWay S.A."
"6222","Call of Duty: WWII","Nov 2, 2017","$19.79","N/A (N/A)","500,000 .. 1,000,000","00:00 (00:00)","Sledgehammer Games, Raven Software","Activision"
"6224","Youtubers Life","Feb 2, 2017","$19.99","N/A (N/A)","500,000 .. 1,000,000","00:00 (00:00)","UPLAY Online","UPLAY Online"
"6225","LEGO Worlds","Mar 7, 2017","$29.99","N/A (N/A)","500,000 .. 1,000,000","00:00 (00:00)","TT Games, Traveller's Tales","Warner Bros. Interactive Entertainment"
"6226","Hello Neighbor","Dec 8, 2017","$29.99","N/A (N/A)","500,000 .. 1,000,000","02:31 (03:10)","Dynamic Pixels","tinyBuild"
"6229","VTOL VR","Aug 3, 2017","$29.99","N/A (N/A)","500,000 .. 1,000,000","00:32 (00:10)","Boundless Dynamics, LLC","Boundless Dynamics, LLC"
"6234","Bendy and the Ink Machine","Apr 27, 2017","$19.99","N/A (N/A)","500,000 .. 1,000,000","01:23 (00:27)","Joey Drew Studios","Joey Drew Studios"
"4","Opus Magnum","Dec 7, 2017","$19.99","N/A (N/A/90%)","200,000 .. 500,000","09:06 (05:50)","Zachtronics","Zachtronics"
"10","F1 2017","Aug 24, 2017","N/A","N/A (N/A/89%)","200,000 .. 500,000","00:00 (00:00)","Codemasters, Feral Interactive (Mac), Feral Interactive (Linux)","Codemasters, Feral Interactive (Mac), Feral Interactive (Linux), Electronic Arts"
"22","Monster Slayers","Mar 23, 2017","$8.99","N/A (N/A/86%)","200,000 .. 500,000","00:00 (00:00)","Nerdook Productions","Digerati"
"23","Zero Escape: The Nonary Games","Mar 24, 2017","$29.99","N/A (N/A/86%)","200,000 .. 500,000","03:06 (01:02)","Spike Chunsoft Co., Ltd.","Spike Chunsoft Co., Ltd."
"27","Paradigm","Apr 5, 2017","$14.99","N/A (N/A/85%)","200,000 .. 500,000","00:00 (00:00)","Jacob Janerka","Jacob Janerka"
"28","Planescape: Torment: Enhanced Edition","Apr 11, 2017","$19.99","N/A (N/A/85%)","200,000 .. 500,000","00:00 (00:00)","Beamdog","Beamdog"
"33","Nex Machina","Jun 20, 2017","$19.99","N/A (N/A/84%)","200,000 .. 500,000","00:00 (00:00)","Housemarque","Housemarque"
"36","Rakuen","May 10, 2017","$14.99","N/A (N/A/84%)","200,000 .. 500,000","00:00 (00:00)","Laura Shigihara","Laura Shigihara"
"38","Gorogoa","Dec 14, 2017","$3.74","N/A (N/A/84%)","200,000 .. 500,000","01:58 (01:18)","Buried Signal","Annapurna Interactive"
"45","Subsurface Circular","Aug 17, 2017","$5.99","N/A (N/A/83%)","200,000 .. 500,000","00:00 (00:00)","Bithell Games","Bithell Games"
"48","Steel Division: Normandy 44","May 23, 2017","$19.99","N/A (N/A/83%)","200,000 .. 500,000","00:00 (00:00)","Eugen Systems","Eugen Systems"
"63","PRO EVOLUTION SOCCER 2018","Sep 13, 2017","N/A","N/A (N/A/81%)","200,000 .. 500,000","00:00 (00:00)","Konami Digital Entertainment Co., Ltd.","Konami Digital Entertainment"
"64","Torment: Tides of Numenera","Feb 27, 2017","$8.74","N/A (N/A/81%)","200,000 .. 500,000","00:00 (00:00)","inXile Entertainment","inXile Entertainment"
"66","Emily is Away Too","May 26, 2017","$4.99","N/A (N/A/81%)","200,000 .. 500,000","00:00 (00:00)","Kyle Seeley","Kyle Seeley"
"83","CRYPTARK","Jun 20, 2017","$14.99","N/A (N/A/80%)","200,000 .. 500,000","00:00 (00:00)","Alientrap","Alientrap"
"86","Tooth and Tail","Sep 12, 2017","$19.99","N/A (N/A/80%)","200,000 .. 500,000","00:00 (00:00)","Pocketwatch Games","Pocketwatch Games"
"87","Hand of Fate 2","Nov 7, 2017","$29.99","N/A (N/A/80%)","200,000 .. 500,000","01:44 (00:34)","Defiant Development","Defiant Development"
"88","The Legend of Heroes: Trails of Cold Steel","Aug 2, 2017","$19.99","N/A (N/A/80%)","200,000 .. 500,000","00:00 (00:00)","Nihon Falcom","XSEED Games, Marvelous USA, Inc."
"99","Late Shift","Apr 18, 2017","$14.99","N/A (N/A/79%)","200,000 .. 500,000","00:00 (00:00)","CtrlMovie","Wales Interactive"
"102","Cat Quest","Aug 8, 2017","$12.99","N/A (N/A/79%)","200,000 .. 500,000","00:00 (00:00)","The Gentlebros","Kepler Interactive"
"111","A Mortician's Tale","Oct 18, 2017","$9.99","N/A (N/A/78%)","200,000 .. 500,000","00:00 (00:00)","Laundry Bear Games","Laundry Bear Games"
"113","Marvel's Guardians of the Galaxy: The Telltale Series","Apr 18, 2017","N/A","N/A (N/A/78%)","200,000 .. 500,000","00:00 (00:00)","Telltale Games","Telltale Games"
"115",">observer_","Aug 15, 2017","N/A","N/A (N/A/78%)","200,000 .. 500,000","00:00 (00:00)","Bloober Team SA","Bloober Team"
"116","RiME","May 26, 2017","$29.99","N/A (N/A/78%)","200,000 .. 500,000","00:00 (00:00)","Tequila Works, QLOC","Grey Box, Six Foot"
"118","Battle Chasers: Nightwar","Oct 3, 2017","$29.99","N/A (N/A/78%)","200,000 .. 500,000","00:00 (00:00)","Airship Syndicate","THQ Nordic"
"120","Ken Follett's The Pillars of the Earth","Aug 15, 2017","$1.99","N/A (N/A/78%)","200,000 .. 500,000","00:00 (00:00)","Daedalic Entertainment","Daedalic Entertainment"
"129","I Expect You To Die","Apr 25, 2017","$24.99","N/A (N/A/77%)","200,000 .. 500,000","00:00 (00:00)","Schell Games","Schell Games"
"130","Full Throttle Remastered","Apr 18, 2017","$14.99","N/A (N/A/77%)","200,000 .. 500,000","00:00 (00:00)","Double Fine Productions, Shiny Shoe","Double Fine Productions"
"131","Battlestar Galactica Deadlock","Aug 31, 2017","$39.99","N/A (N/A/77%)","200,000 .. 500,000","00:00 (00:00)","Black Lab Games","Slitherine Ltd."
"132","The Darkside Detective","Jul 27, 2017","$14.99","N/A (N/A/77%)","200,000 .. 500,000","00:00 (00:00)","Spooky Doorway","Akupara Games"
"145","Mushroom Wars 2","Oct 6, 2017","$14.99","N/A (N/A/76%)","200,000 .. 500,000","00:00 (00:00)","Zillion Whales","Azur Games"
"146","Old Man's Journey","May 17, 2017","$9.99","N/A (N/A/76%)","200,000 .. 500,000","00:00 (00:00)","Broken Rules","Broken Rules"
"147","Tacoma","Aug 1, 2017","$19.99","N/A (N/A/76%)","200,000 .. 500,000","00:00 (00:00)","Fullbright","Fullbright, Serenity Forge"
"148","Hob","Sep 26, 2017","$3.99","N/A (N/A/76%)","200,000 .. 500,000","00:00 (00:00)","Runic Games","Arc Games"
"162","CAYNE","Jan 24, 2017","Free","N/A (N/A/75%)","200,000 .. 500,000","00:00 (00:00)","THE BROTHERHOOD","THE BROTHERHOOD"
"163","Rick and Morty: Virtual Rick-ality","Apr 20, 2017","$29.99","N/A (N/A/75%)","200,000 .. 500,000","00:00 (00:00)","Owlchemy Labs","Adult Swim Games"
"178","Expeditions: Viking","Apr 27, 2017","$29.99","N/A (N/A/74%)","200,000 .. 500,000","00:31 (00:20)","Logic Artists","THQ Nordic"
"179","Dead Rising 4","Mar 14, 2017","$29.99","N/A (N/A/74%)","200,000 .. 500,000","00:00 (00:00)","Capcom Game Studio Vancouver, Inc.","Capcom"
"185","Halcyon 6: Starbase Commander (LIGHTSPEED EDITION)","Aug 9, 2017","$14.99","N/A (N/A/73%)","200,000 .. 500,000","00:00 (00:00)","Massive Damage, Inc.","Massive Damage, Inc."
"188","Starpoint Gemini Warlords","May 23, 2017","$34.99","N/A (N/A/73%)","200,000 .. 500,000","00:22 (00:07)","Little Green Men Games","Little Green Men Games"
"198","Narcosis","Mar 28, 2017","$14.99","N/A (N/A/72%)","200,000 .. 500,000","00:00 (00:00)","Honor Code, Inc.","Honor Code, Inc."
"200","Black The Fall","Jul 11, 2017","$3.74","N/A (N/A/72%)","200,000 .. 500,000","00:00 (00:00)","Sand Sailor Studio","Square Enix"
"210","Pro Cycling Manager 2017","Jun 15, 2017","$0.99","N/A (N/A/71%)","200,000 .. 500,000","00:00 (00:00)","Cyanide Studio","Focus Entertainment"
"216","Pinstripe","Apr 24, 2017","$14.99","N/A (N/A/71%)","200,000 .. 500,000","00:00 (00:00)","Atmos Games, LLC","Armor Games Studios"
"220","Beat Cop","Mar 30, 2017","$14.99","N/A (N/A/71%)","200,000 .. 500,000","00:45 (00:15)","Pixel Crow","11 bit studios"
"221","SENRAN KAGURA ESTIVAL VERSUS","Mar 17, 2017","$8.99","N/A (N/A/71%)","200,000 .. 500,000","00:30 (00:10)","Tamsoft","XSEED Games, Marvelous USA, Inc., Marvelous"
"229","Yonder: The Cloud Catcher Chronicles","Jul 17, 2017","$24.99","N/A (N/A/70%)","200,000 .. 500,000","02:10 (00:43)","Prideful Sloth","Prideful Sloth"
"238","The Shrouded Isle","Aug 4, 2017","$12.99","N/A (N/A/69%)","200,000 .. 500,000","00:00 (00:00)","Jongwoo Kim, Erica Lahaie, FX Bilodeau, Tanya Short","Kitfox Games"
"240","DOOM VFR","Nov 30, 2017","$3.74","N/A (N/A/69%)","200,000 .. 500,000","00:00 (00:00)","id Software","Bethesda Softworks"
"241","Marvel vs. Capcom: Infinite","Sep 19, 2017","$7.99","N/A (N/A/69%)","200,000 .. 500,000","00:00 (00:00)","Capcom","Capcom"
"242",".hack//G.U. Last Recode","Nov 3, 2017","$49.99","N/A (N/A/69%)","200,000 .. 500,000","00:00 (00:00)","CyberConnect2","Bandai Namco Entertainment"
"252","2Dark","Mar 10, 2017","$24.99","N/A (N/A/68%)","200,000 .. 500,000","00:00 (00:00)","Gloomywood","Nacon"
"254","Blitzkrieg 3","Jun 2, 2017","$9.99","N/A (N/A/68%)","200,000 .. 500,000","00:00 (00:00)","Nival","Nival"
"259","NBA Playgrounds","May 8, 2017","N/A","N/A (N/A/67%)","200,000 .. 500,000","00:00 (00:00)","Saber Interactive","Mad Dog Games, LLC"
"262","Scanner Sombre","Apr 26, 2017","$6.99","N/A (N/A/67%)","200,000 .. 500,000","00:01 (00:00)","Introversion Software","Introversion Software"
"269","Bounty Train","May 16, 2017","$9.99","N/A (N/A/66%)","200,000 .. 500,000","00:00 (00:00)","Corbie Games","Daedalic Entertainment"
"281","The Franz Kafka Videogame","Apr 6, 2017","$1.04","N/A (N/A/64%)","200,000 .. 500,000","00:00 (00:00)","Denis Galanin (mif2000)","Daedalic Entertainment"
"284","WWE 2K18","Oct 17, 2017","N/A","N/A (N/A/64%)","200,000 .. 500,000","00:00 (00:00)","Visual Concepts, Yuke's Co., LTD","2K"
"293","Urban Empire","Jan 20, 2017","$4.49","N/A (N/A/62%)","200,000 .. 500,000","00:00 (00:00)","Reborn Games","Kalypso Media Digital"
"295","Cook, Serve, Delicious! 2!!","Sep 13, 2017","$3.74","N/A (N/A/62%)","200,000 .. 500,000","03:23 (01:07)","Vertigo Gaming Inc.","Vertigo Gaming Inc."
"322","RAID: World War II","Sep 26, 2017","$4.99","N/A (N/A/53%)","200,000 .. 500,000","00:00 (00:00)","Lion game Lion","Starbreeze Entertainment"
"324","Realpolitiks","Feb 16, 2017","$14.99","N/A (N/A/52%)","200,000 .. 500,000","00:00 (00:00)","Jujubee S.A.","Fulqrum Publishing"
"325","FlatOut 4: Total Insanity","Apr 4, 2017","$5.99","N/A (N/A/52%)","200,000 .. 500,000","00:00 (00:00)","Kylotonn","Strategy First"
"337","Inner Chains","May 18, 2017","$19.99","N/A (N/A/40%)","200,000 .. 500,000","00:00 (00:00)","Telepaths Tree","IMGN.PRO"
"795","Cabals: Card Blitz","Feb 8, 2017","Free","N/A (N/A)","200,000 .. 500,000","00:00 (00:00)","Kyy Games","BISBOG SA"
"817","Corroded","Apr 26, 2017","N/A","N/A (N/A)","200,000 .. 500,000","00:00 (00:00)","Encircle Games","Encircle Games"
"860","Splat the Blob","Oct 5, 2017","Free","N/A (N/A)","200,000 .. 500,000","00:00 (00:00)","Simple Blue","Simple Blue"
"947","Hide vs. Seek","Aug 7, 2017","Free","N/A (N/A)","200,000 .. 500,000","00:00 (00:00)","Brave Little Studios","Brave Little Studios"
"959","iVRy Driver for SteamVR","Mar 1, 2017","Free","N/A (N/A)","200,000 .. 500,000","00:00 (00:00)","Mediator Software","Mediator Software"
"967","Soccer Manager 2018","Dec 22, 2017","N/A","N/A (N/A)","200,000 .. 500,000","00:00 (00:00)","Soccer Manager Ltd","Soccer Manager Ltd"
"972","Games of Glory","Apr 25, 2017","N/A","N/A (N/A)","200,000 .. 500,000","00:00 (00:00)","Lightbulb Crew","Lightbulb Crew"
"978","Heroes Evolved","Jan 23, 2017","N/A","N/A (N/A)","200,000 .. 500,000","00:00 (00:00)","Net Dragon","R2Games"
"981","Transport Defender","Sep 11, 2017","Free","N/A (N/A)","200,000 .. 500,000","00:00 (00:00)","Coconut Shavers","Coconut Shavers"
"985","Skara - The Blade Remains","Feb 3, 2017","N/A","N/A (N/A)","200,000 .. 500,000","00:00 (00:00)","Atomic Kraken","Atomic Kraken"
"986","Revelation Online","Feb 27, 2017","N/A","N/A (N/A)","200,000 .. 500,000","00:00 (00:00)","NetEase Games","MY.GAMES "
"992","Demise of Nations","Aug 8, 2017","Free","N/A (N/A)","200,000 .. 500,000","00:00 (00:00)","Noble Master LLC","Noble Master LLC"
"993","Battle Islands: Commanders","Feb 14, 2017","Free","N/A (N/A)","200,000 .. 500,000","01:06 (00:22)","DR Studios","505 Games"
"996","Stash","Sep 7, 2017","Free","N/A (N/A)","200,000 .. 500,000","00:00 (00:00)","Frogdice","Frogdice"
"1000","龙魂时刻","Jun 27, 2017","N/A","N/A (N/A)","200,000 .. 500,000","00:00 (00:00)","","Jenny Bee Presents"
"1004","Crown and Council","Jan 27, 2017","Free","N/A (N/A)","200,000 .. 500,000","00:00 (00:00)","Mojang","Mojang"
"1012","Brawl of Ages","Sep 12, 2017","N/A","N/A (N/A)","200,000 .. 500,000","00:00 (00:00)","BNA Studios, LLC","S2 Games, LLC"
"1016","Doodle God Blitz","Sep 1, 2017","Free","N/A (N/A)","200,000 .. 500,000","00:00 (00:00)","JoyBits Ltd.","JoyBits Ltd."
"1020","War Planet Online: Global Conquest","Dec 19, 2017","Free","N/A (N/A)","200,000 .. 500,000","00:00 (00:00)","Gameloft","Gameloft"
"1021","Twin Saga","Apr 12, 2017","N/A","N/A (N/A)","200,000 .. 500,000","00:00 (00:00)","X-Legend","Aeria Games"
"1024","Dropzone","Feb 15, 2017","Free","N/A (N/A)","200,000 .. 500,000","00:00 (00:00)","Sparkypants Studios LLC","Sparkypants Studios LLC"
"1025","War Robots VR: The Skirmish","Aug 10, 2017","Free","N/A (N/A)","200,000 .. 500,000","00:00 (00:00)","MY.GAMES","MY.GAMES"
"1028","Strike Vector EX","Jul 19, 2017","N/A","N/A (N/A)","200,000 .. 500,000","00:00 (00:00)","Ragequit Corporation","Ragequit Corporation"
"1030","Warfare Online","May 8, 2017","N/A","N/A (N/A)","200,000 .. 500,000","00:00 (00:00)","Con Artist Games","Con Artist Games"
"1031","Just Fishing","Dec 15, 2017","N/A","N/A (N/A)","200,000 .. 500,000","00:01 (00:00)","Just Fishing LLC","Just Fishing LLC"
"1035","Driver Booster 5 for Steam","Nov 7, 2017","N/A","N/A (N/A)","200,000 .. 500,000","00:11 (00:03)","IObit","IObit"
"1039","METRO CONFLICT: THE ORIGIN","Nov 8, 2017","N/A","N/A (N/A)","200,000 .. 500,000","00:00 (00:00)","RED DUCK, INC.","RED DUCK, INC."
"1040","Granado Espada","Oct 15, 2017","Free","N/A (N/A)","200,000 .. 500,000","00:00 (00:00)","IMCGAMES Co.,Ltd.","IMCGAMES Co.,Ltd."
"1042","Kreedz Climbing","Jun 15, 2017","Free","N/A (N/A)","200,000 .. 500,000","00:00 (00:00)","ObsessionSoft","ObsessionSoft"
"1045","Trophy Fishing 2","Jul 13, 2017","Free","N/A (N/A)","200,000 .. 500,000","00:00 (00:00)","Overgroup","Overgroup"
"1046","Einar","Jul 20, 2017","Free","N/A (N/A)","200,000 .. 500,000","00:00 (00:00)","DreamPunks","DreamPunks, WolffWare"
"1047","Shardbound","Apr 6, 2017","Free","N/A (N/A)","200,000 .. 500,000","00:00 (00:00)","Bazooka Tango","Bazooka Tango"
"1048","March of Empires","Dec 11, 2017","Free","N/A (N/A)","200,000 .. 500,000","01:17 (00:25)","Gameloft","Gameloft"
"1049","Guild Quest","Jan 26, 2017","Free","N/A (N/A)","200,000 .. 500,000","00:00 (00:00)","Hyper Hippo Games","Hyper Hippo Games"
"1050","Galactic Junk League","Jul 26, 2017","N/A","N/A (N/A)","200,000 .. 500,000","00:00 (00:00)","Pixel Federation","Pixel Federation"
"1052","Metal Waltz: Anime tank girls","Apr 19, 2017","Free","N/A (N/A)","200,000 .. 500,000","00:00 (00:00)","WuL Game Studio","WuL Game Studio"
"1056","Mighty Party","Mar 30, 2017","Free","N/A (N/A)","200,000 .. 500,000","00:08 (00:02)","By Aliens L.L.C-FZ","By Aliens L.L.C-FZ"
"1057","Zombidle : REMONSTERED","May 30, 2017","Free","N/A (N/A)","200,000 .. 500,000","00:00 (00:00)","Berzerk Studio","Berzerk Studio"
"1059","Midas Gold Plus","Feb 1, 2017","Free","N/A (N/A)","200,000 .. 500,000","00:00 (00:00)","Holyday Studios","Holyday Studios"
"1065","Tank Force","Oct 23, 2017","Free","N/A (N/A)","200,000 .. 500,000","00:00 (00:00)","XDEVS LTD","XDEVS LTD"
"1066","Just Cause 3: Multiplayer Mod","Jul 20, 2017","Free","N/A (N/A)","200,000 .. 500,000","00:00 (00:00)","nanos GbR","nanos GbR, Square Enix"
"1067","Aircar","Aug 17, 2017","Free","N/A (N/A)","200,000 .. 500,000","00:00 (00:00)","Giant Form Entertainment, LLC","Giant Form Entertainment, LLC"
"1069","MINDNIGHT","Aug 4, 2017","Free","N/A (N/A)","200,000 .. 500,000","00:00 (00:00)","No Moon","No Moon"
"1071","Long Live Santa!","Dec 19, 2017","Free","N/A (N/A)","200,000 .. 500,000","00:00 (00:00)","Doborog Games","Doborog Games"
"1072","Animation Throwdown: The Quest for Cards","May 5, 2017","Free","N/A (N/A)","200,000 .. 500,000","00:00 (00:00)","Synapse Games, Chinzilla","Kongregate"
"1075","b","Jun 26, 2017","Free","N/A (N/A)","200,000 .. 500,000","00:01 (00:00)","u&i","u&i"
"1076","家有大貓 Nekojishi","Nov 12, 2017","Free","N/A (N/A)","200,000 .. 500,000","00:00 (00:00)","Studio Klondike, Team Nekojishi","Studio Klondike, Orange Juice Dog"
"1077","Cinderella Phenomenon - Otome/Visual Novel","Apr 5, 2017","Free","N/A (N/A)","200,000 .. 500,000","00:00 (00:00)","Dicesuki","Dicesuki"
"1635","Subwar 2050","Nov 29, 2017","$9.99","N/A (N/A)","200,000 .. 500,000","00:00 (00:00)","Particle Systems Ltd.","Interplay"
"1740","Community Garden","Oct 10, 2017","$9.99","N/A (N/A)","200,000 .. 500,000","00:00 (00:00)","Somnium Space Ltd.","Somnium Space Ltd."
"1933","Daemonsgate","Oct 25, 2017","$6.99","N/A (N/A)","200,000 .. 500,000","00:00 (00:00)","Imagitec","Ziggurat"
"2035","Invictus: In the Shadow of Olympus","Dec 18, 2017","$9.99","N/A (N/A)","200,000 .. 500,000","00:00 (00:00)","Quicksilver Software","Interplay"
"2103","King's Table - The Legend of Ragnarok","Oct 25, 2017","$0.99","N/A (N/A)","200,000 .. 500,000","00:00 (00:00)","Imagitec","Ziggurat"
"2130","Monsteria","Aug 8, 2017","$7.99","N/A (N/A)","200,000 .. 500,000","00:00 (00:00)","Sharkbird","Sharkbird"
"3029","Cyberia 2: Resurrection","Oct 23, 2017","$9.99","N/A (N/A)","200,000 .. 500,000","00:00 (00:00)","Xatrix Entertainment","Interplay"
"3401","idleBeer","Aug 20, 2017","N/A","N/A (N/A)","200,000 .. 500,000","00:00 (00:00)","Victor Corradi","Corradi Games"
"3687","Warfront Defenders","Aug 7, 2017","$4.99","N/A (N/A)","200,000 .. 500,000","00:00 (00:00)","Flying Robot Studios","Flying Robot Studios"
"3771","Multishop Tycoon Deluxe","Mar 10, 2017","$6.99","N/A (N/A)","200,000 .. 500,000","00:00 (00:00)","Maulidan Games","Maulidan Games"
"4004","Drift (Over) Drive","Sep 24, 2017","$1.99","N/A (N/A)","200,000 .. 500,000","00:00 (00:00)","Retraissance","New Reality Games"
"4641","The Land of Dasthir","Jan 9, 2017","$1.99","N/A (N/A)","200,000 .. 500,000","00:00 (00:00)","RPG Video","Back To Basics Gaming"
"4673","EGOS - Tales of Fallen Souls","Jul 27, 2017","$0.99","N/A (N/A)","200,000 .. 500,000","00:00 (00:00)","NEZOS GAMES","NEZOS GAMES"
"4785","A Wonder","Nov 10, 2017","Free","N/A (N/A)","200,000 .. 500,000","00:00 (00:00)","Class of  2016-2017","Campus ADN"
"4830","Alchemyland","Aug 2, 2017","$0.99","N/A (N/A)","200,000 .. 500,000","00:00 (00:00)","azimuth team","azimuth team"
"4839","Vostok Inc.","Jul 26, 2017","$14.99","N/A (N/A)","200,000 .. 500,000","00:00 (00:00)","Nosebleed Interactive","Wired Productions"
"4841","Trolley Gold","Mar 17, 2017","$1.99","N/A (N/A)","200,000 .. 500,000","00:00 (00:00)","Mantis Games","Displacement Studios"
"4891","OR","Feb 8, 2017","$1.99","N/A (N/A)","200,000 .. 500,000","00:00 (00:00)","Camagames",""
"5039","Time in Time","May 3, 2017","$0.99","N/A (N/A)","200,000 .. 500,000","00:00 (00:00)","ErayTek","ErayTek"
"5097","Timen runner","May 26, 2017","$4.99","N/A (N/A)","200,000 .. 500,000","00:00 (00:00)","REX PEX GAMES","REX PEX GAMES"
"5105","1914: Prelude to Chaos","May 8, 2017","$0.99","N/A (N/A)","200,000 .. 500,000","00:00 (00:00)","Amaterasu Software","Amaterasu Software"
"5165","One Eyed Kutkh","Mar 30, 2017","$2.99","N/A (N/A)","200,000 .. 500,000","00:00 (00:00)","Baba Yaga Games","Baba Yaga Games"
"5202","Amber Tail Adventure","Apr 5, 2017","$0.69","N/A (N/A)","200,000 .. 500,000","00:00 (00:00)","Xyak-Xyak","Xyak-Xyak"
"5252","Choppa (Classic)","Feb 23, 2017","$1.99","N/A (N/A)","200,000 .. 500,000","00:00 (00:00)","Parta Games Oy","Parta Games Oy"
"5265","InfiniPicross","Mar 6, 2017","$1.99","N/A (N/A)","200,000 .. 500,000","00:00 (00:00)","Reverse Impact","Reverse Impact"
"5294","Fluffy Creatures VS The World","Apr 9, 2017","$0.99","N/A (N/A)","200,000 .. 500,000","00:00 (00:00)","Amaterasu Software","Amaterasu Software"
"5403","Nuclear Contingency","Jan 2, 2017","$0.99","N/A (N/A)","200,000 .. 500,000","00:00 (00:00)","Amaterasu Software","Amaterasu Software"
"5459","iREC","Jan 16, 2017","$0.49","N/A (N/A)","200,000 .. 500,000","00:00 (00:00)","Labory","SA Industry"
"5489","Zoop! - Hunter's Grimm","Mar 3, 2017","$1.99","N/A (N/A)","200,000 .. 500,000","00:00 (00:00)","Warfare Studios","Senpai Industrial Studios"
"5497","Crab Dub","Jan 19, 2017","$2.99","N/A (N/A)","200,000 .. 500,000","00:00 (00:00)","Anatoliy Loginovskikh","Sometimes You"
"5538","Fruit Arranger","Jan 23, 2017","$0.99","N/A (N/A)","200,000 .. 500,000","00:00 (00:00)","Mihai Morosanu","Mihai Morosanu"
"5550","UBERMOSH:WRAITH","Jan 29, 2017","$0.99","N/A (N/A)","200,000 .. 500,000","04:33 (01:31)","Walter Machado","Walter Machado"
"5561","Mad Digger","Dec 12, 2017","$0.49","N/A (N/A)","200,000 .. 500,000","00:16 (00:05)","Berezka","KuKo"
"5599","Infinitum","Jan 4, 2017","$4.99","N/A (N/A)","200,000 .. 500,000","00:00 (00:00)","VGstudio","VGstudio"
"5619","Red Wake Carnage","Aug 31, 2017","$0.99","N/A (N/A)","200,000 .. 500,000","00:00 (00:00)","Racing Bros","ANPA.US"
"5639","Unalive","Jan 5, 2017","$4.99","N/A (N/A)","200,000 .. 500,000","00:00 (00:00)","RandomSpin","RandomSpin"
"5679","Machine Hunt","May 15, 2017","$0.99","N/A (N/A)","200,000 .. 500,000","00:00 (00:00)","Racing Bros","ANPA.US"
"5693","UBERMOSH Vol.5","May 25, 2017","$0.99","N/A (N/A)","200,000 .. 500,000","04:34 (01:31)","Walter Machado","Walter Machado"
"5695","Weable","Aug 22, 2017","$6.99","N/A (N/A)","200,000 .. 500,000","00:00 (00:00)","SPECTRUM GAMES","Valkyrie Initiative"
"5703","Dragon's Sin","Dec 21, 2017","Free","N/A (N/A)","200,000 .. 500,000","00:00 (00:00)","Fate Dragon Studio","Fate Dragon Studio"
"5736","Wayout 2: Hex","Feb 10, 2017","$1.99","N/A (N/A)","200,000 .. 500,000","00:00 (00:00)","Konstructors","Hook Games, GrabTheGames"
"5763","DESYNC","Feb 28, 2017","$14.99","N/A (N/A)","200,000 .. 500,000","00:00 (00:00)","The Foregone Syndicate","Adult Swim Games"
"5767","The Ultimatest Battle","Sep 12, 2017","Free","N/A (N/A)","200,000 .. 500,000","00:00 (00:00)","Ediogames","Ediogames"
"5775","My Free Zoo","Nov 28, 2017","Free","N/A (N/A)","200,000 .. 500,000","00:00 (00:00)","upjers","upjers"
"5782","Cursed Treasure 2","Jul 21, 2017","$4.99","N/A (N/A)","200,000 .. 500,000","00:00 (00:00)","IriySoft","Armor Games Studios"
"5789","Dinosaur Forest","May 17, 2017","$0.99","N/A (N/A)","200,000 .. 500,000","00:00 (00:00)","Racing Bros","ANPA.US"
"5801","Ninja Stealth 2","Jan 30, 2017","$4.99","N/A (N/A)","200,000 .. 500,000","00:00 (00:00)","SC Jogos","SC Jogos"
"5820","High Profits","Jan 12, 2017","N/A","N/A (N/A)","200,000 .. 500,000","00:00 (00:00)","Double Coconut","Double Coconut"
"5850","Killing Floor: Incursion","Nov 14, 2017","$19.99","N/A (N/A)","200,000 .. 500,000","00:00 (00:00)","Tripwire Interactive","Tripwire Interactive"
"5860","The Archotek Project","Apr 28, 2017","$0.99","N/A (N/A)","200,000 .. 500,000","00:00 (00:00)","The Archotek Project Team","The Archotek Project Team"
"5865","hack_me 2","Mar 11, 2017","$5.99","N/A (N/A)","200,000 .. 500,000","00:00 (00:00)","EasyWays Team","Indovers Studio"
"5882","Upside Down","Feb 14, 2017","$1.49","N/A (N/A)","200,000 .. 500,000","00:00 (00:00)","EGAMER","SA Industry"
"5904","ANIMALITY","Feb 2, 2017","$1.99","N/A (N/A)","200,000 .. 500,000","00:00 (00:00)","ColloseusX","Phat Phrog Studios"
"5920","aMAZE 2","Apr 21, 2017","$0.37","N/A (N/A)","200,000 .. 500,000","00:00 (00:00)","Blender Games","Blender Games"
"5935","Grimoire: Manastorm","Oct 26, 2017","Free","N/A (N/A)","200,000 .. 500,000","00:00 (00:00)","Omniconnection","Omniconnection"
"5959","CAT Interstellar","Oct 6, 2017","$9.99","N/A (N/A)","200,000 .. 500,000","00:00 (00:00)","Ionized Games","Ionized Games"
"5962","KROSMAGA","Apr 12, 2017","Free","N/A (N/A)","200,000 .. 500,000","00:00 (00:00)","Ankama Studio","Ankama Games"
"5973","Polyball","Dec 1, 2017","$3.99","N/A (N/A)","200,000 .. 500,000","00:00 (00:00)","Studio Monolith","Studio Monolith"
"5982","Killing Time","Sep 20, 2017","N/A","N/A (N/A)","200,000 .. 500,000","00:00 (00:00)","ONEONE1","Paradise Project"
"5983","Warhammer 40,000: Space Wolf","Sep 21, 2017","N/A","N/A (N/A)","200,000 .. 500,000","00:00 (00:00)","HeroCraft PC","HeroCraft PC"
"6002","FURIDASHI: Drift Cyber Sport","Nov 2, 2017","$11.99","N/A (N/A)","200,000 .. 500,000","00:00 (00:00)","Drift Physics Crew","Drift Physics Crew"
"6008","FEMINAZI: The Triggering","Feb 20, 2017","$1.99","N/A (N/A)","200,000 .. 500,000","00:00 (00:00)","hyperboreanGames, Svarog Studios","Back To Basics Gaming"
"6017","Wild Terra Online","Dec 18, 2017","Free","N/A (N/A)","200,000 .. 500,000","00:00 (00:00)","Juvty Worlds","Juvty Worlds"
"6023","IL-2 Sturmovik: Cliffs of Dover Blitz Edition","Dec 14, 2017","$9.99","N/A (N/A)","200,000 .. 500,000","00:00 (00:00)","Team Fusion Simulations, 1C: Maddox Games","Fulqrum Publishing"
"6024","Crisis in the Kremlin","Mar 20, 2017","$4.99","N/A (N/A)","200,000 .. 500,000","00:00 (00:00)","Nostalgames","Nostalgames"
"6026","Serious Sam VR: The Last Hope","Sep 20, 2017","$29.99","N/A (N/A)","200,000 .. 500,000","00:00 (00:00)","Croteam VR","Devolver Digital, Croteam"
"6028","Disc Jam","Mar 7, 2017","$14.99","N/A (N/A)","200,000 .. 500,000","00:00 (00:00)","High Horse Entertainment","High Horse Entertainment"
"6038","hack_me","Jan 5, 2017","$5.99","N/A (N/A)","200,000 .. 500,000","00:00 (00:00)","Egor Magurin, Eugene Radaev","Indovers Studio"
"6040","Duck Season","Sep 14, 2017","$19.99","N/A (N/A)","200,000 .. 500,000","00:00 (00:00)","Stress Level Zero","Stress Level Zero"
"6042","Holyday City: Reloaded","Dec 14, 2017","Free","N/A (N/A)","200,000 .. 500,000","00:00 (00:00)","Holyday Studios","Holyday Studios"
"6045","Polygoneer","Aug 24, 2017","$0.49","N/A (N/A)","200,000 .. 500,000","00:00 (00:00)","NukGames","NukGames"
"6048","The Heiress","Aug 11, 2017","N/A","N/A (N/A)","200,000 .. 500,000","00:00 (00:00)","ONEONE1","Paradise Project"
"6049","Tales from Candlekeep: Tomb of Annihilation","Oct 11, 2017","N/A","N/A (N/A)","200,000 .. 500,000","00:00 (00:00)","BKOM Studios","BKOM Studios"
"6055","The Initial","Jul 17, 2017","$9.99","N/A (N/A)","200,000 .. 500,000","00:00 (00:00)","Restory Studio","Restory Studio"
"6059","Megaton Rainfall","Nov 17, 2017","$15.99","N/A (N/A)","200,000 .. 500,000","00:00 (00:00)","Pentadimensional Games, SL","Pentadimensional Games, SL"
"6060","Mr. Shifty","Apr 13, 2017","$14.99","N/A (N/A)","200,000 .. 500,000","00:00 (00:00)","Team Shifty","tinyBuild"
"6066","Seven: Enhanced Edition","Dec 1, 2017","$3.59","N/A (N/A)","200,000 .. 500,000","00:00 (00:00)","IMGN.PRO, Fool's Theory","IMGN.PRO"
"6067","Aerofly FS 2 Flight Simulator","Nov 20, 2017","$49.99","N/A (N/A)","200,000 .. 500,000","00:00 (00:00)","IPACS","IPACS"
"6072","EMERGENCY 20","Oct 31, 2017","$29.99","N/A (N/A)","200,000 .. 500,000","00:09 (00:05)","Sixteen Tons Entertainment","Sixteen Tons Entertainment"
"6074","Rento Fortune: Online Dice Board Game (大富翁)","Jul 14, 2017","$4.99","N/A (N/A)","200,000 .. 500,000","00:00 (00:00)","LAN - GAMES LTD","LAN - GAMES LTD"
"6077","STRAFE: Gold Edition","May 9, 2017","$14.99","N/A (N/A)","200,000 .. 500,000","00:00 (00:00)","Pixel Titans","Devolver Digital"
"6078","Distrust: Polar Survival","Aug 23, 2017","$0.77","N/A (N/A)","200,000 .. 500,000","00:30 (00:20)","Cheerdealers","Alawar"
"6088","Fairy Fencer F Advent Dark Force","Feb 14, 2017","$19.99","N/A (N/A)","200,000 .. 500,000","00:00 (00:00)","IDEA FACTORY, COMPILE HEART","Idea Factory International"
"6089","Dominions 5 - Warriors of the Faith","Nov 27, 2017","$39.99","N/A (N/A)","200,000 .. 500,000","00:00 (00:00)","Illwinter Game Design","Illwinter Game Design"
"6093","Elise the Devil","Nov 1, 2017","N/A","N/A (N/A)","200,000 .. 500,000","00:00 (00:00)","Dieselmine","Paradise Project"
"6094","Carcassonne - Tiles & Tactics","Nov 29, 2017","$9.99","N/A (N/A)","200,000 .. 500,000","00:42 (00:14)","Artefacts Studio","Twin Sails Interactive"
"6096","Throne of Lies: Medieval Politics","Sep 29, 2017","Free","N/A (N/A)","200,000 .. 500,000","00:00 (00:00)","PT.farm Inc., Imperium42®, LLC","PT.farm Inc."
"6101","古剑奇谭二(GuJian2)","Sep 7, 2017","$15.99","N/A (N/A)","200,000 .. 500,000","00:00 (00:00)","上海烛龙信息科技有限公司, Aurogon Shanghai","北京网元圣唐娱乐科技有限公司"
"6103","Space Pirates And Zombies 2","Nov 7, 2017","$19.99","N/A (N/A)","200,000 .. 500,000","00:00 (00:00)","MinMax Games Ltd.","MinMax Games Ltd."
"6104","Sky Force Reloaded","Nov 29, 2017","$9.99","N/A (N/A)","200,000 .. 500,000","00:00 (00:00)","Infinite Dreams","Infinite Dreams"
"6105","White Noise 2","Apr 7, 2017","$9.99","N/A (N/A)","200,000 .. 500,000","00:00 (00:00)","Milkstone Studios","Milkstone Studios"
"6107","Syberia 3","Nov 13, 2017","$14.99","N/A (N/A)","200,000 .. 500,000","00:00 (00:00)","Microids","Microids"
"6108","Turok 2: Seeds of Evil","Mar 16, 2017","$4.99","N/A (N/A)","200,000 .. 500,000","00:00 (00:00)","Iguana Entertainment, Nightdive Studios","Nightdive Studios"
"6112","RollerCoaster Tycoon Classic","Sep 28, 2017","$4.99","N/A (N/A)","200,000 .. 500,000","00:00 (00:00)","Origin8 Technologies Ltd.","Atari"
"6115","Star Trek: Bridge Crew","May 30, 2017","$24.99","N/A (N/A)","200,000 .. 500,000","04:22 (02:54)","Ubisoft","Ubisoft"
"6116","Han Xiongnu Wars","Dec 7, 2017","$6.99","N/A (N/A)","200,000 .. 500,000","00:00 (00:00)","Shangshi Studio","Shangshi Studio"
"6118","Zup! 4","Feb 20, 2017","$1.99","N/A (N/A)","200,000 .. 500,000","00:00 (00:00)","Quiet River","Quiet River"
"6120","Yet Another Zombie Defense HD","Aug 25, 2017","$3.99","N/A (N/A)","200,000 .. 500,000","00:00 (00:00)","Awesome Games Studio","Awesome Games Studio"
"6122","Party Panic","Aug 7, 2017","$16.99","N/A (N/A)","200,000 .. 500,000","00:00 (00:00)","Everglow Interactive Inc.","Everglow Interactive Inc."
"6123","Achievement Clicker","Nov 17, 2017","$0.99","N/A (N/A)","200,000 .. 500,000","00:00 (00:00)","OfficialAndy","MGG Studio"
"6125","Otaku's Fantasy","Oct 11, 2017","N/A","N/A (N/A)","200,000 .. 500,000","00:00 (00:00)","Dieselmine","Paradise Project"
"6126","Vikings - Wolves of Midgard","Mar 24, 2017","$29.99","N/A (N/A)","200,000 .. 500,000","00:00 (00:00)","Games Farm","Kalypso Media Digital"
"6127","Space Pirate Trainer","Oct 12, 2017","$7.49","N/A (N/A)","200,000 .. 500,000","00:00 (00:00)","I-Illusions","I-Illusions"
"6128","Fight'N Rage","Sep 19, 2017","$19.99","N/A (N/A)","200,000 .. 500,000","00:00 (00:00)","sebagamesdev","sebagamesdev"
"6131","Fire Pro Wrestling World","Dec 18, 2017","$29.99","N/A (N/A)","200,000 .. 500,000","00:00 (00:00)","Spike Chunsoft Co., Ltd.","Spike Chunsoft Co., Ltd."
"6132","Low Magic Age","Jan 10, 2017","$5.99","N/A (N/A)","200,000 .. 500,000","00:00 (00:00)","Low Magic Studios","Low Magic Studios"
"6135","GTTOD: Get To The Orange Door","Oct 27, 2017","$19.99","N/A (N/A)","200,000 .. 500,000","00:00 (00:00)","Andrew Smith","Hitcents"
"6137","Death Coming/死神来了","Nov 6, 2017","$6.99","N/A (N/A)","200,000 .. 500,000","00:00 (00:00)","NEXT Studios","NEXT Studios"
"6140","The Jackbox Party Pack 4","Oct 18, 2017","$11.24","N/A (N/A)","200,000 .. 500,000","00:32 (00:27)","Jackbox Games, Inc.","Jackbox Games, Inc."
"6143","White Day: A Labyrinth Named School","Aug 22, 2017","$29.99","N/A (N/A)","200,000 .. 500,000","00:00 (00:00)","SONNORI Corp","PQube, SONNORI Corp"
"6144","Orbt XL","Apr 21, 2017","$0.99","N/A (N/A)","200,000 .. 500,000","00:00 (00:00)","Adamvision Studios","Adamvision Studios"
"6148","Fox Hime","Nov 2, 2017","$1.99","N/A (N/A)","200,000 .. 500,000","00:00 (00:00)","AsicxArt","SakuraGame"
"6151","Nine Parchments","Dec 5, 2017","$19.99","N/A (N/A)","200,000 .. 500,000","00:00 (00:00)","Frozenbyte","Frozenbyte"
"6152","Hell Girls","Jan 12, 2017","N/A","N/A (N/A)","200,000 .. 500,000","00:00 (00:00)","Athena Works","Athena Works, SakuraGame"
"6153","X-Morph: Defense","Aug 30, 2017","$19.99","N/A (N/A)","200,000 .. 500,000","00:00 (00:00)","EXOR Studios","EXOR Studios"
"6155","HIVESWAP: ACT 1","Sep 14, 2017","$7.99","N/A (N/A)","200,000 .. 500,000","00:00 (00:00)","What Pumpkin Games, Inc.","What Pumpkin Games, Inc."
"6157","Caveblazers","May 24, 2017","$9.99","N/A (N/A)","200,000 .. 500,000","02:36 (01:44)","Deadpan Games","Yogscast Games"
"6158","Life is Feudal: Forest Village","May 26, 2017","$24.99","N/A (N/A)","200,000 .. 500,000","00:00 (00:00)","Mindillusion","Bitbox Ltd."
"6159","Fate/EXTELLA","Jul 25, 2017","$13.99","N/A (N/A)","200,000 .. 500,000","00:00 (00:00)","Marvelous Inc.","XSEED Games, Marvelous USA, Inc., Marvelous Europe"
"6161","Another Adventure","Mar 10, 2017","$1.99","N/A (N/A)","200,000 .. 500,000","00:00 (00:00)","ThankCreate Studio","ThankCreate Studio, WhisperGames"
"6162","SIMULACRA","Oct 26, 2017","$4.99","N/A (N/A)","200,000 .. 500,000","00:00 (00:00)","Kaigan Games OÜ","Kaigan Games OÜ, Neon Doctrine"
"6163","20XX","Aug 16, 2017","$14.99","N/A (N/A)","200,000 .. 500,000","00:42 (00:14)","Batterystaple Games, Fire Hose Games","Batterystaple Games"
"6164","Sundered: Eldritch Edition","Jul 28, 2017","$2.99","N/A (N/A)","200,000 .. 500,000","00:00 (00:00)","Thunder Lotus","Thunder Lotus"
"6165","The First Tree","Sep 14, 2017","$9.99","N/A (N/A)","200,000 .. 500,000","00:00 (00:00)","David Wehle","David Wehle"
"6167","Niche - a genetics survival game","Sep 21, 2017","$17.99","N/A (N/A)","200,000 .. 500,000","00:00 (00:00)","Stray Fawn Studio","Stray Fawn Publishing, WhisperGames"
"6168","Tree of Life","Aug 17, 2017","N/A","N/A (N/A)","200,000 .. 500,000","00:00 (00:00)","OddOneGames","OddOneGames"
"6172","Syrian Warfare","Feb 21, 2017","$3.91","N/A (N/A)","200,000 .. 500,000","00:00 (00:00)","Cats Who Play","Cats Who Play"
"6173","Killer Instinct","Sep 27, 2017","Free","N/A (N/A)","200,000 .. 500,000","01:21 (00:53)","Iron Galaxy Studios","Xbox Game Studios"
"6174","Zup! 3","Jan 12, 2017","$1.99","N/A (N/A)","200,000 .. 500,000","00:00 (00:00)","Quiet River","Quiet River"
"6176","Dragonia","May 29, 2017","$1.99","N/A (N/A)","200,000 .. 500,000","00:00 (00:00)","Blue Studio","Paradise Project"
"6179","NARUTO: Ultimate Ninja STORM","Aug 25, 2017","$9.99","N/A (N/A)","200,000 .. 500,000","00:55 (00:18)","CyberConnect2 Co. Ltd.","BANDAI NAMCO Entertainment"
"6180","WILL: A Wonderful World / WILL：美好世界","Jun 6, 2017","$10.79","N/A (N/A)","200,000 .. 500,000","00:00 (00:00)","WMY Studio","WMY Studio, PLAYISM"
"6181","Dear Esther: Landmark Edition","Feb 14, 2017","$9.99","N/A (N/A)","200,000 .. 500,000","00:00 (00:00)","The Chinese Room, Robert Briscoe","Secret Mode"
"6184","Train Sim World 2020","Mar 16, 2017","$12.99","N/A (N/A)","200,000 .. 500,000","00:00 (00:00)","Dovetail Games","Dovetail Games - TSW"
"6185","The House of Da Vinci","Nov 24, 2017","$4.99","N/A (N/A)","200,000 .. 500,000","00:00 (00:00)","Blue Brain Games","Blue Brain Games"
"6187","Passpartout: The Starving Artist","Jun 6, 2017","$9.99","N/A (N/A)","200,000 .. 500,000","00:03 (00:01)","Flamebait Games","Flamebait Games"
"6188","Sword Art Online: Hollow Realization Deluxe Edition","Oct 27, 2017","$49.99","N/A (N/A)","200,000 .. 500,000","00:00 (00:00)","AQURIA","BANDAI NAMCO Entertainment"
"6189","Rusted Warfare - RTS","Jul 14, 2017","$4.99","N/A (N/A)","200,000 .. 500,000","00:00 (00:00)","Corroding Games","Corroding Games"
"6190","Stationeers","Dec 12, 2017","$34.99","N/A (N/A)","200,000 .. 500,000","18:41 (21:05)","RocketWerkz","RocketWerkz"
"6194","AER Memories of Old","Oct 25, 2017","$1.49","N/A (N/A)","200,000 .. 500,000","00:00 (00:00)","Forgotten Key","Daedalic Entertainment"
"6195","Castle Story","Aug 17, 2017","$9.99","N/A (N/A)","200,000 .. 500,000","00:14 (00:04)","Sauropod Studio","Sauropod Studio"
"6196","King Exit","Oct 19, 2017","N/A","N/A (N/A)","200,000 .. 500,000","00:00 (00:00)","深爪貴族","Paradise Project"
"6197","Crawl","Apr 11, 2017","$14.99","N/A (N/A)","200,000 .. 500,000","02:51 (01:53)","Powerhoof","Powerhoof"
"6201","Ultimate General: Civil War","Jul 14, 2017","$29.99","N/A (N/A)","200,000 .. 500,000","00:00 (00:00)","Game-Labs","Game-Labs"
"6202","DEEP SPACE WAIFU","May 31, 2017","$4.99","N/A (N/A)","200,000 .. 500,000","00:00 (00:00)","Neko Climax Studios","Neko Climax Studios"
"6203","Material Girl","Jun 20, 2017","N/A","N/A (N/A)","200,000 .. 500,000","00:00 (00:00)","Dieselmine","Paradise Project"
"6205","Loading Screen Simulator","Jul 15, 2017","Free","N/A (N/A)","200,000 .. 500,000","00:00 (00:00)","CakeEaterGames","CakeEaterGames"
"6207","Colony Survival","Jun 16, 2017","$24.95","N/A (N/A)","200,000 .. 500,000","06:31 (03:35)","Pipliz","Pipliz"
"6212","Kindergarten","Jun 15, 2017","$4.99","N/A (N/A)","200,000 .. 500,000","00:00 (00:00)","Con Man Games, Sean Young","SmashGames"
"6214","Hidden Folks","Feb 15, 2017","$14.99","N/A (N/A)","200,000 .. 500,000","00:00 (00:00)","Adriaan de Jongh, Sylvain Tegroeg","Adriaan de Jongh"
"6223","NEKOPARA Vol. 3","May 25, 2017","$9.99","N/A (N/A)","200,000 .. 500,000","00:00 (00:00)","NEKO WORKs","Sekai Project"
"6230","Alien Swarm: Reactive Drop","Apr 20, 2017","Free","N/A (N/A)","200,000 .. 500,000","00:46 (00:30)","Reactive Drop Team","Reactive Drop Team"
"7","Star Control III","Oct 19, 2017","$3.99","N/A (N/A/89%)","100,000 .. 200,000","00:00 (00:00)","Legend Entertainment","Stardock Entertainment"
"15","Raw Data","Oct 5, 2017","$5.99","N/A (N/A/87%)","100,000 .. 200,000","00:00 (00:00)","Survios","Survios"
"32","Field of Glory II","Oct 12, 2017","$29.99","N/A (N/A/84%)","100,000 .. 200,000","00:00 (00:00)","Byzantine Games","Slitherine Ltd."
"34","The End Is Nigh","Jul 12, 2017","$14.99","N/A (N/A/84%)","100,000 .. 200,000","54:11 (18:03)","Edmund McMillen, Tyler Glaiel","Edmund McMillen, Tyler Glaiel"
"44","Four Last Things","Feb 23, 2017","$9.99","N/A (N/A/83%)","100,000 .. 200,000","00:00 (00:00)","Joe Richardson","Akupara Games"
"46","The Legend of Heroes: Trails in the Sky the 3rd","May 3, 2017","$22.49","N/A (N/A/83%)","100,000 .. 200,000","01:53 (00:37)","Nihon Falcom","XSEED Games, Marvelous USA, Inc."
"47","The Sexy Brutale","Apr 11, 2017","$19.99","N/A (N/A/83%)","100,000 .. 200,000","00:00 (00:00)","Cavalier Game Studios, Tequila Works","Cavalier Game Studios"
"59","Antihero","Jul 10, 2017","$14.99","N/A (N/A/81%)","100,000 .. 200,000","00:00 (00:00)","Tim Conkling","Versus Evil"
"61","Reigns: Her Majesty","Dec 6, 2017","$2.99","N/A (N/A/81%)","100,000 .. 200,000","00:00 (00:00)","Nerial, Synaptic Insight Technology Systems","Devolver Digital"
"62","Disgaea 2 PC","Jan 30, 2017","$19.99","N/A (N/A/81%)","100,000 .. 200,000","00:00 (00:00)","Nippon Ichi Software, Inc.","NIS America, Inc."
"65","Stories Untold","Feb 27, 2017","$9.99","N/A (N/A/81%)","100,000 .. 200,000","00:00 (00:00)","No Code","Devolver Digital"
"80","Flinthook","Apr 18, 2017","$14.99","N/A (N/A/80%)","100,000 .. 200,000","00:00 (00:00)","Tribute Games Inc.","Tribute Games Inc."
"82","Nidhogg 2","Aug 15, 2017","$5.39","N/A (N/A/80%)","100,000 .. 200,000","00:00 (00:00)","Messhof","Messhof"
"84","Kingsway","Jul 18, 2017","$9.99","N/A (N/A/80%)","100,000 .. 200,000","00:00 (00:00)","Andrew Morrish","Andrew Morrish"
"85","Battle Chef Brigade Deluxe","Nov 20, 2017","$3.99","N/A (N/A/80%)","100,000 .. 200,000","00:00 (00:00)","Trinket Studios","Trinket Studios"
"114","Everything","Apr 21, 2017","$14.99","N/A (N/A/78%)","100,000 .. 200,000","00:00 (00:00)","David OReilly","David OReilly, PLAYISM (Japan)"
"127","Cosmic Star Heroine","Apr 11, 2017","$14.99","N/A (N/A/77%)","100,000 .. 200,000","00:00 (00:00)","Zeboyd Digital Entertainment LLC","Zeboyd Digital Entertainment LLC"
"128","The Mooseman","Feb 17, 2017","$7.99","N/A (N/A/77%)","100,000 .. 200,000","00:00 (00:00)","Morteshka","Morteshka"
"160","Block'hood","May 10, 2017","$2.99","N/A (N/A/75%)","100,000 .. 200,000","00:00 (00:00)","Plethora Project","Devolver Digital"
"164","Last Day of June","Aug 31, 2017","$4.99","N/A (N/A/75%)","100,000 .. 200,000","00:00 (00:00)","Ovosonico","505 Games"
"176","Mages of Mystralia","May 18, 2017","$19.99","N/A (N/A/74%)","100,000 .. 200,000","00:00 (00:00)","Borealys Games","Borealys Games"
"182","Mainlining","Jan 26, 2017","$12.99","N/A (N/A/73%)","100,000 .. 200,000","00:00 (00:00)","Rebelephant","ReadGraves"
"187","Atelier Sophie: The Alchemist of the Mysterious Book","Feb 7, 2017","N/A","N/A (N/A/73%)","100,000 .. 200,000","00:00 (00:00)","KOEI TECMO GAMES CO., LTD.","KOEI TECMO GAMES CO., LTD."
"189","Kona","Mar 17, 2017","$14.99","N/A (N/A/73%)","100,000 .. 200,000","02:29 (01:36)","Parabole","Parabole, Ravenscourt"
"196","The Wardrobe - Even Better Edition","Feb 15, 2017","$14.99","N/A (N/A/72%)","100,000 .. 200,000","00:00 (00:00)","CINIC Games","Gamera Interactive"
"197","Tower 57","Nov 16, 2017","$11.99","N/A (N/A/72%)","100,000 .. 200,000","03:04 (01:01)","Pixwerk","11 bit studios"
"199","ECHO","Sep 19, 2017","$24.99","N/A (N/A/72%)","100,000 .. 200,000","00:00 (00:00)","ULTRA ULTRA","ULTRA ULTRA"
"217","A Normal Lost Phone","Jan 26, 2017","$2.99","N/A (N/A/71%)","100,000 .. 200,000","00:00 (00:00)","Accidental Queens","PID Games, Dear Villagers"
"218","Heliborne Collection","Oct 12, 2017","$29.99","N/A (N/A/71%)","100,000 .. 200,000","00:44 (00:19)","Klabater","Klabater"
"227","Tokyo 42","May 31, 2017","$19.99","N/A (N/A/70%)","100,000 .. 200,000","00:00 (00:00)","SMAC Games","Mode 7"
"228","Tokyo Dark","Sep 7, 2017","$17.99","N/A (N/A/70%)","100,000 .. 200,000","00:00 (00:00)","Cherrymochi","Square Enix"
"253","The Long Journey Home","May 30, 2017","$0.99","N/A (N/A/68%)","100,000 .. 200,000","00:13 (00:04)","Daedalic Studio West","Daedalic Entertainment"
"260","Army Men RTS","Dec 20, 2017","$5.99","N/A (N/A/67%)","100,000 .. 200,000","00:00 (00:00)","Pandemic Studios","2K"
"274","Immortal Planet","Jul 27, 2017","$14.99","N/A (N/A/65%)","100,000 .. 200,000","00:00 (00:00)","teedoubleuGAMES","teedoubleuGAMES"
"276","Aven Colony","Jul 25, 2017","$29.99","N/A (N/A/65%)","100,000 .. 200,000","00:00 (00:00)","Mothership Entertainment LLC","Team17 Digital Ltd"
"283","Fictorum","Aug 9, 2017","$9.99","N/A (N/A/64%)","100,000 .. 200,000","00:00 (00:00)","Scraping Bottom Games","Scraping Bottom Games"
"294","Take On Mars","Feb 9, 2017","$9.99","N/A (N/A/62%)","100,000 .. 200,000","00:00 (00:00)","Bohemia Interactive","Bohemia Interactive"
"297","Phoning Home","Feb 7, 2017","Free","N/A (N/A/61%)","100,000 .. 200,000","00:00 (00:00)","ION LANDS","ION LANDS"
"298","WWE 2K17","Feb 7, 2017","N/A","N/A (N/A/61%)","100,000 .. 200,000","00:00 (00:00)","Visual Concepts, Yuke's Co., LTD","2K"
"314","Deadly Dozen","Jan 26, 2017","$4.49","N/A (N/A/56%)","100,000 .. 200,000","00:00 (00:00)","N-Fusion Interactive","Ziggurat"
"328","Double Dragon IV","Jan 30, 2017","$3.49","N/A (N/A/50%)","100,000 .. 200,000","00:00 (00:00)","Arc System Works","Arc System Works"
"359","CA-2A T-Type Leveling Amplifier","Apr 28, 2017","N/A","N/A (N/A)","100,000 .. 200,000","00:00 (00:00)","Cakewalk","Cakewalk"
"825","Steam 360 Video Player","May 10, 2017","Free","N/A (N/A)","100,000 .. 200,000","00:00 (00:00)","Valve","FoV"
"832","Space Fighter","Sep 14, 2017","Free","N/A (N/A)","100,000 .. 200,000","00:00 (00:00)","Roger Barton","Roger Barton"
"850","Grace of Zordan","Oct 25, 2017","Free","N/A (N/A)","100,000 .. 200,000","00:00 (00:00)","Cybergrotex","Cybergrotex"
"864","Multiplayer FPS Demo","Jul 6, 2017","Free","N/A (N/A)","100,000 .. 200,000","00:00 (00:00)","Vitor Pêgas","Oryzhon Studios"
"880","Divided We Fall: Play For Free","Oct 2, 2017","Free","N/A (N/A)","100,000 .. 200,000","00:00 (00:00)","KAVA Game Studio","KAVA Game Studio"
"891","Deus Ex: Mankind Divided - VR Experience","Jan 24, 2017","Free","N/A (N/A)","100,000 .. 200,000","00:00 (00:00)","Eidos Montreal","Eidos Interactive Corp."
"902","Deus Ex: Breach","Jan 24, 2017","Free","N/A (N/A)","100,000 .. 200,000","00:00 (00:00)","Eidos Montreal","Eidos Interactive Corp."
"909","Star Wars: Imperial Assault - Legends of the Alliance","Dec 4, 2017","Free","N/A (N/A)","100,000 .. 200,000","00:00 (00:00)","Fantasy Flight Games","Fantasy Flight Games"
"916","Heroes Tactics","May 24, 2017","N/A","N/A (N/A)","100,000 .. 200,000","00:00 (00:00)","Camex Games","Camex Games"
"918","Atom Universe","Dec 25, 2017","Free","N/A (N/A)","100,000 .. 200,000","00:00 (00:00)","Atom Republic","Atom Republic"
"922","Poker World - Single Player","Aug 28, 2017","Free","N/A (N/A)","100,000 .. 200,000","00:00 (00:00)","Playtika Ltd.","Playtika Ltd."
"923","Blocks by Google","Jul 6, 2017","Free","N/A (N/A)","100,000 .. 200,000","00:00 (00:00)","Google","Google"
"925","Nevrosa: Prelude","Feb 23, 2017","Free","N/A (N/A)","100,000 .. 200,000","00:00 (00:00)","GexagonVR","GexagonVR"
"930","Jackpot Poker by PokerStars","Mar 20, 2017","N/A","N/A (N/A)","100,000 .. 200,000","00:00 (00:00)","PokerStars Mobile Limited","PokerStars Mobile Limited"
"931","Oldage","Oct 12, 2017","N/A","N/A (N/A)","100,000 .. 200,000","00:00 (00:00)","Ed Farage, Bubu","Hmmm Games"
"941","Hex Commander: Fantasy Heroes","Dec 22, 2017","Free","N/A (N/A)","100,000 .. 200,000","00:00 (00:00)","Home Net Games","Home Net Games"
"946","RC Plane 3","Aug 7, 2017","Free","N/A (N/A)","100,000 .. 200,000","00:00 (00:00)","FrozenPepper S.R.L","FrozenPepper S.R.L."
"950","Life Forge - Reborn ORPG","Mar 17, 2017","Free","N/A (N/A)","100,000 .. 200,000","00:00 (00:00)","Life Forge Team","Pixel Life"
"951","Mini Guns - Omega Wars","Nov 2, 2017","N/A","N/A (N/A)","100,000 .. 200,000","00:00 (00:00)","Riposte Games & Co, Inc","Riposte Games & Co, Inc"
"955","NOKBAK","Jun 13, 2017","Free","N/A (N/A)","100,000 .. 200,000","00:00 (00:00)","BYU Animation -  Class of 2017","BYU Center for Animation"
"957","Guns'n'Stories: Preface VR","Oct 26, 2017","Free","N/A (N/A)","100,000 .. 200,000","00:00 (00:00)","MIROWIN","MIROWIN"
"960","Formicide","Jun 12, 2017","Free","N/A (N/A)","100,000 .. 200,000","00:00 (00:00)","Rock Wall Games, LLC","Rock Wall Games, LLC"
"961","Impulse of War","Feb 24, 2017","Free","N/A (N/A)","100,000 .. 200,000","00:00 (00:00)","Dmitry Medvedev","Dmitry Medvedev"
"962","Grass Cutter - Mutated Lawns","Mar 24, 2017","Free","N/A (N/A)","100,000 .. 200,000","00:00 (00:00)","Nikolai Usachev","USANIK STD"
"963","Home - A VR Spacewalk","Nov 30, 2017","Free","N/A (N/A)","100,000 .. 200,000","00:00 (00:00)","BBC Media Applications Technologies Limited","BBC Media Applications Technologies Limited"
"965","The Ranger: Lost Tribe","Aug 2, 2017","Free","N/A (N/A)","100,000 .. 200,000","00:00 (00:00)","Leiting Interactive","Leiting Interactive"
"966","Summer Nightmare","Nov 27, 2017","Free","N/A (N/A)","100,000 .. 200,000","00:00 (00:00)","Team Summer Nightmare","Elkibe Games"
"970","La Tale - Evolved","Nov 17, 2017","Free","N/A (N/A)","100,000 .. 200,000","00:00 (00:00)","Actoz Soft","Papaya Play"
"976","FPV Drone Simulator","Sep 9, 2017","Free","N/A (N/A)","100,000 .. 200,000","00:00 (00:00)","DreamEscape","DreamEscape"
"979","Crusaders of Light","Apr 20, 2017","N/A","N/A (N/A)","100,000 .. 200,000","00:00 (00:00)","Hong Kong Netease Interactive Entertainment Limited","Hong Kong Netease Interactive Entertainment Limited"
"980","Idle Bouncer","Sep 27, 2017","Free","N/A (N/A)","100,000 .. 200,000","00:00 (00:00)","Upturn Games","Upturn Games"
"984","9Dragons","Feb 14, 2017","Free","N/A (N/A)","100,000 .. 200,000","00:00 (00:00)","Joongwon Entertainment","RedFox Games"
"991","The Red Stare","Jul 31, 2017","Free","N/A (N/A)","100,000 .. 200,000","00:00 (00:00)","Play:D","Play:D, NHTV Breda University of Applied Sciences"
"994","Echoed World","Dec 4, 2017","Free","N/A (N/A)","100,000 .. 200,000","00:00 (00:00)","Team DOTS","Team DOTS"
"997","FROSTBITE: Deadly Climate","Nov 19, 2017","Free","N/A (N/A)","100,000 .. 200,000","00:00 (00:00)","Alex Olinkiewicz","Alex Olinkiewicz"
"999","Castle Clicker : Building Tycoon","Oct 2, 2017","Free","N/A (N/A)","100,000 .. 200,000","00:00 (00:00)","Autotelic Games LLC","Autotelic Games LLC"
"1001","The Pirate: Plague of the Dead","Oct 13, 2017","Free","N/A (N/A)","100,000 .. 200,000","00:00 (00:00)","Home Net Games","Home Net Games"
"1003","Star Wars: Droid Repair Bay","Dec 6, 2017","Free","N/A (N/A)","100,000 .. 200,000","00:00 (00:00)","ILMxLAB","Disney Platform Distribution, Inc."
"1014","Wave Beta","Apr 12, 2017","N/A","N/A (N/A)","100,000 .. 200,000","00:00 (00:00)","WaveVR, Inc.","WaveVR, Inc."
"1015","Starship Theory","Jul 4, 2017","Free","N/A (N/A)","100,000 .. 200,000","00:00 (00:00)","Reconnect Software","Reconnect Software"
"1017","Tap Adventure: Time Travel","Mar 2, 2017","N/A","N/A (N/A)","100,000 .. 200,000","00:00 (00:00)","Avallon Alliance","Panoramik inc"
"1019","Belko VR: An Escape Room Experiment","Mar 3, 2017","Free","N/A (N/A)","100,000 .. 200,000","00:00 (00:00)","Top Right Corner, Yarvo Productions, Paper Crane Games","Top Right Corner"
"1023","DED","Mar 3, 2017","Free","N/A (N/A)","100,000 .. 200,000","00:00 (00:00)","L. Stotch, Vladimir Soldatov","L. Stotch, Vladimir Soldatov"
"1038","Dawn","Mar 31, 2017","Free","N/A (N/A)","100,000 .. 200,000","00:00 (00:00)","Brave Rabbit Games","SMU Guildhall"
"1043","Warbands: Bushido","Sep 15, 2017","Free","N/A (N/A)","100,000 .. 200,000","00:00 (00:00)","Red Unit Studios","Red Unit Studios"
"1061","Lines X Free","Oct 31, 2017","Free","N/A (N/A)","100,000 .. 200,000","00:00 (00:00)","Konstructors","Hook Games"
"1062","The Monster Inside","Aug 1, 2017","Free","N/A (N/A)","100,000 .. 200,000","00:00 (00:00)","Random Seed Games","Random Seed Games"
"1074","Worlds Adrift","May 24, 2017","N/A","N/A (N/A)","100,000 .. 200,000","00:00 (00:00)","Bossa Studios","Bossa Studios"
"1078","Tanki Online","Mar 2, 2017","Free","N/A (N/A)","100,000 .. 200,000","00:00 (00:00)","Alternativa Game Ltd.","APL Publishing Ltd."
"1080","Confess My Love","May 20, 2017","Free","N/A (N/A)","100,000 .. 200,000","00:00 (00:00)","LR Studio","LR Studio"
"1516","Captain vs Sky Pirates","Oct 10, 2017","$2.99","N/A (N/A)","100,000 .. 200,000","00:00 (00:00)","Boogygames Studios","Boogygames Studios"
"1758","Xenobox VR","Jul 1, 2017","$4.99","N/A (N/A)","100,000 .. 200,000","00:00 (00:00)","Motion Games Studio","Motion Games Studio"
"1832","最強の囲碁 ～名人への道～ / Igo Meijin","Dec 4, 2017","$79.99","N/A (N/A)","100,000 .. 200,000","00:00 (00:00)","UNBALANCE Corporation","UNBALANCE Corporation"
"2331","Kingdom: The Far Reaches","Sep 8, 2017","$9.99","N/A (N/A)","100,000 .. 200,000","00:00 (00:00)","Interplay","Interplay"
"2587","HFH Discontinued  [Upgrading to 3D and Leaving Steam]","Jul 7, 2017","N/A","N/A (N/A)","100,000 .. 200,000","00:00 (00:00)","HFH Crew","HFH Crew"
"3274","Dragon Wars","May 26, 2017","$9.99","N/A (N/A)","100,000 .. 200,000","00:00 (00:00)","Interplay Entertainment Corp.","Interplay Entertainment Corp."
"3462","Sketch! Run!","Mar 31, 2017","$4.99","N/A (N/A)","100,000 .. 200,000","00:00 (00:00)","VI GAMES LLC","My Way Games"
"3518","Snake Party","Feb 17, 2017","$0.99","N/A (N/A)","100,000 .. 200,000","00:00 (00:00)","Displacement Studios","Displacement Studios"
"3689","Sullen: Light is Your Friend","Jul 22, 2017","$4.99","N/A (N/A)","100,000 .. 200,000","00:00 (00:00)","",""
"3809","Puzzle Tactics","Dec 1, 2017","$0.99","N/A (N/A)","100,000 .. 200,000","00:00 (00:00)","Robert Alvarez","Robert Alvarez"
"3816","Drums Hero PC","Jun 21, 2017","$4.99","N/A (N/A)","100,000 .. 200,000","00:00 (00:00)","Player Of Music Technology Co.,Ltd","Player Of Music Technology Co.,Ltd"
"3975","Eventide Night","May 4, 2017","N/A","N/A (N/A)","100,000 .. 200,000","00:00 (00:00)","Leaning Tower Studio","Leaning Tower Studio"
"4109","Gray Skies, Dark Waters","Jun 9, 2017","$4.99","N/A (N/A)","100,000 .. 200,000","00:00 (00:00)","Green Willow Games, LLC","Green Willow Games, LLC"
"4181","CUBOTS The Origins","Aug 4, 2017","$2.99","N/A (N/A)","100,000 .. 200,000","00:00 (00:00)","Street Lamp Games","Street Lamp Games"
"4183","Spirit of Maya","Jan 6, 2017","$1.99","N/A (N/A)","100,000 .. 200,000","00:00 (00:00)","Blind Recluse","Blind Recluse"
"4244","The Adventures of Fluffy","Jul 6, 2017","$1.99","N/A (N/A)","100,000 .. 200,000","00:00 (00:00)","RPGVideo","RPGVideo"
"4277","A Long Road Home","Jan 31, 2017","$1.99","N/A (N/A)","100,000 .. 200,000","00:00 (00:00)","One Bit Studio","One Bit Studio"
"4278","GoBlock's Impossible Medley","Apr 14, 2017","$0.49","N/A (N/A)","100,000 .. 200,000","00:00 (00:00)","GameChanger Studio","GameChanger Studio"
"4302","Cyberia","May 17, 2017","$9.99","N/A (N/A)","100,000 .. 200,000","00:00 (00:00)","Xatrix Entertainment","Interplay Entertainment Corp."
"4308","From Shadows","Aug 10, 2017","$1.99","N/A (N/A)","100,000 .. 200,000","00:00 (00:00)","Revolt and Rebel","Klabater"
"4339","Greenwood the Last Ritual","Jan 19, 2017","$2.99","N/A (N/A)","100,000 .. 200,000","00:00 (00:00)","AO2Game","AO2Game"
"4351","Ramify","Apr 21, 2017","$0.59","N/A (N/A)","100,000 .. 200,000","00:00 (00:00)","Create Something Interesting","Create Something Interesting"
"4365","Primal Reign","May 29, 2017","Free","N/A (N/A)","100,000 .. 200,000","00:00 (00:00)","Immersive VR Limited","Immersive VR Limited"
"4373","House of Evil","Dec 20, 2017","$0.99","N/A (N/A)","100,000 .. 200,000","00:00 (00:00)","VikTor","VikTor"
"4380","PARKAN: THE IMPERIAL CHRONICLES","Jan 23, 2017","$2.99","N/A (N/A)","100,000 .. 200,000","00:00 (00:00)","GameXP.com","GameXP.com"
"4385","Burgle Bros.","Nov 29, 2017","$3.99","N/A (N/A)","100,000 .. 200,000","00:00 (00:00)","Fowers Games","Fowers Games"
"4438","The Spirit Underneath","Jan 2, 2017","$0.99","N/A (N/A)","100,000 .. 200,000","00:00 (00:00)","Acuze Interactives","Displacement Studios"
"4455","Arena: Blood on the Sand VR","Jan 10, 2017","$0.99","N/A (N/A)","100,000 .. 200,000","00:00 (00:00)","Random Bird Studio","Conglomerate 5"
"4461","Bunker 58","Jun 10, 2017","N/A","N/A (N/A)","100,000 .. 200,000","00:00 (00:00)","Acuze Interactives","Acuze Interactives"
"4484","A Timely Intervention","Mar 24, 2017","$0.99","N/A (N/A)","100,000 .. 200,000","00:00 (00:00)","Aldorlea Games","Aldorlea Games"
"4580","Survival Driver","Aug 15, 2017","$1.99","N/A (N/A)","100,000 .. 200,000","00:00 (00:00)","Tero Lunkka, Mikko Seppälä","HaDe Games"
"4586","Steam Tactics","Sep 12, 2017","$4.99","N/A (N/A)","100,000 .. 200,000","00:00 (00:00)","Igor Rashkuev","Igor Rashkuev"
"4698","Trianguluv","Mar 15, 2017","$1.99","N/A (N/A)","100,000 .. 200,000","00:00 (00:00)","Bohdan Taraba","Bohdan Taraba"
"4749","No Lights","Aug 7, 2017","$3.99","N/A (N/A)","100,000 .. 200,000","00:00 (00:00)","Cubamano","EasyGames"
"4757","Three Days","May 19, 2017","$0.99","N/A (N/A)","100,000 .. 200,000","00:00 (00:00)","Lewis Bergin, GorePixelGames","Lewis Bergin"
"4777","Riot of the numbers","Jan 19, 2017","$0.49","N/A (N/A)","100,000 .. 200,000","00:00 (00:00)","Mihai Morosanu","Mihai Morosanu"
"4786","The soldier in the mine","Aug 14, 2017","$0.69","N/A (N/A)","100,000 .. 200,000","00:00 (00:00)","Laush Dmitriy Sergeevich","Laush Studio"
"4794","After The End: The Harvest","Jun 2, 2017","$4.99","N/A (N/A)","100,000 .. 200,000","00:00 (00:00)","Elushis","Elushis Music & Gaming"
"4798","The Inevitability","Apr 17, 2017","$4.99","N/A (N/A)","100,000 .. 200,000","00:00 (00:00)","VaNyuHa","VaNyuHa"
"4816","Deep Blue 3D Maze in Space","May 17, 2017","$0.99","N/A (N/A)","100,000 .. 200,000","00:00 (00:00)","Ice Code Games","Ice Code Games"
"4855","The Legend of Bean","Dec 21, 2017","$2.99","N/A (N/A)","100,000 .. 200,000","00:00 (00:00)","Windward_Birds","XNZONE"
"4877","Rogue Port - Blue Nightmare","Mar 31, 2017","$4.99","N/A (N/A)","100,000 .. 200,000","00:00 (00:00)","Volens Nolens Games","Volens Nolens Games"
"4925","Rocket Wars","Jun 15, 2017","$0.99","N/A (N/A)","100,000 .. 200,000","00:00 (00:00)","Rooftop Panda","Rooftop Panda"
"4932","Outbreak","Jan 17, 2017","$9.99","N/A (N/A)","100,000 .. 200,000","00:00 (00:00)","Dead Drop Studios LLC","Dead Drop Studios LLC"
"4993","The Village","Oct 12, 2017","$0.49","N/A (N/A)","100,000 .. 200,000","00:00 (00:00)","Softwaves","SA Industry"
"5006","Nash Racing","Aug 2, 2017","$3.99","N/A (N/A)","100,000 .. 200,000","00:00 (00:00)","Tero Lunkka","HaDe Games"
"5022","Save Their Souls","Apr 11, 2017","$0.49","N/A (N/A)","100,000 .. 200,000","00:00 (00:00)","KomBits Game Studio","KomBits Game Studio"
"5029","Polterheist","Feb 22, 2017","$4.99","N/A (N/A)","100,000 .. 200,000","00:00 (00:00)","BisquitPlay","BisquitPlay"
"5041","Twilight Town","Dec 4, 2017","Free","N/A (N/A)","100,000 .. 200,000","00:00 (00:00)","Absolutist Ltd.","Absolutist Ltd."
"5069","Red Death","Mar 23, 2017","$0.99","N/A (N/A)","100,000 .. 200,000","00:00 (00:00)","Panda Indie Studio, WrathSchneider","Panda Indie Studio"
"5096","SQUAKE","Feb 1, 2017","N/A","N/A (N/A)","100,000 .. 200,000","00:00 (00:00)","On5","On5"
"5107","BREACH IT","May 30, 2017","$4.99","N/A (N/A)","100,000 .. 200,000","00:00 (00:00)","Domas Sabockis","My Way Games"
"5130","Judas","Jan 18, 2017","$2.99","N/A (N/A)","100,000 .. 200,000","00:00 (00:00)","Studio48",""
"5133","Chimpology","Jun 21, 2017","$1.99","N/A (N/A)","100,000 .. 200,000","00:00 (00:00)","themorfeus, Junkhive","Junkhive"
"5194","Bannerman","Aug 31, 2017","$8.99","N/A (N/A)","100,000 .. 200,000","00:00 (00:00)","Armitage Games","Armitage Games"
"5201","Distant Space 2","Nov 2, 2017","$0.28","N/A (N/A)","100,000 .. 200,000","00:00 (00:00)","PixelMouse","PixelMouse"
"5213","POBEDA","May 9, 2017","$0.99","N/A (N/A)","100,000 .. 200,000","00:00 (00:00)","RCG, MyST","Conglomerate 5"
"5244","Star Control I and II","Oct 19, 2017","$3.99","N/A (N/A)","100,000 .. 200,000","00:00 (00:00)","Toys for Bob","Stardock Entertainment"
"5253","Pixel Shopkeeper","Jul 20, 2017","$6.99","N/A (N/A)","100,000 .. 200,000","00:00 (00:00)","Pixel Prototype","Pixel Prototype"
"5258","Laraan","Jan 11, 2017","$4.99","N/A (N/A)","100,000 .. 200,000","00:00 (00:00)","Flynn's Arcade","Flynn's Arcade"
"5273","Inner silence","Feb 11, 2017","$0.99","N/A (N/A)","100,000 .. 200,000","00:00 (00:00)","Volens Nolens Games","Volens Nolens Games"
"5277","Endless Horde","Apr 10, 2017","$0.99","N/A (N/A)","100,000 .. 200,000","00:00 (00:00)","Ominous Entertainment","Ominous Entertainment"
"5304","Oracle","Feb 28, 2017","$0.99","N/A (N/A)","100,000 .. 200,000","00:00 (00:00)","Watercolor Games","Watercolor Games"
"5314","Escape: VR","Apr 12, 2017","$1.99","N/A (N/A)","100,000 .. 200,000","00:00 (00:00)","JapanCo","Bitlock Studio"
"5323","What The Heck, Dude?","Jan 10, 2017","$0.49","N/A (N/A)","100,000 .. 200,000","00:00 (00:00)","The_Kiddy","The_Kiddy"
"5333","Little Kite","Sep 14, 2017","$2.09","N/A (N/A)","100,000 .. 200,000","00:00 (00:00)","Anate Studio","Anate Studio"
"5339","Lucky Night: Texas Hold'em VR","Jul 26, 2017","Free","N/A (N/A)","100,000 .. 200,000","00:00 (00:00)","ATC Games","ATC Games"
"5344","Cyberline Racing","Mar 22, 2017","$0.99","N/A (N/A)","100,000 .. 200,000","00:00 (00:00)","MagicIndie","Plug In Digital"
"5346","TAIKU MANSION","Feb 13, 2017","$4.99","N/A (N/A)","100,000 .. 200,000","00:00 (00:00)","KITATUS STUDIOS","My Way Games"
"5352","Sentience: The Android's Tale","Jun 2, 2017","$4.99","N/A (N/A)","100,000 .. 200,000","00:00 (00:00)","Pilgrim Adventures","GrabTheGames"
"5355","Aerial Destruction","May 18, 2017","$0.49","N/A (N/A)","100,000 .. 200,000","00:00 (00:00)","Devdan Games","Conglomerate 5"
"5363","Hide and Seek","Aug 31, 2017","Free","N/A (N/A)","100,000 .. 200,000","00:00 (00:00)","Llama Software","Llama Software"
"5423","Japanese Women - Animated Jigsaws","Apr 10, 2017","$9.99","N/A (N/A)","100,000 .. 200,000","00:00 (00:00)","BottleCube inc.","BottleCube inc."
"5443","Frisky Business","Mar 24, 2017","$4.99","N/A (N/A)","100,000 .. 200,000","00:00 (00:00)","K Bros Games","K Bros Games"
"5457","Chosen 2","Mar 10, 2017","$4.99","N/A (N/A)","100,000 .. 200,000","00:00 (00:00)","Little Big Lee","Senpai Industrial Studios"
"5477","Zzzz-Zzzz-Zzzz","Jun 5, 2017","Free","N/A (N/A)","100,000 .. 200,000","00:00 (00:00)","SaintHeiser","Half-Face Games"
"5493","LOGistICAL","Feb 15, 2017","$9.99","N/A (N/A)","100,000 .. 200,000","00:00 (00:00)","Sacada","Sacada"
"5531","Cybercube","Oct 10, 2017","$29.99","N/A (N/A)","100,000 .. 200,000","00:00 (00:00)","EGAMER","SA Industry"
"5533","Metamorfose S","Jul 4, 2017","$4.99","N/A (N/A)","100,000 .. 200,000","00:00 (00:00)","Andre Monteiro","SA Industry"
"5536","Shadows 2: Perfidia","Mar 24, 2017","$9.99","N/A (N/A)","100,000 .. 200,000","00:00 (00:00)","MrCiastku","IceTorch Interactive"
"5539","Cooking Witch","May 18, 2017","$1.99","N/A (N/A)","100,000 .. 200,000","00:00 (00:00)","VaragtP","VaragtP"
"5541","Hungry Flame","Mar 8, 2017","$1.49","N/A (N/A)","100,000 .. 200,000","00:00 (00:00)","EGAMER","SA Industry"
"5556","Mass Exodus Redux","May 4, 2017","$6.99","N/A (N/A)","100,000 .. 200,000","00:00 (00:00)","Altaire","Altaire"
"5558","Keyboard Killers","Sep 21, 2017","Free","N/A (N/A)","100,000 .. 200,000","00:00 (00:00)","Heaven Brotherhood","Heaven Brotherhood, GrabTheGames"
"5590","Incline","Oct 9, 2017","Free","N/A (N/A)","100,000 .. 200,000","00:00 (00:00)","Homewreckers Studio","Homewreckers Studio"
"5597","Hive Jump","Jan 18, 2017","$19.99","N/A (N/A)","100,000 .. 200,000","00:00 (00:00)","Graphite Lab","Graphite Lab"
"5632","Sonny","Apr 17, 2017","$4.99","N/A (N/A)","100,000 .. 200,000","00:00 (00:00)","Krin Juangbhanich","Armor Games Studios"
"5633","Bronze Age - HD Edition","Sep 25, 2017","$0.8","N/A (N/A)","100,000 .. 200,000","00:09 (00:03)","Clarus Victoria","Clarus Victoria"
"5635","Hotel Anatolia","Mar 20, 2017","$0.99","N/A (N/A)","100,000 .. 200,000","00:00 (00:00)","Elven Workshop","Elven Workshop"
"5645","The Last Hope: Trump vs Mafia - North Korea","Jan 20, 2017","$4.99","N/A (N/A)","100,000 .. 200,000","00:00 (00:00)","new dev","new dev"
"5646","Creature Clicker - Capture, Train, Ascend!","Apr 28, 2017","Free","N/A (N/A)","100,000 .. 200,000","00:00 (00:00)","ColloseusX","Phat Phrog Studios"
"5656","Galaxy Admirals","Jan 17, 2017","$1.99","N/A (N/A)","100,000 .. 200,000","00:00 (00:00)","Jetdogs Studios","Jetdogs Studios"
"5683","Black Mirror","Nov 28, 2017","$29.99","N/A (N/A)","100,000 .. 200,000","00:00 (00:00)","KING Art","THQ Nordic"
"5696","Arcana Heart 3 LOVEMAX SIXSTARS!!!!!! XTEND","Dec 12, 2017","$29.99","N/A (N/A)","100,000 .. 200,000","00:00 (00:00)","Team Arcana","Arc System Works"
"5700","Project Mercury","Sep 19, 2017","$0.99","N/A (N/A)","100,000 .. 200,000","00:00 (00:00)","Raxasoft Games","Raxasoft Games"
"5727","OVRdrop","Mar 31, 2017","$9.99","N/A (N/A)","100,000 .. 200,000","00:00 (00:00)","Nicholas Ewalt","Nicholas Ewalt"
"5734","A House of Many Doors","Feb 3, 2017","$10.99","N/A (N/A)","100,000 .. 200,000","00:00 (00:00)","Pixel Trickery","Pixel Trickery"
"5744","鸿源战纪 - Tales of Hongyuan","Aug 31, 2017","$12.99","N/A (N/A)","100,000 .. 200,000","00:00 (00:00)","Hongyuan Game","Hongyuan Game"
"5749","Therian Saga","Mar 27, 2017","Free","N/A (N/A)","100,000 .. 200,000","00:00 (00:00)","Virtys","Virtys"
"5759","Sudden Strike Gold","May 22, 2017","$2.39","N/A (N/A)","100,000 .. 200,000","00:00 (00:00)","Fireglow","Kalypso Media Digital"
"5764","Ninja Stealth 3","Dec 6, 2017","$0.49","N/A (N/A)","100,000 .. 200,000","00:00 (00:00)","SC Jogos","SC Jogos"
"5769","Blaite","Jan 2, 2017","$0.49","N/A (N/A)","100,000 .. 200,000","00:00 (00:00)","Dosane Games","Akim Games"
"5778","Fences 3","Mar 29, 2017","N/A","N/A (N/A)","100,000 .. 200,000","00:01 (00:00)","Stardock","Stardock"
"5791","Live Wallpaper Master","Dec 7, 2017","$3.99","N/A (N/A)","100,000 .. 200,000","00:00 (00:00)","DesktopPaints LLC","DesktopPaints LLC"
"5795","- Arcane Raise -","Mar 10, 2017","$0.99","N/A (N/A)","100,000 .. 200,000","00:00 (00:00)","Arcane Raise","WAX Publishing"
"5813","Slash It Ultimate","Jul 14, 2017","$1.49","N/A (N/A)","100,000 .. 200,000","00:00 (00:00)","EGAMER","SA Industry"
"5815","The Fishing Club 3D: Co-op Sport Angling","Mar 23, 2017","Free","N/A (N/A)","100,000 .. 200,000","00:00 (00:00)","Robot Riot UG (haftungsbeschränkt)","Robot Riot UG (haftungsbeschränkt)"
"5816","Nights of Azure","Feb 7, 2017","$29.99","N/A (N/A)","100,000 .. 200,000","00:00 (00:00)","KOEI TECMO GAMES CO., LTD.","KOEI TECMO GAMES CO., LTD."
"5829","Drift Horizon Online","Mar 23, 2017","$0.49","N/A (N/A)","100,000 .. 200,000","00:00 (00:00)","JDM4iK Games","SA Industry, BATYSTORE LTD"
"5836","Starlight of Aeons","Dec 8, 2017","N/A","N/A (N/A)","100,000 .. 200,000","00:00 (00:00)","Angels Blue Digital Entertainment, DigitalEZ","DigitalEZ"
"5851","Imperium Galactica II","Jan 19, 2017","$9.99","N/A (N/A)","100,000 .. 200,000","42:10 (14:03)","Digital Reality, Gyroscope Games","THQ Nordic"
"5854","The Land of Pain","Sep 13, 2017","$11.99","N/A (N/A)","100,000 .. 200,000","00:00 (00:00)","Alessandro Guzzo","Alessandro Guzzo"
"5859","LEAVES - The Journey","Mar 7, 2017","$0.74","N/A (N/A)","100,000 .. 200,000","00:00 (00:00)","ZAR 21","Daedalic Entertainment"
"5863","Dies irae ~Amantes amentes~","Jun 2, 2017","Free","N/A (N/A)","100,000 .. 200,000","00:00 (00:00)","light","views Co., Ltd"
"5864","Revhead","Mar 9, 2017","$19.99","N/A (N/A)","100,000 .. 200,000","04:19 (01:26)","Creative Pudding Hungary Llc.","Creative Pudding Hungary Llc."
"5867","Stay! Stay! Democratic People's Republic of Korea!","May 11, 2017","$9.99","N/A (N/A)","100,000 .. 200,000","00:00 (00:00)","DEVGRU-P","DEVGRU-P"
"5872","Evil Tag","Apr 7, 2017","$0.99","N/A (N/A)","100,000 .. 200,000","00:00 (00:00)","HFM Games","HFM Games"
"5880","Total Miner","Dec 23, 2017","$2.99","N/A (N/A)","100,000 .. 200,000","00:00 (00:00)","Brandon Moore","Brandon Moore"
"5881","SKYBOX VR Video Player","Oct 24, 2017","$9.99","N/A (N/A)","100,000 .. 200,000","00:00 (00:00)","Skybox Studio","Source Technology"
"5885","Constructor","May 26, 2017","$29.99","N/A (N/A)","100,000 .. 200,000","00:00 (00:00)","System 3","System 3"
"5886","Formata","Dec 7, 2017","$9.99","N/A (N/A)","100,000 .. 200,000","00:00 (00:00)","Nezon Production","Nezon Production"
"5891","Death Squared","Mar 13, 2017","$14.99","N/A (N/A)","100,000 .. 200,000","00:00 (00:00)","SMG Studio","SMG Studio"
"5893","Sphinx and the Cursed Mummy","Nov 10, 2017","$14.99","N/A (N/A)","100,000 .. 200,000","00:00 (00:00)","Eurocom, THQ Nordic","THQ Nordic"
"5895","aMAZE","Mar 14, 2017","$1.99","N/A (N/A)","100,000 .. 200,000","00:00 (00:00)","Blender Games","Blender Games"
"5902","Blood Feed","Jul 19, 2017","$0.99","N/A (N/A)","100,000 .. 200,000","00:00 (00:00)","Racing Bros","ANPA.US"
"5903","Tower!3D Pro","Mar 8, 2017","$59.99","N/A (N/A)","100,000 .. 200,000","00:00 (00:00)","FeelThere","FeelThere"
"5906","50 years","May 26, 2017","$4.99","N/A (N/A)","100,000 .. 200,000","00:00 (00:00)","Aleksandr Golovkin","Aleksandr Golovkin"
"5909","Pixel Privateers","Feb 21, 2017","$14.99","N/A (N/A)","100,000 .. 200,000","00:00 (00:00)","Quadro Delta","Re-Logic"
"5913","Mysterium: A Psychic Clue Game","Jan 12, 2017","$6.99","N/A (N/A)","100,000 .. 200,000","00:00 (00:00)","Twin Sails Interactive, Playsoft","Twin Sails Interactive"
"5919","Flying Tigers: Shadows Over China","May 29, 2017","$14.99","N/A (N/A)","100,000 .. 200,000","00:00 (00:00)","ACE MADDOX","ACE MADDOX"
"5926","Sorry, James","Nov 10, 2017","$6.99","N/A (N/A)","100,000 .. 200,000","00:00 (00:00)","Konstructors","Hook Games, GrabTheGames, WhisperGames"
"5927","TO THE TOP","May 18, 2017","$19.99","N/A (N/A)","100,000 .. 200,000","00:00 (00:00)","Electric Hat Games LLC.","Electric Hat Games LLC."
"5936","CrossCells","May 26, 2017","$2.99","N/A (N/A)","100,000 .. 200,000","00:00 (00:00)","Matthew Brown","Matthew Brown"
"5943","Use Your Words","Apr 3, 2017","$14.99","N/A (N/A)","100,000 .. 200,000","00:00 (00:00)","Smiling Buddha Games, LLC","Screenwave Media"
"5947","Interplanetary: Enhanced Edition","Aug 2, 2017","$14.99","N/A (N/A)","100,000 .. 200,000","03:06 (01:02)","Team Jolly Roger","Team17 Digital Ltd"
"5948","#monstercakes","May 5, 2017","$0.99","N/A (N/A)","100,000 .. 200,000","12:16 (04:05)","Paleno Games","Paleno Games"
"5950","Alien Shooter TD","Jan 13, 2017","$9.99","N/A (N/A)","100,000 .. 200,000","00:00 (00:00)","Sigma Team Inc.","Sigma Team Inc."
"5952","Lines X","Oct 31, 2017","$0.99","N/A (N/A)","100,000 .. 200,000","00:00 (00:00)","Konstructors","Hook Games"
"5953","Aaero","Apr 11, 2017","$14.99","N/A (N/A)","100,000 .. 200,000","05:34 (01:51)","Mad Fellows","Wired Productions"
"5958","SAELIG","Jun 30, 2017","$14.99","N/A (N/A)","100,000 .. 200,000","00:00 (00:00)","Atorcoppe Games","Atorcoppe Games"
"5960","Need For Drink","Nov 3, 2017","$1.99","N/A (N/A)","100,000 .. 200,000","00:06 (00:02)","Room710Games","Room710Games"
"5964","Easy Red","Dec 1, 2017","$3.99","N/A (N/A)","100,000 .. 200,000","00:00 (00:00)","Marco Amadei","Corvostudio di Amadei Marco"
"5968","Starblast","Nov 8, 2017","$9.99","N/A (N/A)","100,000 .. 200,000","00:00 (00:00)","Neuronality","Neuronality"
"5969","电竞俱乐部/ESports Club","Jun 29, 2017","$8.99","N/A (N/A)","100,000 .. 200,000","00:00 (00:00)","Hangzhou Xinlan Network Technology Co.,Ltd.","Hangzhou Xinlan Network Technology Co.,Ltd."
"5974","Virtual Rides 3 - Funfair Simulator","Mar 16, 2017","$24.99","N/A (N/A)","100,000 .. 200,000","00:00 (00:00)","Pixelsplit Simulations","Pixelsplit Simulations, Pixelsplit"
"5976","Fragmented","Aug 15, 2017","$9.99","N/A (N/A)","100,000 .. 200,000","00:00 (00:00)","Above and Beyond Technologies","Above and Beyond Technologies"
"5977","Oik 3","Nov 9, 2017","$0.99","N/A (N/A)","100,000 .. 200,000","00:00 (00:00)","Crew Lab","Crew Lab"
"5992","Carrier Deck","Jun 15, 2017","$9.99","N/A (N/A)","100,000 .. 200,000","00:00 (00:00)","Every Single Soldier","Every Single Soldier"
"5999","Ratty Catty","Sep 19, 2017","$14.99","N/A (N/A)","100,000 .. 200,000","00:00 (00:00)","Kerim Kumbasar","Kerim Kumbasar"
"6001","The Search","Apr 13, 2017","$3.99","N/A (N/A)","100,000 .. 200,000","00:00 (00:00)","Jason Godbey","Jason Godbey"
"6005","Tiny Town VR","Aug 2, 2017","$14.99","N/A (N/A)","100,000 .. 200,000","00:00 (00:00)","Lumbernauts","Lumbernauts"
"6006","MXGP3 - The Official Motocross Videogame","May 29, 2017","$1.99","N/A (N/A)","100,000 .. 200,000","03:41 (01:13)","Milestone S.r.l.","Milestone S.r.l."
"6009","Running Through Russia","May 21, 2017","$0.99","N/A (N/A)","100,000 .. 200,000","00:00 (00:00)","Spell Helix","Spell Helix"
"6011","3030 Deathwar Redux - A Space Odyssey","Sep 13, 2017","$14.99","N/A (N/A)","100,000 .. 200,000","00:00 (00:00)","Bird in Sky","Crunchy Leaf Games"
"6013","Saurian","Aug 2, 2017","$19.99","N/A (N/A)","100,000 .. 200,000","00:00 (00:00)","Urvogel Games, LLC","Urvogel Games, LLC"
"6014","Sky Rogue","Aug 24, 2017","$19.99","N/A (N/A)","100,000 .. 200,000","00:00 (00:00)","Fractal Phase","Fractal Phase"
"6016","Arcade Moonlander","Oct 25, 2017","$0.99","N/A (N/A)","100,000 .. 200,000","00:00 (00:00)","Daniel Paul Griffin","Back Of Nowhere Studios"
"6018","Let Them Come","Oct 3, 2017","$7.99","N/A (N/A)","100,000 .. 200,000","00:00 (00:00)","Tuatara Games","Versus Evil"
"6022","BLUE REFLECTION","Sep 26, 2017","$59.99","N/A (N/A)","100,000 .. 200,000","00:00 (00:00)","KOEI TECMO GAMES CO., LTD.","KOEI TECMO GAMES CO., LTD."
"6030","Shio","May 4, 2017","$11.99","N/A (N/A)","100,000 .. 200,000","00:00 (00:00)","Coconut Island Studio","Coconut Island Games"
"6033","The Letter - Horror Visual Novel","Jul 24, 2017","$19.99","N/A (N/A)","100,000 .. 200,000","00:00 (00:00)","Yangyang Mobile","Neon Doctrine , Yangyang Mobile"
"6034","GIBZ","Apr 7, 2017","$6.99","N/A (N/A)","100,000 .. 200,000","00:00 (00:00)","Torrunt","Torrunt"
"6035","Unforgiving - A Northern Hymn","Nov 27, 2017","$14.99","N/A (N/A)","100,000 .. 200,000","00:00 (00:00)","Angry Demon Studio","Angry Demon Studio"
"6037","Spark the Electric Jester","Apr 10, 2017","$7.99","N/A (N/A)","100,000 .. 200,000","00:00 (00:00)","Feperd Games","Feperd Games"
"6041","Project Rhombus","Dec 7, 2017","$0.99","N/A (N/A)","100,000 .. 200,000","00:00 (00:00)","SEROSOO","PsychoFlux Entertainment"
"6047","64.0","Mar 16, 2017","$2.99","N/A (N/A)","100,000 .. 200,000","00:05 (00:01)","rebel rabbit","rebel rabbit"
"6051","Weapon Shop Fantasy","Mar 27, 2017","$9.99","N/A (N/A)","100,000 .. 200,000","00:01 (00:00)","INDIECN","INDIECN"
"6053","Grey Hack","Dec 14, 2017","$19.99","N/A (N/A)","100,000 .. 200,000","03:24 (02:15)","Loading Home","Loading Home"
"6057","D&D Lords of Waterdeep","Sep 1, 2017","$9.99","N/A (N/A)","100,000 .. 200,000","00:00 (00:00)","Playdek, Inc.","Playdek, Inc."
"6062","Blackout Z: Slaughterhouse Edition","Oct 20, 2017","$4.99","N/A (N/A)","100,000 .. 200,000","00:00 (00:00)","NukGames","NukGames"
"6063","Batman: Arkham VR","Apr 25, 2017","$2.99","N/A (N/A)","100,000 .. 200,000","00:00 (00:00)","Rocksteady Studios","Warner Bros. Interactive Entertainment"
"6069","Crashday Redline Edition","Aug 10, 2017","$11.99","N/A (N/A)","100,000 .. 200,000","00:00 (00:00)","Moonbyte","2tainment GmbH"
"6070","Chess Ultra","Jun 21, 2017","$12.99","N/A (N/A)","100,000 .. 200,000","00:11 (00:03)","Ripstone","Ripstone"
"6081","GameMaker Studio 2 Desktop","Mar 8, 2017","N/A","N/A (N/A)","100,000 .. 200,000","00:00 (00:00)","YoYo Games Ltd.","YoYo Games Ltd."
"6083","Super Fancy Pants Adventure","Sep 20, 2017","$9.99","N/A (N/A)","100,000 .. 200,000","00:00 (00:00)","Borne Games","2 Left Thumbs"
"6084","Zup! 7","Dec 12, 2017","$1.99","N/A (N/A)","100,000 .. 200,000","00:00 (00:00)","Quiet River","Quiet River"
"6085","River City Ransom: Underground","Feb 27, 2017","$19.99","N/A (N/A)","100,000 .. 200,000","00:00 (00:00)","Conatus Creative Inc.","Conatus Creative Inc."
"6086","Bad Dream: Coma","Mar 9, 2017","$8.99","N/A (N/A)","100,000 .. 200,000","00:00 (00:00)","Desert Fox","Desert Fox"
"6090","Zup! 6","Sep 19, 2017","$1.99","N/A (N/A)","100,000 .. 200,000","00:00 (00:00)","Quiet River","Quiet River"
"6092","Wonder Boy: The Dragon's Trap","Jun 8, 2017","$4.99","N/A (N/A)","100,000 .. 200,000","00:00 (00:00)","Lizardcube","Dotemu"
"6097","Stream Avatars","Jul 26, 2017","$14.99","N/A (N/A)","100,000 .. 200,000","18:59 (18:20)","Travis Miller","Travis Miller"
"6099","侠客风云传前传(Tale of Wuxia:The Pre-Sequel)","Aug 14, 2017","$16.99","N/A (N/A)","100,000 .. 200,000","00:00 (00:00)","Heluo Studio","Phoenix Game"
"6100","Discord Bot Maker","Aug 21, 2017","$9.99","N/A (N/A)","100,000 .. 200,000","01:21 (00:27)","Robert Borghese","Robert Borghese"
"6102","Misao - 2024 HD Remaster","Oct 25, 2017","$9.99","N/A (N/A)","100,000 .. 200,000","00:00 (00:00)","sen","PLAYISM"
"6106","Dungeon Painter Studio","Feb 26, 2017","$14.99","N/A (N/A)","100,000 .. 200,000","00:00 (00:00)","Pyromancers.com","Pyromancers.com"
"6109","The Coma: Recut","Sep 22, 2017","$14.99","N/A (N/A)","100,000 .. 200,000","00:52 (00:17)","Dvora Studio Co., Ltd.","Headup"
"6110","Charlie Murder","May 12, 2017","$9.99","N/A (N/A)","100,000 .. 200,000","00:00 (00:00)","Ska Studios","Ska Studios"
"6111","Zup! Zero","Apr 6, 2017","$1.99","N/A (N/A)","100,000 .. 200,000","00:00 (00:00)","Quiet River","Quiet River"
"6114","Zup! 5","Jun 13, 2017","$1.99","N/A (N/A)","100,000 .. 200,000","00:00 (00:00)","Quiet River","Quiet River"
"6117","WORLD OF FINAL FANTASY","Nov 21, 2017","$9.99","N/A (N/A)","100,000 .. 200,000","00:00 (00:00)","Square Enix","Square Enix"
"6129","Sudoku Universe / 数独宇宙","Dec 18, 2017","$1.49","N/A (N/A)","100,000 .. 200,000","00:00 (00:00)","Konstructors","Hook Games"
"6133","SPACEPLAN","May 3, 2017","$2.99","N/A (N/A)","100,000 .. 200,000","00:00 (00:00)","Jake Hollands","Devolver Digital"
"6139","BERSERK and the Band of the Hawk","Feb 21, 2017","$59.99","N/A (N/A)","100,000 .. 200,000","00:00 (00:00)","KOEI TECMO GAMES CO., LTD.","KOEI TECMO GAMES CO., LTD."
"6141","Home Sweet Home","Sep 26, 2017","$15.99","N/A (N/A)","100,000 .. 200,000","00:00 (00:00)","YGGDRAZIL GROUP CO.,LTD","YGGDRAZIL GROUP CO.,LTD"
"6145","Spooky's Jump Scare Mansion: HD Renovation","Mar 1, 2017","$9.99","N/A (N/A)","100,000 .. 200,000","01:23 (00:42)","Albino Moose Games","Albino Moose Games"
"6146","Survive the Nights","Dec 21, 2017","$19.99","N/A (N/A)","100,000 .. 200,000","00:00 (00:00)","a2z Interactive","a2z Interactive"
"6150","The Drone Racing League Simulator","Nov 1, 2017","$9.99","N/A (N/A)","100,000 .. 200,000","00:49 (00:16)","The Drone Racing League","The Drone Racing League"
"6154","Press X to Not Die","Oct 6, 2017","$0.74","N/A (N/A)","100,000 .. 200,000","00:00 (00:00)","All Seeing Eye Games","All Seeing Eye Games"
"6156","Our End of the World","Nov 2, 2017","$5.99","N/A (N/A)","100,000 .. 200,000","00:00 (00:00)","橘子班, 大好网","NVLMaker"
"6160","Cold Waters","Jun 5, 2017","$39.99","N/A (N/A)","100,000 .. 200,000","00:00 (00:00)","Killerfish Games","Killerfish Games"
"6177","Pixel Worlds: MMO Sandbox","Jun 8, 2017","N/A","N/A (N/A)","100,000 .. 200,000","00:00 (00:00)","Kukouri Mobile Entertainment","Kukouri Mobile Entertainment"
"6178","Danganronpa Another Episode: Ultra Despair Girls","Jun 27, 2017","$29.99","N/A (N/A)","100,000 .. 200,000","00:00 (00:00)","Spike Chunsoft Co., Ltd.","Spike Chunsoft Co., Ltd."
"6183","Ballistic Overkill","Mar 28, 2017","N/A","N/A (N/A)","100,000 .. 200,000","00:00 (00:00)","Aquiris Game Studio","Aquiris Game Studio"
"6204","Raging Loop","Aug 23, 2017","$29.99","N/A (N/A)","100,000 .. 200,000","32:09 (10:43)","KEMCO","KEMCO"
"8","Rez Infinite","Aug 9, 2017","$7.49","N/A (N/A/89%)","50,000 .. 100,000","00:00 (00:00)","Monstars Inc., Resonair","Enhance"
"53","HoPiKo","Jan 6, 2017","$6.99","N/A (N/A/82%)","50,000 .. 100,000","00:00 (00:00)","Laser Dog","Silver Lining Interactive"
"55","She Remembered Caterpillars","Jan 17, 2017","$11.99","N/A (N/A/82%)","50,000 .. 100,000","00:00 (00:00)","jumpsuit entertainment UG (haftungsbeschränkt)","Ysbryd Games, WhisperGames"
"56","L.A. Noire: The VR Case Files","Dec 15, 2017","$29.99","N/A (N/A/82%)","50,000 .. 100,000","00:00 (00:00)","Rockstar Games","Rockstar Games"
"96","Splasher","Feb 7, 2017","$14.99","N/A (N/A/79%)","50,000 .. 100,000","00:00 (00:00)","Splashteam","Dear Villagers"
"97","High Hell","Oct 23, 2017","$9.99","N/A (N/A/79%)","50,000 .. 100,000","00:00 (00:00)","Terri Vellmann, Doseone","Devolver Digital"
"107","The Infectious Madness of Doctor Dekker","May 19, 2017","$8.99","N/A (N/A/78%)","50,000 .. 100,000","00:00 (00:00)","D'Avekki Studios Ltd","D'Avekki Studios Ltd"
"110","The Mummy Demastered","Oct 24, 2017","$19.99","N/A (N/A/78%)","50,000 .. 100,000","00:00 (00:00)","WayForward","WayForward"
"112","The Norwood Suite","Oct 2, 2017","$9.99","N/A (N/A/78%)","50,000 .. 100,000","00:00 (00:00)","Cosmo D","Alliance"
"139","Lode Runner Legacy","Jul 13, 2017","$11.99","N/A (N/A/76%)","50,000 .. 100,000","00:00 (00:00)","Tozai Games, Inc., O-TWO inc., ESQUADRA,inc.","Tozai Games, Inc."
"143","Serious Sam's Bogus Detour","Jun 20, 2017","$9.99","N/A (N/A/76%)","50,000 .. 100,000","00:00 (00:00)","Crackshell, Croteam","Devolver Digital"
"144","Attentat 1942","Oct 31, 2017","$10.99","N/A (N/A/76%)","50,000 .. 100,000","00:00 (00:00)","Charles Games","Charles Games"
"156","GIGA WRECKER","Feb 6, 2017","$1.19","N/A (N/A/75%)","50,000 .. 100,000","00:00 (00:00)","GAME FREAK inc.","Rising Star Games"
"158","Hidden & Dangerous 2: Courage Under Fire","Dec 20, 2017","$9.99","N/A (N/A/75%)","50,000 .. 100,000","00:00 (00:00)","Illusion Softworks","2K"
"159","Vaporum","Sep 28, 2017","$19.99","N/A (N/A/75%)","50,000 .. 100,000","00:00 (00:00)","Fatbot Games, s. r. o.","Fatbot Games, s. r. o."
"161","GET EVEN","Jun 20, 2017","$29.99","N/A (N/A/75%)","50,000 .. 100,000","00:00 (00:00)","The Farm 51","BANDAI NAMCO Entertainment"
"174","Vampire: The Masquerade - Redemption","Apr 18, 2017","$2.99","N/A (N/A/74%)","50,000 .. 100,000","00:00 (00:00)","Nihilistic Software","Activision"
"175","Leaving Lyndow","Feb 8, 2017","$3.99","N/A (N/A/74%)","50,000 .. 100,000","00:00 (00:00)","Eastshade Studios","Eastshade Studios"
"177","Oriental Empires","Sep 14, 2017","$29.99","N/A (N/A/74%)","50,000 .. 100,000","00:00 (00:00)","Shining Pixel Studios","Iceberg Interactive"
"183","Children of Zodiarcs","Jul 18, 2017","$4.49","N/A (N/A/73%)","50,000 .. 100,000","00:00 (00:00)","Cardboard Utopia","Square Enix"
"184","Regalia: Of Men and Monarchs","May 18, 2017","$19.99","N/A (N/A/73%)","50,000 .. 100,000","00:00 (00:00)","Pixelated Milk","Pixelated Milk"
"186","Toukiden 2","Mar 21, 2017","$59.99","N/A (N/A/73%)","50,000 .. 100,000","00:00 (00:00)","KOEI TECMO GAMES CO., LTD.","KOEI TECMO GAMES CO., LTD."
"208","BOOR","Feb 14, 2017","$0.99","N/A (N/A/71%)","50,000 .. 100,000","00:00 (00:00)","DazlogStudio","BadLand Publishing"
"211","OVIVO","May 12, 2017","$9.99","N/A (N/A/71%)","50,000 .. 100,000","00:00 (00:00)","IzHard","IzHard"
"213","Alwa's Awakening","Feb 2, 2017","$9.99","N/A (N/A/71%)","50,000 .. 100,000","00:00 (00:00)","Elden Pixels","Elden Pixels"
"215","Conarium","Jun 6, 2017","$19.99","N/A (N/A/71%)","50,000 .. 100,000","00:00 (00:00)","Stormling Studios","Iceberg Interactive"
"237","The Fidelio Incident","May 23, 2017","$9.99","N/A (N/A/69%)","50,000 .. 100,000","00:00 (00:00)","Act 3 Games, LLC","Act 3 Games, LLC"
"239","Warhammer 40,000: Sanctus Reach","Jan 19, 2017","N/A","N/A (N/A/69%)","50,000 .. 100,000","01:00 (00:20)","Straylight Entertainment","Slitherine Ltd."
"251","Darkestville Castle","Sep 21, 2017","$14.99","N/A (N/A/68%)","50,000 .. 100,000","00:00 (00:00)","Epic Llama Games","ESDigital Games"
"257","Detached","May 18, 2017","$24.99","N/A (N/A/67%)","50,000 .. 100,000","00:00 (00:00)","Anshar Studios","Anshar Publishing"
"266","Original Journey","Aug 16, 2017","$11.99","N/A (N/A/66%)","50,000 .. 100,000","00:00 (00:00)","Bonfire Entertainment","Another Indie"
"268","Diluvion: Resubmerged","Feb 2, 2017","$19.99","N/A (N/A/66%)","50,000 .. 100,000","00:00 (00:00)","Arachnid Games","Good Shepherd Entertainment"
"272","Deadbeat Heroes","Oct 10, 2017","$4.49","N/A (N/A/65%)","50,000 .. 100,000","00:00 (00:00)","Upstream Arcade","Square Enix"
"273","The Crow's Eye","Mar 20, 2017","$9.99","N/A (N/A/65%)","50,000 .. 100,000","00:00 (00:00)","3D2 Entertainment","Akupara Games"
"275","ATOMEGA","Sep 19, 2017","$2.49","N/A (N/A/65%)","50,000 .. 100,000","00:00 (00:00)","Reflections, a Ubisoft Studio","Ubisoft"
"280","Moero Chronicle","Aug 16, 2017","$9.99","N/A (N/A/64%)","50,000 .. 100,000","00:00 (00:00)","COMPILE HEART, IDEA FACTORY","Idea Factory International"
"289","Has-Been Heroes","Mar 27, 2017","$19.99","N/A (N/A/63%)","50,000 .. 100,000","00:00 (00:00)","Frozenbyte","GameTrust Games"
"290","Voodoo Vince: Remastered","Apr 17, 2017","$14.99","N/A (N/A/63%)","50,000 .. 100,000","00:00 (00:00)","Beep Games, Inc.","Beep Games, Inc."
"301","Rogue Trooper Redux","Oct 17, 2017","$24.99","N/A (N/A/60%)","50,000 .. 100,000","00:00 (00:00)","TickTock Games","Rebellion"
"302","Arelite Core","Feb 8, 2017","$16.99","N/A (N/A/59%)","50,000 .. 100,000","00:00 (00:00)","Dragon Slumber","My Way Games"
"308","Behold the Kickmen","Jul 20, 2017","$3.99","N/A (N/A/58%)","50,000 .. 100,000","00:00 (00:00)","Size Five Games","Size Five Games"
"310","Lionheart: Legacy of the Crusader","Mar 15, 2017","$19.99","N/A (N/A/57%)","50,000 .. 100,000","00:00 (00:00)","Reflexive Entertainment, Black Isle Studios","Interplay Entertainment Corp."
"315","Don't Knock Twice","Sep 5, 2017","$19.99","N/A (N/A/56%)","50,000 .. 100,000","00:00 (00:00)","Wales Interactive","Wales Interactive"
"318","Freaky Awesome","Oct 18, 2017","$1.49","N/A (N/A/54%)","50,000 .. 100,000","00:00 (00:00)","Mandragora","Mandragora"
"335","NeverEnd","Feb 16, 2017","$0.55","N/A (N/A/44%)","50,000 .. 100,000","00:00 (00:00)","Duck","Sometimes You"
"409","Killer Elite – Time to Die","Apr 28, 2017","N/A","N/A (N/A)","50,000 .. 100,000","00:00 (00:00)","Wioleta Moniuszko","WRGenesis"
"422","RacetronicVR","Nov 13, 2017","Free","N/A (N/A)","50,000 .. 100,000","00:00 (00:00)","Charles Cochrane","Charles Cochrane"
"427","Red Spider3: A Heroine Never Dies","Feb 19, 2017","Free","N/A (N/A)","50,000 .. 100,000","00:00 (00:00)","studio wasp","studio wasp"
"497","Carlos III y la difusión de la antigüedad","Mar 13, 2017","Free","N/A (N/A)","50,000 .. 100,000","00:00 (00:00)","Future Lighthouse","Future Lighthouse"
"575","BeefeaterXO","Feb 14, 2017","Free","N/A (N/A)","50,000 .. 100,000","00:00 (00:00)","Future Lighthouse","Future Lighthouse"
"610","El Ministerio del Tiempo VR: El tiempo en tus manos","Jul 1, 2017","Free","N/A (N/A)","50,000 .. 100,000","00:00 (00:00)","Future Lighthouse","RTVE"
"630","Dragon Awaken","Jan 3, 2017","Free","N/A (N/A)","50,000 .. 100,000","00:00 (00:00)","Game Hollywood","Global Genom Corporate"
"639","Pararea--Social VR for Everyone (Beta)","Sep 15, 2017","Free","N/A (N/A)","50,000 .. 100,000","00:00 (00:00)","Metaverse","Metaverse"
"644","MyMoney","Sep 30, 2017","Free","N/A (N/A)","50,000 .. 100,000","00:00 (00:00)","edisonlee55","edisonlee55"
"671","Nightork Adventures 2 - Legacy of Chaos","Sep 4, 2017","Free","N/A (N/A)","50,000 .. 100,000","00:00 (00:00)","Warptear Entertainment","Warptear Entertainment"
"686","Tiny Toyfare","Oct 18, 2017","Free","N/A (N/A)","50,000 .. 100,000","00:00 (00:00)","Super Suite Studios","Super Suite Studios"
"699","Regenesis Arcade Lite","Nov 20, 2017","Free","N/A (N/A)","50,000 .. 100,000","00:00 (00:00)","Hyperbook Studio","Blue Technology Sp. z o.o."
"708","Hunt: The Unknown Quarry","Jan 30, 2017","Free","N/A (N/A)","50,000 .. 100,000","00:00 (00:00)","Quicksilver Software, Inc.","Quicksilver Software, Inc."
"711","Scrap","Oct 14, 2017","Free","N/A (N/A)","50,000 .. 100,000","00:00 (00:00)","Top Shelf Studios","None"
"721","Super Dungeon Master Ace RPG","Oct 15, 2017","Free","N/A (N/A)","50,000 .. 100,000","00:00 (00:00)","Dave Gumble","Dave Gumble"
"726","The Horus Heresy: Battle of Tallarn - Iron Edition","Feb 8, 2017","N/A","N/A (N/A)","50,000 .. 100,000","00:00 (00:00)","HexWar Games","HexWar Games"
"741","RoBros","May 20, 2017","Free","N/A (N/A)","50,000 .. 100,000","00:00 (00:00)","Team B.R.O.S.","Team B.R.O.S."
"760","Ripple Effect","May 31, 2017","Free","N/A (N/A)","50,000 .. 100,000","00:00 (00:00)","Well Played Studio, Inc","Well Played Studio, Inc"
"769","MineFight","Sep 23, 2017","Free","N/A (N/A)","50,000 .. 100,000","00:00 (00:00)","Talpel Games","Talpel Games"
"772","Aetherspace","Jul 3, 2017","Free","N/A (N/A)","50,000 .. 100,000","00:00 (00:00)","Munchkin's Lair","Munchkin's Lair"
"773","TENET","Oct 31, 2017","Free","N/A (N/A)","50,000 .. 100,000","00:00 (00:00)","ALTER-BOY","ALTER-BOY"
"786","Knightfall: Rivals","Jul 20, 2017","N/A","N/A (N/A)","50,000 .. 100,000","00:00 (00:00)","Behaviour Interactive Inc.","Behaviour Interactive Inc."
"792","Storm Riders","Apr 25, 2017","N/A","N/A (N/A)","50,000 .. 100,000","00:00 (00:00)","Mokylin Tech. Co.,Ltd","101XP"
"798","Son Korsan","May 30, 2017","Free","N/A (N/A)","50,000 .. 100,000","00:00 (00:00)","Consala Games","Consala Games"
"818","Wheel Riders Online OBT","Dec 27, 2017","Free","N/A (N/A)","50,000 .. 100,000","00:00 (00:00)","Raum Studio","Raum Studio"
"828","Soundscape VR","Apr 16, 2017","Free","N/A (N/A)","50,000 .. 100,000","00:00 (00:00)","Groove Science Studios","Groove Science Studios"
"831","MSI Electric City: Core Assault","Sep 8, 2017","Free","N/A (N/A)","50,000 .. 100,000","00:00 (00:00)","HyperBot Studio","MSI"
"846","Mystic Journey: Tri Peaks Solitaire","May 11, 2017","Free","N/A (N/A)","50,000 .. 100,000","00:00 (00:00)","FIVE-BN GAMES","FIVE-BN GAMES"
"847","RAYGUN COMMANDO VR","Jan 23, 2017","Free","N/A (N/A)","50,000 .. 100,000","00:00 (00:00)","Chun Y.","Chun Y."
"863","MermaidVR Video Player","Aug 15, 2017","Free","N/A (N/A)","50,000 .. 100,000","00:00 (00:00)","Mermaid VR Inc.","Mermaid VR Inc."
"865","The Parallax Effect","Dec 31, 2017","N/A","N/A (N/A)","50,000 .. 100,000","00:00 (00:00)","Danstarr13","Danstarr13"
"871","BATTLECREW Space Pirates","Jul 10, 2017","Free","N/A (N/A)","50,000 .. 100,000","00:00 (00:00)","DONTNOD ELEVEN","DONTNOD ELEVEN, Dear Villagers"
"872","Nova Blitz","Jul 11, 2017","Free","N/A (N/A)","50,000 .. 100,000","00:00 (00:00)","Dragon Foundry","Dragon Foundry, Hashbang Games"
"876","Ragnarok Journey","Jun 12, 2017","N/A","N/A (N/A)","50,000 .. 100,000","00:00 (00:00)","Youren","Gravity Interactive"
"879","Ways of History","Sep 1, 2017","Free","N/A (N/A)","50,000 .. 100,000","00:00 (00:00)","Glyph Worlds","Glyph Worlds"
"885","Relik","Oct 18, 2017","Free","N/A (N/A)","50,000 .. 100,000","00:00 (00:00)","Iron 27","Iron 27"
"894","The Flaws of Gravity","May 5, 2017","Free","N/A (N/A)","50,000 .. 100,000","00:00 (00:00)","Absorbed Studios","Absorbed Studios"
"895","Insanity VR: Last Score","Aug 15, 2017","Free","N/A (N/A)","50,000 .. 100,000","00:00 (00:00)","Threevol","Threevol"
"897","TwelveSky 2 Classic","Jan 27, 2017","N/A","N/A (N/A)","50,000 .. 100,000","00:00 (00:00)","SG Data","RedFox Games"
"903","Tactical Genius Online","Jan 20, 2017","N/A","N/A (N/A)","50,000 .. 100,000","00:00 (00:00)","Pixeltales.ru","Pixeltales.ru"
"912","Oats Studios - Volume 1 Assets","Jun 14, 2017","Free","N/A (N/A)","50,000 .. 100,000","00:00 (00:00)","Oats Studios","Oats Studios"
"914","Naev","Jul 17, 2017","Free","N/A (N/A)","50,000 .. 100,000","00:00 (00:00)","Naev Team","Naev Team"
"915","Palace of Cards","Dec 14, 2017","Free","N/A (N/A)","50,000 .. 100,000","00:00 (00:00)","Spiele-Palast GmbH","Spiele-Palast GmbH"
"919","Prey with Gun 带枪的猎物","Nov 23, 2017","Free","N/A (N/A)","50,000 .. 100,000","00:00 (00:00)","兔子放映部, 喵喵兔放映部, Meow Bunny Studio","兔子放映"
"921","Adventure Craft","Jul 5, 2017","Free","N/A (N/A)","50,000 .. 100,000","00:00 (00:00)","Edible Entertainment","Edible Entertainment"
"926","Freedom Locomotion VR","Mar 13, 2017","Free","N/A (N/A)","50,000 .. 100,000","00:00 (00:00)","Huge Robot","Huge Robot"
"927","The Last Conflict","Sep 21, 2017","Free","N/A (N/A)","50,000 .. 100,000","00:00 (00:00)","Darker Emerald","EmmyGames"
"932","The Slimeking's Tower","Jul 17, 2017","Free","N/A (N/A)","50,000 .. 100,000","00:00 (00:00)","RevampedPRO","RevampedPRO"
"934","Office Space: Idle Profits","Oct 18, 2017","N/A","N/A (N/A)","50,000 .. 100,000","00:00 (00:00)","Ultrabit","Kongregate"
"935","Chroma Blast","Jul 7, 2017","Free","N/A (N/A)","50,000 .. 100,000","00:00 (00:00)","William Cheek","William Cheek"
"937","Archangel: Hellfire - Enlist FREE","Aug 2, 2017","N/A","N/A (N/A)","50,000 .. 100,000","00:00 (00:00)","Skydance Interactive","Skydance Interactive"
"939","Antaria Online","Oct 4, 2017","N/A","N/A (N/A)","50,000 .. 100,000","00:00 (00:00)","Antaria, LLC","Antaria, LLC"
"949","The Last Weekend","Mar 3, 2017","Free","N/A (N/A)","50,000 .. 100,000","00:00 (00:00)","KEXBOY","KEXBOY"
"954","Chicken Farm 2K17","Dec 5, 2017","Free","N/A (N/A)","50,000 .. 100,000","00:00 (00:00)","Jakal Studios","Jakal Studios"
"956","Pro 11 - Football Manager Game","Apr 1, 2017","Free","N/A (N/A)","50,000 .. 100,000","00:00 (00:00)","Trophy Games ApS","Trophy Games ApS"
"958","IKEA VR Pancake Kitchen","May 30, 2017","Free","N/A (N/A)","50,000 .. 100,000","00:00 (00:00)","IKEA Communications AB","IKEA Communications AB"
"968","HIBIKAKEYIRONOKISEKI / 裂色的奇迹 / ひびかけ色のキセキ","Dec 15, 2017","N/A","N/A (N/A)","50,000 .. 100,000","00:00 (00:00)","ecoddr","Pujia8 Studio"
"973","Six Days of Snow","Dec 29, 2017","Free","N/A (N/A)","50,000 .. 100,000","00:00 (00:00)","ebi-hime","ebi-hime"
"974","Gangs of Space","Aug 10, 2017","Free","N/A (N/A)","50,000 .. 100,000","00:00 (00:00)","Little Big MMO","Little Big MMO"
"975","VEGAS Movie Studio 14 Platinum Steam Edition","Jul 14, 2017","N/A","N/A (N/A)","50,000 .. 100,000","00:00 (00:00)","MAGIX Software GmbH","MAGIX Software GmbH"
"987","Skylar & Plux: Adventure On Clover Island","May 19, 2017","N/A","N/A (N/A)","50,000 .. 100,000","00:00 (00:00)","Right Nice Games, Grip Digital","Grip Digital"
"988","Find You","Sep 4, 2017","Free","N/A (N/A)","50,000 .. 100,000","00:00 (00:00)","Byting Games","Byting Games"
"990","welcome to heaven","Jun 22, 2017","Free","N/A (N/A)","50,000 .. 100,000","00:00 (00:00)","vextro","vextro"
"995","Kings and Heroes","Nov 16, 2017","N/A","N/A (N/A)","50,000 .. 100,000","00:00 (00:00)","Industry Games","Industry Games"
"998","XXZ","Sep 29, 2017","Free","N/A (N/A)","50,000 .. 100,000","00:00 (00:00)","L. Stotch","L. Stotch"
"1007","The Golf Club 2","Jun 27, 2017","N/A","N/A (N/A)","50,000 .. 100,000","00:00 (00:00)","HB Studios","Maximum Games"
"1008","Ambre - a heartbreaking kinetic novel","Jun 9, 2017","Free","N/A (N/A)","50,000 .. 100,000","00:00 (00:00)","Träumendes Mädchen","Träumendes Mädchen"
"1009","Blocksworld","Sep 25, 2017","N/A","N/A (N/A)","50,000 .. 100,000","00:00 (00:00)","Fortell Games Inc, Blocksworld LLC","Fortell Games Inc"
"1011","Shark Simulator","Nov 22, 2017","Free","N/A (N/A)","50,000 .. 100,000","00:00 (00:00)","Aerilon Studios","Aerilon Studios"
"1013","Greetings","Jul 7, 2017","Free","N/A (N/A)","50,000 .. 100,000","00:00 (00:00)","Charlie Behan, Ciaran Mooney","Charlie Behan"
"1018","Grobda Remix","Nov 15, 2017","N/A","N/A (N/A)","50,000 .. 100,000","00:00 (00:00)","C.U.M原创游戏, 幽兰工房","SakuraGame"
"1029","Sounds of Her Love","Mar 9, 2017","Free","N/A (N/A)","50,000 .. 100,000","00:00 (00:00)","ds-sans","ds-sans"
"1032","Scream Collector","Oct 26, 2017","Free","N/A (N/A)","50,000 .. 100,000","00:00 (00:00)","PuzzleRoo","PuzzleRoo"
"1033","Microtransaction Simulator","Sep 14, 2017","Free","N/A (N/A)","50,000 .. 100,000","00:00 (00:00)","chlsea","chlsea"
"1034","1982","Jun 28, 2017","Free","N/A (N/A)","50,000 .. 100,000","00:00 (00:00)","Binary Zoo","Bit Toys"
"1041","Succubus Rem","Dec 19, 2017","N/A","N/A (N/A)","50,000 .. 100,000","00:00 (00:00)","とらいあんぐる！","Paradise Project"
"1044","Banyu Lintar Angin - Little Storm -","Mar 3, 2017","Free","N/A (N/A)","50,000 .. 100,000","00:00 (00:00)","Mojiken","Toge Productions"
"1060","Run Zeus Run","Oct 11, 2017","Free","N/A (N/A)","50,000 .. 100,000","00:00 (00:00)","GamerzDan","GamerzDan"
"1523","PHAT STACKS 2","Aug 15, 2017","$1.99","N/A (N/A)","50,000 .. 100,000","00:00 (00:00)","ColloseusX","Phat Phrog Studios"
"1535","Mahjong Match","Sep 19, 2017","$0.59","N/A (N/A)","50,000 .. 100,000","00:00 (00:00)","Boogygames Studios","Boogygames Studios"
"1607","Vincere Totus Astrum","Feb 20, 2017","$3.99","N/A (N/A)","50,000 .. 100,000","00:00 (00:00)","Gamesare","Clickteam"
"1836","Starfighter Neon","Dec 18, 2017","$0.99","N/A (N/A)","50,000 .. 100,000","00:00 (00:00)","MadeOfDinosaurs","MadeOfDinosaurs"
"2063","Loot Collection: Mahjong","Oct 5, 2017","$1.99","N/A (N/A)","50,000 .. 100,000","00:00 (00:00)","Boogygames Studios","Boogygames Studios"
"2630","Shattered Steel","May 3, 2017","$9.99","N/A (N/A)","50,000 .. 100,000","00:00 (00:00)","BioWare","Interplay Entertainment Corp."
"2737","Chowdertwo","Feb 21, 2017","$2.99","N/A (N/A)","50,000 .. 100,000","00:00 (00:00)","Ryan Jensen","Ryan Jensen"
"2796","RiotZ","Jul 6, 2017","$3.99","N/A (N/A)","50,000 .. 100,000","00:00 (00:00)","Triple Rush Games","Triple Rush Games"
"3213","Legion Tale","Sep 20, 2017","$4.99","N/A (N/A)","50,000 .. 100,000","00:00 (00:00)","Maulidan Games","Maulidan Games"
"3240","Pharmakon - Tactical Puzzle","Jul 20, 2017","$3.99","N/A (N/A)","50,000 .. 100,000","00:00 (00:00)","Visumeca Games","Visumeca Games"
"3256","New Frontier Days ~Founding Pioneers~","Jun 7, 2017","$9.99","N/A (N/A)","50,000 .. 100,000","00:00 (00:00)","Arc System Works","Arc System Works"
"3315","The Ghosts of Hackney Mills","Nov 20, 2017","$3.99","N/A (N/A)","50,000 .. 100,000","00:00 (00:00)","Sapphire Dragon Productions","Sapphire Dragon Productions"
"3350","Ascender","Mar 17, 2017","$8.99","N/A (N/A)","50,000 .. 100,000","00:00 (00:00)","GameChanger Studio","GameChanger Studio"
"3385","The Last Cargo","Mar 4, 2017","$9.99","N/A (N/A)","50,000 .. 100,000","00:00 (00:00)","Ehnenu","Ehnenu"
"3424","Gum Guy","Jan 3, 2017","$3.99","N/A (N/A)","50,000 .. 100,000","00:00 (00:00)","Nickana Studio","Nickana Studio"
"3428","Cosmic Awakening VR","Aug 25, 2017","$11.99","N/A (N/A)","50,000 .. 100,000","00:00 (00:00)","3D Generation","3D Generation"
"3508","ReSizE","Oct 12, 2017","$4.99","N/A (N/A)","50,000 .. 100,000","00:00 (00:00)","VI GAMES LLC","My Way Games"
"3557","Gold Rush! 2","Apr 28, 2017","$3.59","N/A (N/A)","50,000 .. 100,000","00:00 (00:00)","Sunlight Games","Sunlight Games"
"3566","The New Queen","Jan 13, 2017","$1.09","N/A (N/A)","50,000 .. 100,000","00:00 (00:00)","Warfare Studios","Warfare Studios"
"3717","Vehicle VR","Jun 9, 2017","$1.99","N/A (N/A)","50,000 .. 100,000","00:00 (00:00)","Nick Helweg","Nick Helweg"
"3785","Ashes of Immortality II - Bad Blood","Feb 13, 2017","$9.99","N/A (N/A)","50,000 .. 100,000","00:00 (00:00)","Warfare Studios","Warfare Studios"
"3798","Trapped Souls","Jan 4, 2017","$4.99","N/A (N/A)","50,000 .. 100,000","00:00 (00:00)","Fullmetal Developer","Fullmetal Developer"
"3824","The Sun Never Sets","Jun 6, 2017","$9.99","N/A (N/A)","50,000 .. 100,000","00:00 (00:00)","Cipher Hive","My Way Games"
"3867","Onyx","Apr 21, 2017","$0.99","N/A (N/A)","50,000 .. 100,000","00:00 (00:00)","Valkyria Games","Valkyria Games"
"3889","A Tale of Two Kingdoms","Oct 31, 2017","$11.99","N/A (N/A)","50,000 .. 100,000","00:00 (00:00)","Crystal Shard","Crystal Shard"
"3959","Avem33","Aug 4, 2017","Free","N/A (N/A)","50,000 .. 100,000","00:00 (00:00)","WaVR","WaVR"
"3962","Permute","Mar 17, 2017","$1.99","N/A (N/A)","50,000 .. 100,000","00:00 (00:00)","Cleverweek","Cleverweek"
"4000","Fated Souls 3","Mar 10, 2017","$0.99","N/A (N/A)","50,000 .. 100,000","00:00 (00:00)","Warfare Studios","Warfare Studios"
"4006","Hooligan Vasja: Halloween","Jul 8, 2017","$0.99","N/A (N/A)","50,000 .. 100,000","00:00 (00:00)","Trident Game Studio","Trident Game Studio"
"4022","Take the Cake","Nov 28, 2017","$16.99","N/A (N/A)","50,000 .. 100,000","00:00 (00:00)","Ebenit","My Way Games"
"4026","The Slopes","May 19, 2017","$4.99","N/A (N/A)","50,000 .. 100,000","00:00 (00:00)","Peter Labick, Connor Laux","My Way Games"
"4031","Sons of Triskelion","Apr 11, 2017","$0.99","N/A (N/A)","50,000 .. 100,000","00:00 (00:00)","Warfare Studios","Warfare Studios"
"4036","Red's Kingdom","Jan 19, 2017","$9.99","N/A (N/A)","50,000 .. 100,000","00:00 (00:00)","Cobra Mobile","Cobra Mobile"
"4048","Romance of the Three Kingdoms II","Jan 24, 2017","$12.99","N/A (N/A)","50,000 .. 100,000","00:00 (00:00)","KOEI TECMO GAMES CO., LTD.","KOEI TECMO GAMES CO., LTD."
"4060","CONTRACTED","Mar 10, 2017","$1.99","N/A (N/A)","50,000 .. 100,000","00:00 (00:00)","Hardy Games","Hardy Games"
"4068","The Far Frontier","Oct 26, 2017","$2.99","N/A (N/A)","50,000 .. 100,000","00:00 (00:00)","Chillax Games Studio","Chillax Games Studio"
"4072","Heavily Armed","Jun 16, 2017","$4.99","N/A (N/A)","50,000 .. 100,000","00:00 (00:00)","Figurehead Studios, CRASS Studios","CRASS Infotech"
"4096","Narborion Saga","Mar 20, 2017","$4.99","N/A (N/A)","50,000 .. 100,000","00:00 (00:00)","Liber Primus Games","Volens Nolens Games"
"4103","Hooligan Vasja: Christmas","Jul 19, 2017","$0.59","N/A (N/A)","50,000 .. 100,000","00:00 (00:00)","Trident Game Studio","Trident Game Studio"
"4133","Crazy Veggies","Apr 28, 2017","N/A","N/A (N/A)","50,000 .. 100,000","00:00 (00:00)","SOCO Games","Forever Entertainment S. A."
"4135","Grav Blazer Squared","Sep 8, 2017","$0.74","N/A (N/A)","50,000 .. 100,000","00:00 (00:00)","Ripknot Systems","Ripknot Systems"
"4143","Evil Glitch","May 31, 2017","$2.99","N/A (N/A)","50,000 .. 100,000","00:00 (00:00)","Agar3s","Giant Fox Studios"
"4149","Civil War: 1861","Feb 1, 2017","$9.99","N/A (N/A)","50,000 .. 100,000","00:00 (00:00)","HexWar Games","Hunted Cow Games"
"4152","Last Heroes 4","Apr 14, 2017","$0.99","N/A (N/A)","50,000 .. 100,000","00:00 (00:00)","Warfare Studios","Aldorlea Games"
"4154","Jade's Journey 2","May 12, 2017","$0.99","N/A (N/A)","50,000 .. 100,000","00:00 (00:00)","Warfare Studios","Warfare Studios"
"4187","Galactic Missile Defense","Jun 7, 2017","$1.99","N/A (N/A)","50,000 .. 100,000","00:00 (00:00)","Black Sheep Games","Black Sheep Games"
"4191","Seeking Evil: The Wendigo","Sep 11, 2017","$0.59","N/A (N/A)","50,000 .. 100,000","00:00 (00:00)","Copybugpaste","Copybugpaste"
"4194","Aqua Fish","Dec 28, 2017","$1.99","N/A (N/A)","50,000 .. 100,000","00:00 (00:00)","Starodymov",""
"4212","Gil's Lucid Dreams","Oct 17, 2017","$0.99","N/A (N/A)","50,000 .. 100,000","00:00 (00:00)","Oblion Studio","Oblion Studio"
"4224","Reformers","Nov 23, 2017","$9.99","N/A (N/A)","50,000 .. 100,000","00:00 (00:00)","RMking","RMking"
"4241","Two Worlds II HD - Call of the Tenebrae","Jul 13, 2017","$17.99","N/A (N/A)","50,000 .. 100,000","00:00 (00:00)","Reality Pump Studios","TopWare Interactive ACE"
"4286","interLOGIC","Feb 7, 2017","$3.99","N/A (N/A)","50,000 .. 100,000","00:00 (00:00)","phime studio LLC","phime studio LLC"
"4296","Langoth","Feb 27, 2017","$2.99","N/A (N/A)","50,000 .. 100,000","00:00 (00:00)","Atum Software","Sometimes You"
"4324","Fields XY","Apr 7, 2017","$3.99","N/A (N/A)","50,000 .. 100,000","00:00 (00:00)","Liam Hughes, Ryan Cooper","Liam Hughes, Ryan Cooper"
"4333","Shining Plume 2","Feb 24, 2017","$0.99","N/A (N/A)","50,000 .. 100,000","00:00 (00:00)","Warfare Studios","Warfare Studios"
"4335","TankCraft","Jan 9, 2017","$0.99","N/A (N/A)","50,000 .. 100,000","00:00 (00:00)","Snowdon Games","Snowdon Games"
"4347","The Butterfly Sign: Human Error","Mar 16, 2017","$4.99","N/A (N/A)","50,000 .. 100,000","00:00 (00:00)","Quantum Phoenix Bucharest","Quantum Phoenix Bucharest"
"4349","Employee Recycling Center","May 15, 2017","$3.99","N/A (N/A)","50,000 .. 100,000","00:00 (00:00)","Idea Cabin","Idea Cabin"
"4362","Supermagical","Aug 11, 2017","$3.99","N/A (N/A)","50,000 .. 100,000","00:00 (00:00)","Super Awesome Hyper Dimensional Mega Team","Super Awesome Hyper Dimensional Mega Team"
"4388","Stack","May 18, 2017","$4.99","N/A (N/A)","50,000 .. 100,000","00:00 (00:00)","AeroLab Studios","Volens Nolens Games"
"4397","Bang Bang Fruit 2","Oct 25, 2017","$0.99","N/A (N/A)","50,000 .. 100,000","00:00 (00:00)","Snkl Studio","Snkl Studio"
"4452","Bacon Tales - Between Pigs and Wolves","Oct 12, 2017","$1.99","N/A (N/A)","50,000 .. 100,000","00:00 (00:00)","Uruca Game Studio","Uruca Game Studio"
"4456","Steampunk Syndicate","Apr 13, 2017","$1.99","N/A (N/A)","50,000 .. 100,000","00:00 (00:00)","Stereo7 Games","Stereo7 Games"
"4495","Wasted Pizza","Oct 16, 2017","$0.99","N/A (N/A)","50,000 .. 100,000","00:00 (00:00)","Supine","Supine"
"4507","Beyond Magic","Feb 20, 2017","$0.99","N/A (N/A)","50,000 .. 100,000","00:00 (00:00)","Falling Star Studio","Falling Star Studio"
"4552","BAFL - Brakes Are For Losers","Oct 18, 2017","$9.99","N/A (N/A)","50,000 .. 100,000","00:00 (00:00)","Oudidon","Dear Villagers"
"4555","Tokyo Twilight Ghost Hunters Daybreak: Special Gigs","Mar 17, 2017","$9.99","N/A (N/A)","50,000 .. 100,000","00:00 (00:00)","Arc System Works, TOYBOX Inc.","PQube"
"4566","YAPP: Yet Another Puzzle Platformer","Dec 1, 2017","$1.99","N/A (N/A)","50,000 .. 100,000","00:05 (00:02)","Artless Games","Artless Games"
"4576","MetaMorph: Dungeon Creatures","Dec 13, 2017","$9.99","N/A (N/A)","50,000 .. 100,000","00:00 (00:00)","FireFly Studios","FireFly Studios"
"4585","The Dragons' Twilight","Jul 24, 2017","$4.99","N/A (N/A)","50,000 .. 100,000","00:00 (00:00)","G. A. Williams","G. A. Williams"
"4592","Nyheim","Jan 31, 2017","N/A","N/A (N/A)","50,000 .. 100,000","00:00 (00:00)","Happy Hobgoblin","Happy Hobgoblin"
"4600","Impossiball","Aug 8, 2017","$0.99","N/A (N/A)","50,000 .. 100,000","00:00 (00:00)","Dark Duo Games","Dark Duo Games"
"4610","Vindictive Drive","May 15, 2017","$0.59","N/A (N/A)","50,000 .. 100,000","00:00 (00:00)","Secret Society Games","Sometimes You"
"4619","Mortal Blitz","Jul 19, 2017","$19.99","N/A (N/A)","50,000 .. 100,000","00:00 (00:00)","Skonec Entertainment","Skonec Entertainment"
"4624","Lionessy Story","Jun 3, 2017","$4.99","N/A (N/A)","50,000 .. 100,000","00:00 (00:00)","Maltakreuz, Goodsir","Maltakreuz"
"4627","Crazy Buggy Racing","Apr 12, 2017","$4.99","N/A (N/A)","50,000 .. 100,000","00:00 (00:00)","VGstudio","VGstudio"
"4658","冒险村传说（Tales of Legends）","Feb 5, 2017","$1.99","N/A (N/A)","50,000 .. 100,000","00:00 (00:00)","Gemini Stars Games","psmint7"
"4675","Brick Breaker","Feb 20, 2017","$9.99","N/A (N/A)","50,000 .. 100,000","00:00 (00:00)","Sanuk Games","Nacon"
"4687","Star Sweet","Dec 11, 2017","$2.99","N/A (N/A)","50,000 .. 100,000","00:00 (00:00)","LillyWelland inc.","Bitlock Studio"
"4713","room13","Jan 13, 2017","$7.99","N/A (N/A)","50,000 .. 100,000","00:00 (00:00)","The Paper Robot","Clickteam"
"4731","Disputed Space","Dec 7, 2017","$1.99","N/A (N/A)","50,000 .. 100,000","00:00 (00:00)","ShilohGames","ShilohGames"
"4758","Cavern of Time","Feb 10, 2017","$0.99","N/A (N/A)","50,000 .. 100,000","00:00 (00:00)","SimProse Studios","Aldorlea Games"
"4759","69 Ways to Kill a Zombie","Jun 8, 2017","$0.99","N/A (N/A)","50,000 .. 100,000","00:00 (00:00)","Wadup Games","Conglomerate 5"
"4781","PooSky","Oct 11, 2017","$0.74","N/A (N/A)","50,000 .. 100,000","00:00 (00:00)","CSM, Excellente23","W.T.B."
"4782","Teria","Jan 17, 2017","$4.99","N/A (N/A)","50,000 .. 100,000","00:00 (00:00)","ElZzap Software","Volens Nolens Games"
"4815","Hunt For Gods","Nov 15, 2017","Free","N/A (N/A)","50,000 .. 100,000","00:00 (00:00)","StarworkGC","StarworkGC"
"4852","Nick","Dec 1, 2017","Free","N/A (N/A)","50,000 .. 100,000","00:00 (00:00)","Firstborn Games","Firstborn Games"
"4854","Tourists Kidnapped a Little Bear","Jan 20, 2017","$0.99","N/A (N/A)","50,000 .. 100,000","00:00 (00:00)","Wojciech Krupinski","KrupinskiArt"
"4867","Broccoli Bob","Mar 22, 2017","$4.99","N/A (N/A)","50,000 .. 100,000","00:00 (00:00)","Timberwolf Studios","My Way Games"
"4868","Road Dogs","Sep 26, 2017","Free","N/A (N/A)","50,000 .. 100,000","00:00 (00:00)","Teletower Studios","Teletower Studios"
"4873","The Deal","Feb 17, 2017","$0.99","N/A (N/A)","50,000 .. 100,000","00:00 (00:00)","Orfeas Game Studio","Aldorlea Games"
"4883","The Fall of Lazarus","Oct 4, 2017","Free","N/A (N/A)","50,000 .. 100,000","00:00 (00:00)","No Wand Studios","No Wand Studios"
"4884","Dream Stone","Mar 8, 2017","$0.49","N/A (N/A)","50,000 .. 100,000","00:00 (00:00)","QuickSave","SA Industry"
"4894","Dragon Climax","Dec 18, 2017","$3.99","N/A (N/A)","50,000 .. 100,000","00:00 (00:00)","SEEP","SEEP"
"4912","False Shelter","Apr 19, 2017","$0.99","N/A (N/A)","50,000 .. 100,000","00:00 (00:00)","Amaterasu Software","Amaterasu Software"
"4913","Supreme Ruler The Great War","Aug 1, 2017","N/A","N/A (N/A)","50,000 .. 100,000","00:00 (00:00)","BattleGoat Studios","BattleGoat Studios"
"4946","SWARMRIDER OMEGA","Sep 19, 2017","$0.49","N/A (N/A)","50,000 .. 100,000","00:00 (00:00)","Walter Machado","Walter Machado"
"4948","Grimoire Chronicles","Apr 20, 2017","$0.99","N/A (N/A)","50,000 .. 100,000","00:00 (00:00)","Warfare Studios","Warfare Studios"
"4953","Project RPG Remastered","Jan 10, 2017","$0.99","N/A (N/A)","50,000 .. 100,000","00:00 (00:00)","Acuze Interactives","Displacement Studios"
"4972","Other Worlds India","Jan 20, 2017","$0.99","N/A (N/A)","50,000 .. 100,000","00:00 (00:00)","SharF Co.","SharF Co."
"4973","Mastema: Out of Hell","Mar 3, 2017","$4.99","N/A (N/A)","50,000 .. 100,000","00:00 (00:00)","Oscar Celestini","Forever Entertainment S. A."
"4979","Hero","Feb 2, 2017","$4.99","N/A (N/A)","50,000 .. 100,000","00:00 (00:00)","Bakershah","Volens Nolens Games"
"4980","Girl Blonde","Oct 18, 2017","$0.59","N/A (N/A)","50,000 .. 100,000","00:00 (00:00)","Laush Dmitriy Sergeevich","Laush Studio"
"4981","Lift It","Jan 20, 2017","$0.49","N/A (N/A)","50,000 .. 100,000","00:00 (00:00)","89AM Studio","89AM Studio"
"4985","Through the Mirror","Jan 7, 2017","$4.99","N/A (N/A)","50,000 .. 100,000","00:00 (00:00)","Cleiton Oliveira","Volens Nolens Games"
"4991","Subterra","Sep 18, 2017","$1.99","N/A (N/A)","50,000 .. 100,000","00:00 (00:00)","Warfare Studios","Senpai Industrial Studios"
"4992","Ping Pong League","Feb 27, 2017","Free","N/A (N/A)","50,000 .. 100,000","00:00 (00:00)","Cover Corp.","Cover Corp."
"5030","Woodlands","Sep 27, 2017","$5.99","N/A (N/A)","50,000 .. 100,000","00:00 (00:00)","Acuze Interactives, Winterbyte","Acuze Interactives"
"5033","Solarium","Jul 27, 2017","Free","N/A (N/A)","50,000 .. 100,000","00:00 (00:00)","Sunfleck Software","Sunfleck Software"
"5036","Urlaubsflug Simulator – Holiday Flight Simulator","Apr 13, 2017","$14.99","N/A (N/A)","50,000 .. 100,000","00:00 (00:00)","Caipirinha Games","SimWare Simulations"
"5046","Zombie Ballz","Feb 10, 2017","$4.99","N/A (N/A)","50,000 .. 100,000","00:00 (00:00)","Almighty Games","My Way Games"
"5060","DEUS VULT | Online VR sword fighting","May 26, 2017","$4.99","N/A (N/A)","50,000 .. 100,000","00:00 (00:00)","raptor lab","raptor lab"
"5062","Aurora Trail","Dec 28, 2017","Free","N/A (N/A)","50,000 .. 100,000","00:00 (00:00)","Screenhit Studios","Screenhit Studios"
"5064","Romance of the Three Kingdoms VII with Power Up Kit","Jul 25, 2017","$19.99","N/A (N/A)","50,000 .. 100,000","00:00 (00:00)","KOEI TECMO GAMES CO., LTD.","KOEI TECMO GAMES CO., LTD."
"5066","Algotica Iterations","Mar 23, 2017","$6.99","N/A (N/A)","50,000 .. 100,000","00:00 (00:00)","Alexander Goodwin","Alexander Goodwin"
"5070","Zafehouse Diaries 2","Jun 16, 2017","$6.99","N/A (N/A)","50,000 .. 100,000","00:00 (00:00)","Screwfly Studios",""
"5079","Super Turbo Demon Busters!","Dec 8, 2017","$11.99","N/A (N/A)","50,000 .. 100,000","00:00 (00:00)","HeroLabs","HeroLabs"
"5094","Adventures On The Polluted Islands","Feb 17, 2017","$0.71","N/A (N/A)","50,000 .. 100,000","00:00 (00:00)","Uncle Frost Team","Sometimes You"
"5118","Save the Ninja Clan","Jan 20, 2017","$0.99","N/A (N/A)","50,000 .. 100,000","00:00 (00:00)","Willz","Sometimes You"
"5121","Pixel Puzzles Mosaics","Jun 9, 2017","N/A","N/A (N/A)","50,000 .. 100,000","00:00 (00:00)","Pixel Puzzles","Pixel Puzzles"
"5124","Ablepsia","Sep 27, 2017","$4.99","N/A (N/A)","50,000 .. 100,000","00:00 (00:00)","NedoStudio","NedoStudio"
"5139","Introvert Quest","Mar 15, 2017","$2.99","N/A (N/A)","50,000 .. 100,000","00:00 (00:00)","Amaterasu Software","Amaterasu Software"
"5145","Zomborg","Nov 10, 2017","$4.99","N/A (N/A)","50,000 .. 100,000","00:15 (00:05)","GameDevLab","GrabTheGames"
"5151","Star Merchant","Mar 7, 2017","$0.99","N/A (N/A)","50,000 .. 100,000","00:00 (00:00)","SimProse Studios","Conglomerate 5"
"5156","Feral Fury","Apr 2, 2017","$6.99","N/A (N/A)","50,000 .. 100,000","00:00 (00:00)","Skandivania Games","Skandivania Games"
"5159","Tomato Jones 2","May 12, 2017","$0.49","N/A (N/A)","50,000 .. 100,000","00:00 (00:00)","HA Studio Ltd.","SA Industry"
"5169","Dead Drop","Apr 21, 2017","$4.99","N/A (N/A)","50,000 .. 100,000","00:00 (00:00)","Ethan Waite","Volens Nolens Games"
"5170","Neighboring Islands","Apr 30, 2017","$1.99","N/A (N/A)","50,000 .. 100,000","00:00 (00:00)","Angry games","Total"
"5176","Space Pilgrim Academy: Year 1","Oct 6, 2017","$1.99","N/A (N/A)","50,000 .. 100,000","00:00 (00:00)","Pilgrim Adventures","GrabTheGames"
"3","Red Dead Redemption 2","Dec 5, 2019","$14.99","N/A (N/A/93%)","10,000,000 .. 20,000,000","07:03 (01:56)","Rockstar Games","Rockstar Games"
"8","Sekiro: Shadows Die Twice - GOTY Edition","Mar 21, 2019","$29.99","N/A (N/A/88%)","10,000,000 .. 20,000,000","05:13 (07:01)","FromSoftware, Inc.","Activision (Excluding Japan and Asia), FromSoftware, Inc. (Japan), 方块游戏 (Asia)"
"68","Hunt: Showdown 1896","Aug 27, 2019","$29.99","N/A (N/A/81%)","10,000,000 .. 20,000,000","09:37 (04:42)","Crytek","Crytek"
"1270","Black Squad","Jun 26, 2019","Free","N/A (N/A)","10,000,000 .. 20,000,000","161:29 (106:40)","VALOFE, NS STUDIO","VALOFE"
"5","Resident Evil 2","Jan 24, 2019","$14.99","N/A (N/A/89%)","5,000,000 .. 10,000,000","06:51 (06:25)","CAPCOM Co., Ltd.","CAPCOM Co., Ltd."
"6","Slay the Spire","Jan 23, 2019","$24.99","N/A (N/A/89%)","5,000,000 .. 10,000,000","04:56 (02:10)","Mega Crit","Mega Crit"
"22","Total War: THREE KINGDOMS","May 23, 2019","$59.99","N/A (N/A/85%)","5,000,000 .. 10,000,000","12:07 (06:59)","CREATIVE ASSEMBLY, Feral Interactive (Mac), Feral Interactive (Linux)","SEGA, Feral Interactive (Mac), Feral Interactive (Linux)"
"29","Football Manager 2020","Nov 19, 2019","N/A","N/A (N/A/84%)","5,000,000 .. 10,000,000","00:00 (00:00)","Sports Interactive","SEGA"
"154","NBA 2K20","Sep 6, 2019","N/A","N/A (N/A/74%)","5,000,000 .. 10,000,000","00:10 (00:03)","Visual Concepts","2K"
"1267","KurtzPel","Apr 30, 2019","Free","N/A (N/A)","5,000,000 .. 10,000,000","00:21 (00:07)","KOG","KOG"
"1271","Dota Underlords","Jun 20, 2019","Free","N/A (N/A)","5,000,000 .. 10,000,000","07:01 (04:42)","Valve","Valve"
"1272","Splitgate: Arena Warfare","May 24, 2019","Free","N/A (N/A)","5,000,000 .. 10,000,000","00:00 (00:00)","1047 Games","1047 Games"
"7704","People Playground","Jul 23, 2019","$9.99","N/A (N/A)","5,000,000 .. 10,000,000","02:22 (02:11)","mestiez","Studio Minus"
"2","Beat Saber","May 21, 2019","$29.99","N/A (N/A/93%)","2,000,000 .. 5,000,000","02:40 (02:35)","Beat Games","Beat Games"
"23","Oxygen Not Included","Jul 30, 2019","$7.49","N/A (N/A/85%)","2,000,000 .. 5,000,000","05:00 (01:04)","Klei Entertainment","Klei Entertainment"
"31","Age of Empires II: Definitive Edition","Nov 14, 2019","$12.24","N/A (N/A/84%)","2,000,000 .. 5,000,000","11:10 (10:20)","World's Edge, Forgotten Empires, CaptureAge, Tantalus Media, Wicked Witch","Xbox Game Studios"
"38","Katana ZERO","Apr 18, 2019","$14.99","N/A (N/A/83%)","2,000,000 .. 5,000,000","02:19 (01:37)","Askiisoft","Devolver Digital"
"50","Mortal Kombat 11","Apr 23, 2019","$4.99","N/A (N/A/82%)","2,000,000 .. 5,000,000","01:29 (01:12)","NetherRealm Studios, QLOC, Shiver","Warner Bros. Games, Warner Bros. Interactive Entertainment"
"66","MORDHAU","Apr 29, 2019","$29.99","N/A (N/A/81%)","2,000,000 .. 5,000,000","08:26 (13:48)","Triternion","Triternion"
"67","STAR WARS Jedi: Fallen Order","Nov 14, 2019","$3.99","N/A (N/A/81%)","2,000,000 .. 5,000,000","03:06 (03:02)","Respawn Entertainment","Electronic Arts"
"109","ACE COMBAT 7: SKIES UNKNOWN","Jan 31, 2019","$14.99","N/A (N/A/78%)","2,000,000 .. 5,000,000","02:51 (03:04)","Bandai Namco Studios Inc.","Bandai Namco Entertainment"
"110","Remnant: From the Ashes","Aug 19, 2019","$7.99","N/A (N/A/78%)","2,000,000 .. 5,000,000","04:15 (05:44)","Gunfire Games","Arc Games"
"111","Green Hell","Sep 5, 2019","$6.99","N/A (N/A/78%)","2,000,000 .. 5,000,000","06:25 (07:48)","Creepy Jar","Creepy Jar"
"123","They Are Billions","Jun 18, 2019","$29.99","N/A (N/A/77%)","2,000,000 .. 5,000,000","05:02 (05:26)","Numantian Games","Numantian Games"
"174","CODE VEIN","Sep 26, 2019","$59.99","N/A (N/A/72%)","2,000,000 .. 5,000,000","12:36 (16:53)","Bandai Namco Studios","Bandai Namco Entertainment"
"202","Wolfenstein: Youngblood","Jul 25, 2019","$19.99","N/A (N/A/69%)","2,000,000 .. 5,000,000","03:14 (01:19)","MachineGames, Arkane Studios","Bethesda Softworks"
"1266","Dead Frontier 2","Jul 15, 2019","Free","N/A (N/A)","2,000,000 .. 5,000,000","00:00 (00:00)","Creaky Corpse Ltd","Creaky Corpse Ltd"
"1268","CRSED: F.O.A.D.","Dec 12, 2019","Free","N/A (N/A)","2,000,000 .. 5,000,000","00:10 (00:03)","Darkflow Software, Matter Team","Gaijin Network Ltd"
"7691","Conqueror's Blade","May 30, 2019","N/A","N/A (N/A)","2,000,000 .. 5,000,000","00:00 (00:00)","Booming Tech","Poros Interactive"
"7697","Pacify","Feb 22, 2019","$4.99","N/A (N/A)","2,000,000 .. 5,000,000","00:00 (00:00)","Shawn Hitchcock","Hitchcock Games"
"7701","A Dance of Fire and Ice","Jan 24, 2019","$5.99","N/A (N/A)","2,000,000 .. 5,000,000","00:38 (01:13)","7th Beat Games","7th Beat Games, indienova"
"7702","Muse Dash","Jun 19, 2019","$2.99","N/A (N/A)","2,000,000 .. 5,000,000","00:45 (00:23)","peropero","hasuhasu"
"7703","ASTRONEER","Feb 5, 2019","$29.99","N/A (N/A)","2,000,000 .. 5,000,000","06:42 (03:02)","System Era Softworks","System Era Softworks"
"13","Baba Is You","Mar 13, 2019","$14.99","N/A (N/A/87%)","1,000,000 .. 2,000,000","17:25 (05:48)","Hempuli Oy","Hempuli Oy"
"19","AMID EVIL","Jun 20, 2019","$6.79","N/A (N/A/85%)","1,000,000 .. 2,000,000","00:00 (00:00)","Indefatigable","New Blood Interactive"
"30","DiRT Rally 2.0","Feb 25, 2019","$13.99","N/A (N/A/84%)","1,000,000 .. 2,000,000","01:16 (00:51)","Codemasters","Codemasters, Electronic Arts"
"47","Gears 5","Sep 9, 2019","$19.49","N/A (N/A/82%)","1,000,000 .. 2,000,000","00:00 (00:00)","The Coalition","Xbox Game Studios"
"48","Children of Morta","Sep 3, 2019","$21.99","N/A (N/A/82%)","1,000,000 .. 2,000,000","03:57 (03:56)","Dead Mage","11 bit studios"
"63","Trine 4: The Nightmare Prince","Oct 8, 2019","$29.99","N/A (N/A/81%)","1,000,000 .. 2,000,000","00:00 (00:00)","Frozenbyte","Frozenbyte"
"64","Anno 1800","Apr 16, 2019","$59.99","N/A (N/A/81%)","1,000,000 .. 2,000,000","03:42 (03:01)","Ubisoft Mainz","Ubisoft"
"65","A Plague Tale: Innocence","May 14, 2019","$24.49","N/A (N/A/81%)","1,000,000 .. 2,000,000","04:51 (05:18)","Asobo Studio","Focus Entertainment"
"85","Phoenix Wright: Ace Attorney Trilogy","Apr 9, 2019","$9.89","N/A (N/A/80%)","1,000,000 .. 2,000,000","02:31 (03:30)","CAPCOM Co., Ltd.","CAPCOM Co., Ltd."
"107","Tropico 6","Mar 29, 2019","$39.99","N/A (N/A/78%)","1,000,000 .. 2,000,000","06:41 (12:16)","Limbic Entertainment, Realmforge Studios","Kalypso Media"
"108","Forager","Apr 18, 2019","$6.99","N/A (N/A/78%)","1,000,000 .. 2,000,000","03:28 (04:21)","HopFrog","Humble Games"
"120","Darksiders Genesis","Dec 5, 2019","$29.99","N/A (N/A/77%)","1,000,000 .. 2,000,000","00:45 (00:44)","Airship Syndicate","THQ Nordic"
"122","Assetto Corsa Competizione","May 29, 2019","$39.99","N/A (N/A/77%)","1,000,000 .. 2,000,000","03:26 (02:16)","Kunos Simulazioni","505 Games"
"124","Blasphemous","Sep 10, 2019","$24.99","N/A (N/A/77%)","1,000,000 .. 2,000,000","00:46 (00:19)","The Game Kitchen","Team17"
"137","EARTH DEFENSE FORCE 5","Jul 11, 2019","$59.99","N/A (N/A/76%)","1,000,000 .. 2,000,000","01:15 (00:25)","SANDLOT","D3PUBLISHER"
"138","Imperator: Rome","Apr 25, 2019","$39.99","N/A (N/A/76%)","1,000,000 .. 2,000,000","00:00 (00:00)","Paradox Development Studio","Paradox Interactive"
"139","Transport Fever 2","Dec 11, 2019","$9.99","N/A (N/A/76%)","1,000,000 .. 2,000,000","06:02 (02:35)","Urban Games","Good Shepherd Entertainment"
"163","The Legend of Bum-Bo","Nov 12, 2019","$14.99","N/A (N/A/73%)","1,000,000 .. 2,000,000","00:00 (00:00)","Edmund McMillen, James Interactive, Ridiculon","Edmund McMillen"
"168","My Time at Portia","Jan 15, 2019","$5.99","N/A (N/A/73%)","1,000,000 .. 2,000,000","00:39 (00:33)","Pathea Games","Focus Entertainment"
"172","Unheard - Voices of Crime","Mar 28, 2019","$2.79","N/A (N/A/72%)","1,000,000 .. 2,000,000","02:30 (03:18)","NEXT Studios","NEXT Studios, 505 Games"
"173","BONEWORKS","Dec 10, 2019","$29.99","N/A (N/A/72%)","1,000,000 .. 2,000,000","01:23 (00:27)","Stress Level Zero","Stress Level Zero"
"182","GOD EATER 3","Feb 7, 2019","$59.99","N/A (N/A/71%)","1,000,000 .. 2,000,000","00:00 (00:00)","BANDAI NAMCO Studios Inc.","BANDAI NAMCO Entertainment"
"243","JUMP FORCE","Feb 14, 2019","N/A","N/A (N/A/60%)","1,000,000 .. 2,000,000","00:00 (00:00)","Spike Chunsoft Co., Ltd.","BANDAI NAMCO Entertainment"
"1240","Ironsight","Dec 18, 2019","N/A","N/A (N/A)","1,000,000 .. 2,000,000","00:00 (00:00)","Wiple Games","Aeria Games"
"1245","Himno","Apr 26, 2019","Free","N/A (N/A)","1,000,000 .. 2,000,000","00:00 (00:00)","David Moralejo Sánchez","GrabTheGames, UpgradePoint"
"1255","WARMODE","Sep 13, 2019","Free","N/A (N/A)","1,000,000 .. 2,000,000","00:00 (00:00)","Novalink","Novalink"
"1256","Gothic Playable Teaser","Dec 13, 2019","N/A","N/A (N/A)","1,000,000 .. 2,000,000","00:59 (00:19)","THQ Nordic Barcelona","THQ Nordic"
"1260","BLOCKPOST","Apr 25, 2019","Free","N/A (N/A)","1,000,000 .. 2,000,000","00:00 (00:00)","Skullcap Studios","Skullcap Studios"
"1261","Real Pool 3D - Poolians","Dec 15, 2019","Free","N/A (N/A)","1,000,000 .. 2,000,000","00:33 (00:28)","Poolians.com","Poolians.com"
"1264","eFootball  PES 2020","Sep 10, 2019","N/A","N/A (N/A)","1,000,000 .. 2,000,000","01:58 (01:18)","Konami Digital Entertainment","Konami Digital Entertainment"
"1265","War Selection","Oct 8, 2019","Free","N/A (N/A)","1,000,000 .. 2,000,000","04:58 (06:23)","Glyph Worlds","Glyph Worlds"
"7608","Sinking Simulator","Oct 23, 2019","$0.99","N/A (N/A)","1,000,000 .. 2,000,000","00:07 (00:02)","Wicpar","Pac0master"
"7621","STAR WARS Battlefront (Classic, 2004)","May 1, 2019","$9.99","N/A (N/A)","1,000,000 .. 2,000,000","04:10 (01:44)","Pandemic Studios","Lucasfilm, LucasArts, Disney"
"7661","SNOW - The Ultimate Edition","Feb 14, 2019","N/A","N/A (N/A)","1,000,000 .. 2,000,000","00:00 (00:00)","Poppermost Productions, WastedStudios, Crytek","Crytek"
"7662","Assassin's Creed III Remastered","Mar 29, 2019","$39.99","N/A (N/A)","1,000,000 .. 2,000,000","03:22 (05:22)","Ubisoft Entertainment","Ubisoft Entertainment"
"7672","BATTALION 1944","May 23, 2019","Free","N/A (N/A)","1,000,000 .. 2,000,000","00:00 (00:00)","BULKHEAD","BULKHEAD"
"7682","Dawn of Man","Mar 1, 2019","$24.99","N/A (N/A)","1,000,000 .. 2,000,000","06:06 (03:03)","Madruga Works","Madruga Works"
"7685","Project Winter","May 23, 2019","$9.99","N/A (N/A)","1,000,000 .. 2,000,000","01:06 (00:43)","Other Ocean Interactive","Other Ocean Group"
"7686","60 Seconds! Reatomized","Jul 25, 2019","$4.99","N/A (N/A)","1,000,000 .. 2,000,000","04:21 (05:47)","Robot Gentleman","Robot Gentleman"
"7687","Secret Neighbor: Hello Neighbor Multiplayer","Oct 24, 2019","$19.99","N/A (N/A)","1,000,000 .. 2,000,000","00:01 (00:00)","Hologryph, Eerie Guest Studios","tinyBuild"
"7689","Streets of Rogue","Jul 12, 2019","$19.99","N/A (N/A)","1,000,000 .. 2,000,000","00:29 (00:31)","Matt Dabrowski","tinyBuild"
"7690","Mindustry","Sep 26, 2019","$9.99","N/A (N/A)","1,000,000 .. 2,000,000","10:09 (08:57)","AnukenDev","AnukenDev"
"7693","Far Cry New Dawn","Feb 15, 2019","$7.99","N/A (N/A)","1,000,000 .. 2,000,000","00:30 (00:27)","Ubisoft Montreal, Ubisoft Kiev, Ubisoft Shanghai","Ubisoft"
"7694","Trailmakers","Sep 18, 2019","$24.99","N/A (N/A)","1,000,000 .. 2,000,000","05:50 (06:48)","Flashbulb","Flashbulb"
"7695","MX Bikes","Oct 7, 2019","$34.99","N/A (N/A)","1,000,000 .. 2,000,000","15:45 (14:21)","PiBoSo","PiBoSo"
"7696","Generation Zero","Mar 26, 2019","$24.99","N/A (N/A)","1,000,000 .. 2,000,000","01:42 (01:42)","Systemic Reaction™","Avalanche Studios"
"7698","Bloodstained: Ritual of the Night","Jun 18, 2019","$39.99","N/A (N/A)","1,000,000 .. 2,000,000","13:51 (04:37)","ArtPlay","505 Games"
"7699","The Long Drive","Sep 25, 2019","$15.99","N/A (N/A)","1,000,000 .. 2,000,000","01:59 (02:19)","Genesz","Genesz"
"7700","PC Building Simulator","Jan 29, 2019","$19.99","N/A (N/A)","1,000,000 .. 2,000,000","02:49 (02:32)","Claudiu Kiss, The Irregular Corporation","The Irregular Corporation"
"12","F1 2019","Jun 27, 2019","N/A","N/A (N/A/87%)","500,000 .. 1,000,000","00:00 (00:00)","Codemasters","Codemasters, Electronic Arts"
"18","DRAGON QUEST BUILDERS 2","Dec 10, 2019","$24.99","N/A (N/A/85%)","500,000 .. 1,000,000","03:52 (01:17)","Square Enix, KOEI TECMO GAMES CO., LTD.","Square Enix"
"21","Supraland","Apr 5, 2019","$4.99","N/A (N/A/85%)","500,000 .. 1,000,000","00:00 (00:00)","Supra Games","Supra Games"
"28","Reventure","Jun 4, 2019","$4.99","N/A (N/A/84%)","500,000 .. 1,000,000","00:06 (00:02)","Pixelatto","Pixelatto"
"43","Wargroove","Feb 1, 2019","$19.99","N/A (N/A/82%)","500,000 .. 1,000,000","00:00 (00:00)","Chucklefish","Chucklefish"
"44","Fell Seal: Arbiter's Mark","Apr 30, 2019","$29.99","N/A (N/A/82%)","500,000 .. 1,000,000","00:00 (00:00)","6 Eyes Studio","Fulqrum Publishing"
"45","ISLANDERS","Apr 4, 2019","$4.99","N/A (N/A/82%)","500,000 .. 1,000,000","00:03 (00:01)","Coatsink, GrizzlyGames, Stage Clear Studios","Coatsink"
"46","Yakuza Kiwami 2","May 9, 2019","$19.99","N/A (N/A/82%)","500,000 .. 1,000,000","28:20 (09:26)","Ryu Ga Gotoku Studio","SEGA"
"62","Yuppie Psycho: Executive Edition","Apr 25, 2019","$16.99","N/A (N/A/81%)","500,000 .. 1,000,000","00:00 (00:00)","Baroque Decay","Neon Doctrine"
"81","Catherine Classic","Jan 10, 2019","$19.99","N/A (N/A/80%)","500,000 .. 1,000,000","02:33 (02:32)","ATLUS","SEGA"
"83","OCTOPATH TRAVELER","Jun 7, 2019","$23.99","N/A (N/A/80%)","500,000 .. 1,000,000","04:24 (04:52)","Square Enix, ACQUIRE Corp.","Square Enix"
"84","Yakuza Kiwami","Feb 19, 2019","$19.99","N/A (N/A/80%)","500,000 .. 1,000,000","04:35 (01:31)","Ryu Ga Gotoku Studio","SEGA"
"96","Ion Fury","Aug 15, 2019","$9.99","N/A (N/A/79%)","500,000 .. 1,000,000","00:00 (00:00)","Voidpoint, LLC","3D Realms"
"106","Descenders","May 7, 2019","$24.99","N/A (N/A/78%)","500,000 .. 1,000,000","07:40 (03:44)","RageSquid","No More Robots"
"118","Blood Fresh Supply","May 9, 2019","$9.99","N/A (N/A/77%)","500,000 .. 1,000,000","02:56 (00:58)","Nightdive Studios, Monolith Productions","Atari"
"119","Battlefleet Gothic: Armada 2","Jan 24, 2019","$3.99","N/A (N/A/77%)","500,000 .. 1,000,000","17:16 (05:45)","Tindalos Interactive","Focus Entertainment"
"121","We Were Here Together","Oct 10, 2019","$4.93","N/A (N/A/77%)","500,000 .. 1,000,000","04:35 (05:50)","Total Mayhem Games","Total Mayhem Games"
"136","The Surge 2","Sep 23, 2019","$29.99","N/A (N/A/76%)","500,000 .. 1,000,000","00:00 (00:00)","Deck13","Focus Entertainment"
"146","Police Stories","Sep 19, 2019","$19.99","N/A (N/A/75%)","500,000 .. 1,000,000","02:46 (02:53)","HypeTrain Digital","HypeTrain Digital"
"147","The Dark Pictures Anthology: Man of Medan","Aug 29, 2019","$19.99","N/A (N/A/75%)","500,000 .. 1,000,000","01:00 (00:20)","Supermassive Games","BANDAI NAMCO Entertainment Europe"
"152","The Beast Inside","Oct 17, 2019","$24.99","N/A (N/A/74%)","500,000 .. 1,000,000","00:13 (00:04)","Illusion Ray","Illusion Ray"
"153","Pikuniku","Jan 24, 2019","$12.99","N/A (N/A/74%)","500,000 .. 1,000,000","00:05 (00:01)","Arnaud De Bock, Rémi Forcadell, Alan Zucconi, Calum Bowen","Devolver Digital"
"164","while True: learn()","Jan 17, 2019","$12.99","N/A (N/A/73%)","500,000 .. 1,000,000","00:00 (00:00)","Luden.io","Luden.io"
"165","DEAD OR ALIVE 6","Feb 28, 2019","$8.99","N/A (N/A/73%)","500,000 .. 1,000,000","00:00 (00:00)","KOEI TECMO GAMES CO., LTD.","KOEI TECMO GAMES CO., LTD."
"166","Steel Division 2","Jun 20, 2019","$39.99","N/A (N/A/73%)","500,000 .. 1,000,000","04:44 (02:50)","Eugen Systems","Eugen Systems"
"167","RAGE 2","May 13, 2019","$7.99","N/A (N/A/73%)","500,000 .. 1,000,000","00:00 (00:00)","id Software, Avalanche Studios","Bethesda Softworks"
"171","GreedFall","Sep 9, 2019","$3.49","N/A (N/A/72%)","500,000 .. 1,000,000","01:55 (01:36)","Spiders","Focus Entertainment"
"181","SD GUNDAM G GENERATION CROSS RAYS","Nov 27, 2019","$29.99","N/A (N/A/71%)","500,000 .. 1,000,000","00:38 (00:12)","TOM CREATE, 株式会社トムクリエイト","BANDAI NAMCO Entertainment, 株式会社バンダイナムコエンターテインメント"
"183","Sniper Ghost Warrior Contracts","Nov 22, 2019","$29.99","N/A (N/A/71%)","500,000 .. 1,000,000","10:17 (03:25)","CI Games","CI Games"
"200","Warhammer: Chaosbane","May 31, 2019","$29.99","N/A (N/A/69%)","500,000 .. 1,000,000","00:00 (00:00)","Eko Software","Nacon"
"201","Blair Witch","Aug 30, 2019","$29.99","N/A (N/A/69%)","500,000 .. 1,000,000","00:00 (00:00)","Bloober Team SA","Bloober Team NA"
"203","Age of Empires: Definitive Edition","Aug 19, 2019","$4.99","N/A (N/A/69%)","500,000 .. 1,000,000","00:59 (00:39)","World's Edge, Forgotten Empires, Tantalus","Xbox Game Studios"
"229","Cooking Simulator","Jun 6, 2019","$19.99","N/A (N/A/64%)","500,000 .. 1,000,000","03:23 (01:07)","Big Cheese Studio","Big Cheese Studio"
"249","Little Misfortune","Sep 18, 2019","$19.99","N/A (N/A/57%)","500,000 .. 1,000,000","00:00 (00:00)","Killmonday Games AB","Killmonday Games AB"
"259","Swag and Sorcery","May 9, 2019","$12.99","N/A (N/A/51%)","500,000 .. 1,000,000","00:00 (00:00)","Lazy Bear Games, Uroboros Games","tinyBuild"
"266","WWE 2K20","Oct 21, 2019","N/A","N/A (N/A/43%)","500,000 .. 1,000,000","00:00 (00:00)","Visual Concepts","2K"
"1191","Unturned - Dedicated Server","Jun 21, 2019","N/A","N/A (N/A)","500,000 .. 1,000,000","00:00 (00:00)","","Brown Studios"
"1194","Inferna","Dec 20, 2019","Free","N/A (N/A)","500,000 .. 1,000,000","00:00 (00:00)","INFERNA UG (haftungsbeschränkt)","INFERNA UG (haftungsbeschränkt)"
"1204","DISSIDIA FINAL FANTASY NT Free Edition","Mar 12, 2019","Free","N/A (N/A)","500,000 .. 1,000,000","00:00 (00:00)","Square Enix, KOEI TECMO GAMES CO., LTD.","Square Enix"
"1208","The Horus Heresy: Legions","Mar 28, 2019","Free","N/A (N/A)","500,000 .. 1,000,000","00:00 (00:00)","Everguild Ltd.","Everguild Ltd."
"1209","New Frontier","Dec 27, 2019","N/A","N/A (N/A)","500,000 .. 1,000,000","00:00 (00:00)","Free Reign Entertainment","Free Reign Entertainment"
"1219","Secret Neighbor Beta","Aug 2, 2019","N/A","N/A (N/A)","500,000 .. 1,000,000","00:00 (00:00)","Hologryph, Dynamic Pixels","tinyBuild"
"1222","Supraball","Feb 8, 2019","Free","N/A (N/A)","500,000 .. 1,000,000","00:00 (00:00)","Supra Games","Supra Games"
"1229","Totally Reliable Delivery Service Beta","Jun 24, 2019","N/A","N/A (N/A)","500,000 .. 1,000,000","00:00 (00:00)","We're Five Games","tinyBuild"
"1234","异化之恶〇Abnormal Treatment","Aug 2, 2019","Free","N/A (N/A)","500,000 .. 1,000,000","00:00 (00:00)","Eternal Dream","Eternal Dream, 迷糊的安安"
"1235","Kritika:REBOOT","Nov 11, 2019","N/A","N/A (N/A)","500,000 .. 1,000,000","00:00 (00:00)","ALLM Co., Ltd.","ALLM Co., Ltd."
"1237","Lords Mobile","Jun 2, 2019","Free","N/A (N/A)","500,000 .. 1,000,000","66:47 (66:46)","IGG SINGAPORE PTE. LTD.","IGG SINGAPORE PTE. LTD."
"1239","Quake II RTX","Jun 6, 2019","Free","N/A (N/A)","500,000 .. 1,000,000","00:00 (00:00)","Lightspeed Studios™","NVIDIA"
"1241","Immortal Soul: Black Survival","Mar 19, 2019","N/A","N/A (N/A)","500,000 .. 1,000,000","00:00 (00:00)","Nimble Neuron","Nimble Neuron, Boltrend Global PTE.LTD"
"1247","UNDEFEATED","Aug 2, 2019","Free","N/A (N/A)","500,000 .. 1,000,000","00:00 (00:00)","UNDEFEATED Games, Indie-us Games","Vantan Game Academy"
"1248","Neon Beats","May 3, 2019","Free","N/A (N/A)","500,000 .. 1,000,000","00:00 (00:00)","OKYO GAMES","OKYO GAMES, Dear Villagers"
"1249","Blush Blush","Apr 4, 2019","Free","N/A (N/A)","500,000 .. 1,000,000","00:00 (00:00)","Sad Panda Studios","Sad Panda Studios"
"1252","Pool 2D - Poolians","Dec 15, 2019","Free","N/A (N/A)","500,000 .. 1,000,000","00:00 (00:00)","Poolians.com","Poolians.com"
"1253","月圆之夜 (Night of Full Moon)","Jul 26, 2019","Free","N/A (N/A)","500,000 .. 1,000,000","24:46 (16:30)","Giant Games","Giant Games"
"1257","Walking Zombie 2","Oct 11, 2019","Free","N/A (N/A)","500,000 .. 1,000,000","01:06 (00:22)","Alda Games","Alda Games"
"1258","NGU IDLE","Oct 1, 2019","Free","N/A (N/A)","500,000 .. 1,000,000","237:36 (79:12)","4G","4G"
"1262","Grimm's Hollow","Oct 30, 2019","Free","N/A (N/A)","500,000 .. 1,000,000","00:00 (00:00)","ghosthunter","ghosthunter"
"1263","Stay Out","Nov 27, 2019","Free","N/A (N/A)","500,000 .. 1,000,000","21:13 (21:13)","MOBITECH LLC","MOBITECH LLC"
"1269","Minion Masters","May 24, 2019","Free","N/A (N/A)","500,000 .. 1,000,000","01:57 (00:39)","BetaDwarf","BetaDwarf"
"5861","Stream Service","Aug 22, 2019","$0.99","N/A (N/A)","500,000 .. 1,000,000","00:00 (00:00)","SirGoose","IFreezeNO"
"7488","Project Torque - Free 2 Play MMO Racing Game","Dec 20, 2019","Free","N/A (N/A)","500,000 .. 1,000,000","00:00 (00:00)","Invictus Games Ltd., JOGARA LTD","JOGARA LTD"
"7533","Trials Rising","Feb 26, 2019","$3.99","N/A (N/A)","500,000 .. 1,000,000","00:00 (00:00)","RedLynx","Ubisoft"
"7544","ArcheAge: Unchained","Oct 17, 2019","N/A","N/A (N/A)","500,000 .. 1,000,000","00:00 (00:00)","XLGAMES","Kakao Games Europe B.V."
"7558","OMON Simulator","Oct 18, 2019","$0.49","N/A (N/A)","500,000 .. 1,000,000","00:00 (00:00)","Ukrainian Bears, Hideo Milos","United Nations, Putin The Best, Ukrainian Bears"
"7569","妄想破绽 Broken Delusion","Nov 27, 2019","$6.99","N/A (N/A)","500,000 .. 1,000,000","00:00 (00:00)","","bilibili"
"7580","OVR Toolkit - Desktop Overlay","Jun 28, 2019","$10.99","N/A (N/A)","500,000 .. 1,000,000","46:49 (79:56)","Curtis English","VoxelLoop Software Limited"
"7582","Vainglory","Feb 13, 2019","N/A","N/A (N/A)","500,000 .. 1,000,000","00:00 (00:00)","Super Evil Megacorp","Super Evil Megacorp"
"7600","FINAL FANTASY VIII - REMASTERED","Sep 3, 2019","$7.99","N/A (N/A)","500,000 .. 1,000,000","00:00 (00:00)","Square Enix","Square Enix"
"7612","Cliff Empire","Aug 6, 2019","$14.99","N/A (N/A)","500,000 .. 1,000,000","00:00 (00:00)","Lion's Shade","Lion's Shade"
"7622","Hello Neighbor Alpha 4","Oct 19, 2019","Free","N/A (N/A)","500,000 .. 1,000,000","00:10 (00:03)","Dynamic Pixels","tinyBuild"
"7623","Fun with Ragdolls: The Game","Sep 17, 2019","$14.99","N/A (N/A)","500,000 .. 1,000,000","00:00 (00:00)","Jadon Barnes","Fun & Simple"
"7630","Day of Dragons","Dec 4, 2019","$19.99","N/A (N/A)","500,000 .. 1,000,000","25:58 (08:39)","Beawesome Games","Beawesome Games"
"7631","Blood Trail","Mar 27, 2019","$24.99","N/A (N/A)","500,000 .. 1,000,000","01:46 (01:10)","Electrovore","Electrovore"
"7635","Swords & Souls: Neverseen","Jul 22, 2019","$14.99","N/A (N/A)","500,000 .. 1,000,000","00:00 (00:00)","SoulGame Studio","Armor Games Studios"
"7636","We Need To Go Deeper","Aug 1, 2019","$15.99","N/A (N/A)","500,000 .. 1,000,000","00:00 (00:00)","Deli Interactive LLC","Deli Interactive LLC"
"7639","The Coin Game","Feb 22, 2019","$14.99","N/A (N/A)","500,000 .. 1,000,000","00:00 (00:00)","devotid","Kwalee"
"7641","DESOLATE","Jan 17, 2019","$14.99","N/A (N/A)","500,000 .. 1,000,000","00:00 (00:00)","Nearga","HypeTrain Digital"
"7647","Last Year","Dec 9, 2019","Free","N/A (N/A)","500,000 .. 1,000,000","00:00 (00:00)","Undaunted Games","Undaunted Games"
"7650","Banner of the Maid","May 27, 2019","$16.99","N/A (N/A)","500,000 .. 1,000,000","00:00 (00:00)","Azure Flame Studio","2P Games"
"7651","Cube World","Sep 30, 2019","$19.99","N/A (N/A)","500,000 .. 1,000,000","00:00 (00:00)","Picroma","Picroma"
"7652","Russian Life Simulator","May 17, 2019","$0.49","N/A (N/A)","500,000 .. 1,000,000","00:00 (00:00)","GosDev Production","Abama Entertainment, GosDev Production"
"7653","Derail Valley","Jan 25, 2019","$39.99","N/A (N/A)","500,000 .. 1,000,000","03:38 (03:29)","Altfuture","Altfuture"
"7655","Kao the Kangaroo: Round 2 (2003 re-release)","May 31, 2019","$1.99","N/A (N/A)","500,000 .. 1,000,000","00:00 (00:00)","Tate Multimedia","Tate Multimedia"
"7658","Richman10","Oct 24, 2019","$13.99","N/A (N/A)","500,000 .. 1,000,000","01:16 (00:50)","Softstar Technology (Beijing) Co.,Ltd","SOFTSTAR ENTERTAINMENT"
"7665","Freeman: Guerrilla Warfare","Oct 4, 2019","$24.99","N/A (N/A)","500,000 .. 1,000,000","00:00 (00:00)","KK Game Studio","KK Game Studio"
"7666","Hand Simulator: Survival","Dec 17, 2019","$1.99","N/A (N/A)","500,000 .. 1,000,000","00:00 (00:00)","HFM Games","HFM Games"
"7669","PixARK","May 31, 2019","$8.59","N/A (N/A)","500,000 .. 1,000,000","00:22 (00:07)","Snail Games USA","Snail Games USA"
"7670","Shotgun Farmers","Mar 8, 2019","$9.99","N/A (N/A)","500,000 .. 1,000,000","00:00 (00:00)","Megastorm Games","Megastorm Games"
"7671","Tick Tock: A Tale for Two","Mar 7, 2019","$5.99","N/A (N/A)","500,000 .. 1,000,000","00:00 (00:00)","Other Tales Interactive","Other Tales Interactive"
"7674","Pathologic 2","May 23, 2019","$34.99","N/A (N/A)","500,000 .. 1,000,000","00:49 (00:16)","Ice-Pick Lodge","tinyBuild"
"7675","Jump King","May 3, 2019","$12.99","N/A (N/A)","500,000 .. 1,000,000","04:35 (03:03)","Nexile","Nexile"
"7676","FIVE NIGHTS AT FREDDY'S: HELP WANTED","May 28, 2019","$29.99","N/A (N/A)","500,000 .. 1,000,000","00:00 (00:00)","Steel Wool Studios","ScottGames"
"7677","SpaceEngine","Jun 11, 2019","$29.99","N/A (N/A)","500,000 .. 1,000,000","00:57 (00:46)","Cosmographic Software","Cosmographic Software"
"7678","Garfield Kart - Furious Racing","Nov 6, 2019","$14.99","N/A (N/A)","500,000 .. 1,000,000","00:07 (00:02)","Artefacts Studio","Microids"
"7680","Touhou Luna Nights","Feb 25, 2019","$17.99","N/A (N/A)","500,000 .. 1,000,000","00:54 (00:18)","Team Ladybug, WSS playground","WSS playground, PLAYISM"
"7681","missed messages.","May 20, 2019","Free","N/A (N/A)","500,000 .. 1,000,000","00:00 (00:00)","Angela He","Angela He"
"7683","Terminator: Resistance","Nov 14, 2019","$39.99","N/A (N/A)","500,000 .. 1,000,000","00:00 (00:00)","Teyon","Reef Entertainment"
"7684","Drunken Wrestlers 2","Apr 1, 2019","$3.99","N/A (N/A)","500,000 .. 1,000,000","00:00 (00:00)","Oleg Skutte",""
"7688","Notes of Soul","Jan 17, 2019","$29.99","N/A (N/A)","500,000 .. 1,000,000","01:49 (00:36)","（Hong Kong）GKD Game Studio","（Hong Kong）GKD Game Studio"
"7692","Hurtworld","Dec 10, 2019","$24.99","N/A (N/A)","500,000 .. 1,000,000","00:11 (00:03)","Bankroll Studios","Bankroll Studios"
"10","Sunless Skies: Sovereign Edition","Jan 31, 2019","$24.99","N/A (N/A/87%)","200,000 .. 500,000","00:00 (00:00)","Failbetter Games","Failbetter Games"
"11","Serious Sam Classic: The First Encounter","Aug 30, 2019","$5.99","N/A (N/A/87%)","200,000 .. 500,000","00:03 (00:01)","Croteam","Devolver Digital"
"14","Valfaris","Oct 10, 2019","$24.99","N/A (N/A/86%)","200,000 .. 500,000","00:00 (00:00)","Steel Mantis","Silver Lining Interactive"
"20","GORN","Jul 18, 2019","$19.99","N/A (N/A/85%)","200,000 .. 500,000","00:08 (00:02)","Free Lives","Devolver Digital"
"25","Telling Lies","Aug 23, 2019","$4.99","N/A (N/A/84%)","200,000 .. 500,000","00:00 (00:00)","Sam Barlow, Half Mermaid, Furious Bee Limited","Annapurna Interactive"
"34","APE OUT","Feb 28, 2019","$14.99","N/A (N/A/83%)","200,000 .. 500,000","00:52 (00:17)","Gabe Cuzzillo, Bennett Foddy, Maxi Boch","Devolver Digital"
"35","Pistol Whip","Nov 7, 2019","$19.49","N/A (N/A/83%)","200,000 .. 500,000","00:04 (00:01)","Cloudhead Games Ltd.","Cloudhead Games Ltd."
"36","One Finger Death Punch 2","Apr 15, 2019","$7.99","N/A (N/A/83%)","200,000 .. 500,000","00:58 (00:19)","Silver Dollar Games","Silver Dollar Games"
"37","Hypnospace Outlaw","Mar 12, 2019","$19.99","N/A (N/A/83%)","200,000 .. 500,000","01:30 (01:00)","Tendershoot, Michael Lasch, ThatWhichIs Media","No More Robots"
"49","A Short Hike","Jul 30, 2019","$7.99","N/A (N/A/82%)","200,000 .. 500,000","00:01 (00:00)","adamgryu","adamgryu"
"56","Yooka-Laylee and the Impossible Lair","Oct 8, 2019","$29.99","N/A (N/A/81%)","200,000 .. 500,000","00:00 (00:00)","Playtonic Games","Team17 Digital Ltd"
"57","Stygian: Reign of the Old Ones","Sep 26, 2019","$19.99","N/A (N/A/81%)","200,000 .. 500,000","00:00 (00:00)","Cultic Games","Fulqrum Publishing"
"60","Void Bastards","May 28, 2019","$29.99","N/A (N/A/81%)","200,000 .. 500,000","00:00 (00:00)","Blue Manchu","Blue Manchu"
"61","Age of Wonders: Planetfall","Aug 6, 2019","$29.99","N/A (N/A/81%)","200,000 .. 500,000","09:18 (03:06)","Triumph Studios","Paradox Interactive"
"76","SpellForce 3 Soul Harvest","May 28, 2019","$19.99","N/A (N/A/80%)","200,000 .. 500,000","00:00 (00:00)","Grimlore Games","THQ Nordic"
"77","Lonely Mountains: Downhill","Oct 23, 2019","$19.99","N/A (N/A/80%)","200,000 .. 500,000","00:00 (00:00)","Megagon Industries","Megagon Industries"
"78","The Jackbox Party Pack 6","Oct 16, 2019","$29.99","N/A (N/A/80%)","200,000 .. 500,000","00:40 (00:24)","Jackbox Games, Inc.","Jackbox Games, Inc."
"79","Tales of Vesperia: Definitive Edition","Jan 10, 2019","$49.99","N/A (N/A/80%)","200,000 .. 500,000","00:00 (00:00)","QLOC, BANDAI NAMCO Studios Inc.","BANDAI NAMCO Entertainment"
"80","Autonauts","Oct 17, 2019","$19.99","N/A (N/A/80%)","200,000 .. 500,000","07:36 (02:32)","Denki","Curve Games"
"82","Dicey Dungeons","Aug 13, 2019","$14.99","N/A (N/A/80%)","200,000 .. 500,000","00:14 (00:06)","Terry Cavanagh","Terry Cavanagh"
"100","The Textorcist: The Story of Ray Bibbia","Feb 14, 2019","$1.49","N/A (N/A/78%)","200,000 .. 500,000","00:00 (00:00)","Morbidware","Headup"
"105","Pilgrims","Oct 7, 2019","$6.99","N/A (N/A/78%)","200,000 .. 500,000","00:00 (00:00)","Amanita Design","Amanita Design"
"116","Whispers of a Machine","Apr 17, 2019","$2.99","N/A (N/A/77%)","200,000 .. 500,000","00:00 (00:00)","Clifftop Games, Faravid Interactive","Raw Fury"
"117","Little Big Workshop","Oct 17, 2019","$19.99","N/A (N/A/77%)","200,000 .. 500,000","00:00 (00:00)","Mirage Game Studios","HandyGames"
"129","ToeJam & Earl: Back in the Groove!","Feb 28, 2019","$14.99","N/A (N/A/76%)","200,000 .. 500,000","00:00 (00:00)","HumaNature Studios","HumaNature Studios"
"131","Driftland: The Magic Revival","Apr 18, 2019","$19.99","N/A (N/A/76%)","200,000 .. 500,000","00:00 (00:00)","Star Drifters","Star Drifters"
"132","Heaven's Vault","Apr 16, 2019","$9.99","N/A (N/A/76%)","200,000 .. 500,000","00:00 (00:00)","inkle Ltd","inkle Ltd"
"133","Neo Cab","Oct 3, 2019","$14.99","N/A (N/A/76%)","200,000 .. 500,000","00:00 (00:00)","Chance Agency","Fellow Traveller"
"135","Cat Quest II","Sep 24, 2019","$14.99","N/A (N/A/76%)","200,000 .. 500,000","02:52 (00:57)","The Gentlebros","Kepler Interactive"
"142","AI War 2","Oct 22, 2019","$19.99","N/A (N/A/75%)","200,000 .. 500,000","00:00 (00:00)","Arcen Games","Arcen Games"
"143","We. The Revolution","Mar 21, 2019","$19.99","N/A (N/A/75%)","200,000 .. 500,000","00:20 (00:06)","Polyslash","Valkyrie Initiative"
"144","Crying Suns","Sep 18, 2019","$7.49","N/A (N/A/75%)","200,000 .. 500,000","00:00 (00:00)","Alt Shift","Humble Games"
"151","Gibbous -  A Cthulhu Adventure","Aug 7, 2019","$19.99","N/A (N/A/74%)","200,000 .. 500,000","00:00 (00:00)","Stuck In Attic","Stuck In Attic"
"190","Layers of Fear 2 (2019)","May 28, 2019","$19.99","N/A (N/A/70%)","200,000 .. 500,000","00:00 (00:00)","Bloober Team SA","Bloober Team SA, NA Publishing"
"209","Deliver Us The Moon","Oct 10, 2019","$24.99","N/A (N/A/68%)","200,000 .. 500,000","00:00 (00:00)","KeokeN Interactive","Wired Productions"
"215","Pro Cycling Manager 2019","Jun 27, 2019","$9.99","N/A (N/A/66%)","200,000 .. 500,000","00:00 (00:00)","Cyanide Studio","Nacon"
"216","American Fugitive","May 21, 2019","$19.99","N/A (N/A/66%)","200,000 .. 500,000","03:12 (01:04)","Fallen Tree Games Ltd","Curve Games"
"228","Pagan: Absent Gods","Aug 26, 2019","$19.99","N/A (N/A/64%)","200,000 .. 500,000","00:00 (00:00)","Mad Head Games","Mad Head Games"
"238","Daymare: 1998","Sep 17, 2019","$29.99","N/A (N/A/62%)","200,000 .. 500,000","00:00 (00:00)","Invader Studios","Destructive Creations, All in! Games"
"240","Sniper Elite V2 Remastered","May 13, 2019","$9.99","N/A (N/A/61%)","200,000 .. 500,000","00:00 (00:00)","Rebellion","Rebellion"
"245","Crossroads Inn Anniversary Edition","Oct 23, 2019","$3.74","N/A (N/A/59%)","200,000 .. 500,000","00:00 (00:00)","Klabater","Klabater"
"263","She Sees Red - Interactive Movie","Jul 11, 2019","$2.39","N/A (N/A/45%)","200,000 .. 500,000","00:00 (00:00)","Rhinotales","Rhinotales"
"267","Men of War: Assault Squad 2 - Cold War","Sep 12, 2019","$19.99","N/A (N/A/41%)","200,000 .. 500,000","00:00 (00:00)","Digitalmindsoft","Fulqrum Publishing"
"899","Viking Trickshot","May 3, 2019","Free","N/A (N/A)","200,000 .. 500,000","00:00 (00:00)","Doodad Games, Ethan Close","Doodad Games"
"935","Little Square Things","Sep 29, 2019","Free","N/A (N/A)","200,000 .. 500,000","00:00 (00:00)","G.Reed","Hosted Games"
"1059","Dungeon Hunter 5","May 21, 2019","N/A","N/A (N/A)","200,000 .. 500,000","00:00 (00:00)","Gameloft","Gameloft"
"1108","DK Online","Mar 5, 2019","Free","N/A (N/A)","200,000 .. 500,000","00:00 (00:00)","Masangsoft","Masangsoft"
"1127","Tribes of Midgard - Open Beta","Jul 22, 2019","N/A","N/A (N/A)","200,000 .. 500,000","00:00 (00:00)","Norsfell","Gearbox Publishing"
"1131","Anomaly Zone","Oct 30, 2019","Free","N/A (N/A)","200,000 .. 500,000","00:00 (00:00)","NEW STORY GAMES","MALSER LLC"
"1133","Racing Classics: Drag Race Simulator","May 20, 2019","Free","N/A (N/A)","200,000 .. 500,000","00:00 (00:00)","T-Bull","T-Bull"
"1137","Geometry May. I swear it's a nice free game","Apr 16, 2019","Free","N/A (N/A)","200,000 .. 500,000","00:00 (00:00)","PixelGreeds","PixelGreeds"
"1141","The Terrible Old Man","Oct 10, 2019","Free","N/A (N/A)","200,000 .. 500,000","00:00 (00:00)","Cloak and Dagger Games","Cloak and Dagger Games"
"1146","SCP022","Feb 2, 2019","Free","N/A (N/A)","200,000 .. 500,000","00:00 (00:00)","KL GAMES","KL GAMES"
"1150","Warhammer: Chaos And Conquest","Nov 18, 2019","Free","N/A (N/A)","200,000 .. 500,000","00:00 (00:00)","Hunted Cow Games","Tilting Point"
"1156","War Rock","Feb 6, 2019","Free","N/A (N/A)","200,000 .. 500,000","00:00 (00:00)","Dream Execution","Papaya Play"
"1159","The Designer's Curse","Jul 29, 2019","Free","N/A (N/A)","200,000 .. 500,000","00:00 (00:00)","CBGames","CBGames"
"1163","LIV","Aug 12, 2019","Free","N/A (N/A)","200,000 .. 500,000","02:51 (00:57)","LIV Inc","LIV Inc"
"1170","PlanetSide Arena","Sep 19, 2019","N/A","N/A (N/A)","200,000 .. 500,000","00:00 (00:00)","Daybreak Game Company","Daybreak Game Company"
"1172","The Orville - Interactive Fan Experience","Jul 23, 2019","Free","N/A (N/A)","200,000 .. 500,000","00:00 (00:00)","Messy Desk Interactive","Messy Desk Interactive"
"1175","Eden Rising","May 17, 2019","Free","N/A (N/A)","200,000 .. 500,000","00:00 (00:00)","The Wall Productions Inc., Meridian4","The Wall Productions Inc."
"1176","Steambirds Alliance","Aug 22, 2019","N/A","N/A (N/A)","200,000 .. 500,000","00:00 (00:00)","Spry Fox LLC","Spry Fox LLC"
"1178","Battle Tanks: Legends of World War II","Feb 21, 2019","Free","N/A (N/A)","200,000 .. 500,000","00:00 (00:00)","XDEVS LTD","XDEVS LTD"
"1179","SONG OF HORROR COMPLETE EDITION","Oct 31, 2019","$17.99","N/A (N/A)","200,000 .. 500,000","00:00 (00:00)","Protocol Games",""
"1181","Fruit Postal Service","Jun 28, 2019","Free","N/A (N/A)","200,000 .. 500,000","00:00 (00:00)","Fruit Postal Service","Green Door Labs"
"1184","中华三国志 the Three Kingdoms of China","Apr 1, 2019","Free","N/A (N/A)","200,000 .. 500,000","00:00 (00:00)","中三之家","中三之家"
"1185","TrenchesWIP","Aug 17, 2019","Free","N/A (N/A)","200,000 .. 500,000","00:00 (00:00)","Big OOF Games PTY LTD","-"
"1186","They Can't Stop All Of Us","Nov 1, 2019","Free","N/A (N/A)","200,000 .. 500,000","00:00 (00:00)","B Michael B, ChainWave Games, Blake Gillman","ChainWave Games"
"1187","Fantasy Strike","Jul 25, 2019","Free","N/A (N/A)","200,000 .. 500,000","00:00 (00:00)","Sirlin Games","Sirlin Games"
"1188","Wallpaper Maker （造物主视频桌面）","Mar 5, 2019","Free","N/A (N/A)","200,000 .. 500,000","00:00 (00:00)","Dream.Machine","Dream.Machine"
"1189","Aperture Hand Lab","Jun 25, 2019","Free","N/A (N/A)","200,000 .. 500,000","00:00 (00:00)","Cloudhead Games Ltd.","Valve"
"1190","Territory Idle","Sep 10, 2019","Free","N/A (N/A)","200,000 .. 500,000","00:00 (00:00)","Aleksandr Golovkin","Aleksandr Golovkin"
"1195","Rise of Legions","Aug 30, 2019","Free","N/A (N/A)","200,000 .. 500,000","00:00 (00:00)","Broken Games","Crunchy Leaf Games"
"1196","Unsung Warriors - Prologue","Jan 15, 2019","Free","N/A (N/A)","200,000 .. 500,000","00:00 (00:00)","Osarion","Osarion"
"1201","雀姬/姫麻雀","Aug 5, 2019","Free","N/A (N/A)","200,000 .. 500,000","07:39 (02:33)","Jack Tech","Smile Tech"
"1205","Game of Thrones Winter is Coming","Nov 14, 2019","Free","N/A (N/A)","200,000 .. 500,000","00:03 (00:01)","YOUZU (SINGAPORE) PTE. LTD.","YOUZU (SINGAPORE) PTE. LTD."
"1210","Hades' Star","Feb 27, 2019","Free","N/A (N/A)","200,000 .. 500,000","00:00 (00:00)","Parallel Space Inc","Parallel Space Inc"
"1212","Warfork","Aug 16, 2019","Free","N/A (N/A)","200,000 .. 500,000","00:00 (00:00)","Team Forbidden","Team Forbidden"
"1214","SYNTHETIK: Arena","Jan 21, 2019","Free","N/A (N/A)","200,000 .. 500,000","00:00 (00:00)","Flow Fire Games","Flow Fire Games"
"1215","Maelstrom","Sep 20, 2019","Free","N/A (N/A)","200,000 .. 500,000","00:00 (00:00)","Gunpowder Games, Inc., Tideturners","Forthright Entertainment"
"1216","Slapshot","Mar 8, 2019","N/A","N/A (N/A)","200,000 .. 500,000","00:00 (00:00)","Oddshot Games","Oddshot Games"
"1218","Neon Boost","May 20, 2019","Free","N/A (N/A)","200,000 .. 500,000","00:00 (00:00)","Sample Text Studio","Sample Text Studio"
"1220","HELLION","Oct 21, 2019","N/A","N/A (N/A)","200,000 .. 500,000","00:00 (00:00)","Zero Gravity","Zero Gravity"
"1224","Pandemic Express - Zombie Escape","Sep 27, 2019","Free","N/A (N/A)","200,000 .. 500,000","00:00 (00:00)","TALLBOYS, tinyBuild","tinyBuild"
"1225","The Backrooms Game FREE Edition","Jul 25, 2019","Free","N/A (N/A)","200,000 .. 500,000","00:00 (00:00)","Pie On A Plate Productions","Pie On A Plate Productions"
"1226","Supremacy 1914: World War 1","Jul 16, 2019","Free","N/A (N/A)","200,000 .. 500,000","00:11 (00:03)","Bytro Labs GmbH","Bytro Labs GmbH"
"1230","Hello Neighbor Alpha 1","Jun 6, 2019","Free","N/A (N/A)","200,000 .. 500,000","00:23 (00:19)","Dynamic Pixels","tinyBuild"
"1231","FrostRunner","Jan 1, 2019","Free","N/A (N/A)","200,000 .. 500,000","00:00 (00:00)","Think Arcade","SMU Guildhall"
"1233","Coloring Game","Apr 12, 2019","Free","N/A (N/A)","200,000 .. 500,000","00:00 (00:00)","L. Stotch","L. Stotch"
"1236","Bloons Adventure Time TD","Jan 16, 2019","Free","N/A (N/A)","200,000 .. 500,000","15:25 (05:08)","Ninja Kiwi","Ninja Kiwi"
"1238","Backbone: Prologue","Apr 24, 2019","Free","N/A (N/A)","200,000 .. 500,000","00:00 (00:00)","EggNut","Raw Fury"
"1242","BirdGut","May 9, 2019","Free","N/A (N/A)","200,000 .. 500,000","00:00 (00:00)","Micah Boursier","Micah Boursier"
"1243","What Never Was","Jan 11, 2019","Free","N/A (N/A)","200,000 .. 500,000","00:00 (00:00)","Acke Hallgren","Acke Hallgren"
"1244","Ylands","Dec 5, 2019","Free","N/A (N/A)","200,000 .. 500,000","00:00 (00:00)","Bohemia Interactive","Bohemia Interactive"
"1246","We Become What We Behold [Fan-Made Port]","Jul 9, 2019","Free","N/A (N/A)","200,000 .. 500,000","00:00 (00:00)","Mismatch Studio, Nicky Case (Originally)","Mismatch Studio"
"1250","Gravitas","Aug 23, 2019","Free","N/A (N/A)","200,000 .. 500,000","00:00 (00:00)","Galaxy Shark Studios","Galaxy Shark Studios"
"1251","When the Darkness comes","Mar 1, 2019","Free","N/A (N/A)","200,000 .. 500,000","00:00 (00:00)","Sirhaian","Sirhaian"
"1259","I Love You, Colonel Sanders! A Finger Lickin’ Good Dating Simulator","Sep 24, 2019","Free","N/A (N/A)","200,000 .. 500,000","00:00 (00:00)","Psyop","KFC"
"3293","NO LOVE","Nov 25, 2019","$16.99","N/A (N/A)","200,000 .. 500,000","00:00 (00:00)","Wallace Lovecraft","Wallace Lovecraft"
"4480","Streng Check","Mar 27, 2019","$0.99","N/A (N/A)","200,000 .. 500,000","00:00 (00:00)","PPC","PPC"
"4682","Elite Soldier: 3D Shooter","Sep 4, 2019","$2.99","N/A (N/A)","200,000 .. 500,000","00:00 (00:00)","IO Games","IO Games"
"4785","Monsters sandbox","Dec 11, 2019","$0.99","N/A (N/A)","200,000 .. 500,000","00:00 (00:00)","xFAIRx","xFAIRx"
"4932","Freefall 3050AD","Jan 22, 2019","$0.99","N/A (N/A)","200,000 .. 500,000","00:00 (00:00)","Total ArKade Software","TAKS"
"6349","Ports of Call Classic","May 31, 2019","$4.99","N/A (N/A)","200,000 .. 500,000","00:00 (00:00)","Dipl. Ing. Rolf-Dieter Klein","Dipl. Ing. Rolf-Dieter Klein"
"7041","Elemental Girls","May 15, 2019","$0.99","N/A (N/A)","200,000 .. 500,000","05:18 (01:46)","Zloy Krot Studio","IR Studio"
"7132","HomeWork Is Crazy / 作业疯了","Jun 13, 2019","$7.99","N/A (N/A)","200,000 .. 500,000","00:00 (00:00)","三脚猫","Gamirror Games"
"7163","Nyasha","Mar 6, 2019","$0.99","N/A (N/A)","200,000 .. 500,000","05:02 (01:40)","Zloy Krot Studio","IR Studio"
"7255","Break the Game","Jul 15, 2019","$9.99","N/A (N/A)","200,000 .. 500,000","00:00 (00:00)","Simon Fredholm","Simon Fredholm"
"7279","Blast Zone! Tournament","Feb 28, 2019","N/A","N/A (N/A)","200,000 .. 500,000","00:00 (00:00)","Victory Lap Games","Victory Lap Games"
"7299","MOLEK-SYNTEZ","Nov 19, 2019","$9.99","N/A (N/A)","200,000 .. 500,000","00:00 (00:00)","Zachtronics","Zachtronics"
"7373","Depraved","Sep 21, 2019","$19.99","N/A (N/A)","200,000 .. 500,000","00:00 (00:00)","Evil Bite","Evil Bite"
"7377","GLADIABOTS - AI Combat Arena","May 22, 2019","$3.74","N/A (N/A)","200,000 .. 500,000","00:00 (00:00)","GFX47","GFX47, WhisperGames"
"7379","STORM AREA 51: AYY LMAO EDITION","Sep 19, 2019","$0.65","N/A (N/A)","200,000 .. 500,000","00:00 (00:00)","Agafonoff","Agafonoff"
"7383","Headsnatchers","Nov 7, 2019","$14.99","N/A (N/A)","200,000 .. 500,000","00:00 (00:00)","IguanaBee","Iceberg Interactive"
"7397","City Game Studio: a tycoon about game dev","Feb 21, 2019","$15.99","N/A (N/A)","200,000 .. 500,000","00:00 (00:00)","Binogure Studio","Binogure Studio"
"7403","Smartphone Tycoon","Mar 1, 2019","$6.99","N/A (N/A)","200,000 .. 500,000","00:00 (00:00)","Roastery Games","Roastery Games"
"7404","Football Manager 2020 Touch","Nov 19, 2019","N/A","N/A (N/A)","200,000 .. 500,000","00:00 (00:00)","Sports Interactive","SEGA"
"7419","The Defender: Farm and Castle","May 16, 2019","Free","N/A (N/A)","200,000 .. 500,000","00:00 (00:00)","Kobsoft Kitti","Kobsoft Kitti"
"7426","Contra Anniversary Collection","Jun 11, 2019","$19.99","N/A (N/A)","200,000 .. 500,000","00:00 (00:00)","KONAMI","KONAMI"
"7436","Railroad Corporation","Nov 18, 2019","$35.99","N/A (N/A)","200,000 .. 500,000","00:00 (00:00)","Corbie Games","Iceberg Interactive"
"7440","Shortest Trip to Earth","Aug 15, 2019","$25.99","N/A (N/A)","200,000 .. 500,000","00:00 (00:00)","Interactive Fate","Interactive Fate"
"7450","巅峰骑士团","Aug 27, 2019","$5.99","N/A (N/A)","200,000 .. 500,000","00:00 (00:00)","熊窝dodox","熊窝dodox, RuiXiao"
"7452","Hello Neighbor Alpha 3","Oct 17, 2019","Free","N/A (N/A)","200,000 .. 500,000","00:07 (00:02)","Dynamic Pixels","tinyBuild"
"7463","Shoppe Keep 2","Apr 25, 2019","$3.39","N/A (N/A)","200,000 .. 500,000","00:00 (00:00)","Strange Fire","Excalibur Publishing"
"7465","No-brainer Heroes 挂机吧！勇者","Nov 29, 2019","$9.99","N/A (N/A)","200,000 .. 500,000","00:00 (00:00)","小团团工作室","小团团工作室"
"7478","Tracks - The Train Set Game","Nov 14, 2019","$19.99","N/A (N/A)","200,000 .. 500,000","00:00 (00:00)","Whoop Group","Excalibur Games"
"7482","Iron Marines","May 15, 2019","$14.99","N/A (N/A)","200,000 .. 500,000","00:00 (00:00)","Ironhide Game Studio","Ironhide Game Studio"
"7487","Idle Wizard","Jan 25, 2019","Free","N/A (N/A)","200,000 .. 500,000","133:23 (44:27)","TwoWizards","TwoWizards"
"7495","Dude Simulator 3","Aug 23, 2019","$0.69","N/A (N/A)","200,000 .. 500,000","00:00 (00:00)","Kiddy","Kiddy"
"7496","Shark Attack Deathmatch 2","Jul 26, 2019","$4.99","N/A (N/A)","200,000 .. 500,000","00:00 (00:00)","Lighthouse Games Studio","Lighthouse Games Studio"
"7498","Warplanes: WW2 Dogfight","Apr 6, 2019","Free","N/A (N/A)","200,000 .. 500,000","00:00 (00:00)","Home Net Games","Home Net Games"
"7500","Deadly Days","Sep 19, 2019","$11.99","N/A (N/A)","200,000 .. 500,000","02:42 (00:54)","Pixelsplit","Pixelsplit"
"7507","Barro 2020","Nov 1, 2019","$0.49","N/A (N/A)","200,000 .. 500,000","00:00 (00:00)","SC Jogos","SC Jogos"
"7512","武林志（Wushu Chronicles）","Apr 9, 2019","$12.99","N/A (N/A)","200,000 .. 500,000","00:00 (00:00)","JiangHu Studio","Snail Games"
"7516","Castlevania Anniversary Collection","May 16, 2019","$7.99","N/A (N/A)","200,000 .. 500,000","01:16 (01:15)","KONAMI","KONAMI"
"7521","Thea 2: The Shattering","May 13, 2019","$12.49","N/A (N/A)","200,000 .. 500,000","04:48 (02:58)","MuHa Games, Eerie Forest Studio","MuHa Games"
"7522","Hedon Bloodrite","May 16, 2019","$16.99","N/A (N/A)","200,000 .. 500,000","00:00 (00:00)","Zan_HedonDev","Zan_HedonDev"
"7527","Detective Girl of the Steam City","Jul 18, 2019","$14.99","N/A (N/A)","200,000 .. 500,000","00:00 (00:00)","Clymenia","Kagura Games"
"7528","SteamWorld Quest: Hand of Gilgamech","May 31, 2019","$24.99","N/A (N/A)","200,000 .. 500,000","00:00 (00:00)","Image & Form Games","Thunderful Publishing"
"7530","Hello Neighbor Pre-Alpha","Jun 6, 2019","Free","N/A (N/A)","200,000 .. 500,000","00:13 (00:04)","Dynamic Pixels","tinyBuild"
"7531","Quest Hunter","Mar 8, 2019","$19.99","N/A (N/A)","200,000 .. 500,000","00:00 (00:00)","2 Zombie Games","2 Zombie Games"
"7534","Lurk in the Dark : Prologue","Nov 8, 2019","Free","N/A (N/A)","200,000 .. 500,000","00:00 (00:00)","IDEA FRUITION","IDEA FRUITION"
"7545","Poker Championship","Sep 25, 2019","Free","N/A (N/A)","200,000 .. 500,000","00:24 (00:08)","BBstudio Inc.","BBstudio Inc."
"7551","Flotsam","Sep 26, 2019","$24.99","N/A (N/A)","200,000 .. 500,000","00:00 (00:00)","Pajama Llama Games","Stray Fawn Publishing"
"7552","Police Simulator: Patrol Duty","Jun 18, 2019","$17.99","N/A (N/A)","200,000 .. 500,000","00:00 (00:00)","Bigmoon Entertainment",""
"7553","HARDCORE MECHA","Jun 26, 2019","$5.99","N/A (N/A)","200,000 .. 500,000","00:00 (00:00)","RocketPunch Games","RocketPunch Games, Lightning Games"
"7554","No Time to Relax","Aug 21, 2019","$13.99","N/A (N/A)","200,000 .. 500,000","00:00 (00:00)","Porcelain Fortress","Porcelain Fortress"
"7563","Vanishing Realms","Aug 23, 2019","$19.99","N/A (N/A)","200,000 .. 500,000","00:00 (00:00)","Indimo Labs LLC","Indimo Labs LLC"
"7567","Seek Girl Ⅲ","Dec 5, 2019","$1.99","N/A (N/A)","200,000 .. 500,000","00:00 (00:00)","DSGame","DSGame"
"7570","Overdungeon","Aug 22, 2019","$14.99","N/A (N/A)","200,000 .. 500,000","00:00 (00:00)","Pocketpair","Pocketpair"
"7571","Team Sonic Racing","May 21, 2019","$39.99","N/A (N/A)","200,000 .. 500,000","00:00 (00:00)","Sumo Digital","SEGA"
"7572","Swords and Sandals Classic Collection","Apr 18, 2019","$6.99","N/A (N/A)","200,000 .. 500,000","00:00 (00:00)","Whiskeybarrel Studios","eGames.com"
"7575","Peekaboo","Aug 7, 2019","$0.74","N/A (N/A)","200,000 .. 500,000","00:00 (00:00)","Redaster Studio","Redaster Studio"
"7576","CASE 2: Animatronics Survival","Feb 28, 2019","$9.99","N/A (N/A)","200,000 .. 500,000","00:00 (00:00)","Walnut LLC","Walnut LLC"
"7578","I wanna be the Creator","Nov 15, 2019","$5.99","N/A (N/A)","200,000 .. 500,000","00:00 (00:00)","Aikesi","HeyBox Games"
"7581","Onimusha: Warlords","Jan 15, 2019","$9.99","N/A (N/A)","200,000 .. 500,000","07:35 (02:31)","CAPCOM CO., LTD","CAPCOM CO., LTD"
"7585","Production Line : Car factory simulation","Mar 7, 2019","$24.99","N/A (N/A)","200,000 .. 500,000","00:00 (00:00)","Positech Games","Positech Games"
"7588","Zombotron","Apr 22, 2019","$14.99","N/A (N/A)","200,000 .. 500,000","00:00 (00:00)","Ant.Karlov Games","Ant.Karlov Games"
"7589","River City Girls","Sep 5, 2019","$10.49","N/A (N/A)","200,000 .. 500,000","00:00 (00:00)","WayForward","WayForward , Arc System Works"
"7590","Rise of Industry","May 2, 2019","$29.99","N/A (N/A)","200,000 .. 500,000","00:00 (00:00)","Dapper Penguin Studios","Kasedo Games"
"7592","Farmer's Dynasty","Nov 21, 2019","$19.99","N/A (N/A)","200,000 .. 500,000","00:00 (00:00)","UMEO Studios","Toplitz Productions"
"7594","TheoTown","Jun 5, 2019","$9.99","N/A (N/A)","200,000 .. 500,000","00:00 (00:00)","Lobby Divinus","blueflower"
"7595","Serious Sam Classics: Revolution","Aug 30, 2019","$9.99","N/A (N/A)","200,000 .. 500,000","00:00 (00:00)","Croteam, Alligator Pit","Devolver Digital"
"7597","RED HOT VENGEANCE","Jul 11, 2019","Free","N/A (N/A)","200,000 .. 500,000","00:00 (00:00)","Bros Before Giraffes","Bros Before Giraffes"
"7598","Hellsplit: Arena","Sep 9, 2019","$24.99","N/A (N/A)","200,000 .. 500,000","00:00 (00:00)","Deep Type Games","Deep Type Games"
"7603","Fisher Online","Oct 27, 2019","$13.99","N/A (N/A)","200,000 .. 500,000","01:23 (00:27)","R-Age LLC","R-Age LLC"
"7604","Gensokyo Night Festival","Oct 13, 2019","$12.99","N/A (N/A)","200,000 .. 500,000","00:00 (00:00)","WSS playground, tea_basira","WSS playground"
"7607","BlazBlue: Cross Tag Battle","Nov 20, 2019","$3.99","N/A (N/A)","200,000 .. 500,000","00:00 (00:00)","Arc System Works","Arc System Works"
"7609","Flower","Feb 14, 2019","$1.88","N/A (N/A)","200,000 .. 500,000","00:00 (00:00)","thatgamecompany","Annapurna Interactive"
"7611","Outlaws of the Old West","Mar 12, 2019","$19.99","N/A (N/A)","200,000 .. 500,000","00:00 (00:00)","Virtual Basement LLC","Wandering Wizard"
"7613","Staxel","Apr 11, 2019","$4.99","N/A (N/A)","200,000 .. 500,000","00:00 (00:00)","Plukit","Humble Games"
"7614","DARQ: Complete Edition","Aug 15, 2019","$19.99","N/A (N/A)","200,000 .. 500,000","00:00 (00:00)","Unfold Games","Unfold Games"
"7616","Miss Neko","Aug 13, 2019","$0.99","N/A (N/A)","200,000 .. 500,000","00:00 (00:00)","Double W","Toffee Cafe"
"7617","Paper Dolls: Original / 纸人","Apr 19, 2019","$16.99","N/A (N/A)","200,000 .. 500,000","00:00 (00:00)","Beijing Litchi Culture Media Co., Ltd.","Beijing Litchi Culture Media Co., Ltd., Gamera Game"
"7619","Seek Girl","Mar 14, 2019","Free","N/A (N/A)","200,000 .. 500,000","00:00 (00:00)","DSGame","DSGame"
"7620","Citadel: Forged with Fire","Nov 1, 2019","$14.99","N/A (N/A)","200,000 .. 500,000","00:00 (00:00)","Blue Isle Studios","Blue Isle Publishing"
"7625","MO:Astray","Oct 24, 2019","$14.99","N/A (N/A)","200,000 .. 500,000","00:00 (00:00)","Archpray Inc.","Rayark International Limited"
"7626","GRID","Oct 10, 2019","N/A","N/A (N/A)","200,000 .. 500,000","00:00 (00:00)","Codemasters","Codemasters, Electronic Arts"
"7627","Wet Girl","Jan 30, 2019","$0.99","N/A (N/A)","200,000 .. 500,000","00:00 (00:00)","Wet Girl","Shoot Girl"
"7629","Kindergarten 2","Jul 29, 2019","$14.99","N/A (N/A)","200,000 .. 500,000","00:00 (00:00)","Con Man Games, Sean Young","SmashGames"
"7633","Tangle Tower","Oct 22, 2019","$19.99","N/A (N/A)","200,000 .. 500,000","00:00 (00:00)","SFB Games","SFB Games"
"7634","Blacksad: Under the Skin","Nov 14, 2019","$19.99","N/A (N/A)","200,000 .. 500,000","04:22 (04:20)","Pendulo Studios, YS Interactive","Microids"
"7637","Pogostuck: Rage With Your Friends","Feb 28, 2019","$6.99","N/A (N/A)","200,000 .. 500,000","02:59 (00:59)","Superku","Superku"
"7638","Granny Simulator","Apr 17, 2019","$4.99","N/A (N/A)","200,000 .. 500,000","00:00 (00:00)","Nick Kestle","Nick Kestle"
"7640","Agent A: A puzzle in disguise","Aug 29, 2019","$1.99","N/A (N/A)","200,000 .. 500,000","00:00 (00:00)","Yak & Co","Yak & Co"
"7642","The Wild Eight","Oct 3, 2019","$24.99","N/A (N/A)","200,000 .. 500,000","00:00 (00:00)","Eight Points","HypeTrain Digital"
"7643","Hot Lava","Sep 19, 2019","$19.99","N/A (N/A)","200,000 .. 500,000","00:00 (00:00)","Klei Entertainment","Klei Entertainment"
"7644","Drift86","Nov 19, 2019","$1.99","N/A (N/A)","200,000 .. 500,000","00:57 (00:37)","RewindApp","RewindApp"
"7646","Intruder","Mar 1, 2019","$19.99","N/A (N/A)","200,000 .. 500,000","00:00 (00:00)","Superboss Games","Superboss Games"
"7648","The Song of Saya","Aug 12, 2019","$14.99","N/A (N/A)","200,000 .. 500,000","00:00 (00:00)","Nitroplus","JAST, Kagura Games (Chinese Localization)"
"7649","Rise to Ruins","Oct 14, 2019","$14.99","N/A (N/A)","200,000 .. 500,000","00:00 (00:00)","Raymond Doerr","SixtyGig Games"
"7654","Internet Cafe Simulator","Oct 25, 2019","$1.99","N/A (N/A)","200,000 .. 500,000","00:00 (00:00)","Cheesecake Dev","Cheesecake Dev"
"7656","Volcanoids","Jan 29, 2019","$19.99","N/A (N/A)","200,000 .. 500,000","00:00 (00:00)","Volcanoid","Volcanoid"
"7657","Naval Action","Jun 13, 2019","$19.99","N/A (N/A)","200,000 .. 500,000","24:40 (08:13)","Bermuda Computer Club","Bermuda Computer Club"
"7659","Zup! F","Dec 11, 2019","$1.99","N/A (N/A)","200,000 .. 500,000","00:00 (00:00)","Quiet River","Quiet River"
"7660","AI: The Somnium Files","Sep 17, 2019","$19.99","N/A (N/A)","200,000 .. 500,000","00:00 (00:00)","Spike Chunsoft Co., Ltd.","Spike Chunsoft Co., Ltd."
"7663","Otaku's Adventure","May 20, 2019","$6.99","N/A (N/A)","200,000 .. 500,000","00:00 (00:00)","Spacelight Studio","Spacelight Studio"
"7664","Sayonara Wild Hearts","Dec 12, 2019","$6.49","N/A (N/A)","200,000 .. 500,000","00:00 (00:00)","Simogo","Annapurna Interactive"
"7667","Kind Words (lo fi chill beats to write to)","Sep 12, 2019","$4.99","N/A (N/A)","200,000 .. 500,000","00:00 (00:00)","Popcannibal","Popcannibal"
"7668","Seen","Jun 20, 2019","$0.49","N/A (N/A)","200,000 .. 500,000","03:34 (01:11)","Seen Games","Seen Games"
"7673","Digimon Story Cyber Sleuth: Complete Edition","Oct 17, 2019","$4.99","N/A (N/A)","200,000 .. 500,000","04:42 (04:37)","h.a.n.d., Inc.","BANDAI NAMCO Entertainment Inc."
"7679","Tales of the Black Forest","Sep 25, 2019","$3.99","N/A (N/A)","200,000 .. 500,000","00:00 (00:00)","拾英工作室","SakuraGame"
"7","Unity of Command II","Nov 12, 2019","$29.99","N/A (N/A/88%)","100,000 .. 200,000","00:03 (00:01)","2x2 Games, Croteam","2x2 Games"
"15","Bug Fables: The Everlasting Sapling","Nov 21, 2019","$19.99","N/A (N/A/86%)","100,000 .. 200,000","03:10 (01:03)","Moonsprout Games","DANGEN Entertainment"
"27","Eliza","Aug 12, 2019","$14.99","N/A (N/A/84%)","100,000 .. 200,000","00:00 (00:00)","Zachtronics","Zachtronics"
"33","Synth Riders","Oct 31, 2019","$15.99","N/A (N/A/83%)","100,000 .. 200,000","00:00 (00:00)","Kluge Interactive","Kluge Interactive"
"41","Monster Boy and the Cursed Kingdom","Jul 25, 2019","$29.99","N/A (N/A/82%)","100,000 .. 200,000","00:00 (00:00)","Game Atelier","FDG Entertainment"
"42","Ni no Kuni Wrath of the White Witch Remastered","Sep 19, 2019","$49.99","N/A (N/A/82%)","100,000 .. 200,000","00:00 (00:00)","LEVEL5 Inc., QLOC","BANDAI NAMCO Entertainment"
"58","Frog Detective 2: The Case of the Invisible Wizard","Dec 9, 2019","$4.99","N/A (N/A/81%)","100,000 .. 200,000","00:00 (00:00)","Grace Bruxner, Thomas Bowker","worm club, SUPERHOT PRESENTS"
"73","Fantasy General II","Sep 5, 2019","$39.99","N/A (N/A/80%)","100,000 .. 200,000","00:00 (00:00)","Owned by Gravity","Slitherine Ltd."
"74","Detective Di: The Silk Rose Murders","May 1, 2019","$2.52","N/A (N/A/80%)","100,000 .. 200,000","00:00 (00:00)","Nupixo Games","Nupixo Games, WhisperGames"
"88","Objects in Space","Mar 1, 2019","$24.99","N/A (N/A/79%)","100,000 .. 200,000","00:00 (00:00)","Flat Earth Games","505 Games"
"94","Fate/EXTELLA LINK","Mar 19, 2019","$14.99","N/A (N/A/79%)","100,000 .. 200,000","00:00 (00:00)","Marvelous Inc.","XSEED Games, Marvelous USA, Inc., Marvelous Europe"
"95","Gato Roboto","May 30, 2019","$7.99","N/A (N/A/79%)","100,000 .. 200,000","00:00 (00:00)","doinksoft","Devolver Digital"
"102","Indivisible","Oct 8, 2019","$2.99","N/A (N/A/78%)","100,000 .. 200,000","00:00 (00:00)","Lab Zero Games","505 Games"
"104","Eastshade","Feb 13, 2019","$24.99","N/A (N/A/78%)","100,000 .. 200,000","00:00 (00:00)","Eastshade Studios","Eastshade Studios"
"115","Still There","Nov 20, 2019","$14.99","N/A (N/A/77%)","100,000 .. 200,000","00:00 (00:00)","GhostShark","Iceberg Interactive"
"127","Feudal Alloy","Jan 17, 2019","$16.99","N/A (N/A/76%)","100,000 .. 200,000","00:00 (00:00)","Attu Games","Attu Games"
"130","The Stillness of the Wind","Feb 7, 2019","$12.99","N/A (N/A/76%)","100,000 .. 200,000","00:00 (00:00)","Memory of God, Lambic Studios","Fellow Traveller"
"134","Heave Ho","Aug 29, 2019","$9.99","N/A (N/A/76%)","100,000 .. 200,000","00:52 (00:17)","Le Cartel Studio","Devolver Digital"
"141","God's Trigger","Apr 18, 2019","$14.99","N/A (N/A/75%)","100,000 .. 200,000","00:00 (00:00)","One More Level","Techland Publishing"
"145","Atelier Ryza: Ever Darkness & the Secret Hideout","Oct 28, 2019","$59.99","N/A (N/A/75%)","100,000 .. 200,000","00:00 (00:00)","KOEI TECMO GAMES CO., LTD.","KOEI TECMO GAMES CO., LTD."
"148","Black Future '88","Nov 21, 2019","$19.99","N/A (N/A/74%)","100,000 .. 200,000","00:04 (00:01)","SUPERSCARYSNAKES","Good Shepherd Entertainment, Surefire.Games"
"161","Draugen","May 29, 2019","$19.99","N/A (N/A/73%)","100,000 .. 200,000","00:00 (00:00)","Red Thread Games","Red Thread Games"
"170","Dark Devotion","Apr 25, 2019","$19.99","N/A (N/A/72%)","100,000 .. 200,000","00:00 (00:00)","Hibernian Workshop","The Arcade Crew, Maple Whispering Limited"
"191","Vampire: The Masquerade - Coteries of New York","Dec 11, 2019","$19.99","N/A (N/A/70%)","100,000 .. 200,000","00:00 (00:00)","Draw Distance","Dear Villagers"
"199","Moons of Madness","Oct 22, 2019","$24.99","N/A (N/A/69%)","100,000 .. 200,000","00:00 (00:00)","Rock Pocket Games","Funcom"
"205","The Occupation","Mar 5, 2019","$8.99","N/A (N/A/68%)","100,000 .. 200,000","00:00 (00:00)","White Paper Games","Humble Games"
"207","The Hong Kong Massacre","Jan 21, 2019","$19.99","N/A (N/A/68%)","100,000 .. 200,000","00:00 (00:00)","VRESKI","Untold Tales"
"208","Pathway","Apr 11, 2019","$15.99","N/A (N/A/68%)","100,000 .. 200,000","00:22 (00:07)","Robotality","Chucklefish"
"213","Weedcraft Inc","Apr 11, 2019","$19.99","N/A (N/A/67%)","100,000 .. 200,000","00:00 (00:00)","Vile Monarch","Devolver Digital"
"223","EARTH DEFENSE FORCE: IRON RAIN","Oct 15, 2019","$59.99","N/A (N/A/65%)","100,000 .. 200,000","00:00 (00:00)","YUKE'S","D3PUBLISHER"
"224","Radio Commander","Oct 10, 2019","$19.99","N/A (N/A/65%)","100,000 .. 200,000","00:00 (00:00)","Serious Sim","Games Operators, PlayWay S.A."
"227","YIIK: A Postmodern RPG","Jan 17, 2019","$19.99","N/A (N/A/64%)","100,000 .. 200,000","00:00 (00:00)","Ackk Studios","Ysbryd Games"
"242","Townsmen - A Kingdom Rebuilt","Feb 26, 2019","$19.99","N/A (N/A/60%)","100,000 .. 200,000","00:00 (00:00)","HandyGames","HandyGames"
"258","Silver Chains","Aug 6, 2019","$24.99","N/A (N/A/51%)","100,000 .. 200,000","00:00 (00:00)","Cracked Heads Games","Headup"
"363","Ruthless Water","Jan 8, 2019","N/A","N/A (N/A)","100,000 .. 200,000","00:00 (00:00)","贪婪龙","贪婪龙"
"372","Spirit Messages","Dec 19, 2019","Free","N/A (N/A)","100,000 .. 200,000","00:00 (00:00)","Kevin Wacknov","Mind Body Aware Games LLC"
"505","Once A Stray","Jan 28, 2019","Free","N/A (N/A)","100,000 .. 200,000","00:00 (00:00)","Ross Winters, Austin Pinzon, Adrian Lannon, Ana Beltran, David Almaguer, Ryan Rosado, Chris Perry, Emily Bannister, Nicolas Kemball-Cook, Doug Fialko, Joel Arroyo","Fire Fighter Games"
"762","Fateless","Nov 28, 2019","Free","N/A (N/A)","100,000 .. 200,000","00:00 (00:00)","Dimitri Lozovoy","Dimitri Lozovoy"
"959","Genesis - 创世争霸","Mar 14, 2019","N/A","N/A (N/A)","100,000 .. 200,000","00:00 (00:00)","Rampage Games","Hainan Legendkey Network Technology Co., Ltd."
"965","Microsoft Maquette","Jan 15, 2019","Free","N/A (N/A)","100,000 .. 200,000","00:00 (00:00)","Microsoft Corporation","Microsoft Corporation"
"1008","VeeR VR:VR Video and Movie Platform","Mar 13, 2019","Free","N/A (N/A)","100,000 .. 200,000","00:00 (00:00)","Velocious Technologies","Velocious Technologies"
"1017","Rogue Heist","Aug 21, 2019","N/A","N/A (N/A)","100,000 .. 200,000","00:00 (00:00)","Lifelike Studios","Time2Play Gaming Studios"
"1028","Endless Battle","Jan 3, 2019","N/A","N/A (N/A)","100,000 .. 200,000","00:00 (00:00)","Netdragon Websoft Inc","Netdragon Websoft Inc"
"1039","東方翠神廻廊 〜 Faith in the Goddess of Suwa.","Feb 11, 2019","Free","N/A (N/A)","100,000 .. 200,000","00:00 (00:00)","T.D","T.D"
"1049","Exocraft","Mar 12, 2019","Free","N/A (N/A)","100,000 .. 200,000","00:00 (00:00)","GoldFire Studios","GoldFire Studios"
"1052","PLAY'A VR  Video Player","Aug 5, 2019","Free","N/A (N/A)","100,000 .. 200,000","00:00 (00:00)","Swearl, LLC","Swearl, LLC"
"1061","Star Chef: Cooking & Restaurant Game","Apr 3, 2019","Free","N/A (N/A)","100,000 .. 200,000","00:00 (00:00)","99Games Online Pvt. Ltd.","99Games Online Pvt. Ltd."
"1067","Warhammer Age of Sigmar: Champions","Feb 19, 2019","N/A","N/A (N/A)","100,000 .. 200,000","00:00 (00:00)","PlayFusion","PlayFusion"
"1071","Corma: The Next Level","Jan 23, 2019","N/A","N/A (N/A)","100,000 .. 200,000","00:00 (00:00)","Nemo Studios","Nemo Studios"
"1076","Countersnipe","Dec 5, 2019","N/A","N/A (N/A)","100,000 .. 200,000","00:00 (00:00)","Ninja Kiwi","Ninja Kiwi"
"1078","War Blade","Jan 25, 2019","N/A","N/A (N/A)","100,000 .. 200,000","00:00 (00:00)","Tvr Games","Tvr Games"
"1080","WWII TCG - World War 2: The Card Game","Feb 22, 2019","N/A","N/A (N/A)","100,000 .. 200,000","00:00 (00:00)","FrozenShard Games","FrozenShard Games"
"1081","AXIOM SOCCER","Apr 11, 2019","Free","N/A (N/A)","100,000 .. 200,000","00:00 (00:00)","Earthbound Games Ltd.","Earthbound Games Ltd."
"1082","Auf Abwegen","Mar 9, 2019","Free","N/A (N/A)","100,000 .. 200,000","00:00 (00:00)","Kindman","InSayn"
"1088","DemonsAreCrazy","Sep 12, 2019","Free","N/A (N/A)","100,000 .. 200,000","00:00 (00:00)","Bigbug Studio","Bigbug Studio"
"1093","Ashes of Creation Apocalypse","Sep 24, 2019","N/A","N/A (N/A)","100,000 .. 200,000","00:00 (00:00)","Intrepid Studios, Inc.","Intrepid Studios, Inc."
"1094","PLANES ATTACK","May 6, 2019","Free","N/A (N/A)","100,000 .. 200,000","00:00 (00:00)","SRS Games","SRS Games"
"1099","Artist Idle","Jan 18, 2019","Free","N/A (N/A)","100,000 .. 200,000","00:00 (00:00)","YDKR","YDKR"
"1100","Rogue Reaper","Feb 1, 2019","Free","N/A (N/A)","100,000 .. 200,000","00:00 (00:00)","Fireroot Studios","Fireroot Studios"
"1103","KillStreak.tv","Apr 11, 2019","N/A","N/A (N/A)","100,000 .. 200,000","00:00 (00:00)","SideQuestNZ","Blue Wizard Digital"
"1106","Age of Fear: The Free World","Jan 18, 2019","Free","N/A (N/A)","100,000 .. 200,000","00:00 (00:00)","Leslaw Sliwko","Age of Fear"
"1110","Myths and Legends - Card Game","Aug 9, 2019","Free","N/A (N/A)","100,000 .. 200,000","00:00 (00:00)","Salo","Salo"
"1113","天际起源 The Ark of Horizon","Jan 19, 2019","Free","N/A (N/A)","100,000 .. 200,000","00:00 (00:00)","ITBT Studio","ITBT  Studio"
"1115","Overstep","Nov 22, 2019","Free","N/A (N/A)","100,000 .. 200,000","00:00 (00:00)","Gamecan","Gamecan"
"1121","Pixel Battle Royale","Jan 31, 2019","Free","N/A (N/A)","100,000 .. 200,000","00:00 (00:00)","FreezeNova","FreezeNova"
"1124","Project Zero Deaths","Jun 12, 2019","Free","N/A (N/A)","100,000 .. 200,000","00:00 (00:00)","UAB Detis","UAB Detis"
"1125","Eternal Battlefield","Dec 23, 2019","Free","N/A (N/A)","100,000 .. 200,000","00:00 (00:00)","Shenzhen Huanjing Technology Co.,Ltd","Shenzhen Huanjing Technology Co.,Ltd"
"1128","Watchers","Oct 22, 2019","N/A","N/A (N/A)","100,000 .. 200,000","00:00 (00:00)","Blindfold","Alawar Premium"
"1134","AVA: Dog Tag","May 2, 2019","N/A","N/A (N/A)","100,000 .. 200,000","00:00 (00:00)","Red Duck, Inc.","Red Duck, Inc."
"1136","Substance Painter 2020","Dec 17, 2019","N/A","N/A (N/A)","100,000 .. 200,000","00:00 (00:00)","Adobe","Adobe"
"1139","Warplanes: WW1 Sky Aces","Sep 23, 2019","Free","N/A (N/A)","100,000 .. 200,000","00:00 (00:00)","Home Net Games","Home Net Games"
"1140","Atma","Jul 10, 2019","Free","N/A (N/A)","100,000 .. 200,000","00:00 (00:00)","Team Atma","Rubika Supinfogame"
"1142","stein.world","Apr 23, 2019","Free","N/A (N/A)","100,000 .. 200,000","00:00 (00:00)","pg5-Studio","pg5-Studio"
"1143","Love Thyself - A Horatio Story","Apr 1, 2019","Free","N/A (N/A)","100,000 .. 200,000","00:00 (00:00)","AMPLITUDE Studios","SEGA"
"1144","Desktop+","Sep 21, 2019","Free","N/A (N/A)","100,000 .. 200,000","00:00 (00:00)","elvissteinjr","elvissteinjr"
"1145","Armajet","Oct 8, 2019","Free","N/A (N/A)","100,000 .. 200,000","00:00 (00:00)","Super Bit Machine","Super Bit Machine"
"1147","War of Omens Card Game","Feb 18, 2019","Free","N/A (N/A)","100,000 .. 200,000","00:00 (00:00)","Fifth Column Games","Fifth Column Games"
"1149","Not My Car – Battle Royale","Apr 5, 2019","Free","N/A (N/A)","100,000 .. 200,000","00:00 (00:00)","NMC Studios","NMC Studios"
"1151","Second Galaxy","Sep 11, 2019","Free","N/A (N/A)","100,000 .. 200,000","00:00 (00:00)","Zilong Game Limited","Zilong Game Limited"
"1157","Red Eclipse 2","Dec 19, 2019","Free","N/A (N/A)","100,000 .. 200,000","00:00 (00:00)","Quinton Reeves, Lee Salzman, Sławomir Błauciak","Quinton Reeves"
"1158","Not For Broadcast: Prologue","Dec 11, 2019","Free","N/A (N/A)","100,000 .. 200,000","00:00 (00:00)","NotGames","tinyBuild"
"1160","Shepherd of Light","Sep 4, 2019","Free","N/A (N/A)","100,000 .. 200,000","00:00 (00:00)","Bad Seahorse","John Paul the Great Catholic University"
"1161","The Lord of the Rings: Journeys in Middle-earth","Apr 18, 2019","Free","N/A (N/A)","100,000 .. 200,000","00:00 (00:00)","Fantasy Flight Games","Fantasy Flight Games"
"1164","HYPERFIGHT","Mar 7, 2019","Free","N/A (N/A)","100,000 .. 200,000","00:00 (00:00)","studio joh","studio joh"
"1165","Are you ready for Valve Index?","Apr 30, 2019","N/A","N/A (N/A)","100,000 .. 200,000","00:00 (00:00)","Valve","Ubisoft"
"1168","Rend","Mar 29, 2019","N/A","N/A (N/A)","100,000 .. 200,000","00:00 (00:00)","Frostkeep Studios","Frostkeep Studios"
"1171","Coloring Game: Little City","Aug 16, 2019","Free","N/A (N/A)","100,000 .. 200,000","00:00 (00:00)","L. Stotch","L. Stotch"
"1173","Haunted Gas Station","Oct 16, 2019","Free","N/A (N/A)","100,000 .. 200,000","00:00 (00:00)","JubleLemonSeed","JubleLemonSeed"
"1182","Hobs","Aug 19, 2019","Free","N/A (N/A)","100,000 .. 200,000","00:00 (00:00)","Teneke Kafalar","Teneke Kafalar"
"1193","Explore Fushimi Inari","Oct 11, 2019","N/A","N/A (N/A)","100,000 .. 200,000","00:00 (00:00)","Matt Newell","Matt Newell"
"1198","Pew Dew Redemption","May 17, 2019","Free","N/A (N/A)","100,000 .. 200,000","00:00 (00:00)","Enki","Enki"
"1199","Touhou Fantasia / 东方梦想曲","Jul 19, 2019","Free","N/A (N/A)","100,000 .. 200,000","00:00 (00:00)","SlimeSmile","SlimeSmile"
"1200","Lovers of Aether","Apr 1, 2019","Free","N/A (N/A)","100,000 .. 200,000","00:00 (00:00)","Dan Fornace, Pizza Freak","Aether Studios"
"1202","Mr. Hopp's Playhouse","Oct 7, 2019","Free","N/A (N/A)","100,000 .. 200,000","00:00 (00:00)","Moonbit","Moonbit"
"1206","There is No GreenDam","Nov 11, 2019","Free","N/A (N/A)","100,000 .. 200,000","00:00 (00:00)","格林达姆136工程团","格林达姆136工程团"
"1207","BEARS, VODKA, BALALAIKA!","Nov 6, 2019","$3.99","N/A (N/A)","100,000 .. 200,000","00:00 (00:00)","Rabotiagi games","Rabotiagi games"
"1211","Kill or Love","Aug 17, 2019","Free","N/A (N/A)","100,000 .. 200,000","00:00 (00:00)","Andy Church","Andy Church"
"1213","九劫曲：诅咒之地 NINE TRIALS","Jun 28, 2019","Free","N/A (N/A)","100,000 .. 200,000","00:00 (00:00)","爱玩工作室","爱玩工作室"
"1221","Open World Game: the Open World Game","Nov 19, 2019","Free","N/A (N/A)","100,000 .. 200,000","00:00 (00:00)","Morning Person Games","Morning Person Games"
"1223","The Good Time Garden","Dec 19, 2019","Free","N/A (N/A)","100,000 .. 200,000","00:00 (00:00)","Coal Supper","Coal Supper"
"1227","HOME","May 11, 2019","Free","N/A (N/A)","100,000 .. 200,000","00:00 (00:00)","LORE NINE","LORE NINE"
"1228","GOAT OF DUTY","Jul 10, 2019","$5.99","N/A (N/A)","100,000 .. 200,000","00:00 (00:00)","34BigThings srl",""
"1254","Paunch","Dec 4, 2019","Free","N/A (N/A)","100,000 .. 200,000","00:00 (00:00)","Kozhakov","Kozhakov"
"3875","House of Evil 2","Apr 2, 2019","$0.99","N/A (N/A)","100,000 .. 200,000","00:00 (00:00)","VikTor","VikTor"
"3919","Cheeky Beetle And The Unlikely Heroes","May 22, 2019","$0.99","N/A (N/A)","100,000 .. 200,000","00:00 (00:00)","Rocksoft Ltd","Rocksoft Ltd"
"4254","Game Master Plus","Jan 1, 2019","$6.99","N/A (N/A)","100,000 .. 200,000","00:00 (00:00)","Great Potion Games","Great Potion Games"
"4816","Plaguepunk Justice","Apr 11, 2019","$9.99","N/A (N/A)","100,000 .. 200,000","00:00 (00:00)","Maris Ozols","Maris Ozols"
"5052","Cold Cable: Lifeshift","Mar 21, 2019","$0.99","N/A (N/A)","100,000 .. 200,000","00:00 (00:00)","TW Gamedev","TW Gamedev"
"5529","Dark Data","Sep 5, 2019","$6.99","N/A (N/A)","100,000 .. 200,000","00:00 (00:00)","Enlightened Realm, Pixelfoot Games","The Incubator"
"5786","FUNGI","Dec 27, 2019","Free","N/A (N/A)","100,000 .. 200,000","00:00 (00:00)","Nonline Studios","Nonline Studios"
"6019","Trident's Wake","Jun 4, 2019","$14.99","N/A (N/A)","100,000 .. 200,000","00:00 (00:00)","Bacus Studios","Graffiti Games"
"6081","1406","Mar 21, 2019","$0.99","N/A (N/A)","100,000 .. 200,000","00:00 (00:00)","VikTor","VikTor"
"6175","Monsters' Den Chronicles","Aug 8, 2019","$5.99","N/A (N/A)","100,000 .. 200,000","00:00 (00:00)","Monstrum","Monstrum"
"6195","Centralia: Homecoming","Oct 26, 2019","$3.99","N/A (N/A)","100,000 .. 200,000","00:00 (00:00)","VikTor","VikTor"
"6291","Drawngeon: Dungeons of Ink and Paper","May 24, 2019","$6.99","N/A (N/A)","100,000 .. 200,000","00:00 (00:00)","DarkDes Labs","DarkDes Labs"
"6578","Extreme Racing on Highway","Mar 6, 2019","$4.99","N/A (N/A)","100,000 .. 200,000","00:00 (00:00)","A Nostru","My Way Games"
"6657","Ancient Guardian","Dec 23, 2019","$7.99","N/A (N/A)","100,000 .. 200,000","00:00 (00:00)","North Lab","North Lab"
"6832","DIVINATION","Dec 12, 2019","$1.99","N/A (N/A)","100,000 .. 200,000","00:00 (00:00)","Mojiken","Mojiken"
"6847","DreamWorks Dragons: Dawn of New Riders","Feb 15, 2019","$8.99","N/A (N/A)","100,000 .. 200,000","00:00 (00:00)","Climax Studios Ltd.","Outright Games Ltd."
"6849","DayBreak Online","Jun 13, 2019","N/A","N/A (N/A)","100,000 .. 200,000","00:00 (00:00)","Global Games","Global Games"
"6863","Orpheus's Dream","Sep 15, 2019","Free","N/A (N/A)","100,000 .. 200,000","00:00 (00:00)","Orpheus's Dream Team","Orpheus's Dream Team"
"6884","Khan VS Kahn","Aug 27, 2019","$0.99","N/A (N/A)","100,000 .. 200,000","00:00 (00:00)","Black Potion","Black Potion"
"6904","Wolflord - Werewolf Online","Aug 31, 2019","N/A","N/A (N/A)","100,000 .. 200,000","00:00 (00:00)","LizardFactory","LizardFactory"
"6916","机退怪兽","Apr 24, 2019","$10.99","N/A (N/A)","100,000 .. 200,000","00:00 (00:00)","Doble Punch Games","Surefire.Games"
"6918","Call Of The Mighty Warriors","Mar 1, 2019","$4.99","N/A (N/A)","100,000 .. 200,000","00:00 (00:00)","Jaison Robson Gusava, SC Jogos","SC Jogos"
"6926","The 7th Guest: 25th Anniversary Edition","Apr 2, 2019","$9.99","N/A (N/A)","100,000 .. 200,000","00:00 (00:00)","MojoTouch, Trilobyte Games","MojoTouch"
"6962","Light Fairytale Episode 1","May 13, 2019","$9.99","N/A (N/A)","100,000 .. 200,000","00:00 (00:00)","neko.works","neko.works"
"7016","SwarmZ","Nov 29, 2019","$4.99","N/A (N/A)","100,000 .. 200,000","00:00 (00:00)","Mutiny Software","Mutiny Software"
"7056","Interstellar Transport Company","May 24, 2019","$6.24","N/A (N/A)","100,000 .. 200,000","00:00 (00:00)","MT Worlds","MT Worlds"
"7129","Horse Riding Tales","Apr 12, 2019","Free","N/A (N/A)","100,000 .. 200,000","00:00 (00:00)","Foxie Games","App Business Ventures LLC"
"7154","Race for Tuning","Apr 19, 2019","$4.99","N/A (N/A)","100,000 .. 200,000","00:00 (00:00)","A. Strazhev","A. Strazhev"
"7157","告死天使之言 Death angel","Aug 10, 2019","$0.99","N/A (N/A)","100,000 .. 200,000","00:00 (00:00)","我妻寒十","我妻寒十"
"7170","Crowd Simulator","Sep 23, 2019","$2.99","N/A (N/A)","100,000 .. 200,000","00:00 (00:00)","ZHANG FAN, SHEN JIAWEI","SHEN JIAWEI"
"7175","Pixel Puzzles Traditional Jigsaw Puzzles","Nov 18, 2019","Free","N/A (N/A)","100,000 .. 200,000","00:00 (00:00)","Pixel Puzzles","Pixel Puzzles"
"7181","铁道物语：陆王（Railway Saga:Land King）","May 16, 2019","$9.99","N/A (N/A)","100,000 .. 200,000","00:00 (00:00)","風林火山工作室, 東木酋長","Jolifess Inc., Fulinkazan Co."
"7183","Infected Shelter","Nov 11, 2019","Free","N/A (N/A)","100,000 .. 200,000","00:00 (00:00)","Dark Blue Games","Dark Blue Games"
"7194","Goblin Walker","Jan 9, 2019","N/A","N/A (N/A)","100,000 .. 200,000","00:00 (00:00)","るしまる堂","Paradise Project"
"7195","Pixel Game Maker MV","Sep 19, 2019","$14.44","N/A (N/A)","100,000 .. 200,000","00:00 (00:00)","Gotcha Gotcha Games, KADOKAWA","Gotcha Gotcha Games"
"7196","Dry Drowning","Aug 2, 2019","$19.99","N/A (N/A)","100,000 .. 200,000","00:00 (00:00)","Studio V, VLG","Leonardo Interactive, WhisperGames"
"7197","Sound Slide","Jan 24, 2019","Free","N/A (N/A)","100,000 .. 200,000","00:00 (00:00)","Sound Slide Team","IronEqual"
"7204","Outpost Zero","Jul 25, 2019","$19.99","N/A (N/A)","100,000 .. 200,000","00:00 (00:00)","Symmetric Games","tinyBuild"
"7218","Dredgers","Oct 23, 2019","$11.99","N/A (N/A)","100,000 .. 200,000","00:00 (00:00)","Pirate-Rob","Pirate-Rob"
"7228","MicroTown","Aug 30, 2019","$9.99","N/A (N/A)","100,000 .. 200,000","00:00 (00:00)","Snowy Ash Games","Snowy Ash Games"
"7229","3000th Duel","Dec 12, 2019","$14.99","N/A (N/A)","100,000 .. 200,000","00:00 (00:00)","NEOPOPCORN Corp","NEOPOPCORN Corp"
"7234","Final Assault","May 16, 2019","$9.99","N/A (N/A)","100,000 .. 200,000","00:00 (00:00)","Phaser Lock Interactive","Phaser Lock Interactive"
"7246","Boxing School","Jan 10, 2019","$9.99","N/A (N/A)","100,000 .. 200,000","00:00 (00:00)","Raptor Claw Games","Raptor Claw Games, Millendream"
"7249","Deuterium Wars","Oct 10, 2019","Free","N/A (N/A)","100,000 .. 200,000","00:00 (00:00)","Disquire","Disquire"
"7251","7th Sector","Mar 5, 2019","$10.99","N/A (N/A)","100,000 .. 200,000","00:00 (00:00)","Носков Сергей","Носков Сергей"
"7259","Showdown Bandit","Sep 17, 2019","N/A","N/A (N/A)","100,000 .. 200,000","00:12 (00:04)","Kindly Beast","Kindly Beast"
"7280","Sea Salt","Oct 17, 2019","$14.99","N/A (N/A)","100,000 .. 200,000","00:00 (00:00)","YCJY Games","YCJY Games"
"7290","On The Road - The Truck Simulator","Nov 14, 2019","$29.99","N/A (N/A)","100,000 .. 200,000","00:00 (00:00)","tox² interactive GmbH","Aerosoft GmbH"
"7293","METAL SLUG XX","Jan 31, 2019","$19.99","N/A (N/A)","100,000 .. 200,000","00:00 (00:00)","SNK CORPORATION","SNK CORPORATION"
"7300","The Settlers 7 : History Edition","Jan 22, 2019","$5.99","N/A (N/A)","100,000 .. 200,000","00:00 (00:00)","Ubisoft Blue Byte","Ubisoft"
"7306","Vambrace: Cold Soul","May 28, 2019","$2.49","N/A (N/A)","100,000 .. 200,000","00:00 (00:00)","Devespresso Games","Headup"
"7312","Nancy Drew: Midnight in Salem","Dec 3, 2019","$21.99","N/A (N/A)","100,000 .. 200,000","00:00 (00:00)","HeR Interactive, Inc.","HeR Interactive, Inc."
"7325","Metaverse Keeper / 元能失控","Apr 10, 2019","$14.99","N/A (N/A)","100,000 .. 200,000","00:00 (00:00)","Sparks Games","Sparks Games"
"7334","The Settlers : Heritage of Kings - History Edition","Jan 22, 2019","$5.99","N/A (N/A)","100,000 .. 200,000","00:00 (00:00)","Ubisoft Blue Byte","Ubisoft"
"7339","Interstellar Space: Genesis","Jul 25, 2019","$29.99","N/A (N/A)","100,000 .. 200,000","00:00 (00:00)","Praxis Games","Praxis Games"
"7343","Leanna's Slice of Life","Mar 7, 2019","$5.99","N/A (N/A)","100,000 .. 200,000","00:00 (00:00)","Acerola","Kagura Games"
"7345","Phantom Rose","Aug 7, 2019","$14.99","N/A (N/A)","100,000 .. 200,000","00:00 (00:00)","makaroll","Studio Maka"
"7347","Puyo Puyo Champions","May 6, 2019","$6.99","N/A (N/A)","100,000 .. 200,000","00:00 (00:00)","Sonic Team","SEGA"
"7348","Never Again","May 9, 2019","$13.99","N/A (N/A)","100,000 .. 200,000","00:00 (00:00)","Primary Games","Primary Games"
"7353","RealFlight 9.5S","Sep 3, 2019","N/A","N/A (N/A)","100,000 .. 200,000","00:00 (00:00)","Horizon Hobby, LLC","Horizon Hobby, LLC"
"7354","Fate Hunters","Jul 18, 2019","$14.99","N/A (N/A)","100,000 .. 200,000","00:00 (00:00)","Tower Games","Tower Games"
"7357","Wizard And Minion Idle","Feb 7, 2019","Free","N/A (N/A)","100,000 .. 200,000","00:00 (00:00)","Oni Gaming","Oni Gaming"
"7359","Dancing Girl","Jun 28, 2019","$0.99","N/A (N/A)","100,000 .. 200,000","00:00 (00:00)","Snow Girl","Snow Girl"
"7368","Mirror Maker","Jan 17, 2019","$1.99","N/A (N/A)","100,000 .. 200,000","00:00 (00:00)","KAGAMI WORKs","Paradise Project"
"7381","Diesel Brothers: Truck Building Simulator","May 10, 2019","N/A","N/A (N/A)","100,000 .. 200,000","00:00 (00:00)","Code Horizon","PlayWay S.A."
"7384","Ymir","Mar 16, 2019","$34.99","N/A (N/A)","100,000 .. 200,000","00:00 (00:00)","Thibaud Michaud","Thibaud Michaud"
"7395","Fantasy Blacksmith","Nov 15, 2019","$9.99","N/A (N/A)","100,000 .. 200,000","00:00 (00:00)","Heaven Brotherhood","GrabTheGames"
"7401","The LEGO Movie 2 Videogame","Feb 26, 2019","$29.99","N/A (N/A)","100,000 .. 200,000","00:00 (00:00)","TT Games, Feral interactive (Mac)","Warner Bros. Interactive Entertainment, Feral interactive (Mac)"
"7402","变量 Variables","Jul 30, 2019","$10.99","N/A (N/A)","100,000 .. 200,000","00:00 (00:00)","Asteroid Game Studio","Asteroid Game Studio"
"7405","TAPSONIC BOLD","Mar 29, 2019","$19.99","N/A (N/A)","100,000 .. 200,000","00:00 (00:00)","NEOWIZ","NEOWIZ"
"7406","Angeldust","Dec 21, 2019","Free","N/A (N/A)","100,000 .. 200,000","00:00 (00:00)","Frank Lucas","Metagaming B.V."
"7411","Duck Season PC","Jun 17, 2019","$9.99","N/A (N/A)","100,000 .. 200,000","00:00 (00:00)","Stress Level Zero","Stress Level Zero"
"7412","China: Mao's legacy","May 24, 2019","$6.99","N/A (N/A)","100,000 .. 200,000","00:00 (00:00)","Nostalgames","Nostalgames"
"7417","DemonCrawl","Nov 5, 2019","$14.99","N/A (N/A)","100,000 .. 200,000","00:00 (00:00)","Therefore Games","Therefore Games"
"7418","Zup! XS","Apr 17, 2019","$1.99","N/A (N/A)","100,000 .. 200,000","00:00 (00:00)","Quiet River","Quiet River"
"7421","Super Jigsaw Puzzle: Generations","Apr 4, 2019","Free","N/A (N/A)","100,000 .. 200,000","00:00 (00:00)","Flat Cat Games","Flat Cat Games"
"7435","Zengeon","Jun 24, 2019","$19.99","N/A (N/A)","100,000 .. 200,000","00:00 (00:00)","IndieLeague Studio","2P Games"
"7442","沉睡的法则 Things as They Are","Jun 17, 2019","$5.99","N/A (N/A)","100,000 .. 200,000","00:00 (00:00)","四块二茶会","四块二茶会"
"7444","MXGP 2019 - The Official Motocross Videogame","Aug 27, 2019","$24.99","N/A (N/A)","100,000 .. 200,000","00:00 (00:00)","Milestone S.r.l.","Milestone S.r.l."
"7446","FlowScape","Aug 15, 2019","$14.99","N/A (N/A)","100,000 .. 200,000","00:00 (00:00)","Pixel Forest Games","Pixel Forest Games"
"7448","符文女孩/Rune Girl","Jun 28, 2019","$0.49","N/A (N/A)","100,000 .. 200,000","00:00 (00:00)","AFOG","DSGame"
"7453","Journey of Greed","Oct 23, 2019","$6.99","N/A (N/A)","100,000 .. 200,000","00:00 (00:00)","Dird Games","XD"
"7458","MageQuit","Oct 10, 2019","$14.99","N/A (N/A)","100,000 .. 200,000","00:00 (00:00)","Bowlcut Studios","Bowlcut Studios"
"7460","Conan Unconquered","May 29, 2019","$19.99","N/A (N/A)","100,000 .. 200,000","00:00 (00:00)","Petroglyph","Funcom"
"7461","RIOT: Civil Unrest","Feb 12, 2019","$16.99","N/A (N/A)","100,000 .. 200,000","00:00 (00:00)","Leonard Menchiari, IV Productions, Ivan Venturi Productions","Silver Lining Interactive"
"7462","Kyle is Famous: Complete Edition","Nov 18, 2019","$9.99","N/A (N/A)","100,000 .. 200,000","00:00 (00:00)","John Szymanski","John Szymanski"
"7466","Power Rangers: Battle for the Grid","Sep 24, 2019","$19.99","N/A (N/A)","100,000 .. 200,000","00:00 (00:00)","nWay, INC","nWay, INC"
"7467","Rebel Cops","Sep 17, 2019","$9.99","N/A (N/A)","100,000 .. 200,000","00:46 (00:15)","Weappy Studio","THQ Nordic"
"7468","BOXVR","May 21, 2019","$29.99","N/A (N/A)","100,000 .. 200,000","00:00 (00:00)","FitXR","FitXR"
"7469","Pesterquest","Sep 4, 2019","$11.99","N/A (N/A)","100,000 .. 200,000","00:00 (00:00)","What Pumpkin Games, Inc.","Fellow Traveller"
"7470","Fishing Adventure","Nov 1, 2019","$4.99","N/A (N/A)","100,000 .. 200,000","00:00 (00:00)","MasterCode","Ultimate Games S.A."
"7476","Planet Nomads","May 3, 2019","N/A","N/A (N/A)","100,000 .. 200,000","00:00 (00:00)","Craneballs","Craneballs"
"7477","The Sapling","Dec 12, 2019","$17.99","N/A (N/A)","100,000 .. 200,000","00:00 (00:00)","Wessel Stoop","Wessel Stoop"
"7484","Taboos: Cracks","May 2, 2019","$1.99","N/A (N/A)","100,000 .. 200,000","00:00 (00:00)","DSGame","DSGame"
"7485","Valakas Story","Dec 3, 2019","$0.99","N/A (N/A)","100,000 .. 200,000","00:00 (00:00)","BRUTAL SOFTWARE","BRUTAL SOFTWARE"
"7491","SlipSlop: World's Hardest Platformer Game","Jun 28, 2019","Free","N/A (N/A)","100,000 .. 200,000","00:00 (00:00)","10F","10F"
"7492","Lofi Ping Pong","Mar 12, 2019","Free","N/A (N/A)","100,000 .. 200,000","00:00 (00:00)","Calvares","Kalvarez A. Party"
"7493","NASCAR Heat 4","Sep 13, 2019","N/A","N/A (N/A)","100,000 .. 200,000","00:01 (00:00)","Monster Games","704 Games Company"
"7501","Ideology in Friction","Jun 13, 2019","$9.99","N/A (N/A)","100,000 .. 200,000","00:00 (00:00)","ONEONE1","Kagura Games"
"7508","Basement","Nov 10, 2019","$19.99","N/A (N/A)","100,000 .. 200,000","07:15 (02:25)","Halfbus","Halfbus"
"7510","Truberbrook / Trüberbrook","Mar 12, 2019","$2.99","N/A (N/A)","100,000 .. 200,000","00:00 (00:00)","btf","Headup"
"7511","Rise of Liberty","May 30, 2019","$7.99","N/A (N/A)","100,000 .. 200,000","00:00 (00:00)","Sandstorm Studios Inc.","Sandstorm Studios Inc."
"7514","Fear The Wolves","Feb 6, 2019","N/A","N/A (N/A)","100,000 .. 200,000","00:00 (00:00)","Vostok Games","Focus Entertainment"
"7518","Mutilate-a-Doll 2","Mar 1, 2019","$9","N/A (N/A)","100,000 .. 200,000","00:00 (00:00)","Rava Games","Rava Games"
"7523","Automation Empire","Nov 20, 2019","$29.99","N/A (N/A)","100,000 .. 200,000","00:00 (00:00)","DOG HOGGLER","DOG HOGGLER"
"7529","Shadow Corridor","Mar 8, 2019","$7.99","N/A (N/A)","100,000 .. 200,000","00:00 (00:00)","Space Onigiri Game LLC","Space Onigiri Game LLC"
"7536","英雄群侠传II","Jul 16, 2019","$11.99","N/A (N/A)","100,000 .. 200,000","00:00 (00:00)","熊窝dodox","熊窝dodox, RuiXiao"
"7537","HALF DEAD 2","Aug 2, 2019","$4.99","N/A (N/A)","100,000 .. 200,000","00:00 (00:00)","Room710Games","Room710Games"
"7542","Evoland Legendary Edition","Feb 7, 2019","$19.99","N/A (N/A)","100,000 .. 200,000","00:00 (00:00)","Shiro Games","Shiro Games"
"7546","ULTIMATE HARDBASS DEFENCE","Apr 12, 2019","$1.99","N/A (N/A)","100,000 .. 200,000","00:00 (00:00)","Magnolia Art","Magnolia Art"
"7548","Seek Girl Ⅱ","Sep 30, 2019","$1.99","N/A (N/A)","100,000 .. 200,000","00:00 (00:00)","DSGame","DSGame"
"7550","I hate this game","Mar 7, 2019","$1.99","N/A (N/A)","100,000 .. 200,000","00:00 (00:00)","Pixel Error","Pixel Error"
"7555","LOVE³ -Love Cube-","Jul 25, 2019","$9.99","N/A (N/A)","100,000 .. 200,000","00:00 (00:00)","NEKO WORK H","NEKO WORKs, FAKKU"
"7556","The Blackout Club","Jul 29, 2019","$29.99","N/A (N/A)","100,000 .. 200,000","00:00 (00:00)","Question","Question"
"7559","Don't Escape: 4 Days to Survive","Mar 11, 2019","$14.99","N/A (N/A)","100,000 .. 200,000","00:00 (00:00)","scriptwelder","Armor Games Studios"
"7560","Snakeybus","May 10, 2019","$9.99","N/A (N/A)","100,000 .. 200,000","00:00 (00:00)","Stovetop, LLC","Stovetop, LLC"
"7562","Warhammer 40,000: Inquisitor - Prophecy","Jul 30, 2019","$24.99","N/A (N/A)","100,000 .. 200,000","00:00 (00:00)","NeocoreGames","NeocoreGames"
"7564","人间 The Lost We Lost","Apr 30, 2019","$3.99","N/A (N/A)","100,000 .. 200,000","00:00 (00:00)","白露社","PeriScope Game"
"7565","Storm Chasers","Jun 28, 2019","$12.99","N/A (N/A)","100,000 .. 200,000","00:00 (00:00)","Little Cloud Games","Little Cloud Games"
"7566","DEAD OR SCHOOL","Jun 3, 2019","$9.99","N/A (N/A)","100,000 .. 200,000","00:00 (00:00)","Studio Nanafushi","Studio Nanafushi"
"7573","Feel The Snow","Dec 12, 2019","$12.99","N/A (N/A)","100,000 .. 200,000","00:00 (00:00)","Owlet","Owlet"
"7577","Later Alligator","Sep 18, 2019","$17.99","N/A (N/A)","100,000 .. 200,000","00:00 (00:00)","SmallBü, Pillow Fight","SmallBü, Pillow Fight"
"7583","Glass Masquerade 2: Illusions","Feb 27, 2019","$4.99","N/A (N/A)","100,000 .. 200,000","02:10 (00:43)","Onyx Lute","Onyx Lute"
"7591","Dream Ending","Jul 22, 2019","$2.39","N/A (N/A)","100,000 .. 200,000","00:00 (00:00)","#workshop","NVLMaker"
"7596","Pretty Angel","Dec 13, 2019","$0.69","N/A (N/A)","100,000 .. 200,000","00:00 (00:00)","GirlGames","GirlGames"
"7599","DATE A LIVE: Rio Reincarnation","Jul 23, 2019","$39.99","N/A (N/A)","100,000 .. 200,000","00:00 (00:00)","Idea Factory, Compile Heart, Sting","Idea Factory International"
"7602","Cricket 19","Jul 30, 2019","$29.99","N/A (N/A)","100,000 .. 200,000","00:00 (00:00)","Big Ant Studios","Big Ant Studios"
"7605","Fluffy Store","Aug 14, 2019","$1.99","N/A (N/A)","100,000 .. 200,000","00:00 (00:00)","AsicxArt","SakuraGame"
"7606","Tales of the Neon Sea","Apr 29, 2019","$2.37","N/A (N/A)","100,000 .. 200,000","00:00 (00:00)","YiTi Games","Thermite Games"
"7615","The Thrill of the Fight - VR Boxing","Oct 24, 2019","$9.99","N/A (N/A)","100,000 .. 200,000","00:00 (00:00)","Halfbrick Studios Pty Ltd","Halfbrick Studios Pty Ltd"
"7618","Tiny Snow","Feb 27, 2019","$2.39","N/A (N/A)","100,000 .. 200,000","00:00 (00:00)","#workshop","NVLMaker"
"7624","ONE PIECE World Seeker","Mar 14, 2019","$59.99","N/A (N/A)","100,000 .. 200,000","00:00 (00:00)","GANBARION Co., Ltd.","BANDAI NAMCO Entertainment"
"7628","Fantasy Girl","Jun 20, 2019","$1.19","N/A (N/A)","100,000 .. 200,000","00:00 (00:00)","Inverse Game","Inverse Game"
"7632","SURVIVAL: Postapocalypse Now","Dec 3, 2019","$14.99","N/A (N/A)","100,000 .. 200,000","00:00 (00:00)","TB Games","TB Games"
"39","Celtic Kings: Rage of War","Sep 5, 2019","$4.99","N/A (N/A/82%)","50,000 .. 100,000","00:00 (00:00)","Haemimont Games","Haemimont Games"
"54","Horace","Jul 18, 2019","$4.49","N/A (N/A/81%)","50,000 .. 100,000","00:00 (00:00)","Paul Helman, Sean Scaplehorn","505 Games"
"55","Unruly Heroes","Jan 23, 2019","$19.99","N/A (N/A/81%)","50,000 .. 100,000","00:00 (00:00)","Magic Design Studios","Magic Design Studios"
"69","Nelly Cootalot: Spoonbeaks Ahoy! HD","May 22, 2019","$0.99","N/A (N/A/80%)","50,000 .. 100,000","00:00 (00:00)","Alasdair Beckett-King, Application Systems Heidelberg","Application Systems Heidelberg"
"70","Monster Energy Supercross - The Official Videogame 2","Feb 8, 2019","$19.99","N/A (N/A/80%)","50,000 .. 100,000","00:00 (00:00)","Milestone S.r.l.","Milestone S.r.l."
"71","When Ski Lifts Go Wrong","Jan 23, 2019","$14.99","N/A (N/A/80%)","50,000 .. 100,000","00:00 (00:00)","Hugecalf Studios","Curve Games"
"72","Virgo Versus The Zodiac","Dec 12, 2019","$19.99","N/A (N/A/80%)","50,000 .. 100,000","00:00 (00:00)","Moonana","Moonana, Serenity Forge"
"91","Druidstone: The Secret of the Menhir Forest","May 15, 2019","$24.99","N/A (N/A/79%)","50,000 .. 100,000","00:00 (00:00)","Ctrl Alt Ninja Ltd.","Ctrl Alt Ninja Ltd."
"92","Blazing Chrome","Jul 11, 2019","$16.99","N/A (N/A/79%)","50,000 .. 100,000","00:00 (00:00)","JoyMasher","The Arcade Crew, CE-Asia"
"93","AVICII Invector","Dec 10, 2019","$19.99","N/A (N/A/79%)","50,000 .. 100,000","00:00 (00:00)","Hello There Games","Hello There Games"
"99","Arcade Spirits","Feb 12, 2019","$4.99","N/A (N/A/78%)","50,000 .. 100,000","00:00 (00:00)","Fiction Factory Games","PQube"
"103","LOST EMBER","Nov 22, 2019","$29.99","N/A (N/A/78%)","50,000 .. 100,000","00:00 (00:00)","Mooneye Studios","Mooneye Studios"
"112","AUDICA: Rhythm Shooter","Nov 5, 2019","$29.99","N/A (N/A/77%)","50,000 .. 100,000","00:00 (00:00)","Harmonix Music Systems, Inc","Harmonix Music Systems, Inc"
"113","Lovecraft's Untold Stories","Jan 31, 2019","$14.99","N/A (N/A/77%)","50,000 .. 100,000","00:00 (00:00)","LLC Blini Games","Fulqrum Publishing"
"128","Field of Glory: Empires","Jul 11, 2019","$39.99","N/A (N/A/76%)","50,000 .. 100,000","00:00 (00:00)","Ageod","Slitherine Ltd."
"140","Super Cane Magic ZERO - Legend of the Cane Cane","May 30, 2019","$19.99","N/A (N/A/75%)","50,000 .. 100,000","00:00 (00:00)","Studio Evil","Studio Evil"
"150","Degrees of Separation","Feb 13, 2019","$3.99","N/A (N/A/74%)","50,000 .. 100,000","01:27 (00:57)","Moondrop","Maximum Entertainment"
"159","The Eternal Castle [REMASTERED]","Jan 5, 2019","$13.49","N/A (N/A/73%)","50,000 .. 100,000","00:00 (00:00)","Leonard Menchiari, Daniele Vicinanzo, Giulio Perrone","Playsaurus"
"160","Nowhere Prophet","Jul 19, 2019","$24.99","N/A (N/A/73%)","50,000 .. 100,000","00:00 (00:00)","Sharkbomb Studios","No More Robots"
"162","Minoria","Aug 27, 2019","$19.99","N/A (N/A/73%)","50,000 .. 100,000","00:00 (00:00)","Bombservice","DANGEN Entertainment"
"178","Felix The Reaper","Oct 17, 2019","$0.99","N/A (N/A/71%)","50,000 .. 100,000","00:00 (00:00)","Kong Orange","Daedalic Entertainment"
"179","Automachef","Jul 23, 2019","$14.99","N/A (N/A/71%)","50,000 .. 100,000","00:00 (00:00)","Rhombico Games","Team17 Digital Ltd"
"180","RAD","Aug 19, 2019","$19.99","N/A (N/A/71%)","50,000 .. 100,000","00:00 (00:00)","Double Fine Productions","BANDAI NAMCO Entertainment America Inc."
"188","Tech Support: Error Unknown","Feb 27, 2019","$9.99","N/A (N/A/70%)","50,000 .. 100,000","00:00 (00:00)","Dragon Slumber","Iceberg Interactive"
"197","Etherborn","Jul 18, 2019","$6.79","N/A (N/A/69%)","50,000 .. 100,000","00:00 (00:00)","Altered Matter","Akupara Games"
"198","Devolver Bootleg","Jun 9, 2019","$4.99","N/A (N/A/69%)","50,000 .. 100,000","00:00 (00:00)","doinksoft","Devolver Digital"
"214","OUTBUDDIES DX","Oct 15, 2019","$17.99","N/A (N/A/66%)","50,000 .. 100,000","00:00 (00:00)","Julian Laufer","Headup"
"222","Metal Wolf Chaos XD","Aug 6, 2019","$24.99","N/A (N/A/65%)","50,000 .. 100,000","00:00 (00:00)","General Arcade, FromSoftware, Inc","Devolver Digital"
"234","Vane","Jul 22, 2019","$19.99","N/A (N/A/63%)","50,000 .. 100,000","00:00 (00:00)","Friend & Foe Games","Friend & Foe Games, Gamera Game"
"235","198X","Jun 20, 2019","$9.99","N/A (N/A/63%)","50,000 .. 100,000","00:00 (00:00)","Hi-Bit Studios","Hi-Bit Studios"
"248","Fade to Silence","Apr 30, 2019","$29.99","N/A (N/A/57%)","50,000 .. 100,000","00:00 (00:00)","Black Forest Games","THQ Nordic"
"250","Re-Legion","Jan 31, 2019","$9.99","N/A (N/A/55%)","50,000 .. 100,000","00:00 (00:00)","Ice Code Games","Fulqrum Publishing"
"252","The Great Perhaps","Aug 14, 2019","$0.99","N/A (N/A/54%)","50,000 .. 100,000","00:00 (00:00)","Caligari Games","Daedalic Entertainment"
"261","Devil's Hunt","Sep 17, 2019","$14.99","N/A (N/A/47%)","50,000 .. 100,000","00:00 (00:00)","Layopi Games","Fulqrum Publishing"
"265","Everreach: Project Eden","Dec 4, 2019","$24.99","N/A (N/A/43%)","50,000 .. 100,000","00:00 (00:00)","Elder Games","Headup, Beep Japan"
"268","Eternity: The Last Unicorn","Mar 5, 2019","$19.99","N/A (N/A/39%)","50,000 .. 100,000","00:00 (00:00)","Void Studios","Fulqrum Publishing"
"373","Land of Dread","Feb 1, 2019","N/A","N/A (N/A)","50,000 .. 100,000","00:00 (00:00)","FailoutGames","FailoutGames"
"465","Light Hunters: Battalion of Darkness","Sep 3, 2019","Free","N/A (N/A)","50,000 .. 100,000","00:00 (00:00)","Sergio Matsumoto, Manon 'Stripes' Potier","DTDA Games"
"516","It Runs Red","Apr 30, 2019","Free","N/A (N/A)","50,000 .. 100,000","00:00 (00:00)","Ross Winters, Jesse McNamee, Brianne Ball, Roberto Uribe, Jonathan Tope, Connor Breeding, Ricardo Maldonado, Alexander Powell, Felipe Sanchez, Frances Rosa-Martir, Robert Dixon, Dominic Mercado, Kevin Parker","Active Sun Games"
"607","The Battles of Spwak 3","Dec 6, 2019","Free","N/A (N/A)","50,000 .. 100,000","00:00 (00:00)","CM, Vinicius","CM, Vinicius"
"616","VTB Basketball League VR","Apr 12, 2019","Free","N/A (N/A)","50,000 .. 100,000","00:00 (00:00)","Axyos Games","LikeVR"
"639","Superstar Hero","Jun 13, 2019","Free","N/A (N/A)","50,000 .. 100,000","00:00 (00:00)","Dream of Omnimaga","Dream of Omnimaga"
"703","Old Town Stories","Jul 31, 2019","Free","N/A (N/A)","50,000 .. 100,000","00:00 (00:00)","Deer Captain, ESAT","ESAT"
"710","时之扉","Jun 11, 2019","Free","N/A (N/A)","50,000 .. 100,000","00:00 (00:00)","JT Interactive Entertainment","JT Interactive Entertainment"
"713","Shiki","Nov 5, 2019","Free","N/A (N/A)","50,000 .. 100,000","00:00 (00:00)","HataIkeda","HataIkeda"
"752","Kra-Ken","Jul 29, 2019","Free","N/A (N/A)","50,000 .. 100,000","00:00 (00:00)","DGTL Dojo","Breda University of Applied Sciences"
"798","World of Guns: VR","Dec 21, 2019","Free","N/A (N/A)","50,000 .. 100,000","00:00 (00:00)","Noble Empire Corp.","Noble Empire Corp."
"834","御龙在天-平衡国战版","May 15, 2019","Free","N/A (N/A)","50,000 .. 100,000","00:00 (00:00)","深圳墨麟科技股份有限公司","深圳墨麟科技股份有限公司"
"860","The Luminist","Apr 26, 2019","Free","N/A (N/A)","50,000 .. 100,000","00:00 (00:00)","Lucid Dream","DigiPen Institute of Technology"
"868","Hellink","Mar 7, 2019","Free","N/A (N/A)","50,000 .. 100,000","00:00 (00:00)","Ikigai","Ikigai"
"871","RPG Character Builder","Oct 3, 2019","Free","N/A (N/A)","50,000 .. 100,000","00:00 (00:00)","Cleardot Games","Cleardot Games"
"887","CGENcore","Feb 16, 2019","Free","N/A (N/A)","50,000 .. 100,000","00:00 (00:00)","O L Y M P U S","O L Y M P U S"
"909","AFTER-H","Sep 23, 2019","N/A","N/A (N/A)","50,000 .. 100,000","00:00 (00:00)","SmartVR Studio","SmartVR Studio"
"919","3D Organon Anatomy","Jun 28, 2019","Free","N/A (N/A)","50,000 .. 100,000","00:00 (00:00)","Medis Media","Medis Media"
"927","Dark Gnome","Mar 18, 2019","N/A","N/A (N/A)","50,000 .. 100,000","00:00 (00:00)","upjers","upjers"
"932","Pair-a-Site","Dec 27, 2019","Free","N/A (N/A)","50,000 .. 100,000","00:00 (00:00)","Elliott Strait","DigiPen Institute of Technology"
"942","Epic Cards Battle 2 (TCG)","Oct 10, 2019","Free","N/A (N/A)","50,000 .. 100,000","00:00 (00:00)","momoStorm Entertainment","momoStorm Entertainment"
"944","Fovos VR","Mar 12, 2019","Free","N/A (N/A)","50,000 .. 100,000","00:00 (00:00)","OnSkull Games","OnSkull Games"
"946","Idle Dungeons","Jun 7, 2019","Free","N/A (N/A)","50,000 .. 100,000","00:00 (00:00)","ChimpLabs","ChimpLabs"
"955","古战三国 Ancient War: Three Kingdoms","Feb 26, 2019","Free","N/A (N/A)","50,000 .. 100,000","00:00 (00:00)","Ancient War Studios","Ancient War Studios"
"957","New Age","Aug 23, 2019","Free","N/A (N/A)","50,000 .. 100,000","00:00 (00:00)","G-type","G-type"
"958","Monster Castle","Mar 5, 2019","Free","N/A (N/A)","50,000 .. 100,000","00:00 (00:00)","Lemix game","Lemix game"
"963","Saint Paul Pre-Alpha","Feb 3, 2019","N/A","N/A (N/A)","50,000 .. 100,000","00:00 (00:00)","Cleyton Jonnas da Silva","Saint Paul Studios"
"964","Pirates of Everseas","Aug 12, 2019","Free","N/A (N/A)","50,000 .. 100,000","00:00 (00:00)","Moonmana","Moonmana"
"967","Malediction","Dec 31, 2019","Free","N/A (N/A)","50,000 .. 100,000","00:00 (00:00)","Desert Beagle Studios","FIEA"
"977","Interactive Horror Stories","Oct 25, 2019","Free","N/A (N/A)","50,000 .. 100,000","00:00 (00:00)","Aslan Game Studio","Aslan Game Studio"
"982","War of Tanks: Blitzkrieg","Aug 13, 2019","Free","N/A (N/A)","50,000 .. 100,000","00:00 (00:00)","HQGames, HQ Games","HQGames"
"983","Naval Armada: Fleet Battle","Dec 12, 2019","Free","N/A (N/A)","50,000 .. 100,000","00:00 (00:00)","XDEVS LTD","XDEVS LTD"
"985","Iron Blade: Medieval RPG","Jun 25, 2019","N/A","N/A (N/A)","50,000 .. 100,000","00:00 (00:00)","Gameloft","Gameloft"
"987","War Builder League","Jun 19, 2019","Free","N/A (N/A)","50,000 .. 100,000","00:00 (00:00)","The Cyber Prophet","The Cyber Prophet"
"988","VersaillesVR | the Palace is yours","Sep 11, 2019","Free","N/A (N/A)","50,000 .. 100,000","00:00 (00:00)","Google Arts and Culture, makemepulse","Château de Versailles"
"989","Nanobotic","Apr 22, 2019","N/A","N/A (N/A)","50,000 .. 100,000","00:00 (00:00)","FrozenPixel (FPX)","FrozenPixel (FPX)"
"990","Top Speed 2: Racing Legends","Aug 19, 2019","Free","N/A (N/A)","50,000 .. 100,000","00:00 (00:00)","T-Bull","T-Bull"
"992","Lightseekers","Jan 31, 2019","Free","N/A (N/A)","50,000 .. 100,000","00:00 (00:00)","PlayFusion","PlayFusion"
"994","Dissolution","Aug 23, 2019","N/A","N/A (N/A)","50,000 .. 100,000","00:00 (00:00)","Garage Studios","Garage Studios"
"996","《鬼畜战记：金坷垃传说》","Jul 26, 2019","Free","N/A (N/A)","50,000 .. 100,000","00:00 (00:00)","小闲","小闲"
"1016","Mobler","Jun 7, 2019","Free","N/A (N/A)","50,000 .. 100,000","00:00 (00:00)","Möbler Development Team","Breda University of Applied Sciences, Möbler Development Team"
"1023","Margonem","Feb 20, 2019","N/A","N/A (N/A)","50,000 .. 100,000","00:00 (00:00)","Garmory","Garmory"
"1024","九劫曲:诅咒之地 NineTrials Test Server","Jan 31, 2019","Free","N/A (N/A)","50,000 .. 100,000","00:00 (00:00)","深圳市爱玩游戏科技有限公司","深圳市爱玩游戏科技有限公司"
"1026","A Mining Game","Jul 20, 2019","Free","N/A (N/A)","50,000 .. 100,000","00:00 (00:00)","Atlas, Daz","Trillium Studio Ltd."
"1027","Front Lines","Jun 17, 2019","Free","N/A (N/A)","50,000 .. 100,000","00:00 (00:00)","Marco S Hampel","Firez Studios"
"1029","Perspectives: Paradise","Sep 9, 2019","Free","N/A (N/A)","50,000 .. 100,000","00:00 (00:00)","Teatime Research Ltd.","Teatime Research Ltd."
"1040","Cowpocalypse - Episode 0","May 29, 2019","Free","N/A (N/A)","50,000 .. 100,000","00:00 (00:00)","Balazs Hrabacsik","Balazs Hrabacsik"
"1044","Idle Space Raider","Feb 5, 2019","Free","N/A (N/A)","50,000 .. 100,000","00:00 (00:00)","Coconut Shavers","Coconut Shavers"
"1045","9Dragons : Kung Fu Arena","Feb 28, 2019","N/A","N/A (N/A)","50,000 .. 100,000","00:00 (00:00)","Joongwon Entertainment","Joongwon Games"
"1050","RPG Paper Maker","Jul 5, 2019","Free","N/A (N/A)","50,000 .. 100,000","00:00 (00:00)","Wano","Wano"
"1054","Captain Starshot","Jul 9, 2019","Free","N/A (N/A)","50,000 .. 100,000","00:00 (00:00)","Double Door Games","Double Door Games, Breda University of Applied Sciences"
"1055","Cyberdrome","Jan 1, 2019","Free","N/A (N/A)","50,000 .. 100,000","00:00 (00:00)","Team Entropy","SMU Guildhall"
"1056","TO4: Tactical Operations","Dec 19, 2019","Free","N/A (N/A)","50,000 .. 100,000","00:00 (00:00)","TacByte","TacByte"
"1060","Dark Roll","Aug 1, 2019","Free","N/A (N/A)","50,000 .. 100,000","00:00 (00:00)","Pawel Zajac (Artbarian Games)","Pawel Zajac (Artbarian Games)"
"1062","Antenna Dilemma","Apr 24, 2019","Free","N/A (N/A)","50,000 .. 100,000","00:00 (00:00)","Goloso Games","Goloso Games"
"1064","Ultimate Coaster X","Mar 10, 2019","Free","N/A (N/A)","50,000 .. 100,000","00:00 (00:00)","Phony Game Studios","Phony Game Studios"
"1066","The Paperman","Dec 20, 2019","Free","N/A (N/A)","50,000 .. 100,000","00:00 (00:00)","Proto1Studios","Proto1Studios"
"1070","Bone Voyage","Jun 24, 2019","Free","N/A (N/A)","50,000 .. 100,000","00:00 (00:00)","Team Cobblestone","Breda University of Applied Sciences"
"1079","World of Myths","May 30, 2019","Free","N/A (N/A)","50,000 .. 100,000","00:00 (00:00)","Rebellious Software","Rebellious Software"
"1083","Nice Jumper","Aug 9, 2019","Free","N/A (N/A)","50,000 .. 100,000","00:00 (00:00)","Nikolai Usachev","USANIK STD"
"1087","文字獄","Mar 13, 2019","Free","N/A (N/A)","50,000 .. 100,000","00:00 (00:00)","Jia-Ho Jian","Jia-Ho Jian"
"1089","我是渣男-Dishonest","Jul 27, 2019","Free","N/A (N/A)","50,000 .. 100,000","00:00 (00:00)","窗外紫藤制作组","窗外紫藤制作组"
"1091","Tunche: Arena","Jan 18, 2019","N/A","N/A (N/A)","50,000 .. 100,000","00:00 (00:00)","LEAP Game Studios","HypeTrain Digital"
"1097","Becalm","Jan 17, 2019","Free","N/A (N/A)","50,000 .. 100,000","00:00 (00:00)","Colorfiction","Colorfiction"
"1101","Outscape","Oct 22, 2019","N/A","N/A (N/A)","50,000 .. 100,000","00:00 (00:00)","IDA Games","IDA Games"
"1104","Die Young: Prologue","Jun 15, 2019","Free","N/A (N/A)","50,000 .. 100,000","00:00 (00:00)","IndieGala","IndieGala"
"1105","Idle Racing GO: Clicker Tycoon","Jan 11, 2019","Free","N/A (N/A)","50,000 .. 100,000","00:00 (00:00)","T-Bull","T-Bull"
"1109","White Dove 白雀","Feb 2, 2019","Free","N/A (N/A)","50,000 .. 100,000","00:00 (00:00)","不公开","0Cube"
"1118","Shattered Lights","Jun 11, 2019","Free","N/A (N/A)","50,000 .. 100,000","00:00 (00:00)","Team Morbid","Breda University of Applied Sciences"
"1119","Prince Maker美少年梦工厂3：重生","May 9, 2019","Free","N/A (N/A)","50,000 .. 100,000","00:00 (00:00)","ALFAGAME","ALFAGAME"
"1122","Nostos","Dec 6, 2019","N/A","N/A (N/A)","50,000 .. 100,000","00:00 (00:00)","NetEase Games","NetEase Games"
"1123","Elon Simulator 2019","Oct 18, 2019","Free","N/A (N/A)","50,000 .. 100,000","00:00 (00:00)","SRS Games","SRS Games"
"1126","Swarm Simulator: Evolution","Feb 25, 2019","Free","N/A (N/A)","50,000 .. 100,000","00:00 (00:00)","Scary Bee LLC","Scary Bee LLC"
"1132","HRDINA","Jun 26, 2019","Free","N/A (N/A)","50,000 .. 100,000","00:00 (00:00)","Bartoš Studio","Bartoš Studio"
"1135","Under What?","Aug 5, 2019","Free","N/A (N/A)","50,000 .. 100,000","00:00 (00:00)","Dan Gartman","Dan Gartman"
"1138","Plasticity","May 24, 2019","Free","N/A (N/A)","50,000 .. 100,000","00:00 (00:00)","Plasticity Games","Plasticity Games"
"1148","Self Reliance 自我性赖","Feb 7, 2019","Free","N/A (N/A)","50,000 .. 100,000","00:00 (00:00)","Eroducate, MohaElder169","Eroducate"
"1152","GUN GODZ","Dec 8, 2019","N/A","N/A (N/A)","50,000 .. 100,000","00:00 (00:00)","Vlambeer","Vlambeer"
"1154","When The Past Was Around - Prologue","Nov 4, 2019","Free","N/A (N/A)","50,000 .. 100,000","00:00 (00:00)","Mojiken","Toge Productions"
"1155","Gamecraft","May 10, 2019","N/A","N/A (N/A)","50,000 .. 100,000","00:00 (00:00)","Freejam","Freejam"
"1162","旅燕归航 Swallow Homing","Feb 13, 2019","Free","N/A (N/A)","50,000 .. 100,000","00:00 (00:00)","吃了就睡工作室, 次韵和","吃了就睡工作室"
"1166","Shrine","Nov 16, 2019","Free","N/A (N/A)","50,000 .. 100,000","00:00 (00:00)","Scumhead","Scumhead"
"1174","Tailor Tales","Jan 10, 2019","Free","N/A (N/A)","50,000 .. 100,000","00:00 (00:00)","Celianna","Pixanna"
"1177","STEINS;GATE: Linear Bounded Phenogram","Feb 19, 2019","$59.99","N/A (N/A)","50,000 .. 100,000","00:00 (00:00)","MAGES. Inc.","Spike Chunsoft Co., Ltd."
"1180","The Lar","Jun 10, 2019","Free","N/A (N/A)","50,000 .. 100,000","00:00 (00:00)","MarvelSushi","MarvelSushi"
"1183","DOTOKOI / 像素男友","Dec 24, 2019","Free","N/A (N/A)","50,000 .. 100,000","00:00 (00:00)","HIROKO IMAKI","Pujia8 Studio"
"1192","Fishy","Sep 20, 2019","Free","N/A (N/A)","50,000 .. 100,000","00:00 (00:00)","keron veal","keron veal"
"1203","Mushroom Cats","Jun 10, 2019","Free","N/A (N/A)","50,000 .. 100,000","00:00 (00:00)","Anatoliy Loginovskikh","Anatoliy Loginovskikh"
"1217","Legend of Keepers: Prologue","Oct 10, 2019","Free","N/A (N/A)","50,000 .. 100,000","00:00 (00:00)","Goblinz Studio","Goblinz Publishing"
"2276","Il Sole e la Luna 2","Nov 3, 2019","$2.99","N/A (N/A)","50,000 .. 100,000","00:00 (00:00)","UNGame Productor","UNGame Productor"
"2284","Thanks For Listening","Nov 10, 2019","$0.99","N/A (N/A)","50,000 .. 100,000","00:00 (00:00)","Christopher Chang, Makena Williams","Christopher Chang"
"2368","Ultratank","Jul 18, 2019","$0.99","N/A (N/A)","50,000 .. 100,000","00:00 (00:00)","Asset Flip Studio","Asset Flip Studio"
"2469","WARED","Jun 19, 2019","$3.99","N/A (N/A)","50,000 .. 100,000","00:00 (00:00)","Rostislavs Lihacs","PocTuK Corporation"
"2877","Borderlight","Mar 22, 2019","N/A","N/A (N/A)","50,000 .. 100,000","00:00 (00:00)","FailoutGames","FailoutGames"
"3026","HABITKING RPG","Dec 29, 2019","$0.99","N/A (N/A)","50,000 .. 100,000","00:00 (00:00)","Pelikan","Pelikan"
"3071","VQD : Platformer Adventures","Sep 3, 2019","$0.99","N/A (N/A)","50,000 .. 100,000","00:00 (00:00)","Marafigo Games","Marafigo Games"
"3274","K37-D","Dec 22, 2019","$1.99","N/A (N/A)","50,000 .. 100,000","00:00 (00:00)","ShadowBlade Games","ShadowBlade Games"
"3316","Book Seeker","Aug 23, 2019","$0.99","N/A (N/A)","50,000 .. 100,000","00:00 (00:00)","泽渔制作组","泽渔制作组"
"3333","Dark Wish","Jan 4, 2019","$0.99","N/A (N/A)","50,000 .. 100,000","00:00 (00:00)","Team Jungle","Team Jungle"
"3351","Inbound UFO","Aug 28, 2019","$5.99","N/A (N/A)","50,000 .. 100,000","00:00 (00:00)","Invenmatic","Invenmatic"
"3502","The Prometheus Secret Noohra","Feb 22, 2019","$0.99","N/A (N/A)","50,000 .. 100,000","00:00 (00:00)","Paul Miell","Paul Miell"
"3529","The Beast of Gevaudan","Aug 1, 2019","$1.99","N/A (N/A)","50,000 .. 100,000","00:00 (00:00)","Yakov Kotov","Uroborus"
"3592","Blackbeard the Cursed Jungle","Sep 18, 2019","$1.99","N/A (N/A)","50,000 .. 100,000","00:00 (00:00)","Boogygames Studios","Boogygames Studios"
"3729","Super Web Kittens: Act I","Jun 26, 2019","$9.99","N/A (N/A)","50,000 .. 100,000","00:00 (00:00)","Kuno Hoshiko","Kuno Hoshiko"
"3935","Playing Both Sides","Sep 24, 2019","$0.99","N/A (N/A)","50,000 .. 100,000","00:00 (00:00)","N/A","N/A"
"3962","The Legend of Crystal Valley","Oct 16, 2019","$14.99","N/A (N/A)","50,000 .. 100,000","00:00 (00:00)","Cateia Games","Cateia Games"
"3974","Fade Out","May 21, 2019","N/A","N/A (N/A)","50,000 .. 100,000","00:00 (00:00)","PlaySys","PlaySys"
"3989","TimeTraveler","Apr 25, 2019","$0.99","N/A (N/A)","50,000 .. 100,000","00:00 (00:00)","Bill's Game","Bill's Game, Guangxi Xin Shang Mdt InfoTech"
"4024","Zombies In The Dark","Aug 3, 2019","$0.99","N/A (N/A)","50,000 .. 100,000","00:00 (00:00)","SYNERGY","SYNERGY"
"4260","Воин Хинора","Mar 11, 2019","$1.99","N/A (N/A)","50,000 .. 100,000","00:00 (00:00)","EvaGames","EvaGames"
"4455","Hope for City","Sep 16, 2019","$1.99","N/A (N/A)","50,000 .. 100,000","00:00 (00:00)","Cloaz Studio","Cloaz Studio"
"4478","Endangered","Jan 10, 2019","Free","N/A (N/A)","50,000 .. 100,000","00:00 (00:00)","Strawberry Game Studios, LLC","Strawberry Game Studios, LLC"
"4524","The Dwarves of Glistenveld","Oct 18, 2019","$14.99","N/A (N/A)","50,000 .. 100,000","00:00 (00:00)","Nysko Games Ltd.","Nysko Games Ltd."
"4577","Era of Miracles","Oct 2, 2019","$0.39","N/A (N/A)","50,000 .. 100,000","00:00 (00:00)","Seaborgium Entertainment","Seaborgium Entertainment, khukhrovr"
"4802","Silent Gentlemen","Apr 29, 2019","$9.99","N/A (N/A)","50,000 .. 100,000","00:00 (00:00)","Cipher Hive","My Way Games"
"5022","3 GEEKS 2012 (Version Gauloise pour Français)","Feb 22, 2019","$4.99","N/A (N/A)","50,000 .. 100,000","00:00 (00:00)","Adipson Studio","Adipson Studio"
"5106","Iron Heart","Jun 3, 2019","$14.99","N/A (N/A)","50,000 .. 100,000","00:00 (00:00)","Creobit","8floor"
"5232","Death and Progress","Aug 2, 2019","$2.99","N/A (N/A)","50,000 .. 100,000","00:00 (00:00)","ShenTzu","ShenTzu Games"
"5457","Hovership Havoc","Apr 12, 2019","$9.99","N/A (N/A)","50,000 .. 100,000","00:00 (00:00)","Snow Day Software","Snow Day Software"
"5482","The Dragons' Twilight II","Aug 2, 2019","$9.99","N/A (N/A)","50,000 .. 100,000","00:00 (00:00)","G. A. Williams","G. A. Williams"
"5494","Trials of Guinevere","Dec 31, 2019","$8.99","N/A (N/A)","50,000 .. 100,000","00:00 (00:00)","TD Games","TD Games"
"5581","Elendia Ceus","Jul 26, 2019","$0.99","N/A (N/A)","50,000 .. 100,000","00:00 (00:00)","Aldorlea Games","Aldorlea Games"
"5592","RagTag","Mar 13, 2019","$4.99","N/A (N/A)","50,000 .. 100,000","00:00 (00:00)","Windybeard","Windybeard"
"5594","The Donnerwald Experiment","Oct 31, 2019","$19.99","N/A (N/A)","50,000 .. 100,000","00:00 (00:00)","Wegenbartho Games","Wegenbartho Games"
"5606","Synthesis Universe -Episode 00-","Nov 12, 2019","$9.99","N/A (N/A)","50,000 .. 100,000","00:00 (00:00)","OlivierJT","Synthesis Universe"
"5616","HANGMAN","Jul 1, 2019","$0.99","N/A (N/A)","50,000 .. 100,000","00:00 (00:00)","Gamesforgames","Gamesforgames"
"5705","Million to One Hero","Jul 23, 2019","N/A","N/A (N/A)","50,000 .. 100,000","00:00 (00:00)","Over the Top Games","Over the Top Games"
"5712","Mini Gal4Xy","May 7, 2019","$3.99","N/A (N/A)","50,000 .. 100,000","00:00 (00:00)","Jérôme Bodin, Frédéric Simon","Le Studio des Ténèbres"
"5812","勇者有点太嚣张。G(No Hero Allowed: No Puzzle Either!)","Aug 6, 2019","$9.99","N/A (N/A)","50,000 .. 100,000","00:00 (00:00)","SEAStoriesStudio","SEAStoriesStudio"
"5885","Desire Gambling House/欲望赌馆","Sep 11, 2019","$0.99","N/A (N/A)","50,000 .. 100,000","00:00 (00:00)","Air Balloon","Air Balloon"
"5957","Allspace","Oct 18, 2019","$4.99","N/A (N/A)","50,000 .. 100,000","00:00 (00:00)","ShilohGames","ShilohGames"
"6030","Kaisuo","May 17, 2019","Free","N/A (N/A)","50,000 .. 100,000","00:00 (00:00)","Team Lantern LLC","Team Lantern LLC"
"6045","The Walsingham Files - Chapter 1","Mar 25, 2019","Free","N/A (N/A)","50,000 .. 100,000","00:00 (00:00)","Sapphire Dragon Productions","Sapphire Dragon Productions"
"6136","Swing Dunk (Beta)","Dec 23, 2019","N/A","N/A (N/A)","50,000 .. 100,000","00:00 (00:00)","BucketPlay.inc","BucketPlay.inc"
"6230","Wizard Warfare","Dec 13, 2019","$6.99","N/A (N/A)","50,000 .. 100,000","00:00 (00:00)","Psyanotek Limited","Psyanotek Limited"
"6269","三国佣兵传奇","Jan 25, 2019","$5.99","N/A (N/A)","50,000 .. 100,000","00:00 (00:00)","Flying Star Games","Flying Star Games"
"6276","GALAXIUM","Oct 15, 2019","$5.99","N/A (N/A)","50,000 .. 100,000","00:00 (00:00)","Tony Muñoz, Dario Carnelutti","Wulum LTD"
"6303","Night Lights","Jun 7, 2019","$0.99","N/A (N/A)","50,000 .. 100,000","00:00 (00:00)","","Meridian4"
"6308","First Day","Sep 1, 2019","Free","N/A (N/A)","50,000 .. 100,000","00:00 (00:00)","BadWolf Games","BadWolf Games"
"6329","LAMO The Game","Oct 9, 2019","N/A","N/A (N/A)","50,000 .. 100,000","00:00 (00:00)","LAMO LLC","LAMO LLC"
"6353","Ultimate Live Wallpaper","Nov 28, 2019","$3.99","N/A (N/A)","50,000 .. 100,000","00:00 (00:00)","UltimateDesktop","UltimateDesktop"
"6402","Dark Places","Apr 9, 2019","$0.74","N/A (N/A)","50,000 .. 100,000","00:00 (00:00)","Madbox Entertainment","Madbox Entertainment"
"6432","Optimum Link","Feb 28, 2019","Free","N/A (N/A)","50,000 .. 100,000","00:00 (00:00)","Protoria Studios","Protoria Studios"
"6468","Lost Daughter","Jul 9, 2019","$4.99","N/A (N/A)","50,000 .. 100,000","00:00 (00:00)","Alper Gonen","Alper Gonen"
"6499","XWallpaper","Oct 15, 2019","$3.99","N/A (N/A)","50,000 .. 100,000","00:00 (00:00)","XDesktopSoft","XDesktopSoft"
"6520","TTV3","Jul 18, 2019","$0.27","N/A (N/A)","50,000 .. 100,000","00:00 (00:00)","Walter Machado","Walter Machado"
"6533","Princess Maker Go!Go! Princess","Dec 23, 2019","$9.99","N/A (N/A)","50,000 .. 100,000","00:00 (00:00)","CFK Co., Ltd.","Bliss Brain"
"6538","One Drop Bot","Apr 25, 2019","$2.99","N/A (N/A)","50,000 .. 100,000","00:00 (00:00)","David Draper Jr","Playing with Color"
"6542","The Spy Who Shrunk Me","Jun 14, 2019","$9.99","N/A (N/A)","50,000 .. 100,000","00:00 (00:00)","Catland","Catland, Adjective Animal"
"6581","Magic Borderless","Feb 11, 2019","$2.99","N/A (N/A)","50,000 .. 100,000","00:00 (00:00)","Studio Christmas","Studio Christmas"
"6583","CARRUMBLE","Nov 6, 2019","$3.99","N/A (N/A)","50,000 .. 100,000","00:00 (00:00)","3DClouds","3DClouds"
"6616","River City Melee Mach!!","Oct 9, 2019","$4.61","N/A (N/A)","50,000 .. 100,000","00:00 (00:00)","Arc System Works","Arc System Works"
"6651","Through Abandoned: The Refuge","Mar 25, 2019","$0.99","N/A (N/A)","50,000 .. 100,000","00:00 (00:00)","Igor Krutov","Conglomerate 5"
"6676","Stellar Survivor","Jun 20, 2019","Free","N/A (N/A)","50,000 .. 100,000","00:00 (00:00)","Sticks & Stones","Sticks & Stones, Breda University of Applied Sciences"
"6718","Abode 2","Nov 7, 2019","$14.99","N/A (N/A)","50,000 .. 100,000","00:00 (00:00)","Overflow","Overflow"
"6719","Marble Combat","Feb 20, 2019","Free","N/A (N/A)","50,000 .. 100,000","00:00 (00:00)","Phantom8 Studio","Alternative Software Ltd"
"6720","Box: The Game","Jan 16, 2019","$4.99","N/A (N/A)","50,000 .. 100,000","00:00 (00:00)","Heekdevelopment","Heekdevelopment"
"6737","Planet Evolution PC Live Wallpaper","Feb 22, 2019","$2.99","N/A (N/A)","50,000 .. 100,000","00:00 (00:00)","3dm_live_wallpapers","3dm_live_wallpapers"
"6745","RWBY Deckbuilding Game","Feb 14, 2019","N/A","N/A (N/A)","50,000 .. 100,000","00:00 (00:00)","80Arcade","Rooster Teeth"
"6774","Chill","Jan 18, 2019","$0.99","N/A (N/A)","50,000 .. 100,000","00:00 (00:00)","ZELENYUK","ZELENYUK"
"6788","Business Magnate","Mar 1, 2019","$12.99","N/A (N/A)","50,000 .. 100,000","00:00 (00:00)","Ambiera","Ambiera"
"6801","Martian Law","Oct 18, 2019","$1.99","N/A (N/A)","50,000 .. 100,000","00:00 (00:00)","Linclo Games","Linclo Games"
"6825","Escape First 2","Jun 20, 2019","$5.99","N/A (N/A)","50,000 .. 100,000","00:00 (00:00)","OnSkull Games","OnSkull Games"
"6841","GOD WARS The Complete Legend","Jun 13, 2019","$29.99","N/A (N/A)","50,000 .. 100,000","00:00 (00:00)","DRAGAMI GAMES, LTD.","DRAGAMI GAMES, LTD."
"6889","Between Two Castles - Digital Edition","Nov 15, 2019","$12.99","N/A (N/A)","50,000 .. 100,000","00:00 (00:00)","Daisu Games","Daisu Games"
"6892","Starlink: Battle for Atlas","Apr 30, 2019","$7.49","N/A (N/A)","50,000 .. 100,000","00:00 (00:00)","Ubisoft Toronto","Ubisoft"
"6909","Kawaii Deathu Desu","Aug 29, 2019","$3.99","N/A (N/A)","50,000 .. 100,000","00:00 (00:00)","Pippin Games","Top Hat Studios Inc"
"6911","Session Seven","Mar 1, 2019","Free","N/A (N/A)","50,000 .. 100,000","00:00 (00:00)","Session Seven Team","Session Seven Team"
"6912","Dark Swords","Jun 21, 2019","Free","N/A (N/A)","50,000 .. 100,000","00:00 (00:00)","High Tower Entertainment","High Tower Entertainment"
"6915","Citizen of Rome - Dynasty Ascendant","May 16, 2019","$9.99","N/A (N/A)","50,000 .. 100,000","00:00 (00:00)","Citizen of Life Games","Citizen of Life Games"
"6923","Warhammer Quest 2: The End Times","Jan 30, 2019","$19.99","N/A (N/A)","50,000 .. 100,000","00:00 (00:00)","Perchang","Perchang"
"6935","At Home Alone II","Aug 9, 2019","$1.99","N/A (N/A)","50,000 .. 100,000","00:00 (00:00)","阿正不经","0Cube"
"6941","Cube Land Arena","Mar 8, 2019","$4.99","N/A (N/A)","50,000 .. 100,000","00:00 (00:00)","Jaison Robson Gusava, SC Jogos","SC Jogos"
"6954","Jamestown+","Dec 12, 2019","$17.99","N/A (N/A)","50,000 .. 100,000","00:00 (00:00)","Final Form Games","Batterystaple Games"
"6961","Rising Kingdoms","Jul 23, 2019","$4.99","N/A (N/A)","50,000 .. 100,000","00:00 (00:00)","Haemimont Games","Haemimont Games"
"6976","Super Monkey Ball: Banana Blitz HD","Dec 10, 2019","$29.99","N/A (N/A)","50,000 .. 100,000","00:36 (00:12)","SEGA","SEGA"
"6979","Energy Engine PC Live Wallpaper","May 10, 2019","$3.99","N/A (N/A)","50,000 .. 100,000","00:00 (00:00)","3dm_live_wallpapers","3dm_live_wallpapers"
"6981","SNK 40th ANNIVERSARY COLLECTION","Jun 7, 2019","$29.99","N/A (N/A)","50,000 .. 100,000","00:00 (00:00)","Digital Eclipse","SNK CORPORATION"
"6996","Armored Battle Crew [World War 1] - Tank Warfare and Crew Management Simulator","Jun 5, 2019","$19.99","N/A (N/A)","50,000 .. 100,000","00:00 (00:00)","Gattai Games","Gattai Games"
"7003","Arcade Classics Anniversary Collection","Apr 18, 2019","$19.99","N/A (N/A)","50,000 .. 100,000","00:00 (00:00)","KONAMI","KONAMI"
"7012","Sankaku Renai: Love Triangle Trouble","May 31, 2019","$29.99","N/A (N/A)","50,000 .. 100,000","00:00 (00:00)","ASa Project","NekoNyan Ltd."
"7015","Spinnortality | cyberpunk management sim","Feb 1, 2019","$2.49","N/A (N/A)","50,000 .. 100,000","00:00 (00:00)","James Patton","Clockwork Bird"
"7023","Asterix & Obelix XXL 3  - The Crystal Menhir","Nov 21, 2019","$19.99","N/A (N/A)","50,000 .. 100,000","00:00 (00:00)","OSome Studio","Microids"
"7032","UNI","Mar 31, 2019","$4.99","N/A (N/A)","50,000 .. 100,000","00:00 (00:00)","Game Museum","Game Museum"
"7045","Marble Skies","Jul 4, 2019","$9.99","N/A (N/A)","50,000 .. 100,000","00:00 (00:00)","[untitledDev]","[untitledDev]"
"7053","Village Feud","Jun 21, 2019","$3.99","N/A (N/A)","50,000 .. 100,000","00:00 (00:00)","Veelhoek Studios","Veelhoek Studios"
"7057","Dungeon Of Dragon Knight","Jul 10, 2019","$11.99","N/A (N/A)","50,000 .. 100,000","00:00 (00:00)","HexGameStudio","HexGameStudio"
"7058","Slave's Sword 2","Feb 21, 2019","$6.74","N/A (N/A)","50,000 .. 100,000","00:00 (00:00)","Circle Poison","Kagura Games"
"7062","Disney Classic Games: Aladdin and The Lion King","Oct 29, 2019","$19.99","N/A (N/A)","50,000 .. 100,000","00:25 (00:08)","Digital Eclipse","Disney, Nighthawk Interactive"
"7067","Super Friends Party","Jun 14, 2019","Free","N/A (N/A)","50,000 .. 100,000","00:00 (00:00)","LIONHEART GAMING",""
"7069","Wanna Survive","Aug 13, 2019","$11.99","N/A (N/A)","50,000 .. 100,000","00:00 (00:00)","PINIX","PINIX, Light of Creators"
"7074","The White Laboratory","Mar 28, 2019","$9.99","N/A (N/A)","50,000 .. 100,000","00:00 (00:00)","Laboratory Systems","Laboratory Systems, Gamirror Games"
"7077","Loco Parentis / 孤女咒怨","Sep 19, 2019","$9.99","N/A (N/A)","50,000 .. 100,000","00:00 (00:00)","Fair Games Studio","Sad Horse studio, Pleasant Rain Ltd"
"7089","Vectronom","May 28, 2019","$2.49","N/A (N/A)","50,000 .. 100,000","00:00 (00:00)","Ludopium, ARTE France","ARTE France"
"7106","Spaceland: Sci-Fi Indie Tactics","Sep 30, 2019","$19.99","N/A (N/A)","50,000 .. 100,000","00:00 (00:00)","Tortuga Team","Tortuga Team"
"7107","NationWar:Chronicles | 国战:列国志传","Mar 12, 2019","$10.99","N/A (N/A)","50,000 .. 100,000","00:00 (00:00)","Yiming","Yiming"
"7111","WAR PARTY","Mar 28, 2019","$3.49","N/A (N/A)","50,000 .. 100,000","00:00 (00:00)","Rogueside","Rogueside"
"7112","King Rabbit - Puzzle","Jan 25, 2019","Free","N/A (N/A)","50,000 .. 100,000","00:00 (00:00)","RareSloth","RareSloth"
"7130","Nauticrawl","Sep 16, 2019","$14.99","N/A (N/A)","50,000 .. 100,000","00:00 (00:00)","Spare Parts Oasis","Armor Games Studios"
"7135","Terrible Laboratory","Mar 28, 2019","$4.39","N/A (N/A)","50,000 .. 100,000","00:00 (00:00)","aburasobabiyori","Kagura Games"
"7138","1000 days to escape","Jul 25, 2019","$4.99","N/A (N/A)","50,000 .. 100,000","00:00 (00:00)","Lemon Squeezy","Lemon Squeezy"
"7140","Rogue Empire: Dungeon Crawler RPG","Jan 25, 2019","$14.99","N/A (N/A)","50,000 .. 100,000","00:00 (00:00)","Portal Entertainment","Portal Entertainment"
"7147","CATGIRL LOVER 2","Oct 16, 2019","$0.59","N/A (N/A)","50,000 .. 100,000","00:00 (00:00)","CUTE ANIME GIRLS","Tranquility games"
"7149","Spooky Station","Oct 29, 2019","$4.99","N/A (N/A)","50,000 .. 100,000","00:00 (00:00)","Coletivo Vaca Roxa, Vee, JoyMasher, PKO Game Studio, Spookids Team, Calangames, Expresso Studios, Pastel Studios, Heavy Sheep, LASTONE, Asteristic Game Studio","Estúdio Vaca Roxa"
"7150","Ludo Online: Classic Multiplayer Dice Board Game","Oct 30, 2019","$0.99","N/A (N/A)","50,000 .. 100,000","00:00 (00:00)","Peter Todorov","Cytec BG Ltd."
"7151","Ultra Savage","Apr 25, 2019","N/A","N/A (N/A)","50,000 .. 100,000","00:00 (00:00)","OneShark","SakuraGame"
"7152","Unlock The King","Nov 20, 2019","$0.99","N/A (N/A)","50,000 .. 100,000","00:00 (00:00)","Minimol Games","Minimol Games"
"7153","Touhou Shinreibyou ~ Ten Desires.","Jun 18, 2019","$14.99","N/A (N/A)","50,000 .. 100,000","00:00 (00:00)","上海アリス幻樂団","Mediascape Co., Ltd."
"7158","Battle Royale Tycoon","Sep 2, 2019","$2.49","N/A (N/A)","50,000 .. 100,000","00:00 (00:00)","Endless Loop Studios","Endless Loop Studios"
"7165","GOLD EXPRESS","Sep 27, 2019","$14.99","N/A (N/A)","50,000 .. 100,000","00:00 (00:00)","DAWN STUDIO","DAWN STUDIO"
"7178","SERIES MAKERS TYCOON","Feb 22, 2019","$4.99","N/A (N/A)","50,000 .. 100,000","00:00 (00:00)","CREW Studio Krüger UG","CREW Studio Krüger UG"
"7182","Project 5: Sightseer","Aug 16, 2019","Free","N/A (N/A)","50,000 .. 100,000","00:00 (00:00)","Tasharen Entertainment Inc.","Tasharen Entertainment Inc."
"7185","Constructor Plus","May 27, 2019","$19.99","N/A (N/A)","50,000 .. 100,000","00:00 (00:00)","System 3","System 3"
"7187","Trickster VR: Co-op Dungeon Crawler","Jan 15, 2019","$12.99","N/A (N/A)","50,000 .. 100,000","00:00 (00:00)","Superstatic","Superstatic"
"7198","Hardland","Sep 17, 2019","$24.99","N/A (N/A)","50,000 .. 100,000","00:00 (00:00)","Mountain Sheep","Mountain Sheep"
"7199","Islet Online","Feb 12, 2019","Free","N/A (N/A)","50,000 .. 100,000","00:00 (00:00)","Morenori Soft","Morenori Soft"
"7205","RainWallpaper","Jan 28, 2019","$3.99","N/A (N/A)","50,000 .. 100,000","00:00 (00:00)","RainySoft","RainySoft"
"7206","Uncharted Ocean","Dec 8, 2019","$4.99","N/A (N/A)","50,000 .. 100,000","00:00 (00:00)","HiRabbitgame","HiRabbitgame"
"7209","Tina: Swordswoman of the Scarlet Prison","Aug 1, 2019","$5.99","N/A (N/A)","50,000 .. 100,000","00:00 (00:00)","shinachiku-castella","Kagura Games"
"7211","Princess Project","Aug 29, 2019","N/A","N/A (N/A)","50,000 .. 100,000","00:00 (00:00)","Triangle!","Kagura Games"
"7224","Legal Dungeon","May 6, 2019","$6.99","N/A (N/A)","50,000 .. 100,000","00:00 (00:00)","Somi","Somi"
"7226","Kunoichi Botan","Jan 3, 2019","$5.99","N/A (N/A)","50,000 .. 100,000","00:00 (00:00)","Enokippu","Kagura Games"
"7227","Flashback","Feb 28, 2019","$9.99","N/A (N/A)","50,000 .. 100,000","00:00 (00:00)","Paul Cuisset","Microids"
"7233","Dragon Star Varnir","Oct 8, 2019","$39.99","N/A (N/A)","50,000 .. 100,000","00:00 (00:00)","Idea Factory, Compile Heart","Idea Factory International"
"7235","Tzar: The Burden of the Crown","Jun 6, 2019","$4.99","N/A (N/A)","50,000 .. 100,000","00:00 (00:00)","Haemimont Games","Haemimont Games"
"7238","Strategic Mind: The Pacific","Oct 25, 2019","$29.99","N/A (N/A)","50,000 .. 100,000","00:00 (00:00)","Starni Games","Starni Games"
"7239","Astrologaster","May 9, 2019","$9.99","N/A (N/A)","50,000 .. 100,000","00:00 (00:00)","Nyamyam","Nyamyam"
"7243","Buoyancy","Aug 30, 2019","$12.99","N/A (N/A)","50,000 .. 100,000","00:00 (00:00)","Devs on a Boat","Devs on a Boat"
"7247","Hide and Seek","Feb 1, 2019","$0.99","N/A (N/A)","50,000 .. 100,000","00:00 (00:00)","Funny Games","Funny Games"
"7257","Havocado: Ragdoll Fighter","Apr 25, 2019","$19.99","N/A (N/A)","50,000 .. 100,000","00:00 (00:00)","Webble Games","Webble Games"
"7260","英雄群侠传","Jun 27, 2019","$3.99","N/A (N/A)","50,000 .. 100,000","00:00 (00:00)","熊窝dodox","熊窝dodox, RuiXiao"
"7261","Fear the Night - 恐惧之夜","Jul 17, 2019","$14.99","N/A (N/A)","50,000 .. 100,000","00:00 (00:00)","Snail Games USA","Snail Games USA"
"7264","The logic of the miniature garden","Jun 18, 2019","$1.99","N/A (N/A)","50,000 .. 100,000","00:00 (00:00)","Cabbit","SakuraGame"
"7266","GUILTY GEAR","May 15, 2019","$3.19","N/A (N/A)","50,000 .. 100,000","00:00 (00:00)","Arc System Works","Arc System Works"
"7269","Killer Queen Black","Oct 11, 2019","N/A","N/A (N/A)","50,000 .. 100,000","00:00 (00:00)","Liquid Bit, LLC, BumbleBear Games, LLC","Liquid Bit, LLC"
"7270","Tetra Project - 原石计划","Sep 23, 2019","$9.99","N/A (N/A)","50,000 .. 100,000","00:00 (00:00)","AliveGameStudio","AliveGameStudio"
"7273","Night Call","Jul 17, 2019","$14.99","N/A (N/A)","50,000 .. 100,000","00:00 (00:00)","Monkey Moon, BlackMuffin","Raw Fury"
"7275","The Settlers : Rise of an Empire - History Edition","Jan 22, 2019","$4.79","N/A (N/A)","50,000 .. 100,000","00:00 (00:00)","Ubisoft Blue Byte","Ubisoft"
"7283","Castle Break","Feb 19, 2019","$4.99","N/A (N/A)","50,000 .. 100,000","00:00 (00:00)","Pauloondra","Pauloondra"
"7295","Tavern Tycoon - Dragon's Hangover","Mar 11, 2019","$12.99","N/A (N/A)","50,000 .. 100,000","00:00 (00:00)","Terapoly","Terapoly"
"7296","State of War : Warmonger / 蓝色警戒 (Classic 2000)","Jan 17, 2019","$9.99","N/A (N/A)","50,000 .. 100,000","00:00 (00:00)","Cypron Interactive","Cypronia"
"7303","Voxelgram","Nov 7, 2019","$9.99","N/A (N/A)","50,000 .. 100,000","00:00 (00:00)","Procedural Level","Procedural Level"
"7311","MISTOVER","Oct 10, 2019","N/A","N/A (N/A)","50,000 .. 100,000","00:00 (00:00)","KRAFTON, Inc.","KRAFTON, Inc."
"7313","Roof Rage","Oct 16, 2019","$14.99","N/A (N/A)","50,000 .. 100,000","00:00 (00:00)","Early Melon","Early Melon"
"7320","ШХД: ЗИМА / IT'S WINTER","Mar 7, 2019","$9.99","N/A (N/A)","50,000 .. 100,000","00:00 (00:00)","ИЛЬЯМАЗО, sad3d","ИЛЬЯМАЗО"
"7326","Electronic Super Joy 2","Aug 9, 2019","Free","N/A (N/A)","50,000 .. 100,000","00:00 (00:00)","Michael Todd Games","2&30 Software"
"7333","The World is Your Weapon","Jun 27, 2019","$9.99","N/A (N/A)","50,000 .. 100,000","00:00 (00:00)","kagaya","DWANGO Co., Ltd."
"7337","KumaKuma Manga Editor","Feb 27, 2019","$5.99","N/A (N/A)","50,000 .. 100,000","00:00 (00:00)","KumaKumaManga","SakuraGame"
"7338","Neptunia Shooter","May 21, 2019","$4.99","N/A (N/A)","50,000 .. 100,000","00:00 (00:00)","Idea Factory International","Idea Factory International"
"7344","Wurroom","Nov 8, 2019","Free","N/A (N/A)","50,000 .. 100,000","00:00 (00:00)","Michael Rfdshir","Michael Rfdshir"
"7349","Edna & Harvey: The Breakout - Anniversary Edition","Dec 4, 2019","$1.99","N/A (N/A)","50,000 .. 100,000","00:00 (00:00)","Daedalic Entertainment","Daedalic Entertainment"
"7355","MarZ: Tactical Base Defense","Apr 4, 2019","$21.99","N/A (N/A)","50,000 .. 100,000","00:00 (00:00)","Giant Grey","Giant Grey"
"7358","Rescue HQ - The Tycoon","May 28, 2019","$5.99","N/A (N/A)","50,000 .. 100,000","00:00 (00:00)","stillalive studios","Aerosoft GmbH"
"7364","Fight of Gods","Mar 28, 2019","$14.99","N/A (N/A)","50,000 .. 100,000","00:00 (00:00)","Digital Crafter","Digital Crafter, Light of Creators"
"7369","Survive on Raft","Jul 5, 2019","$14.99","N/A (N/A)","50,000 .. 100,000","00:00 (00:00)","Megame LLC","Megame LLC"
"7370","Power & Revolution 2019 Edition","Mar 12, 2019","$49.99","N/A (N/A)","50,000 .. 100,000","00:00 (00:00)","Eversim","Eversim"
"7371","Border Officer","Jul 19, 2019","$9.99","N/A (N/A)","50,000 .. 100,000","00:00 (00:00)","Cheesecake Dev","Cheesecake Dev"
"7372","Home Sweet Home EP2","Sep 24, 2019","$18.99","N/A (N/A)","50,000 .. 100,000","00:00 (00:00)","YGGDRAZIL GROUP PUBLIC CO., LTD.","Ningbo Inception Media Co., Ltd."
"7375","CATGIRL LOVER","Jun 27, 2019","$0.59","N/A (N/A)","50,000 .. 100,000","00:00 (00:00)","CUTE ANIME GIRLS","Tranquility games"
"7376","Golden Treasure: The Great Green","Jun 17, 2019","$19.99","N/A (N/A)","50,000 .. 100,000","00:00 (00:00)","Dreaming Door Studios","Dreaming Door Studios"
"7378","Bloody Trapland 2: Curiosity","Feb 1, 2019","$9.99","N/A (N/A)","50,000 .. 100,000","00:00 (00:00)","2Play, Prasius","2Play"
"7380","Borderlands 2 VR","Oct 22, 2019","$12.49","N/A (N/A)","50,000 .. 100,000","00:00 (00:00)","Gearbox Software","2K"
"7382","Delivery from the Pain:Survival / 末日方舟:生存","Jun 12, 2019","$7.99","N/A (N/A)","50,000 .. 100,000","00:00 (00:00)","HuaYiTianXin","DigiPotato"
"7386","Vestaria Saga I: War of the Scions","Dec 27, 2019","$19.99","N/A (N/A)","50,000 .. 100,000","00:00 (00:00)","Vestaria Project","DANGEN Entertainment, Gamirror Games"
"7390","RDS - The Official Drift Videogame","Jun 6, 2019","$11.99","N/A (N/A)","50,000 .. 100,000","00:00 (00:00)","Drift Physics Crew","Drift Physics Crew"
"7393","Tools Up!","Dec 3, 2019","$19.99","N/A (N/A)","50,000 .. 100,000","00:00 (00:00)","The Knights of Unity","Untold Tales, Gamersky Games"
"7394","Fireboy & Watergirl: Elements","Jan 24, 2019","$0.99","N/A (N/A)","50,000 .. 100,000","00:01 (00:00)","Oslo Albet","Oslo Albet"
"7407","The TakeOver","Nov 9, 2019","$19.99","N/A (N/A)","50,000 .. 100,000","00:00 (00:00)","Pelikan13","Pelikan13"
"7414","Abandon Ship","Oct 22, 2019","$24.99","N/A (N/A)","50,000 .. 100,000","00:00 (00:00)","Fireblade Software","Fireblade Software"
"7416","Girl and Goblin","Jan 5, 2019","$1.99","N/A (N/A)","50,000 .. 100,000","00:00 (00:00)","Inverse Game","Inverse Game"
"7420","TAISHO x ALICE episode 1","Nov 27, 2019","$16.99","N/A (N/A)","50,000 .. 100,000","00:00 (00:00)","Primula","pencil"
"7424","Hentai Asmodeus","Oct 24, 2019","$1.99","N/A (N/A)","50,000 .. 100,000","00:00 (00:00)","HEGA Studio","HappyGames, Tora Creatives"
"7425","Touhou Kikeijuu ~ Wily Beast and Weakest Creature.","Sep 9, 2019","$14.99","N/A (N/A)","50,000 .. 100,000","00:03 (00:01)","上海アリス幻樂団","Mediascape Co., Ltd."
"7428","Out of the Park Baseball 20","Mar 22, 2019","N/A","N/A (N/A)","50,000 .. 100,000","00:00 (00:00)","Out of the Park Developments","Out of the Park Developments"
"7430","Astrox Imperium","Mar 22, 2019","$14.99","N/A (N/A)","50,000 .. 100,000","00:36 (00:12)","Jace Masula","Jace Masula"
"7433","STAND OUT VR : VR Battle Royale","May 17, 2019","$24.99","N/A (N/A)","50,000 .. 100,000","00:00 (00:00)","raptor lab","raptor lab"
"7434","[Chilla's Art] Stigmatized Property | 事故物件","Oct 25, 2019","$2.99","N/A (N/A)","50,000 .. 100,000","00:00 (00:00)","Chilla's Art","Chilla's Art"
"7437","Sigma Theory: Global Cold War","Nov 21, 2019","$17.99","N/A (N/A)","50,000 .. 100,000","00:00 (00:00)","Mi-Clos Studio, Goblinz Studio, FibreTigre","Goblinz Publishing, Fractale"
"7439","It Lurks Below","May 29, 2019","$19.99","N/A (N/A)","50,000 .. 100,000","00:00 (00:00)","Graybeard Games","Skystone Games"
"7441","狼と香辛料VR/Spice&WolfVR","Jun 3, 2019","$24.99","N/A (N/A)","50,000 .. 100,000","00:00 (00:00)","SpicyTails","SpicyTails"
"7443","S.W.I.N.E. HD Remaster","May 23, 2019","$9.99","N/A (N/A)","50,000 .. 100,000","00:00 (00:00)","Kite Games","Kite Games, WhisperGames"
"7445","Hentai Killer","Sep 27, 2019","$0.99","N/A (N/A)","50,000 .. 100,000","00:00 (00:00)","PlatSTUDIO","PlatSTUDIO, AFBIK Studio"
"7447","NITE Team 4 - Military Hacking Division","Feb 26, 2019","$19.99","N/A (N/A)","50,000 .. 100,000","00:00 (00:00)","Alice & Smith","Alice & Smith"
"7449","Ultra Fight Da ! Kyanta 2","May 8, 2019","Free","N/A (N/A)","50,000 .. 100,000","00:00 (00:00)","羽良麻セルフ",""
"7454","The Lord of the Rings: Adventure Card Game - Definitive Edition","Aug 29, 2019","$19.99","N/A (N/A)","50,000 .. 100,000","00:00 (00:00)","","Twin Sails Interactive"
"7456","Undead Horde","May 15, 2019","$16.99","N/A (N/A)","50,000 .. 100,000","00:00 (00:00)","10tons Ltd","10tons Ltd"
"7457","Command: Modern Operations","Nov 14, 2019","$31.99","N/A (N/A)","50,000 .. 100,000","00:00 (00:00)","Command Development Team","Matrix Games"
"7459","School Years","Oct 4, 2019","$11.99","N/A (N/A)","50,000 .. 100,000","00:00 (00:00)","YEARS","电钮组"
"7464","CUSTOM ORDER MAID 3D2 It's a Night Magic","Jul 30, 2019","$36","N/A (N/A)","50,000 .. 100,000","00:07 (00:02)","KISS","S-court"
"7472","Lorelai","Apr 26, 2019","$8.99","N/A (N/A)","50,000 .. 100,000","00:00 (00:00)","Harvester Games","Screen 7"
"7473","Pine","Oct 10, 2019","$24.99","N/A (N/A)","50,000 .. 100,000","00:00 (00:00)","Twirlbound","Kongregate"
"7474","Tower Hunter: Erza's Trial","Oct 12, 2019","$1.43","N/A (N/A)","50,000 .. 100,000","00:00 (00:00)","IceSitruuna","IceSitruuna"
"7475","Hentai Crush","Mar 14, 2019","$1.99","N/A (N/A)","50,000 .. 100,000","00:00 (00:00)","Mature Games","Mature Games"
"7480","Baldr Sky","Dec 20, 2019","$49.99","N/A (N/A)","50,000 .. 100,000","00:00 (00:00)","Sekai Project","Sekai Project"
"7481","Granny: Chapter Two","Dec 30, 2019","$4.99","N/A (N/A)","50,000 .. 100,000","00:00 (00:00)","DVloper","DVloper"
"7483","Fight Angel Special Edition","Dec 20, 2019","$19.99","N/A (N/A)","50,000 .. 100,000","00:11 (00:03)","Red Fox","Red Fox"
"7486","KILL la KILL -IF","Jul 25, 2019","$19.99","N/A (N/A)","50,000 .. 100,000","00:00 (00:00)","Arc System Works, APLUS Co., Ltd.","Arc System Works"
"7489","GRANDIA HD Remaster","Oct 15, 2019","$19.99","N/A (N/A)","50,000 .. 100,000","70:05 (23:21)","GAME ARTS, Sickhead Games, LLC","GungHo Online Entertainment America, Inc."
"7494","Apsulov: End of Gods","Aug 8, 2019","$19.99","N/A (N/A)","50,000 .. 100,000","00:00 (00:00)","Angry Demon Studio","Angry Demon Studio"
"7497","Timeflow – Life Sim","Jan 18, 2019","$7.49","N/A (N/A)","50,000 .. 100,000","00:00 (00:00)","Look Book Inc","Look Book Inc"
"7499","MotoGP19","Jun 6, 2019","$19.99","N/A (N/A)","50,000 .. 100,000","00:00 (00:00)","Milestone S.r.l.","Milestone S.r.l."
"7502","Die Young","Sep 12, 2019","$9.99","N/A (N/A)","50,000 .. 100,000","00:00 (00:00)","IndieGala","IndieGala"
"7503","SUPER DRAGON BALL HEROES WORLD MISSION","Apr 4, 2019","$59.99","N/A (N/A)","50,000 .. 100,000","00:46 (00:15)","Dimps Corporation, SAFARI GAMES Co., Ltd.","BANDAI NAMCO Entertainment"
"7506","9-nine-:Episode 1","Jan 31, 2019","$19.99","N/A (N/A)","50,000 .. 100,000","00:00 (00:00)","PALETTE","Sekai Project"
"7515","KIDS","May 28, 2019","$3.99","N/A (N/A)","50,000 .. 100,000","00:00 (00:00)","Mario von Rickenbach, Michael Frei","Playables"
"7517","异常 | Exception","Jul 4, 2019","$3.99","N/A (N/A)","50,000 .. 100,000","00:00 (00:00)","Kunpo Games","Kunpo Games"
"7520","Zup! 9","Jun 24, 2019","$1.99","N/A (N/A)","50,000 .. 100,000","00:00 (00:00)","Quiet River","Quiet River"
"7524","Wolfpack","Mar 15, 2019","$34.99","N/A (N/A)","50,000 .. 100,000","00:05 (00:01)","Usurpator AB","SUBSIM"
"7532","The Political Process","Nov 22, 2019","$14.99","N/A (N/A)","50,000 .. 100,000","00:00 (00:00)","Verlumino Studios LLC","Verlumino Studios LLC"
"7535","CardLife: Creative Survival","Feb 28, 2019","N/A","N/A (N/A)","50,000 .. 100,000","00:00 (00:00)","Freejam","Freejam"
"7538","Trainz Railroad Simulator 2019","Jan 7, 2019","$7.99","N/A (N/A)","50,000 .. 100,000","00:00 (00:00)","N3V Games","N3V Games"
"7539","I'm on Observation Duty","Apr 3, 2019","$2.99","N/A (N/A)","50,000 .. 100,000","00:00 (00:00)","Notovia","Notovia"
"7540","Starcom: Nexus","Dec 12, 2019","$19.99","N/A (N/A)","50,000 .. 100,000","00:00 (00:00)","Wx3 Labs, LLC","Wx3 Labs, LLC"
"7541","Beat Hazard 2","Oct 16, 2019","$18.99","N/A (N/A)","50,000 .. 100,000","00:00 (00:00)","Cold Beam Games","Cold Beam Games"
"7543","Medieval Kingdom Wars","Jan 3, 2019","$4.94","N/A (N/A)","50,000 .. 100,000","00:00 (00:00)","Reverie World Studios","indie.io"
"7547","A Legionary's Life","Sep 25, 2019","$7.99","N/A (N/A)","50,000 .. 100,000","00:47 (00:15)","Alessandro Roberti","Alessandro Roberti"
"7557","SENRAN KAGURA Burst Re:Newal","Jan 22, 2019","$8.99","N/A (N/A)","50,000 .. 100,000","02:35 (01:43)","Tamsoft","XSEED Games, Marvelous USA, Inc., Marvelous"
"7568","TouHou Makuka Sai ~ Fantastic Danmaku Festival Part II","Mar 18, 2019","$12.99","N/A (N/A)","50,000 .. 100,000","00:41 (00:13)","东方幕华祭制作组","东方幕华祭制作组"
"7584","Master Of Pottery","Nov 11, 2019","$5.99","N/A (N/A)","50,000 .. 100,000","00:00 (00:00)","AZGames","AZGames"
"7586","Trover Saves the Universe","Jun 4, 2019","$7.49","N/A (N/A)","50,000 .. 100,000","00:00 (00:00)","Squanch Games, Inc.","Squanch Games, Inc."
"7587","West Sweety","Dec 13, 2019","$1.99","N/A (N/A)","50,000 .. 100,000","00:00 (00:00)","AFOG","AFOG"
"7601","月影魅像-解放之羽-","Jul 26, 2019","$15.99","N/A (N/A)","50,000 .. 100,000","00:00 (00:00)","Applique","HIKARI FIELD"
"7610","Hello Neighbor Alpha 2","Oct 15, 2019","Free","N/A (N/A)","50,000 .. 100,000","00:28 (00:15)","Dynamic Pixels","tinyBuild"
"7645","Aokana - Four Rhythms Across the Blue","Sep 27, 2019","$34.99","N/A (N/A)","50,000 .. 100,000","00:00 (00:00)","sprite, NekoNyan Ltd.","NekoNyan Ltd., HIKARI FIELD"
"9","Six Ages: Ride Like the Wind","Oct 17, 2019","$19.99","N/A (N/A/87%)","20,000 .. 50,000","00:00 (00:00)","A Sharp","Kitfox Games"
"16","Hell is Other Demons","May 20, 2019","$9.99","N/A (N/A/85%)","20,000 .. 50,000","00:00 (00:00)","Cuddle Monster Games","Cuddle Monster Games"
"24","Shovel Knight: King of Cards","Dec 10, 2019","$9.99","N/A (N/A/84%)","20,000 .. 50,000","00:00 (00:00)","Yacht Club Games","Yacht Club Games"
"26","The Bard's Tale IV: Director's Cut","Aug 27, 2019","$9.99","N/A (N/A/84%)","20,000 .. 50,000","00:00 (00:00)","inXile Entertainment","inXile Entertainment"
"40","Creature in the Well","Sep 6, 2019","$14.99","N/A (N/A/82%)","20,000 .. 50,000","00:00 (00:00)","Flight School Studio, MWM Interactive","Flight School Studio"
"53","Irony Curtain: From Matryoshka with Love","May 16, 2019","$19.99","N/A (N/A/81%)","20,000 .. 50,000","00:00 (00:00)","Artifex Mundi","Artifex Mundi"
"59","Ashen","Dec 9, 2019","$7.99","N/A (N/A/81%)","20,000 .. 50,000","00:00 (00:00)","A44","Annapurna Interactive"
"89","Angry Birds VR: Isle of Pigs","Feb 7, 2019","$19.99","N/A (N/A/79%)","20,000 .. 50,000","00:00 (00:00)","Resolution Games","Resolution Games"
"98","Dark Future: Blood Red States","May 16, 2019","$24.99","N/A (N/A/78%)","20,000 .. 50,000","00:00 (00:00)","Auroch Digital","Auroch Digital"
"101","A Fisherman's Tale","Jan 22, 2019","$2.99","N/A (N/A/78%)","20,000 .. 50,000","00:00 (00:00)","InnerspaceVR","Vertigo Games"
"149","Winds of Change","Aug 21, 2019","$19.99","N/A (N/A/74%)","20,000 .. 50,000","00:00 (00:00)","Klace","Klace"
"157","Guard Duty","May 2, 2019","$9.99","N/A (N/A/73%)","20,000 .. 50,000","00:00 (00:00)","Headware Games","Headware Games"
"176","Crime Cities","Oct 1, 2019","$3.99","N/A (N/A/71%)","20,000 .. 50,000","00:00 (00:00)","Techland","Techland Publishing"
"177","Groundhog Day: Like Father Like Son","Sep 17, 2019","$14.99","N/A (N/A/71%)","20,000 .. 50,000","00:00 (00:00)","Tequila Works","Sony Pictures Virtual Reality"
"186","TINY METAL: FULL METAL RUMBLE","Jul 11, 2019","$14.99","N/A (N/A/70%)","20,000 .. 50,000","00:00 (00:00)","AREA 35, Inc.","AREA 34, Inc."
"196","The Wanderer: Frankenstein’s Creature","Oct 30, 2019","$1.59","N/A (N/A/69%)","20,000 .. 50,000","00:00 (00:00)","La Belle Games, ARTE France","ARTE France"
"212","Corpse Party 2: Dead Patient","Oct 23, 2019","$6.99","N/A (N/A/67%)","20,000 .. 50,000","00:00 (00:00)","GrisGris","XSEED Games, Marvelous USA, Inc."
"220","The Church in the Darkness","Aug 2, 2019","$19.99","N/A (N/A/65%)","20,000 .. 50,000","00:00 (00:00)","Paranoid Productions","Fellow Traveller"
"221","Alt-Frequencies","May 16, 2019","$7.99","N/A (N/A/65%)","20,000 .. 50,000","00:00 (00:00)","Accidental Queens, ARTE France","PID Games, Dear Villagers"
"226","Xenon Racer","Mar 26, 2019","$9.99","N/A (N/A/64%)","20,000 .. 50,000","00:00 (00:00)","3DClouds","3DClouds"
"233","Jon Shafer's At the Gates","Jan 23, 2019","$29.99","N/A (N/A/63%)","20,000 .. 50,000","00:00 (00:00)","Conifer Games","Conifer Games"
"25","Among Us","Nov 16, 2018","$2.99","N/A (N/A/85%)","20,000,000 .. 50,000,000","01:51 (01:06)","Innersloth","Innersloth"
"46","The Forest","Apr 30, 2018","$19.99","N/A (N/A/83%)","20,000,000 .. 50,000,000","02:44 (02:20)","Endnight Games Ltd","Endnight Games Ltd"
"231","Rust","Feb 8, 2018","$39.99","N/A (N/A/69%)","20,000,000 .. 50,000,000","17:56 (07:19)","Facepunch Studios","Facepunch Studios"
"8017","Wallpaper Engine","Nov 16, 2018","$4.99","N/A (N/A)","20,000,000 .. 50,000,000","02:19 (00:09)","Wallpaper Engine Team","Wallpaper Engine Team"
"8","Monster Hunter: World","Aug 8, 2018","$29.99","N/A (N/A/88%)","10,000,000 .. 20,000,000","08:21 (02:53)","CAPCOM Co., Ltd.","CAPCOM Co., Ltd."
"45","Paladins","May 8, 2018","Free","N/A (N/A/83%)","10,000,000 .. 20,000,000","102:50 (113:02)","Evil Mojo Games","Hi-Rez Studios"
"212","Z1 Battle Royale","Feb 28, 2018","Free","N/A (N/A/70%)","10,000,000 .. 20,000,000","320:00 (106:40)","Daybreak Game Company","Daybreak Game Company"
"1380","Life is Strange 2","Sep 26, 2018","$31.96","N/A (N/A)","10,000,000 .. 20,000,000","06:06 (03:10)","DONTNOD Entertainment, Feral Interactive (Mac), Feral Interactive (Linux)","Square Enix, Feral Interactive (Mac), Feral Interactive (Linux)"
"1383","Ring of Elysium","Sep 19, 2018","N/A","N/A (N/A)","10,000,000 .. 20,000,000","00:00 (00:00)","Aurora Studio","TCH Scarlet Limited"
"8015","DayZ","Dec 13, 2018","$49.99","N/A (N/A)","10,000,000 .. 20,000,000","19:43 (06:08)","Bohemia Interactive","Bohemia Interactive"
"12","RimWorld","Oct 17, 2018","$27.99","N/A (N/A/87%)","5,000,000 .. 10,000,000","21:44 (10:01)","Ludeon Studios","Ludeon Studios"
"13","Subnautica","Jan 23, 2018","$29.99","N/A (N/A/87%)","5,000,000 .. 10,000,000","04:40 (05:40)","Unknown Worlds Entertainment","Unknown Worlds Entertainment"
"52","HITMAN 2","Nov 13, 2018","N/A","N/A (N/A/82%)","5,000,000 .. 10,000,000","15:53 (21:59)","IO Interactive A/S","IO Interactive A/S"
"1381","Realm Royale","Jun 5, 2018","N/A","N/A (N/A)","5,000,000 .. 10,000,000","00:00 (00:00)","Heroic Leap Games","Hi-Rez Studios"
"7990","War Robots","Apr 4, 2018","Free","N/A (N/A)","5,000,000 .. 10,000,000","327:11 (327:24)","MY.GAMES","MY.GAMES"
"8014","Conan Exiles","May 8, 2018","$39.99","N/A (N/A)","5,000,000 .. 10,000,000","19:27 (07:11)","Funcom","Funcom"
"7","Celeste","Jan 25, 2018","$4.99","N/A (N/A/88%)","2,000,000 .. 5,000,000","01:10 (01:17)","Maddy Makes Games Inc., Extremely OK Games, Ltd.","Maddy Makes Games Inc."
"32","GRIS","Dec 13, 2018","$14.99","N/A (N/A/84%)","2,000,000 .. 5,000,000","02:41 (01:47)","Nomada Studio","Devolver Digital"
"33","DARK SOULS: REMASTERED","May 23, 2018","$19.99","N/A (N/A/84%)","2,000,000 .. 5,000,000","04:50 (04:44)","QLOC, FromSoftware, Inc.","FromSoftware, Inc., Bandai Namco Entertainment"
"64","Northgard","Mar 7, 2018","$34.99","N/A (N/A/81%)","2,000,000 .. 5,000,000","03:20 (02:18)","Shiro Games","Shiro Games"
"84","The Awesome Adventures of Captain Spirit","Jun 25, 2018","N/A","N/A (N/A/79%)","2,000,000 .. 5,000,000","00:00 (00:00)","DONTNOD Entertainment","Square Enix"
"86","For The King","Apr 19, 2018","$19.99","N/A (N/A/79%)","2,000,000 .. 5,000,000","04:11 (03:47)","IronOak Games","Curve Games"
"100","Insurgency: Sandstorm","Dec 12, 2018","$8.99","N/A (N/A/78%)","2,000,000 .. 5,000,000","04:03 (01:57)","New World Interactive","Focus Entertainment"
"111","Shadow of the Tomb Raider: Definitive Edition","Sep 14, 2018","Free","N/A (N/A/77%)","2,000,000 .. 5,000,000","01:55 (02:52)","Eidos-Montréal, Crystal Dynamics, Nixxes, Feral Interactive (Mac), Feral interactive (Linux)","Crystal Dynamics, Feral Interactive (Mac), Feral interactive (Linux)"
"129","Surviving Mars","Mar 15, 2018","$29.99","N/A (N/A/76%)","2,000,000 .. 5,000,000","00:20 (00:12)","Haemimont Games, Abstraction","Paradox Interactive"
"130","Kingdom Come: Deliverance","Feb 13, 2018","$29.99","N/A (N/A/76%)","2,000,000 .. 5,000,000","12:52 (05:59)","Warhorse Studios","Warhorse Studios, Deep Silver"
"140","Kenshi","Dec 6, 2018","$11.99","N/A (N/A/75%)","2,000,000 .. 5,000,000","13:08 (17:00)","Lo-Fi Games","Lo-Fi Games"
"174","Pathfinder: Kingmaker — Enhanced Plus Edition","Sep 25, 2018","$2.99","N/A (N/A/73%)","2,000,000 .. 5,000,000","12:26 (13:03)","Owlcat Games","Knights Peak"
"175","Farming Simulator 19","Nov 19, 2018","$17.99","N/A (N/A/73%)","2,000,000 .. 5,000,000","03:12 (03:39)","Giants Software","Giants Software"
"230","Jurassic World Evolution","Jun 11, 2018","$11.24","N/A (N/A/69%)","2,000,000 .. 5,000,000","01:20 (01:39)","Frontier Developments","Frontier Developments"
"257","House Flipper","May 17, 2018","$24.99","N/A (N/A/67%)","2,000,000 .. 5,000,000","05:51 (06:56)","Empyrean","Frozen District, PlayWay S.A."
"1373","Kingdom Two Crowns","Dec 11, 2018","$19.99","N/A (N/A)","2,000,000 .. 5,000,000","03:24 (01:20)","Stumpy","Raw Fury"
"1379","Creative Destruction","Aug 2, 2018","N/A","N/A (N/A)","2,000,000 .. 5,000,000","00:00 (00:00)","NetEase Games","NetEase Games"
"1382","Ultimate Custom Night","Jun 27, 2018","Free","N/A (N/A)","2,000,000 .. 5,000,000","00:13 (00:08)","Scott Cawthon","Scott Cawthon"
"1384","Totally Accurate Battlegrounds","Jun 5, 2018","Free","N/A (N/A)","2,000,000 .. 5,000,000","00:36 (00:28)","Landfall","Landfall"
"7981","SoulWorker - Anime Action MMO","Feb 26, 2018","N/A","N/A (N/A)","2,000,000 .. 5,000,000","00:00 (00:00)","Lion Games Co., Ltd.","Gameforge 4D GmbH"
"7991","Moonlighter","May 29, 2018","$19.99","N/A (N/A)","2,000,000 .. 5,000,000","03:04 (02:06)","Digital Sun","11 bit studios"
"8002","Lossless Scaling","Dec 28, 2018","$6.99","N/A (N/A)","2,000,000 .. 5,000,000","07:08 (01:02)","THS","THS"
"8009","The Scroll Of Taiwu","Sep 20, 2018","$19.99","N/A (N/A)","2,000,000 .. 5,000,000","06:28 (07:06)","ConchShip Games","ConchShip Games"
"8010","FINAL FANTASY XV WINDOWS EDITION","Mar 6, 2018","$13.99","N/A (N/A)","2,000,000 .. 5,000,000","14:26 (23:25)","Square Enix","Square Enix"
"8011","Pummel Party","Sep 20, 2018","$14.99","N/A (N/A)","2,000,000 .. 5,000,000","02:06 (01:45)","Rebuilt Games","Rebuilt Games"
"8012","The Crew 2","Jun 28, 2018","$29.99","N/A (N/A)","2,000,000 .. 5,000,000","01:32 (01:44)","Ivory Tower","Ubisoft"
"8013","Mirror","Apr 19, 2018","$1.99","N/A (N/A)","2,000,000 .. 5,000,000","03:15 (01:05)","KAGAMI WORKS","Paradise Project"
"8016","Bloons TD 6","Dec 17, 2018","$13.99","N/A (N/A)","2,000,000 .. 5,000,000","05:31 (01:25)","Ninja Kiwi","Ninja Kiwi"
"1","Into the Breach","Feb 27, 2018","$14.99","N/A (N/A/90%)","1,000,000 .. 2,000,000","01:17 (01:13)","Subset Games","Subset Games"
"5","Pillars of Eternity II: Deadfire","May 8, 2018","$9.99","N/A (N/A/88%)","1,000,000 .. 2,000,000","00:04 (00:01)","Obsidian Entertainment","Versus Evil, Obsidian Entertainment"
"6","DUSK","Dec 10, 2018","$19.99","N/A (N/A/88%)","1,000,000 .. 2,000,000","03:34 (02:55)","David Szymanski","New Blood Interactive"
"17","Football Manager 2019","Nov 2, 2018","N/A","N/A (N/A/86%)","1,000,000 .. 2,000,000","25:12 (16:47)","Sports Interactive","SEGA"
"19","Yakuza 0","Aug 1, 2018","$10.99","N/A (N/A/86%)","1,000,000 .. 2,000,000","09:44 (11:45)","Ryu Ga Gotoku Studio","SEGA"
"44","Two Point Hospital","Aug 29, 2018","$29.99","N/A (N/A/83%)","1,000,000 .. 2,000,000","01:28 (00:50)","Two Point Studios","SEGA"
"63","Wreckfest","Jun 14, 2018","$29.99","N/A (N/A/81%)","1,000,000 .. 2,000,000","01:23 (02:01)","Bugbear","THQ Nordic"
"73","SOULCALIBUR VI","Oct 18, 2018","$59.99","N/A (N/A/80%)","1,000,000 .. 2,000,000","03:09 (01:51)","BANDAI NAMCO Studios Inc., Dimps Corporation","BANDAI NAMCO Entertainment"
"99","BATTLETECH","Apr 24, 2018","$39.99","N/A (N/A/78%)","1,000,000 .. 2,000,000","05:09 (01:43)","Harebrained Schemes","Paradox Interactive"
"127","NBA 2K19","Sep 10, 2018","N/A","N/A (N/A/76%)","1,000,000 .. 2,000,000","00:00 (00:00)","Visual Concepts","2K"
"128","Artifact","Nov 28, 2018","N/A","N/A (N/A/76%)","1,000,000 .. 2,000,000","02:45 (00:55)","Valve","Valve"
"189","Vampyr","Jun 4, 2018","$39.99","N/A (N/A/72%)","1,000,000 .. 2,000,000","05:17 (03:31)","DONTNOD Entertainment","Focus Entertainment"
"199","Warhammer 40,000: Gladius - Relics of War","Jul 12, 2018","$39.99","N/A (N/A/71%)","1,000,000 .. 2,000,000","12:18 (19:13)","Proxy Studios","Slitherine Ltd."
"226","World of Warplanes","Sep 12, 2018","Free","N/A (N/A/69%)","1,000,000 .. 2,000,000","00:41 (00:13)","Wargaming Group Limited","Wargaming Group Limited"
"229","Graveyard Keeper","Aug 15, 2018","$19.99","N/A (N/A/69%)","1,000,000 .. 2,000,000","05:47 (06:22)","Lazy Bear Games","tinyBuild"
"248","Just Cause 4 Reloaded","Dec 4, 2018","$69.03","N/A (N/A/68%)","1,000,000 .. 2,000,000","01:18 (00:50)","Avalanche Studios","Square Enix"
"256","Warhammer 40,000: Inquisitor - Martyr","Jun 5, 2018","$49.99","N/A (N/A/67%)","1,000,000 .. 2,000,000","02:33 (03:08)","NeocoreGames","NeocoreGames"
"278","Murderous Pursuits","Apr 26, 2018","$9.99","N/A (N/A/63%)","1,000,000 .. 2,000,000","02:41 (00:53)","Blazing Griffin","Blazing Griffin"
"1316","Prismata","Mar 8, 2018","Free","N/A (N/A)","1,000,000 .. 2,000,000","04:36 (01:32)","Lunarch Studios","Lunarch Studios"
"1349","Heavy Metal Machines","Sep 19, 2018","N/A","N/A (N/A)","1,000,000 .. 2,000,000","00:00 (00:00)","Hoplon","Forthright Entertainment"
"1354","Islands of Nyne: Battle Royale","Jul 12, 2018","N/A","N/A (N/A)","1,000,000 .. 2,000,000","00:00 (00:00)","Define Human Studios","Define Human Studios"
"1355","Dead Maze","Feb 13, 2018","Free","N/A (N/A)","1,000,000 .. 2,000,000","00:00 (00:00)","Atelier 801","Atelier 801"
"1358","Bless Online","Oct 23, 2018","N/A","N/A (N/A)","1,000,000 .. 2,000,000","00:00 (00:00)","NEOWIZ BLESS STUDIO","NEOWIZ"
"1363","LET IT DIE","Sep 26, 2018","Free","N/A (N/A)","1,000,000 .. 2,000,000","01:18 (00:26)","GRASSHOPPER MANUFACTURE INC., SUPERTRICK GAMES, Inc.","GungHo Online Entertainment America, Inc."
"1371","Radical Heights","Apr 10, 2018","N/A","N/A (N/A)","1,000,000 .. 2,000,000","00:00 (00:00)","Boss Key Productions","Boss Key Productions"
"1372","Battlerite Royale","Sep 26, 2018","Free","N/A (N/A)","1,000,000 .. 2,000,000","00:00 (00:00)","Stunlock Studios","Stunlock Studios"
"1377","AirMech Strike","Mar 30, 2018","Free","N/A (N/A)","1,000,000 .. 2,000,000","08:32 (02:50)","Carbon Games","Carbon Games"
"6336","The Pillage","May 31, 2018","$2.99","N/A (N/A)","1,000,000 .. 2,000,000","00:00 (00:00)","Bishop Armstrong","Bishop Armstrong"
"7911","Modern Combat 5","Oct 24, 2018","N/A","N/A (N/A)","1,000,000 .. 2,000,000","00:00 (00:00)","Gameloft","Gameloft"
"7919","音灵 INVAXION","Dec 19, 2018","N/A","N/A (N/A)","1,000,000 .. 2,000,000","00:19 (00:06)","Nanjing AQUATRAX","bilibili"
"7945","Zula Global","Jan 12, 2018","Free","N/A (N/A)","1,000,000 .. 2,000,000","00:04 (00:01)","Madbyte Games","Madbyte Games"
"7965","FINAL FANTASY XII THE ZODIAC AGE","Feb 1, 2018","$19.99","N/A (N/A)","1,000,000 .. 2,000,000","00:29 (00:19)","Square Enix","Square Enix"
"7971","Door Kickers: Action Squad","Sep 10, 2018","$13.99","N/A (N/A)","1,000,000 .. 2,000,000","04:14 (04:14)","PixelShard, KillHouse Games","KillHouse Games"
"7973","Call of Cthulhu","Oct 29, 2018","$19.99","N/A (N/A)","1,000,000 .. 2,000,000","00:00 (00:00)","Cyanide Studio","Focus Entertainment"
"7987","Will To Live Online","Apr 5, 2018","Free","N/A (N/A)","1,000,000 .. 2,000,000","79:53 (26:37)","AlphaSoft LLC","AlphaSoft LLC"
"7989","Devil May Cry HD Collection","Mar 13, 2018","$9.89","N/A (N/A)","1,000,000 .. 2,000,000","00:22 (00:14)","CAPCOM Co., Ltd.","CAPCOM Co., Ltd."
"7992","Crash Bandicoot N. Sane Trilogy","Jun 29, 2018","$15.99","N/A (N/A)","1,000,000 .. 2,000,000","00:08 (00:05)","Vicarious Visions, Iron Galaxy Studios","Activision"
"7993","Call to Arms","Apr 27, 2018","$14.99","N/A (N/A)","1,000,000 .. 2,000,000","00:05 (00:01)","Digitalmindsoft","Digitalmindsoft"
"7994","Squad 44","Aug 9, 2018","$11.99","N/A (N/A)","1,000,000 .. 2,000,000","00:02 (00:00)","Offworld","Offworld"
"7995","Dark Deception","Sep 26, 2018","Free","N/A (N/A)","1,000,000 .. 2,000,000","00:13 (00:04)","Glowstick Entertainment","Glowstick Entertainment"
"7996","GROUND BRANCH","Aug 14, 2018","$25.49","N/A (N/A)","1,000,000 .. 2,000,000","02:01 (01:39)","BlackFoot Studios","MicroProse Software"
"7997","ATLAS","Dec 22, 2018","$29.99","N/A (N/A)","1,000,000 .. 2,000,000","00:00 (00:00)","Grapeshot Games, Instinct Games","Grapeshot Games, Snail Games USA"
"7998","Farm Together","Oct 11, 2018","$19.99","N/A (N/A)","1,000,000 .. 2,000,000","00:12 (00:10)","Milkstone Studios","Milkstone Studios"
"8001","Just Shapes & Beats","May 31, 2018","$19.99","N/A (N/A)","1,000,000 .. 2,000,000","00:00 (00:00)","Berzerk Studio","Berzerk Studio"
"8003","Chinese Parents","Sep 28, 2018","$5.49","N/A (N/A)","1,000,000 .. 2,000,000","01:54 (01:54)","墨鱼玩游戏","墨鱼玩游戏"
"8004","Thief Simulator","Nov 9, 2018","$19.99","N/A (N/A)","1,000,000 .. 2,000,000","07:50 (02:36)","Noble Muffins","PlayWay S.A."
"8006","Gujian3(古剑奇谭三)","Dec 14, 2018","$29.99","N/A (N/A)","1,000,000 .. 2,000,000","00:00 (00:00)","上海烛龙信息科技有限公司, Aurogon Shanghai","北京网元圣唐娱乐科技有限公司"
"8007","Lobotomy Corporation | Monster Management Simulation","Apr 9, 2018","$24.99","N/A (N/A)","1,000,000 .. 2,000,000","13:35 (05:46)","ProjectMoon","ProjectMoon"
"8008","Age of History II","Nov 21, 2018","$4.99","N/A (N/A)","1,000,000 .. 2,000,000","06:27 (02:11)","Łukasz Jakowski","Łukasz Jakowski Games"
"4","Return of the Obra Dinn","Oct 18, 2018","$19.99","N/A (N/A/89%)","500,000 .. 1,000,000","03:05 (03:17)","Lucas Pope","3909"
"18","CrossCode","Sep 20, 2018","$19.99","N/A (N/A/86%)","500,000 .. 1,000,000","00:00 (00:00)","Radical Fish Games","Deck13, WhisperGames, DANGEN Entertainment, Mayflower Entertainment"
"24","Thronebreaker: The Witcher Tales","Nov 9, 2018","$19.99","N/A (N/A/85%)","500,000 .. 1,000,000","03:06 (01:02)","CD PROJEKT RED","CD PROJEKT RED"
"40","Valkyria Chronicles 4 Complete Edition","Sep 25, 2018","$9.99","N/A (N/A/83%)","500,000 .. 1,000,000","00:56 (00:18)","SEGA","SEGA"
"41","Parkitect","Nov 29, 2018","$29.99","N/A (N/A/83%)","500,000 .. 1,000,000","03:55 (01:18)","Texel Raptor","Texel Raptor"
"42","Sunset Overdrive","Nov 16, 2018","$4.99","N/A (N/A/83%)","500,000 .. 1,000,000","00:53 (00:46)","Insomniac Games, Blind Squirrel Games","Xbox Game Studios"
"43","F1 2018","Aug 23, 2018","N/A","N/A (N/A/83%)","500,000 .. 1,000,000","03:19 (03:11)","Codemasters","Codemasters, Electronic Arts"
"56","Moss","Jun 7, 2018","$19.99","N/A (N/A/81%)","500,000 .. 1,000,000","00:00 (00:00)","Polyarc","Polyarc"
"61","The Elder Scrolls V: Skyrim VR","Apr 2, 2018","$14.99","N/A (N/A/81%)","500,000 .. 1,000,000","01:13 (00:48)","Bethesda Game Studios","Bethesda Softworks"
"62","Ni no Kuni II: Revenant Kingdom","Mar 23, 2018","$59.99","N/A (N/A/81%)","500,000 .. 1,000,000","00:00 (00:00)","LEVEL5 Inc.","BANDAI NAMCO Entertainment"
"75","FAR: Lone Sails","May 17, 2018","$1.49","N/A (N/A/80%)","500,000 .. 1,000,000","01:56 (00:38)","Okomotive","Assemble Entertainment"
"85","Wizard of Legend","May 15, 2018","$15.99","N/A (N/A/79%)","500,000 .. 1,000,000","00:32 (00:31)","Contingent99","Contingent99, Humble Games"
"97","Warhammer 40,000: Mechanicus","Nov 15, 2018","$29.99","N/A (N/A/78%)","500,000 .. 1,000,000","16:04 (10:42)","Bulwark Studios","Kasedo Games"
"98","Mutant Year Zero: Road to Eden","Dec 4, 2018","$34.99","N/A (N/A/78%)","500,000 .. 1,000,000","00:00 (00:00)","The Bearded Ladies","Funcom"
"108","Ancestors Legacy","May 22, 2018","$6.99","N/A (N/A/77%)","500,000 .. 1,000,000","11:57 (11:56)","Destructive Creations","Destructive Creations"
"110","The Walking Dead: The Final Season","Aug 13, 2018","$19.99","N/A (N/A/77%)","500,000 .. 1,000,000","00:00 (00:00)","Telltale Games","Skybound Games"
"156","Railway Empire","Jan 26, 2018","$5.99","N/A (N/A/74%)","500,000 .. 1,000,000","27:56 (18:37)","Gaming Minds Studios","Kalypso Media"
"173","Monster Prom","Apr 27, 2018","$11.99","N/A (N/A/73%)","500,000 .. 1,000,000","00:13 (00:04)","Beautiful Glitch","Xelu, Those Awesome Guys"
"188","Book of Demons","Dec 13, 2018","$24.99","N/A (N/A/72%)","500,000 .. 1,000,000","03:11 (01:03)","Thing Trunk","Thing Trunk"
"198","Cultist Simulator","May 31, 2018","$19.99","N/A (N/A/71%)","500,000 .. 1,000,000","00:30 (00:18)","Weather Factory","Weather Factory"
"211","ATOM RPG: Post-apocalyptic indie game","Dec 19, 2018","$14.99","N/A (N/A/70%)","500,000 .. 1,000,000","00:04 (00:01)","AtomTeam","AtomTeam"
"224","Fishing: Barents Sea","Feb 7, 2018","$24.99","N/A (N/A/69%)","500,000 .. 1,000,000","00:00 (00:00)","Misc Games","Misc Games"
"228","We Were Here Too","Feb 2, 2018","$9.99","N/A (N/A/69%)","500,000 .. 1,000,000","00:01 (00:00)","Total Mayhem Games","Total Mayhem Games"
"246","Strange Brigade","Aug 27, 2018","$49.99","N/A (N/A/68%)","500,000 .. 1,000,000","00:23 (00:07)","Rebellion","Rebellion"
"247","Genital Jousting","Jan 18, 2018","$6.99","N/A (N/A/68%)","500,000 .. 1,000,000","00:00 (00:00)","Free Lives","Devolver Digital"
"255","Bus Simulator 18","Jun 13, 2018","$24.99","N/A (N/A/67%)","500,000 .. 1,000,000","00:00 (00:00)","stillalive studios","astragon Entertainment"
"261","This Is the Police 2","Jul 31, 2018","$14.99","N/A (N/A/66%)","500,000 .. 1,000,000","00:46 (00:15)","Weappy Studio","THQ Nordic"
"285","We Happy Few","Aug 10, 2018","$14.99","N/A (N/A/62%)","500,000 .. 1,000,000","00:00 (00:00)","Compulsion Games","Gearbox Publishing"
"1321","Cadria Item Shop","Aug 23, 2018","Free","N/A (N/A)","500,000 .. 1,000,000","00:00 (00:00)","Moehaus Co. Ltd","BEST KIRIN GLOBAL LIMITED"
"1324","Neos VR","May 4, 2018","Free","N/A (N/A)","500,000 .. 1,000,000","00:00 (00:00)","Frooxius","Solirax"
"1330","PRO EVOLUTION SOCCER 2019 LITE","Dec 13, 2018","N/A","N/A (N/A)","500,000 .. 1,000,000","00:00 (00:00)","Konami Digital Entertainment","Konami Digital Entertainment"
"1333","Combat Arms: Reloaded","Oct 31, 2018","Free","N/A (N/A)","500,000 .. 1,000,000","00:00 (00:00)","VALOFE, NEXON","VALOFE"
"1335","Wrecked","Apr 1, 2018","Free","N/A (N/A)","500,000 .. 1,000,000","00:00 (00:00)","Marco Amadei","Corvostudio di Amadei Marco"
"1337","MU Legend","Aug 6, 2018","N/A","N/A (N/A)","500,000 .. 1,000,000","00:00 (00:00)","VALOFE","VALOFE"
"1342","Onmyoji","Apr 18, 2018","Free","N/A (N/A)","500,000 .. 1,000,000","00:00 (00:00)","NetEase Games","NetEase Games"
"1343","Aimtastic","Jan 28, 2018","Free","N/A (N/A)","500,000 .. 1,000,000","00:00 (00:00)","Pixel Pointer Studios","Eternity Studios"
"1350","Professional Fishing","Nov 30, 2018","Free","N/A (N/A)","500,000 .. 1,000,000","00:00 (00:00)","MasterCode","Ultimate Games S.A."
"1352","Closers","Feb 6, 2018","Free","N/A (N/A)","500,000 .. 1,000,000","00:00 (00:00)","Naddic Games","Naddic Games"
"1353","Never Split the Party","Sep 14, 2018","Free","N/A (N/A)","500,000 .. 1,000,000","00:00 (00:00)","Legend Studio","Legend Studio"
"1356","HD Poker: Texas Hold'em","Sep 14, 2018","Free","N/A (N/A)","500,000 .. 1,000,000","06:10 (04:06)","Z4","Z4"
"1357","Zero-K","Apr 27, 2018","Free","N/A (N/A)","500,000 .. 1,000,000","14:35 (04:51)","Zero-K Team","Zero-K Team"
"1359","EVGA Precision X1","Sep 20, 2018","Free","N/A (N/A)","500,000 .. 1,000,000","27:02 (18:01)","EVGA","EVGA"
"1360","Tactical Monsters Rumble Arena","Jan 31, 2018","N/A","N/A (N/A)","500,000 .. 1,000,000","00:00 (00:00)","Camex Games","Camex Games"
"1361","MONMUSU","May 11, 2018","Free","N/A (N/A)","500,000 .. 1,000,000","00:00 (00:00)","Tentacle Games","NEKO WORKs"
"1364","Dreadnought","Oct 14, 2018","N/A","N/A (N/A)","500,000 .. 1,000,000","00:00 (00:00)","Six Foot, YAGER","Grey Box, Six Foot"
"1366","GUNS UP!","Feb 5, 2018","N/A","N/A (N/A)","500,000 .. 1,000,000","00:00 (00:00)","Valkyrie Entertainment, LLC","PlayStation PC LLC"
"1367","Eternal Card Game","Nov 15, 2018","Free","N/A (N/A)","500,000 .. 1,000,000","00:00 (00:00)","Dire Wolf","Dire Wolf"
"1369","Friday the 13th: Killer Puzzle","Apr 12, 2018","N/A","N/A (N/A)","500,000 .. 1,000,000","00:00 (00:00)","Blue Wizard Digital","Blue Wizard Digital"
"1375","Coloring Pixels","Aug 17, 2018","Free","N/A (N/A)","500,000 .. 1,000,000","13:38 (07:51)","ToastieLabs","ToastieLabs"
"1378","Cube Escape: Paradox","Sep 20, 2018","Free","N/A (N/A)","500,000 .. 1,000,000","01:31 (00:30)","Rusty Lake","Rusty Lake"
"1730","ESCAPE FROM VOYNA: Dead Forest","Dec 20, 2018","$6.99","N/A (N/A)","500,000 .. 1,000,000","00:00 (00:00)","Dead Turtle","Dead Turtle"
"3611","Kolb Antarctica Experience","Apr 17, 2018","$2.99","N/A (N/A)","500,000 .. 1,000,000","00:00 (00:00)","Devika","Devika"
"5213","Purgatory II","Feb 28, 2018","$0.99","N/A (N/A)","500,000 .. 1,000,000","00:00 (00:00)","New Reality Games, Eduard Mirica","New Reality Games"
"5529","The Corridor: On Behalf Of The Dead","Aug 30, 2018","$0.89","N/A (N/A)","500,000 .. 1,000,000","00:00 (00:00)","Desktop Daydreams Studios","Desktop Daydreams Studios"
"7593","Nya Nya Nya Girls (ʻʻʻ)_(=^･ω･^=)_(ʻʻʻ)","Dec 8, 2018","$0.99","N/A (N/A)","500,000 .. 1,000,000","07:04 (04:42)","Zloy Krot Studio","Zloy Krot Studio"
"7748","Mouse (Sneaking)","Jan 16, 2018","$0.99","N/A (N/A)","500,000 .. 1,000,000","00:00 (00:00)","Easy game","Game for people"
"7756","Achievements printer","Mar 2, 2018","$0.99","N/A (N/A)","500,000 .. 1,000,000","05:10 (01:43)","Easy game","Game for people"
"7907","DOKA 2 KISHKI EDITION","Nov 5, 2018","$0.65","N/A (N/A)","500,000 .. 1,000,000","00:00 (00:00)","Agafonoff","Agafonoff"
"7913","Juicy Realm","May 3, 2018","$9.99","N/A (N/A)","500,000 .. 1,000,000","00:00 (00:00)","SpaceCan","XD"
"7915","Red Faction Guerrilla Re-Mars-tered","Jul 3, 2018","$3.99","N/A (N/A)","500,000 .. 1,000,000","00:00 (00:00)","Volition, KAIKO","Deep Silver"
"7917","Mega Man X Legacy Collection","Jul 24, 2018","$19.99","N/A (N/A)","500,000 .. 1,000,000","01:32 (00:30)","CAPCOM CO., LTD","CAPCOM CO., LTD"
"7929","DYNASTY WARRIORS 9","Feb 13, 2018","$17.99","N/A (N/A)","500,000 .. 1,000,000","00:00 (00:00)","KOEI TECMO GAMES CO., LTD.","KOEI TECMO GAMES CO., LTD."
"7933","Barro","Mar 28, 2018","$4.99","N/A (N/A)","500,000 .. 1,000,000","00:16 (00:05)","SC Jogos","SC Jogos"
"7937","Cyberdimension Neptunia: 4 Goddesses Online","Feb 27, 2018","$29.99","N/A (N/A)","500,000 .. 1,000,000","00:00 (00:00)","IDEA FACTORY, COMPILE HEART, TAMSOFT","Idea Factory International"
"7940","Puyo PuyoTetris","Feb 27, 2018","$13.99","N/A (N/A)","500,000 .. 1,000,000","00:00 (00:00)","Sonic Team, Bitbaboon","SEGA"
"7943","Terraforming Mars","Oct 17, 2018","$19.99","N/A (N/A)","500,000 .. 1,000,000","04:08 (02:45)","Artefacts Studio","Twin Sails Interactive"
"7957","灵魂筹码 Soul at Stake","Jun 25, 2018","$17.99","N/A (N/A)","500,000 .. 1,000,000","00:00 (00:00)","Chongming Studio","Chongming Studio"
"7958","Next Day: Survival","May 21, 2018","$9.99","N/A (N/A)","500,000 .. 1,000,000","00:00 (00:00)","SOFF Games","Last Level"
"7961","Dragon Cliff","May 11, 2018","$9.99","N/A (N/A)","500,000 .. 1,000,000","00:00 (00:00)","Meta Interaction","Meta Interaction"
"7962","Space Hulk: Deathwing Enhanced Edition","May 22, 2018","$29.99","N/A (N/A)","500,000 .. 1,000,000","00:00 (00:00)","Streum On Studio","Focus Entertainment"
"7964","Neverwinter Nights: Enhanced Edition","Mar 27, 2018","$19.99","N/A (N/A)","500,000 .. 1,000,000","104:13 (104:00)","Beamdog","Beamdog"
"7966","Heroes of Hammerwatch","Mar 1, 2018","$3.74","N/A (N/A)","500,000 .. 1,000,000","06:44 (06:43)","Crackshell","Team17"
"7967","Yume Nikki","Jan 9, 2018","Free","N/A (N/A)","500,000 .. 1,000,000","00:07 (00:04)","kikiyama","PLAYISM"
"7972","Stonehearth","Jul 25, 2018","$19.99","N/A (N/A)","500,000 .. 1,000,000","05:34 (03:42)","Radiant Entertainment","(none)"
"7974","CHRONO TRIGGER","Feb 27, 2018","$7.49","N/A (N/A)","500,000 .. 1,000,000","05:00 (02:21)","Square Enix","Square Enix"
"7975","A Total War Saga: THRONES OF BRITANNIA","May 2, 2018","$9.99","N/A (N/A)","500,000 .. 1,000,000","11:31 (03:50)","CREATIVE ASSEMBLY, Feral Interactive (Mac), Feral Interactive (Linux)","SEGA, Feral Interactive (Mac), Feral Interactive (Linux)"
"7976","Do Not Feed the Monkeys","Oct 23, 2018","$15.99","N/A (N/A)","500,000 .. 1,000,000","01:28 (01:28)","Fictiorama Studios","Alawar"
"7977","Mist Survival","Aug 14, 2018","$10.99","N/A (N/A)","500,000 .. 1,000,000","00:21 (00:07)","Dimension 32 Entertainment","Dimension 32 Entertainment"
"7978","Liftoff: FPV Drone Racing","Sep 13, 2018","$19.99","N/A (N/A)","500,000 .. 1,000,000","03:17 (03:38)","LuGus Studios","LuGus Studios"
"7980","Eco","Feb 6, 2018","$29.99","N/A (N/A)","500,000 .. 1,000,000","06:44 (04:08)","Strange Loop Games","Strange Loop Games"
"7982","Bad North: Jotunn Edition","Nov 16, 2018","$2.99","N/A (N/A)","500,000 .. 1,000,000","03:51 (05:03)","Plausible Concept, Oskar Stålberg","Raw Fury"
"7984","War of Rights","Dec 3, 2018","$29.99","N/A (N/A)","500,000 .. 1,000,000","00:01 (00:00)","Campfire Games","Campfire Games"
"7985","SYNTHETIK: Legion Rising","Mar 15, 2018","$19.99","N/A (N/A)","500,000 .. 1,000,000","00:00 (00:00)","Flow Fire Games","Flow Fire Games, WhisperGames"
"7986","Fate Seeker","Aug 7, 2018","$21.09","N/A (N/A)","500,000 .. 1,000,000","00:00 (00:00)","JSL Entertainment","JSL Entertainment, Phoenix Game"
"7988","Changed","Apr 4, 2018","$4.99","N/A (N/A)","500,000 .. 1,000,000","00:00 (00:00)","DragonSnow","DragonSnow"
"8000","TerraTech","Aug 10, 2018","$24.99","N/A (N/A)","500,000 .. 1,000,000","13:27 (04:29)","Payload Studios","Mythwright"
"8005","KovaaK's","Apr 3, 2018","$9.99","N/A (N/A)","500,000 .. 1,000,000","02:09 (00:59)","KovaaK Games","KovaaK Games"
"11","Iconoclasts","Jan 23, 2018","$19.99","N/A (N/A/87%)","200,000 .. 500,000","00:00 (00:00)","Joakim Sandberg","Bifrost Entertainment, DANGEN Entertainment, Gamirror Games, INTRAGAMES CO., LTD."
"23","Full Metal Furies","Jan 17, 2018","$19.99","N/A (N/A/85%)","200,000 .. 500,000","00:00 (00:00)","Cellar Door Games","Cellar Door Games"
"31","Yoku's Island Express","May 29, 2018","$19.99","N/A (N/A/84%)","200,000 .. 500,000","00:00 (00:00)","Villa Gorilla","Team17 Digital Ltd"
"37","Super Mega Baseball 2","Apr 30, 2018","N/A","N/A (N/A/83%)","200,000 .. 500,000","00:00 (00:00)","Metalhead Software Inc.","Electronic Arts"
"51","Wandersong","Sep 27, 2018","$4.99","N/A (N/A/82%)","200,000 .. 500,000","00:02 (00:00)","Wishes Ultd., Greg Lobanov, A Shell in the Pit","Greg Lobanov"
"58","Death's Gambit: Afterlife","Aug 13, 2018","$19.99","N/A (N/A/81%)","200,000 .. 500,000","00:00 (00:00)","White Rabbit","Serenity Forge"
"60","Katamari Damacy REROLL","Dec 6, 2018","$29.99","N/A (N/A/81%)","200,000 .. 500,000","00:22 (00:15)","MONKEYCRAFT Co. Ltd.","BANDAI NAMCO Entertainment"
"71","PRO EVOLUTION SOCCER 2019","Aug 29, 2018","N/A","N/A (N/A/80%)","200,000 .. 500,000","00:00 (00:00)","Konami Digital Entertainment","Konami Digital Entertainment"
"74","The Red Strings Club","Jan 22, 2018","$14.99","N/A (N/A/80%)","200,000 .. 500,000","00:00 (00:00)","Deconstructeam","Devolver Digital"
"83","Minit","Apr 3, 2018","$9.99","N/A (N/A/79%)","200,000 .. 500,000","02:03 (00:41)","JW, Kitty, Jukio, Dom","Devolver Digital"
"91","Laser League","May 10, 2018","N/A","N/A (N/A/78%)","200,000 .. 500,000","00:00 (00:00)","Roll7, CE-Asia, 505 Games","CE-Asia, 505 Games"
"93","The Adventure Pals","Apr 3, 2018","$14.99","N/A (N/A/78%)","200,000 .. 500,000","09:31 (03:10)","Massive Monster","Armor Games Studios"
"94","killer7","Nov 15, 2018","$19.99","N/A (N/A/78%)","200,000 .. 500,000","00:00 (00:00)","GRASSHOPPER MANUFACTURE INC., Engine Software BV","NIS America, Inc."
"95","Project Warlock","Dec 6, 2018","$12","N/A (N/A/78%)","200,000 .. 500,000","00:05 (00:01)","Buckshot Software","Retrovibe, gaming company"
"106","Tower of Time","Apr 12, 2018","$24.99","N/A (N/A/77%)","200,000 .. 500,000","00:00 (00:00)","Event Horizon","Event Horizon"
"107","Bloodstained: Curse of the Moon","May 24, 2018","$9.99","N/A (N/A/77%)","200,000 .. 500,000","09:29 (03:09)","INTI CREATES CO., LTD.","INTI CREATES CO., LTD."
"109","Donut County","Aug 28, 2018","$3.89","N/A (N/A/77%)","200,000 .. 500,000","02:34 (02:00)","Ben Esposito","Annapurna Interactive"
"120","Aegis Defenders","Feb 8, 2018","$4.99","N/A (N/A/76%)","200,000 .. 500,000","00:00 (00:00)","GUTS Department","Humble Games"
"121","Q.U.B.E. 2","Mar 13, 2018","$24.99","N/A (N/A/76%)","200,000 .. 500,000","00:00 (00:00)","Toxic Games","Trapped Nerve Games"
"124","Dig or Die","Jul 10, 2018","$11.99","N/A (N/A/76%)","200,000 .. 500,000","00:00 (00:00)","Gaddy Games","Gaddy Games"
"125","Horizon Chase Turbo","May 15, 2018","$19.99","N/A (N/A/76%)","200,000 .. 500,000","00:00 (00:00)","AQUIRIS","AQUIRIS"
"126","LEGO DC Super-Villains","Oct 16, 2018","$39.99","N/A (N/A/76%)","200,000 .. 500,000","05:42 (01:54)","TT Games, Feral Interactive (Mac)","Warner Bros. Interactive Entertainment, Feral Interactive (Mac)"
"138","Ghost of a Tale","Mar 13, 2018","$19.99","N/A (N/A/75%)","200,000 .. 500,000","00:00 (00:00)","SeithCG","SeithCG"
"139","Project Hospital","Oct 30, 2018","$24.99","N/A (N/A/75%)","200,000 .. 500,000","00:00 (00:00)","Oxymoron Games","Oxymoron Games"
"149","Orwell: Ignorance is Strength","Feb 22, 2018","$2.99","N/A (N/A/74%)","200,000 .. 500,000","00:00 (00:00)","Osmotic Studios","Daedalic Entertainment"
"150","The Swords of Ditto: Mormo's Curse","Apr 24, 2018","$14.99","N/A (N/A/74%)","200,000 .. 500,000","00:00 (00:00)","onebitbeyond","Devolver Digital"
"152","Party Hard 2","Oct 25, 2018","$19.99","N/A (N/A/74%)","200,000 .. 500,000","00:00 (00:00)","Pinokl Games, Kverta, Hologryph","tinyBuild"
"154","Phantom Doctrine","Aug 14, 2018","$39.99","N/A (N/A/74%)","200,000 .. 500,000","00:00 (00:00)","CreativeForge Games","Good Shepherd Entertainment"
"155","Distance","Sep 18, 2018","$24.99","N/A (N/A/74%)","200,000 .. 500,000","00:00 (00:00)","Refract","Refract"
"171","Timespinner","Sep 25, 2018","$19.99","N/A (N/A/73%)","200,000 .. 500,000","00:00 (00:00)","Lunar Ray Games","Chucklefish"
"179","Lamplight City","Sep 13, 2018","$8.99","N/A (N/A/72%)","200,000 .. 500,000","00:00 (00:00)","Grundislav Games","Application Systems Heidelberg"
"185","Judgment: Apocalypse Survival Simulation","May 3, 2018","$11.99","N/A (N/A/72%)","200,000 .. 500,000","00:00 (00:00)","Suncrash","Suncrash"
"186","Chasm","Jul 30, 2018","$4.99","N/A (N/A/72%)","200,000 .. 500,000","00:00 (00:00)","Bit Kid, Inc.","Bit Kid, Inc."
"196","EMERGENCY 4 Deluxe","Apr 24, 2018","$17.99","N/A (N/A/71%)","200,000 .. 500,000","00:17 (00:05)","Sixteen Tons Entertainment","Sixteen Tons Entertainment"
"208","Warstone TD","May 23, 2018","$14.99","N/A (N/A/70%)","200,000 .. 500,000","00:00 (00:00)","Battlecruiser Games","Battlecruiser Games"
"210","RIDE 3","Nov 30, 2018","$29.99","N/A (N/A/70%)","200,000 .. 500,000","01:22 (00:45)","Milestone S.r.l.","Milestone S.r.l."
"218","Pro Cycling Manager 2018","Jun 28, 2018","$14.99","N/A (N/A/69%)","200,000 .. 500,000","00:00 (00:00)","Cyanide Studio","Focus Entertainment"
"222","Pure Farming 2018","Mar 13, 2018","$19.99","N/A (N/A/69%)","200,000 .. 500,000","00:00 (00:00)","Ice Flames","Techland Publishing"
"225","Megaquarium","Sep 13, 2018","$24.99","N/A (N/A/69%)","200,000 .. 500,000","00:00 (00:00)","Twice Circled","Twice Circled"
"227","Ys VIII: Lacrimosa of DANA","Apr 16, 2018","$39.99","N/A (N/A/69%)","200,000 .. 500,000","00:00 (00:00)","Nihon Falcom","NIS America, Inc."
"244","TT Isle of Man: Ride on the Edge","Mar 27, 2018","$1.99","N/A (N/A/68%)","200,000 .. 500,000","00:00 (00:00)","KT Racing","Nacon"
"245","Empires Apart","Mar 29, 2018","Free","N/A (N/A/68%)","200,000 .. 500,000","00:00 (00:00)","DESTINYbit","Slitherine Ltd."
"254","The Council","Mar 13, 2018","Free","N/A (N/A/67%)","200,000 .. 500,000","00:00 (00:00)","Big Bad Wolf","Focus Entertainment"
"272","Ash of Gods: Redemption","Mar 23, 2018","$4.99","N/A (N/A/65%)","200,000 .. 500,000","00:00 (00:00)","AurumDust","AurumDust, WhisperGames"
"273","Jalopy","Mar 28, 2018","$2.99","N/A (N/A/65%)","200,000 .. 500,000","01:42 (00:34)","Minskworks","Excalibur Games"
"305","Shroud of the Avatar: Forsaken Virtues","Mar 27, 2018","Free","N/A (N/A/58%)","200,000 .. 500,000","00:00 (00:00)","Catnip Games","Catnip Games"
"313","METAL GEAR SURVIVE","Feb 21, 2018","$29.99","N/A (N/A/54%)","200,000 .. 500,000","00:06 (00:02)","KONAMI","KONAMI"
"316","YUMENIKKI -DREAM DIARY-","Feb 22, 2018","$19.99","N/A (N/A/51%)","200,000 .. 500,000","00:00 (00:00)","KADOKAWA CORPORATION, Active Gaming Media Inc.","PLAYISM"
"321","Defiance 2050","Jul 10, 2018","N/A","N/A (N/A/48%)","200,000 .. 500,000","00:00 (00:00)","Trion Worlds","Trion Worlds"
"322","Agony","May 29, 2018","$14.99","N/A (N/A/47%)","200,000 .. 500,000","00:00 (00:00)","Madmind Studio","Playway S.A."
"1083","强军","Jun 29, 2018","Free","N/A (N/A)","200,000 .. 500,000","00:00 (00:00)","Ares Game Co., Ltd.","Nanjing QiangJun Network Co., Ltd."
"1183","Cave to Kingdom","Aug 6, 2018","N/A","N/A (N/A)","200,000 .. 500,000","00:00 (00:00)","Iubisoft System SRL","Iubisoft System SRL"
"1191","BREATHE","Feb 19, 2018","Free","N/A (N/A)","200,000 .. 500,000","00:00 (00:00)","dotBunny","dotBunny"
"1234","Realm Revolutions","Jan 5, 2018","Free","N/A (N/A)","200,000 .. 500,000","00:00 (00:00)","Aleksandr Golovkin","Aleksandr Golovkin"
"1247","Broken Ground","Apr 12, 2018","N/A","N/A (N/A)","200,000 .. 500,000","00:00 (00:00)","Bad Viking","Bad Viking"
"1248","Dungeon Hunter Champions","Dec 19, 2018","N/A","N/A (N/A)","200,000 .. 500,000","00:00 (00:00)","Gameloft","Gameloft"
"1252","Music Maker Steam Edition","Aug 30, 2018","N/A","N/A (N/A)","200,000 .. 500,000","00:00 (00:00)","MAGIX Software GmbH","MAGIX Software GmbH"
"1255","Rogue Agent","Apr 29, 2018","Free","N/A (N/A)","200,000 .. 500,000","159:30 (62:58)","Jorge Aires","Jigsaw Unravel"
"1263","Mini Battlegrounds","Aug 20, 2018","Free","N/A (N/A)","200,000 .. 500,000","00:00 (00:00)","IOA Games","IOA Games"
"1270","Project Eagle: A 3D Interactive Mars Base","Nov 27, 2018","Free","N/A (N/A)","200,000 .. 500,000","00:00 (00:00)","Blackbird Interactive","Blackbird Interactive"
"1276","Epic Roller Coasters","Mar 7, 2018","Free","N/A (N/A)","200,000 .. 500,000","00:35 (00:11)","B4T Games","B4T Games"
"1279","Paintball War","Jun 1, 2018","N/A","N/A (N/A)","200,000 .. 500,000","00:00 (00:00)","ShadowWolf Games","ShadowWolf Games"
"1282","Zeus' Battlegrounds","Sep 28, 2018","N/A","N/A (N/A)","200,000 .. 500,000","00:00 (00:00)","Industry Games","Industry Games"
"1286","Soccer Manager 2019","Dec 19, 2018","N/A","N/A (N/A)","200,000 .. 500,000","00:00 (00:00)","Soccer Manager Ltd","Soccer Manager Ltd"
"1287","DeoVR Video Player","Apr 24, 2018","Free","N/A (N/A)","200,000 .. 500,000","00:21 (00:20)","INFOMEDIJI d.o.o.","INFOMEDIJI d.o.o."
"1291","Iron League","Mar 14, 2018","N/A","N/A (N/A)","200,000 .. 500,000","00:00 (00:00)","DEXINT GAMES","DEXINT GAMES"
"1296","Sam & Dan: Floaty Flatmates","Dec 12, 2018","Free","N/A (N/A)","200,000 .. 500,000","00:00 (00:00)","Pelican Party Studios","Pelican Party Studios"
"1301","Deep the Game","Dec 1, 2018","Free","N/A (N/A)","200,000 .. 500,000","00:00 (00:00)","Goricina Productions","Goricina Entertainment"
"1302","Hand of the Gods","Feb 20, 2018","N/A","N/A (N/A)","200,000 .. 500,000","00:00 (00:00)","Hi-Rez Studios","Hi-Rez Studios"
"1304","Survived By","Dec 5, 2018","N/A","N/A (N/A)","200,000 .. 500,000","00:00 (00:00)","Human Head Studios","Digital Extremes"
"1308","Battle Carnival","Apr 26, 2018","N/A","N/A (N/A)","200,000 .. 500,000","00:00 (00:00)","Zepetto","Zepetto USA"
"1310","Stormbound","May 15, 2018","Free","N/A (N/A)","200,000 .. 500,000","00:00 (00:00)","Paladin Studios, Stormbound Games","Stormbound B.V."
"1314","Fog Of War - Free Edition","Feb 22, 2018","Free","N/A (N/A)","200,000 .. 500,000","00:00 (00:00)","Monkeys Lab.","Monkeys Lab."
"1315","Beavers Be Dammed","Jan 16, 2018","Free","N/A (N/A)","200,000 .. 500,000","00:00 (00:00)","Wallflower Games","Wallflower Games"
"1317","Bombix","Mar 2, 2018","Free","N/A (N/A)","200,000 .. 500,000","00:00 (00:00)","Pragmatix Ltd","Pragmatix Ltd"
"1319","Light Bearers","Oct 23, 2018","Free","N/A (N/A)","200,000 .. 500,000","00:00 (00:00)","FAT BOMB STUDIOS, LLC","FAT BOMB STUDIOS, LLC"
"1323","Trailer Park Boys: Greasy Money","Feb 15, 2018","N/A","N/A (N/A)","200,000 .. 500,000","00:00 (00:00)","East Side Games","East Side Games"
"1326","BombTag","Feb 12, 2018","Free","N/A (N/A)","200,000 .. 500,000","00:00 (00:00)","David Schneider","David Schneider"
"1328","Shooty Skies","Mar 6, 2018","Free","N/A (N/A)","200,000 .. 500,000","00:00 (00:00)","Mighty Games","Mighty Games"
"1332","At Home Alone","Nov 1, 2018","Free","N/A (N/A)","200,000 .. 500,000","00:00 (00:00)","阿正不经","0Cube"
"1334","Hellbound: Survival Mode","May 9, 2018","Free","N/A (N/A)","200,000 .. 500,000","00:00 (00:00)","Saibot Studios","Saibot Studios"
"1336","Marbles on Stream","Mar 28, 2018","Free","N/A (N/A)","200,000 .. 500,000","01:03 (00:41)","Pixel by Pixel Studios Inc.","Pixel by Pixel Studios Inc."
"1338","SOS","Jan 23, 2018","N/A","N/A (N/A)","200,000 .. 500,000","00:00 (00:00)","Outpost Games, Inc.","Outpost Games, Inc."
"1339","BattleRush","Mar 27, 2018","Free","N/A (N/A)","200,000 .. 500,000","00:00 (00:00)","TB Games","TB Games"
"1341","IOSoccer","Jun 8, 2018","Free","N/A (N/A)","200,000 .. 500,000","04:46 (01:35)","IOSoccer Team","IOSoccer Team"
"1344","Cheeky Chooks","Oct 31, 2018","Free","N/A (N/A)","200,000 .. 500,000","00:00 (00:00)","Trilum Studios","Trilum Studios, RSPCA"
"1346","Mini World: Block Art","Apr 27, 2018","Free","N/A (N/A)","200,000 .. 500,000","00:00 (00:00)","MINOVATE HONG KONG LIMITED","MINOVATE HONG KONG LIMITED"
"1348","Life is Feudal: MMO","Jan 12, 2018","Free","N/A (N/A)","200,000 .. 500,000","00:00 (00:00)","LTG","LTG"
"1351","Stoneshard: Prologue","Jun 5, 2018","N/A","N/A (N/A)","200,000 .. 500,000","00:00 (00:00)","Ink Stains Games","HypeTrain Digital"
"1362","CONFLICT OF NATIONS: WORLD WAR 3","Mar 15, 2018","Free","N/A (N/A)","200,000 .. 500,000","00:00 (00:00)","Dorado Games","Dorado Games"
"1365","Meteor 60 Seconds!","Feb 26, 2018","Free","N/A (N/A)","200,000 .. 500,000","00:00 (00:00)","AvoCavo","AvoCavo"
"1368","Amorous","Apr 13, 2018","Free","N/A (N/A)","200,000 .. 500,000","00:00 (00:00)","Team Amorous","Snaggletooth Studios"
"1370","Marie's Room","Apr 13, 2018","Free","N/A (N/A)","200,000 .. 500,000","00:00 (00:00)","like Charlie","like Charlie"
"1374","DRAGON QUEST XI: Echoes of an Elusive Age - Digital Edition of Light","Sep 4, 2018","N/A","N/A (N/A)","200,000 .. 500,000","00:01 (00:00)","Square Enix","Square Enix"
"1376","Driver Booster for Steam","Nov 1, 2018","Free","N/A (N/A)","200,000 .. 500,000","00:19 (00:21)","IObit","IObit"
"4223","Buried Alive VR","Apr 3, 2018","$0.99","N/A (N/A)","200,000 .. 500,000","00:00 (00:00)","Mobigrow","Mobigrow"
"4959","crazy maze ~疯狂迷宫 ~ 狂った迷路 ~ Laberinto loco ~ Labyrinthe fou ~ Verrücktes Labyrinth","Nov 1, 2018","Free","N/A (N/A)","200,000 .. 500,000","00:00 (00:00)","liuguowang","liuguowang"
"5592","Removed","Apr 13, 2018","N/A","N/A (N/A)","200,000 .. 500,000","00:00 (00:00)","",""
"7123","Chicken Labyrinth Puzzles","Mar 26, 2018","$0.49","N/A (N/A)","200,000 .. 500,000","00:00 (00:00)","ZemunBRE","SA Industry"
"7329","Starship Corporation","May 3, 2018","$19.99","N/A (N/A)","200,000 .. 500,000","00:00 (00:00)","Coronado Games","Iceberg Interactive"
"7386","CopperCube 6 Game Engine","Jul 13, 2018","Free","N/A (N/A)","200,000 .. 500,000","00:00 (00:00)","Ambiera e.U.","Ambiera e.U."
"7408","Glare1more","Sep 14, 2018","$7.99","N/A (N/A)","200,000 .. 500,000","00:00 (00:00)","Kurenaibook","Kurenaibook"
"7453","My Little Farmies","Feb 27, 2018","Free","N/A (N/A)","200,000 .. 500,000","00:00 (00:00)","upjers","upjers"
"7459","Ready Player One: OASIS beta","Mar 23, 2018","Free","N/A (N/A)","200,000 .. 500,000","00:00 (00:00)","Directive Games Limited","Vive Studios"
"7620","Space Tyrant","Feb 27, 2018","$19.99","N/A (N/A)","200,000 .. 500,000","00:00 (00:00)","Blue Wizard Digital","Blue Wizard Digital"
"7645","恋爱模拟器 Love Simulation","Apr 29, 2018","$1.99","N/A (N/A)","200,000 .. 500,000","00:00 (00:00)","橘子班, 大好网","PeriScope Game"
"7681","Headliner: NoviNews","Oct 23, 2018","$13.99","N/A (N/A)","200,000 .. 500,000","00:00 (00:00)","Unbound Creations","Unbound Creations"
"7696","INSOMNIA: The Ark","Sep 27, 2018","$29.99","N/A (N/A)","200,000 .. 500,000","00:00 (00:00)","Mono Studio","HeroCraft PC"
"7704","eSports Legend","Oct 15, 2018","$9.99","N/A (N/A)","200,000 .. 500,000","00:00 (00:00)","90Games","Coconut Island Games"
"7708","懒人修仙传","Nov 14, 2018","$3.99","N/A (N/A)","200,000 .. 500,000","00:00 (00:00)","托更的修罗","托更的修罗"
"7710","Steel Rats","Nov 7, 2018","$9.99","N/A (N/A)","200,000 .. 500,000","00:00 (00:00)","Tate Multimedia","Tate Multimedia"
"7713","270 | Two Seventy US Election","May 15, 2018","Free","N/A (N/A)","200,000 .. 500,000","03:48 (01:16)","Political Games LLC","Political Games LLC"
"7719","Mobile Empire","Jan 25, 2018","$3.99","N/A (N/A)","200,000 .. 500,000","00:00 (00:00)","Shanghai huan zhen Info Tech Ltd","XD"
"7726","Hentai 3018","May 31, 2018","$0.99","N/A (N/A)","200,000 .. 500,000","00:00 (00:00)","Easy game","Game for people"
"7730","Treasure Hunter Simulator","Dec 6, 2018","$1.69","N/A (N/A)","200,000 .. 500,000","00:00 (00:00)","DRAGO entertainment","DRAGO entertainment"
"7741","AtmaSphere","Feb 2, 2018","$3.99","N/A (N/A)","200,000 .. 500,000","00:00 (00:00)","Mazen Games","GrabTheGames"
"7747","Marble It Up! Ultra","Nov 16, 2018","$29.99","N/A (N/A)","200,000 .. 500,000","00:44 (00:14)","Blueteak, The Engine Company, Shapes and Lines, Arcturus Interactive, The Quantum Astrophysicists Guild","Alvios, Inc., Bad Habit Productions"
"7750","Battle Royale Trainer","Jan 4, 2018","N/A","N/A (N/A)","200,000 .. 500,000","00:00 (00:00)","Trickjump Games Ltd","Trickjump Games Ltd"
"7752","Acceleration of SUGURI 2","Mar 7, 2018","$8.99","N/A (N/A)","200,000 .. 500,000","00:00 (00:00)","Orange_Juice","Fruitbat Factory"
"7770","CityBattle | Virtual Earth","Oct 2, 2018","Free","N/A (N/A)","200,000 .. 500,000","00:00 (00:00)","LLC RIKOR IMT","LLC RIKOR IMT"
"7772","Jet Racing Extreme: The First Encounter","May 17, 2018","$3.99","N/A (N/A)","200,000 .. 500,000","00:00 (00:00)","Real Dynamics","Real Dynamics"
"7780","Sniper 3D Assassin: Free to Play","Sep 19, 2018","Free","N/A (N/A)","200,000 .. 500,000","00:00 (00:00)","Fun Games For Free","Fun Games For Free"
"7782","Hero of the Kingdom III","Aug 30, 2018","$9.99","N/A (N/A)","200,000 .. 500,000","00:00 (00:00)","Lonely Troops","Lonely Troops"
"7783","Dude Simulator 2","Jul 27, 2018","$4.99","N/A (N/A)","200,000 .. 500,000","00:00 (00:00)","Kiddy","Kiddy"
"7786","Capcom Beat 'Em Up Bundle","Oct 10, 2018","$9.99","N/A (N/A)","200,000 .. 500,000","00:00 (00:00)","CAPCOM Co., Ltd.","CAPCOM Co., Ltd."
"7787","AXYOS","Aug 1, 2018","$1.24","N/A (N/A)","200,000 .. 500,000","00:00 (00:00)","Axyos Games","Axyos Games"
"7790","SpyParty","Apr 12, 2018","$24.99","N/A (N/A)","200,000 .. 500,000","00:00 (00:00)","Chris Hecker, John Cimino","Chris Hecker"
"7803","Rebel Forces","Dec 20, 2018","Free","N/A (N/A)","200,000 .. 500,000","00:00 (00:00)","FreezeNova","FreezeNova"
"7804","MX vs ATV All Out","Mar 27, 2018","$39.99","N/A (N/A)","200,000 .. 500,000","00:00 (00:00)","Rainbow Studios","THQ Nordic"
"7810","RetroMaze","May 21, 2018","$0.99","N/A (N/A)","200,000 .. 500,000","00:00 (00:00)","Durven Studios, BrazMonkey Studio","Durven Studios"
"7811","Super Seducer 2 - Advanced Seduction Tactics","Sep 13, 2018","$12.99","N/A (N/A)","200,000 .. 500,000","00:00 (00:00)","RLR Training Inc",""
"7814","OPUS: Rocket of Whispers","Feb 7, 2018","$14.99","N/A (N/A)","200,000 .. 500,000","00:00 (00:00)","SIGONO INC.","SIGONO INC."
"7816","Super Seducer : How to Talk to Girls","Mar 6, 2018","$12.99","N/A (N/A)","200,000 .. 500,000","00:00 (00:00)","RLR Training Inc",""
"7818","Budget Cuts","Jun 14, 2018","$29.99","N/A (N/A)","200,000 .. 500,000","00:00 (00:00)","Neat Corporation","Neat Corporation, Creature Label"
"7820","Clicker Heroes 2","Jul 16, 2018","N/A","N/A (N/A)","200,000 .. 500,000","00:00 (00:00)","Playsaurus","Playsaurus"
"7829","Mega Man X Legacy Collection 2","Jul 24, 2018","$19.99","N/A (N/A)","200,000 .. 500,000","00:00 (00:00)","CAPCOM CO., LTD","CAPCOM CO., LTD"
"7832","Fallen ~Makina and the City of Ruins~","Feb 23, 2018","$3.74","N/A (N/A)","200,000 .. 500,000","00:00 (00:00)","Another Story","Kagura Games"
"7835","EXAPUNKS","Oct 22, 2018","$19.99","N/A (N/A)","200,000 .. 500,000","00:00 (00:00)","Zachtronics","Zachtronics"
"7836","Pleasure Puzzle:Portrait 趣拼拼：肖像画","Sep 24, 2018","$0.49","N/A (N/A)","200,000 .. 500,000","00:00 (00:00)","冷笑黑妖","冷笑黑妖"
"7838","Prime World: Defenders 2","Nov 29, 2018","Free","N/A (N/A)","200,000 .. 500,000","00:00 (00:00)","Nival","Nival"
"7851","7 Billion Humans","Aug 23, 2018","$4.94","N/A (N/A)","200,000 .. 500,000","00:00 (00:00)","Tomorrow Corporation","Tomorrow Corporation"
"7854","Secret of Mana","Feb 15, 2018","$15.99","N/A (N/A)","200,000 .. 500,000","00:00 (00:00)","Square Enix","Square Enix"
"7856","Star Control: Origins","Sep 20, 2018","$19.99","N/A (N/A)","200,000 .. 500,000","01:39 (00:33)","Stardock Entertainment","Stardock Entertainment"
"7860","Farm Manager 2018","Apr 6, 2018","$19.99","N/A (N/A)","200,000 .. 500,000","00:00 (00:00)","Cleversan Games","PlayWay S.A., Sim Farm S.A."
"7861","Through the Ages","Mar 26, 2018","$15.99","N/A (N/A)","200,000 .. 500,000","48:35 (16:11)","CGE Digital","CGE Digital"
"7862","The Crown of Leaves","Nov 26, 2018","$5.99","N/A (N/A)","200,000 .. 500,000","00:00 (00:00)","Lingrimm","The Broken Horn"
"7865","Treasure Hunter Claire","Jul 19, 2018","$4.99","N/A (N/A)","200,000 .. 500,000","00:00 (00:00)","Acerola","Kagura Games"
"7866","TREE","Aug 13, 2018","Free","N/A (N/A)","200,000 .. 500,000","00:00 (00:00)","The Strangers","The Strangers"
"7868","Rolling Line","Apr 27, 2018","$19.99","N/A (N/A)","200,000 .. 500,000","06:03 (04:02)","Gaugepunk Games","Gaugepunk Games"
"7871","Guts and Glory","Jul 19, 2018","$14.99","N/A (N/A)","200,000 .. 500,000","00:00 (00:00)","HakJak","tinyBuild"
"7872","Street Fighter 30th Anniversary Collection","May 29, 2018","$9.89","N/A (N/A)","200,000 .. 500,000","00:07 (00:02)","Digital Eclipse","Capcom U.S.A, Inc."
"7873","fpsVR","Sep 11, 2018","$3.99","N/A (N/A)","200,000 .. 500,000","38:53 (58:09)","SBSoftLab","SBSoftLab"
"7879","Ben and Ed - Blood Party","Feb 13, 2018","$14.99","N/A (N/A)","200,000 .. 500,000","00:00 (00:00)","Sluggerfly","Sluggerfly"
"7882","Kabounce","May 29, 2018","$14.99","N/A (N/A)","200,000 .. 500,000","00:00 (00:00)","Stitch Heads Entertainment","Stitch Heads Entertainment"
"7883","Mashinky","Oct 6, 2018","$24.99","N/A (N/A)","200,000 .. 500,000","00:00 (00:00)","Jan Zelený","Jan Zelený"
"7892","The Jackbox Party Pack 5","Oct 17, 2018","$29.99","N/A (N/A)","200,000 .. 500,000","01:23 (01:43)","Jackbox Games, Inc.","Jackbox Games, Inc."
"7893","SAO Utils: Beta","Mar 14, 2018","$3.99","N/A (N/A)","200,000 .. 500,000","26:42 (26:40)","Joshua Chen","Studio GPBeta"
"7895","KartKraft","Nov 1, 2018","$4.49","N/A (N/A)","200,000 .. 500,000","00:00 (00:00)","Motorsport Games","Motorsport Games"
"7897","FRAMED Collection","May 17, 2018","$9.99","N/A (N/A)","200,000 .. 500,000","00:00 (00:00)","Loveshack Entertainment","Fellow Traveller"
"7901","Clue/Cluedo: Classic Edition","May 17, 2018","$16.99","N/A (N/A)","200,000 .. 500,000","00:00 (00:00)","Marmalade Game Studio Ltd","Marmalade Game Studio Ltd"
"7902","Despotism 3k","Nov 8, 2018","$3.99","N/A (N/A)","200,000 .. 500,000","00:00 (00:00)","Konfa Games","Konfa Games"
"7904","Superfighters Deluxe","Nov 30, 2018","$9.99","N/A (N/A)","200,000 .. 500,000","00:00 (00:00)","MythoLogic Interactive","MythoLogic Interactive"
"7905","永远消失的幻想乡 ～ The Disappearing of Gensokyo","Jan 11, 2018","$10.99","N/A (N/A)","200,000 .. 500,000","00:00 (00:00)","MyACG Studio","MyACG Studio"
"7906","Disgaea 5 Complete","Oct 22, 2018","$39.99","N/A (N/A)","200,000 .. 500,000","00:00 (00:00)","Nippon Ichi Software, Inc.","NIS America, Inc."
"7909","Rules Of Survival","May 30, 2018","N/A","N/A (N/A)","200,000 .. 500,000","00:00 (00:00)","Netease Games","Netease Games"
"7910","Timberman VS","Oct 12, 2018","$1.99","N/A (N/A)","200,000 .. 500,000","00:00 (00:00)","Digital Melody","Forever Entertainment S. A."
"7912","BallisticNG","Dec 14, 2018","$14.99","N/A (N/A)","200,000 .. 500,000","00:00 (00:00)","Neognosis","Neognosis"
"7914","Music Racer","Jul 20, 2018","$1.99","N/A (N/A)","200,000 .. 500,000","04:28 (01:29)","AbstractArt","AbstractArt"
"7916","60 Parsecs!","Sep 18, 2018","$4.99","N/A (N/A)","200,000 .. 500,000","00:00 (00:00)","Robot Gentleman","Robot Gentleman"
"7920","Lost in Vivo","Nov 5, 2018","$11.99","N/A (N/A)","200,000 .. 500,000","00:00 (00:00)","KIRA","KIRA"
"7922","Maximum Action","Sep 19, 2018","$19.99","N/A (N/A)","200,000 .. 500,000","00:00 (00:00)","George Mandell","Balloon Moose Games"
"7923","SENRAN KAGURA Peach Beach Splash","Mar 7, 2018","$8.99","N/A (N/A)","200,000 .. 500,000","00:00 (00:00)","Tamsoft","XSEED Games, Marvelous USA, Inc., Marvelous"
"7924","RUSSIA BATTLEGROUNDS","Jul 13, 2018","$0.65","N/A (N/A)","200,000 .. 500,000","00:00 (00:00)","Agafonoff","Agafonoff"
"7926","Circle Empires","Aug 8, 2018","$8.99","N/A (N/A)","200,000 .. 500,000","00:00 (00:00)","Luminous","Iceberg Interactive"
"7927","Football, Tactics & Glory","Jun 1, 2018","$24.99","N/A (N/A)","200,000 .. 500,000","00:00 (00:00)","Creoteam","Creoteam, Toplitz Productions"
"7928","One Hour One Life","Nov 8, 2018","$14.99","N/A (N/A)","200,000 .. 500,000","00:00 (00:00)","Jason Rohrer","Jason Rohrer"
"7930","UNDER NIGHT IN-BIRTH Exe:Late[cl-r]","Aug 20, 2018","$4.99","N/A (N/A)","200,000 .. 500,000","00:00 (00:00)","FRENCH-BREAD","Arc System Works"
"7931","Zup! 8","Feb 22, 2018","$1.99","N/A (N/A)","200,000 .. 500,000","00:00 (00:00)","Quiet River","Quiet River"
"7932","Contractors","Dec 14, 2018","$19.99","N/A (N/A)","200,000 .. 500,000","00:00 (00:00)","Caveman Studio","Caveman Studio"
"7935","Kid,napper: Gosh, I'm Kidnapped by a Pupil","May 31, 2018","Free","N/A (N/A)","200,000 .. 500,000","00:00 (00:00)","Catnip","Catnip"
"7936","Regions Of Ruin","Feb 5, 2018","$11.99","N/A (N/A)","200,000 .. 500,000","00:00 (00:00)","Gameclaw Studio","Raw Fury"
"7938","DISTRAINT 2","Nov 13, 2018","$0.8","N/A (N/A)","200,000 .. 500,000","02:13 (01:28)","Jesse Makkonen","Jesse Makkonen"
"7939","Vagante","Feb 21, 2018","$14.99","N/A (N/A)","200,000 .. 500,000","01:57 (00:39)","Nuke Nine","Nuke Nine"
"7941","Hentai Girl","Aug 17, 2018","$0.69","N/A (N/A)","200,000 .. 500,000","01:39 (01:06)","GirlGames","GirlGames"
"7942","WARRIORS OROCHI 4","Oct 15, 2018","$29.99","N/A (N/A)","200,000 .. 500,000","05:16 (01:45)","KOEI TECMO GAMES CO., LTD.","KOEI TECMO GAMES CO., LTD."
"7944","Granny","Nov 20, 2018","$4.99","N/A (N/A)","200,000 .. 500,000","00:00 (00:00)","DVloper","DVloper"
"7946","Sword With Sauce","Mar 20, 2018","$4.99","N/A (N/A)","200,000 .. 500,000","00:00 (00:00)","Diatomic Studios","Diatomic Studios"
"7947","Epic Battle Fantasy 5","Nov 30, 2018","$24.99","N/A (N/A)","200,000 .. 500,000","00:00 (00:00)","Matt Roszak","Matt Roszak"
"7948","Fox Hime Zero","May 23, 2018","$1.99","N/A (N/A)","200,000 .. 500,000","00:00 (00:00)","AsicxArt","SakuraGame"
"7949","MUSYNX","Dec 4, 2018","$3.99","N/A (N/A)","200,000 .. 500,000","00:04 (00:02)","I-Inferno","Wave Game"
"7950","Rusty Lake Paradise","Jan 11, 2018","$3.99","N/A (N/A)","200,000 .. 500,000","01:58 (01:18)","Rusty Lake","Rusty Lake"
"7951","Airships: Conquer the Skies","Aug 16, 2018","$24.99","N/A (N/A)","200,000 .. 500,000","00:32 (00:10)","David Stark","David Stark"
"7952","PIPE by BMX Streets","Mar 15, 2018","$9.99","N/A (N/A)","200,000 .. 500,000","01:41 (00:33)","Mash Games","Mash Games"
"7953","Zup! X","May 17, 2018","$1.99","N/A (N/A)","200,000 .. 500,000","03:11 (01:03)","Quiet River","Quiet River"
"7954","Mark of the Ninja: Remastered","Oct 9, 2018","$19.99","N/A (N/A)","200,000 .. 500,000","05:02 (03:21)","Klei Entertainment","Klei Entertainment"
"7955","Beasts of Bermuda","Dec 21, 2018","$19.99","N/A (N/A)","200,000 .. 500,000","00:00 (00:00)","Sastrei Studios, LLC","Sastrei Studios, LLC"
"7956","Lethal League Blaze","Oct 24, 2018","$19.99","N/A (N/A)","200,000 .. 500,000","00:00 (00:00)","Team Reptile","Team Reptile"
"7960","Kingdom Rush Origins - Tower Defense","Oct 17, 2018","$14.99","N/A (N/A)","200,000 .. 500,000","00:05 (00:01)","Ironhide Game Studio","Ironhide Game Studio"
"7963","The Vagrant","Jul 13, 2018","$3.99","N/A (N/A)","200,000 .. 500,000","00:00 (00:00)","O.T.K Games","SakuraGame"
"7968","Dungreed","Feb 14, 2018","$9.99","N/A (N/A)","200,000 .. 500,000","00:00 (00:00)","TEAM HORAY","TEAM HORAY"
"7969","河洛群俠傳 (Ho Tu Lo Shu ： The Books of Dragon)","Nov 14, 2018","$17.99","N/A (N/A)","200,000 .. 500,000","03:02 (03:01)","香港商河洛互動娛樂股份有限公司","香港商河洛互動娛樂股份有限公司, 方块游戏"
"7970","Bean Battles","Aug 22, 2018","$0.99","N/A (N/A)","200,000 .. 500,000","00:00 (00:00)","Gupa Games","Gupa Games"
"7979","Zup! S","Nov 15, 2018","$1.99","N/A (N/A)","200,000 .. 500,000","00:00 (00:00)","Quiet River","Quiet River"
"7983","The Room Three","Nov 13, 2018","$5.99","N/A (N/A)","200,000 .. 500,000","01:41 (00:33)","Fireproof Games","Fireproof Games"
"7999","Miscreated","Dec 18, 2018","$29.99","N/A (N/A)","200,000 .. 500,000","00:00 (00:00)","Entrada Interactive LLC","Entrada Interactive LLC"
"3","The Curse of Monkey Island","Mar 22, 2018","$6.99","N/A (N/A/89%)","100,000 .. 200,000","00:00 (00:00)","LucasArts","LucasArts, Lucasfilm, Disney"
"10","Unavowed","Aug 8, 2018","$14.99","N/A (N/A/87%)","100,000 .. 200,000","00:00 (00:00)","Wadjet Eye Games","Wadjet Eye Games"
"30","Reigns: Game of Thrones","Oct 18, 2018","$3.99","N/A (N/A/84%)","100,000 .. 200,000","00:00 (00:00)","Nerial","Devolver Digital, Big Fan Games"
"36","Myst III: Exile","Sep 24, 2018","$14.99","N/A (N/A/83%)","100,000 .. 200,000","00:00 (00:00)","Presto Studios, Cyan Worlds Inc.","Cyan Worlds Inc, Ubisoft"
"49","Octogeddon","Feb 8, 2018","$8.88","N/A (N/A/82%)","100,000 .. 200,000","00:00 (00:00)","All Yes Good","All Yes Good"
"50","The Banner Saga 3","Jul 26, 2018","$24.99","N/A (N/A/82%)","100,000 .. 200,000","00:00 (00:00)","Stoic","Stoic Studio"
"55","The Legend of Heroes: Trails of Cold Steel II","Feb 14, 2018","$19.99","N/A (N/A/81%)","100,000 .. 200,000","00:00 (00:00)","Nihon Falcom","XSEED Games, Marvelous USA, Inc."
"59","The Hex","Oct 16, 2018","$9.99","N/A (N/A/81%)","100,000 .. 200,000","00:00 (00:00)","Daniel Mullins Games","Daniel Mullins Games"
"68","Youropa","Jun 27, 2018","$14.99","N/A (N/A/80%)","100,000 .. 200,000","00:00 (00:00)","frecle","frecle"
"72","Guns, Gore and Cannoli 2","Mar 2, 2018","$6.49","N/A (N/A/80%)","100,000 .. 200,000","00:15 (00:09)","Rogueside, Claeysbrothers","Rogueside"
"82","La-Mulana 2","Jul 30, 2018","$24.99","N/A (N/A/79%)","100,000 .. 200,000","00:00 (00:00)","NIGORO","PLAYISM"
"90","Groove Coaster","Jul 16, 2018","$19.99","N/A (N/A/78%)","100,000 .. 200,000","00:05 (00:01)","TAITO CORP.","KOMODO, TAITO CORP."
"92","Sairento VR","Feb 6, 2018","$29.99","N/A (N/A/78%)","100,000 .. 200,000","00:00 (00:00)","Mixed Realms Pte Ltd, Swag Soft Holdings Pte Ltd","Mixed Realms Pte Ltd"
"96","Pit People","Mar 2, 2018","$7.99","N/A (N/A/78%)","100,000 .. 200,000","00:00 (00:00)","The Behemoth","The Behemoth"
"105","Remothered: Tormented Fathers","Jan 30, 2018","$19.99","N/A (N/A/77%)","100,000 .. 200,000","00:00 (00:00)","Stormind Games","Stormind Games"
"113","Bonkies","Sep 10, 2018","$14.99","N/A (N/A/76%)","100,000 .. 200,000","00:00 (00:00)","Studio Gauntlet","Crunching Koalas"
"115","Detective Gallo","May 30, 2018","$14.99","N/A (N/A/76%)","100,000 .. 200,000","00:00 (00:00)","Footprints Games","Footprints Games"
"123","Forgotton Anne","May 15, 2018","$19.99","N/A (N/A/76%)","100,000 .. 200,000","00:00 (00:00)","Throughline Games","Throughline Games"
"137","Slipstream","May 21, 2018","$9.99","N/A (N/A/75%)","100,000 .. 200,000","00:00 (00:00)","ansdor","ansdor"
"145","Nantucket","Jan 18, 2018","$17.99","N/A (N/A/74%)","100,000 .. 200,000","00:00 (00:00)","Picaresque Games","Picaresque Games"
"148","Dead In Vinland","Apr 12, 2018","$19.99","N/A (N/A/74%)","100,000 .. 200,000","00:00 (00:00)","Ishtar Games","Ishtar Games"
"153","Bladed fury","Dec 17, 2018","$9.99","N/A (N/A/74%)","100,000 .. 200,000","00:00 (00:00)","NEXT Studios","NEXT Studios"
"165","Apocalipsis","Feb 28, 2018","$6.99","N/A (N/A/73%)","100,000 .. 200,000","00:00 (00:00)","Punch Punk Games","Wildlands Interactive, Ultimate Publishing"
"166","Quarantine Circular","May 22, 2018","$5.99","N/A (N/A/73%)","100,000 .. 200,000","00:00 (00:00)","Bithell Games","Bithell Games"
"167","The Fall Part 2: Unbound","Feb 12, 2018","$8.49","N/A (N/A/73%)","100,000 .. 200,000","00:00 (00:00)","Over The Moon","Over The Moon"
"169","Tesla vs Lovecraft","Jan 26, 2018","$14.99","N/A (N/A/73%)","100,000 .. 200,000","00:00 (00:00)","10tons Ltd","10tons Ltd"
"170","My Brother Rabbit","Sep 21, 2018","$14.99","N/A (N/A/73%)","100,000 .. 200,000","00:00 (00:00)","Artifex Mundi","Artifex Mundi"
"172","Frog Detective 1: The Haunted Island","Nov 22, 2018","$4.99","N/A (N/A/73%)","100,000 .. 200,000","00:00 (00:00)","Grace Bruxner, Thomas Bowker","worm club, SUPERHOT PRESENTS"
"178","All Walls Must Fall - A Tech-Noir Tactics Game","Feb 23, 2018","Free","N/A (N/A/72%)","100,000 .. 200,000","00:00 (00:00)","inbetweengames","inbetweengames"
"180","PLANET ALPHA","Sep 4, 2018","$9.99","N/A (N/A/72%)","100,000 .. 200,000","00:00 (00:00)","Planet Alpha ApS","Team17 Digital Ltd"
"183","MOTHERGUNSHIP","Jul 17, 2018","$24.99","N/A (N/A/72%)","100,000 .. 200,000","00:00 (00:00)","Terrible Posture Games, Grip Digital","Terrible Posture Games"
"187","The Golf Club 2019 featuring PGA TOUR","Aug 28, 2018","N/A","N/A (N/A/72%)","100,000 .. 200,000","00:00 (00:00)","HB Studios Multimedia Ltd.","2K"
"197","Not Tonight","Aug 17, 2018","$19.99","N/A (N/A/71%)","100,000 .. 200,000","00:00 (00:00)","PanicBarn","No More Robots"
"204","Crossing Souls","Feb 13, 2018","$14.99","N/A (N/A/70%)","100,000 .. 200,000","00:00 (00:00)","Fourattic","Devolver Digital"
"205","HELLGATE: London","Nov 15, 2018","$12.99","N/A (N/A/70%)","100,000 .. 200,000","00:45 (00:15)","T3Entertainment","HanbitSoft Inc."
"206","Deep Sky Derelicts","Sep 26, 2018","$19.99","N/A (N/A/70%)","100,000 .. 200,000","00:00 (00:00)","Snowhound Games","Fulqrum Publishing"
"207","Iris.Fall","Dec 7, 2018","$14.99","N/A (N/A/70%)","100,000 .. 200,000","00:00 (00:00)","NEXT Studios","NEXT Studios"
"223","State of Mind","Aug 15, 2018","$1.99","N/A (N/A/69%)","100,000 .. 200,000","00:00 (00:00)","Daedalic Entertainment","Daedalic Entertainment"
"240","WARTILE","Feb 8, 2018","$19.99","N/A (N/A/68%)","100,000 .. 200,000","00:00 (00:00)","Playwood Project","Playwood Project"
"242","Battlezone: Combat Commander","Mar 1, 2018","$19.99","N/A (N/A/68%)","100,000 .. 200,000","00:03 (00:01)","Big Boat Interactive","Rebellion"
"252","The King's Bird","Aug 23, 2018","$19.99","N/A (N/A/67%)","100,000 .. 200,000","00:00 (00:00)","Serenity Forge","Serenity Forge"
"268","War Tech Fighters","Jul 25, 2018","$19.99","N/A (N/A/65%)","100,000 .. 200,000","00:00 (00:00)","Drakkar Dev","Green Man Gaming Publishing"
"270","MachiaVillain","May 16, 2018","$19.99","N/A (N/A/65%)","100,000 .. 200,000","00:00 (00:00)","Wild Factor","Good Shepherd Entertainment"
"271","Touhou: Scarlet Curiosity","Jul 11, 2018","$14.99","N/A (N/A/65%)","100,000 .. 200,000","00:00 (00:00)","Ankake Spa","XSEED Games, Marvelous USA, Inc."
"277","SINNER: Sacrifice for Redemption","Oct 22, 2018","$18.99","N/A (N/A/63%)","100,000 .. 200,000","02:46 (00:55)","DARK STAR","Neon Doctrine"
"284","Gravel","Feb 27, 2018","$19.99","N/A (N/A/62%)","100,000 .. 200,000","00:00 (00:00)","Milestone S.r.l.","Milestone S.r.l."
"295","Jagged Alliance: Rage!","Dec 6, 2018","$19.99","N/A (N/A/59%)","100,000 .. 200,000","00:00 (00:00)","Cliffhanger Productions","HandyGames"
"304","ReCore: Definitive Edition","Sep 14, 2018","$3.99","N/A (N/A/58%)","100,000 .. 200,000","00:00 (00:00)","Armature Studio, LLC, Comcept","Xbox Game Studios"
"311","Pizza Connection 3","Mar 22, 2018","$1.99","N/A (N/A/55%)","100,000 .. 200,000","00:00 (00:00)","Gentlymad Studios","Assemble Entertainment"
"317","Lust for Darkness","Jun 12, 2018","$14.99","N/A (N/A/50%)","100,000 .. 200,000","00:00 (00:00)","Movie Games Lunarium","Movie Games S.A."
"455","ZDF History 360° – Tempelhof","Dec 1, 2018","N/A","N/A (N/A)","100,000 .. 200,000","00:00 (00:00)","ZDF Digital Medienproduktion GmbH","Zweites Deutsches Fernsehen – Anstalt öffentlichen Rechts"
"546","Hell Breaker","Dec 18, 2018","Free","N/A (N/A)","100,000 .. 200,000","00:00 (00:00)","bHaptics Inc.","bHaptics Inc."
"971","Live3D - Comic & Animation & VTuber Maker - Virtual Production","Oct 12, 2018","N/A","N/A (N/A)","100,000 .. 200,000","00:00 (00:00)","ZingFront","ZingFront"
"1001","Windows Mixed Reality for SteamVR","Apr 30, 2018","Free","N/A (N/A)","100,000 .. 200,000","00:00 (00:00)","Microsoft Studios","Microsoft Studios"
"1028","Mist of the Dark","Aug 18, 2018","Free","N/A (N/A)","100,000 .. 200,000","00:00 (00:00)","Visualistic Studios, LLC.","Visualistic Studios, LLC."
"1037","Vroom Kaboom","Aug 14, 2018","Free","N/A (N/A)","100,000 .. 200,000","00:00 (00:00)","Ratloop Games Canada","Ratloop Games Canada"
"1108","Downtown Mafia: Gang Wars","Jul 25, 2018","Free","N/A (N/A)","100,000 .. 200,000","00:00 (00:00)","DYNAMICNEXT","DYNAMICNEXT"
"1118","Die pig die","May 23, 2018","Free","N/A (N/A)","100,000 .. 200,000","00:00 (00:00)","Vector bundle","Vector bundle"
"1136","Sunset Rangers","Mar 1, 2018","N/A","N/A (N/A)","100,000 .. 200,000","00:00 (00:00)","FishermanGameDev","FishermanGameDev"
"1167","All Our Asias","Feb 7, 2018","Free","N/A (N/A)","100,000 .. 200,000","00:00 (00:00)","Melos Han-Tani","Analgesic Productions"
"1175","Ingnomia","Aug 23, 2018","Free","N/A (N/A)","100,000 .. 200,000","00:00 (00:00)","Roest","Roest"
"1177","RockShot","Jun 4, 2018","N/A","N/A (N/A)","100,000 .. 200,000","00:00 (00:00)","Soleil Ltd.","Soleil Ltd."
"1186","Star Trek Adversaries","Jul 25, 2018","N/A","N/A (N/A)","100,000 .. 200,000","00:00 (00:00)","Puppet Master Games","Puppet Master Games"
"1187","The Misfits","Aug 20, 2018","N/A","N/A (N/A)","100,000 .. 200,000","00:00 (00:00)","PigDogGames,LLC","PigDogGames,LLC"
"1199","炎黄战纪之三国烽烟","Jan 31, 2018","Free","N/A (N/A)","100,000 .. 200,000","00:00 (00:00)","上海班图网络科技有限公司","上海班图网络科技有限公司"
"1203","Spellwake","Sep 1, 2018","Free","N/A (N/A)","100,000 .. 200,000","00:00 (00:00)","Norrman Brothers","Norrman Brothers"
"1205","Rocket of Whispers: Prologue","Sep 12, 2018","Free","N/A (N/A)","100,000 .. 200,000","00:00 (00:00)","SIGONO INC.","SIGONO INC."
"1212","VR Benchmark Kanojo","Apr 18, 2018","Free","N/A (N/A)","100,000 .. 200,000","00:00 (00:00)","ILLUSION","ILLUSION"
"1213","Death Toll","Apr 11, 2018","Free","N/A (N/A)","100,000 .. 200,000","00:00 (00:00)","DigitalDNA Games LLC","DigitalDNA Games LLC"
"1214","A Walk in the Woods","May 1, 2018","Free","N/A (N/A)","100,000 .. 200,000","00:00 (00:00)","Something Dark Studios","Something Dark Studios"
"1215","Wauies - The Pet Shop Game","Jan 10, 2018","Free","N/A (N/A)","100,000 .. 200,000","00:00 (00:00)","upjers","upjers"
"1216","Harvest Seasons","Feb 23, 2018","Free","N/A (N/A)","100,000 .. 200,000","00:00 (00:00)","Samobee Games","Samobee Games"
"1228","Fighting Fantasy Classics","Jun 5, 2018","Free","N/A (N/A)","100,000 .. 200,000","00:00 (00:00)","Tin Man Games","Tin Man Games"
"1229","Booty Calls","Sep 18, 2018","Free","98% (46%)","100,000 .. 200,000","00:19 (00:06)","3X Entertainment Limited","Nutaku Publishing"
"1232","GizmoVR Video Player","Jan 5, 2018","Free","N/A (N/A)","100,000 .. 200,000","00:18 (00:06)","Gizmo VR LTD","Gizmoplay Ltd"
"1236","Uncharted Waters Online","Dec 19, 2018","Free","N/A (N/A)","100,000 .. 200,000","00:00 (00:00)","KOEI TECMO GAMES CO., LTD.","Papaya Play"
"1237","Idle Adventure","Apr 13, 2018","Free","N/A (N/A)","100,000 .. 200,000","00:00 (00:00)","zha7, Phaedruns, Yingke Wu","zha7"
"1242","Climb","Jun 20, 2018","Free","N/A (N/A)","100,000 .. 200,000","00:00 (00:00)","A Sweet Studio","A Sweet Studio"
"1243","DayZ Tools","Nov 7, 2018","N/A","N/A (N/A)","100,000 .. 200,000","00:00 (00:00)","Bohemia Interactive","Bohemia Interactive"
"1250","Sansar","Dec 5, 2018","Free","N/A (N/A)","100,000 .. 200,000","00:00 (00:00)","Sansar, Inc","Sansar, Inc"
"1254","Football Manager 2019 Touch","Nov 2, 2018","N/A","N/A (N/A)","100,000 .. 200,000","00:00 (00:00)","Sports Interactive","SEGA"
"1259","MARVEL END TIME ARENA","Apr 29, 2018","Free","99% (69%)","100,000 .. 200,000","00:00 (00:00)","Smilegate Entertainment","Smilegate Entertainment"
"1261","Animyst","Jul 2, 2018","Free","N/A (N/A)","100,000 .. 200,000","00:00 (00:00)","Animyst Games","Animyst Games"
"1264","Odysseus Kosmos and his Robot Quest: Episode 1","Jan 12, 2018","N/A","N/A (N/A)","100,000 .. 200,000","00:00 (00:00)","Pavel Kostin","HeroCraft PC"
"1267","Puzzle Pirates: Dark Seas","Jul 6, 2018","Free","N/A (N/A)","100,000 .. 200,000","00:00 (00:00)","Grey Havens","Grey Havens"
"1268","Tale of Toast","Feb 23, 2018","Free","N/A (N/A)","100,000 .. 200,000","00:00 (00:00)","Toasty Leaf AB","Toasty Leaf AB"
"1272","Nonogram - Master's Legacy","Nov 8, 2018","Free","N/A (N/A)","100,000 .. 200,000","00:06 (00:02)","Konstructors","Hook Games"
"1275","Vカツ / V-Katsu","Aug 1, 2018","N/A","N/A (N/A)","100,000 .. 200,000","00:00 (00:00)","IVR","IVR"
"1277","Midair","May 3, 2018","Free","N/A (N/A)","100,000 .. 200,000","00:00 (00:00)","Archetype Studios","Archetype Studios"
"1283","Wild West Saga: Idle Tycoon Clicker","May 30, 2018","Free","N/A (N/A)","100,000 .. 200,000","00:00 (00:00)","Tamasenco","Tamasenco"
"1285","DashPanel","Jan 5, 2018","Free","N/A (N/A)","100,000 .. 200,000","00:00 (00:00)","PyrofrogStudos","PyrofrogStudos"
"1289","Poker Legends: Texas Hold'em Poker Tournaments","Apr 4, 2018","Free","N/A (N/A)","100,000 .. 200,000","00:00 (00:00)","DYNAMICNEXT","DYNAMICNEXT"
"1290","Lake of Voices","Aug 28, 2018","Free","N/A (N/A)","100,000 .. 200,000","00:00 (00:00)","GB Patch Games","GB Patch Games"
"1293","Robin","Feb 8, 2018","Free","N/A (N/A)","100,000 .. 200,000","00:00 (00:00)","Isabelle Dela Torre, José Fernando Gracia, Annaliese Bevan, Poppy de Raad","Group Pug"
"1295","PWND","Apr 6, 2018","N/A","N/A (N/A)","100,000 .. 200,000","00:00 (00:00)","Skydance Interactive","Skydance Interactive"
"1297","Mojo 2: Mia","Oct 26, 2018","Free","N/A (N/A)","100,000 .. 200,000","00:00 (00:00)","L. Stotch","L. Stotch"
"1300","Wwbit","Aug 17, 2018","N/A","98% (55%)","100,000 .. 200,000","00:00 (00:00)","1bit","1bit"
"1303","VR Flush","Jun 20, 2018","Free","N/A (N/A)","100,000 .. 200,000","00:00 (00:00)","Brudingo Broductions","Brudingo Broductions"
"1305","A Game About","Nov 6, 2018","Free","N/A (N/A)","100,000 .. 200,000","00:00 (00:00)","byolivierb","byolivierb"
"1306","東周列萌志 Philosophic Love","Aug 17, 2018","Free","N/A (N/A)","100,000 .. 200,000","00:00 (00:00)","IWPLAY WORLD INTERACTIVE ENTERTAINMENT TECHNOLOGY CO., LTD.","IWPLAY WORLD INTERACTIVE ENTERTAINMENT TECHNOLOGY CO., LTD."
"1309","Mini-Dead","May 4, 2018","Free","N/A (N/A)","100,000 .. 200,000","00:00 (00:00)","Alec Smith","Milo Games"
"1311","KOEWOTAYORINI / 声之寄托","Mar 26, 2018","Free","N/A (N/A)","100,000 .. 200,000","00:00 (00:00)","あみそ組","Pujia8 Studio, Gamera Game"
"1320","Adolescent Santa Claus","Jul 20, 2018","Free","N/A (N/A)","100,000 .. 200,000","00:00 (00:00)","TALESSHOP Co., Ltd.","TALESSHOP Co., Ltd."
"1325","Varenje","Jul 3, 2018","Free","N/A (N/A)","100,000 .. 200,000","00:00 (00:00)","Play Cute","JoyBits Ltd."
"1327","pla_toon","Aug 13, 2018","Free","N/A (N/A)","100,000 .. 200,000","00:00 (00:00)","SoundAndFuryGames","SoundAndFuryGames"
"1329","Spellsworn","Mar 13, 2018","Free","N/A (N/A)","100,000 .. 200,000","00:00 (00:00)","Frogsong Studios","Frogsong Studios"
"1331","DYO","Feb 13, 2018","Free","N/A (N/A)","100,000 .. 200,000","00:00 (00:00)","Team DYO, Josia Roncancio","Team DYO"
"1340","OH MY GOD, LOOK AT THIS KNIGHT","Jan 30, 2018","Free","N/A (N/A)","100,000 .. 200,000","00:00 (00:00)","Foxoft","AZAMATIKA"
"1345","A Raven Monologue","Jan 11, 2018","Free","N/A (N/A)","100,000 .. 200,000","00:00 (00:00)","Mojiken","Toge Productions"
"1347","one night, hot springs","Aug 30, 2018","Free","N/A (N/A)","100,000 .. 200,000","00:00 (00:00)","npckc","npckc"
"2156","SlipDrive","Aug 17, 2018","$4.99","N/A (N/A)","100,000 .. 200,000","00:00 (00:00)","Kinsei Games","Kinsei Games"
"3035","Frog Out!","Sep 14, 2018","Free","N/A (N/A)","100,000 .. 200,000","00:00 (00:00)","Team Magic Forest","Kajak Games, Kajaksi Game Collective"
"3041","Su Hack","Nov 2, 2018","$3.99","N/A (N/A)","100,000 .. 200,000","00:00 (00:00)","Eric L.","EL TECH"
"3227","Fantasy Realm: A Land Torn Asunder","Mar 27, 2018","$14.99","N/A (N/A)","100,000 .. 200,000","00:00 (00:00)","Wildwood Game Studios","Wildwood Game Studios"
"3481","ARK -the lost fairytale-","Apr 13, 2018","$2.99","N/A (N/A)","100,000 .. 200,000","00:00 (00:00)","Narrator, STORIA","Narrator"
"3861","Survive in Angaria 2","Aug 21, 2018","$1.99","N/A (N/A)","100,000 .. 200,000","00:00 (00:00)","Cloaz Studio","Cloaz Studio"
"3927","Qorena","Feb 6, 2018","Free","N/A (N/A)","100,000 .. 200,000","00:00 (00:00)","Néotl Empire","Néotl Empire"
"4028","Crashbots","Oct 9, 2018","$9.99","N/A (N/A)","100,000 .. 200,000","00:00 (00:00)","Neonchimp Games","Neonchimp Games"
"4234","Big Bash Boom","Dec 20, 2018","$39.99","N/A (N/A)","100,000 .. 200,000","00:00 (00:00)","Big Ant Studios","Big Ant Studios"
"5127","Top Down Racer","Dec 12, 2018","$5.99","N/A (N/A)","100,000 .. 200,000","00:00 (00:00)","Neobite Games","Neobite Games"
"5349","Deep Space Shooter","Nov 15, 2018","$4.99","N/A (N/A)","100,000 .. 200,000","00:00 (00:00)","Altair Game","ValkyrieInitiative"
"5642","Casey Powell Lacrosse 18","Apr 17, 2018","$49.99","N/A (N/A)","100,000 .. 200,000","00:00 (00:00)","Big Ant Studios","Crosse Studios"
"5825","Aim Master","Nov 21, 2018","$2.99","N/A (N/A)","100,000 .. 200,000","00:00 (00:00)","Sensitivity Elf","HITCLE.COM"
"5964","Mussoumano: Ataque dos Haters","Apr 9, 2018","$4.99","N/A (N/A)","100,000 .. 200,000","00:00 (00:00)","Maqna Interactive Ltda","Maqna Interactive Ltda"
"6198","Evolva","Jan 13, 2018","$9.99","N/A (N/A)","100,000 .. 200,000","00:00 (00:00)","Computer Artworks","Interplay"
"6240","Airport Simulator 2019","May 31, 2018","$19.99","N/A (N/A)","100,000 .. 200,000","00:00 (00:00)","Kittehface","Toplitz"
"6384","MY FIGHT","May 22, 2018","$3.99","N/A (N/A)","100,000 .. 200,000","00:00 (00:00)","TrisPix Studio","TrisPix Studio"
"6422","ASSASSINATION BOX","Jan 22, 2018","$2.49","N/A (N/A)","100,000 .. 200,000","00:00 (00:00)","ZELENIUK","ZELENIUK"
"6437","Falldown 79: Bottle of truth","Aug 25, 2018","$0.49","N/A (N/A)","100,000 .. 200,000","00:00 (00:00)","Bottle of truth","Bottle of truth"
"6485","Reformers Intl Ver(变革者国际版)","Jun 5, 2018","$0.59","N/A (N/A)","100,000 .. 200,000","00:00 (00:00)","RMking","SakuraGame"
"6496","No Way Out","Oct 4, 2018","$0.99","N/A (N/A)","100,000 .. 200,000","00:00 (00:00)","Rafael Farias","Fiassink Games"
"6591","Gloom: Digital Edition","Oct 31, 2018","$6.99","N/A (N/A)","100,000 .. 200,000","00:00 (00:00)","Sky Ship Studios","Sky Ship Studios"
"6600","Marble Run 2D","Mar 5, 2018","$5.99","N/A (N/A)","100,000 .. 200,000","00:00 (00:00)","PS Games","PS Games"
"6733","Freefall Tournament","Jun 15, 2018","$4.99","N/A (N/A)","100,000 .. 200,000","00:00 (00:00)","y8.com","y8.com"
"6797","OVERVIEW (A Walk Through The Universe)","Mar 1, 2018","$9.99","N/A (N/A)","100,000 .. 200,000","00:00 (00:00)","Orbital Views","Orbital Views"
"6800","Wrath of Anna","Apr 2, 2018","$14.99","N/A (N/A)","100,000 .. 200,000","00:00 (00:00)","Lorenzo Entertainment","Lorenzo Entertainment"
"6907","Police Enforcement VR : 1-King-27","Jun 8, 2018","$6.99","N/A (N/A)","100,000 .. 200,000","00:00 (00:00)","Karnage Gaming","Karnage Gaming"
"6984","Seek Or Die","Apr 27, 2018","Free","N/A (N/A)","100,000 .. 200,000","00:00 (00:00)","Flashynurav","FLNStudios"
"7034","MonteCrypto: The Bitcoin Enigma","Feb 20, 2018","$1.99","N/A (N/A)","100,000 .. 200,000","00:00 (00:00)","Gem Rose Accent, Corentin Derbré","Gem Rose Accent"
"7038","Make It Rain: Love of Money","May 25, 2018","Free","N/A (N/A)","100,000 .. 200,000","00:00 (00:00)","Game Troopers","Game Troopers"
"7103","Earthworms","Feb 23, 2018","$5.99","N/A (N/A)","100,000 .. 200,000","00:00 (00:00)","All Those Moments","Ultimate Games S.A., Art Games Studio S.A."
"7160","Virtual Villagers Origins 2","Oct 26, 2018","Free","N/A (N/A)","100,000 .. 200,000","00:11 (00:05)","Last Day Of Work","Last Day Of Work"
"7171","COLINA: Legacy","Sep 13, 2018","$4.99","N/A (N/A)","100,000 .. 200,000","00:00 (00:00)","Chance6 Studios, LLC","Chance6 Studios, LLC"
"7198","Alien Hostage","Oct 1, 2018","$0.49","N/A (N/A)","100,000 .. 200,000","00:00 (00:00)","Four Winged Studio","Conglomerate 5"
"7250","Sky Clash: Lords of Clans 3D","Sep 5, 2018","Free","N/A (N/A)","100,000 .. 200,000","00:00 (00:00)","AIVIK LLC","Absolutist Ltd."
"7301","Unearned Bounty","Aug 22, 2018","Free","N/A (N/A)","100,000 .. 200,000","00:00 (00:00)","Extrokold Games","Extrokold Games"
"7312","PIXELMAN","Feb 28, 2018","$1.99","N/A (N/A)","100,000 .. 200,000","00:00 (00:00)","Kindermann Corp.","Kindermann Corp."
"7326","Road Scars: Origins","Apr 3, 2018","$4.99","N/A (N/A)","100,000 .. 200,000","00:00 (00:00)","NukGames","NukGames"
"7348","OF MICE AND SAND -REVISED-","Mar 28, 2018","$9.99","N/A (N/A)","100,000 .. 200,000","00:00 (00:00)","ARC SYSTEM WORKS","ARC SYSTEM WORKS"
"7349","sheepChat","Dec 20, 2018","$9.99","N/A (N/A)","100,000 .. 200,000","29:00 (29:00)","sheepChat Team","sheepChat Team"
"7361","Volleying","May 15, 2018","$0.99","N/A (N/A)","100,000 .. 200,000","00:00 (00:00)","Gestalt Development Studio","Gestalt Development Studio"
"7371","Avernum 3: Ruined World","Jan 31, 2018","$19.99","N/A (N/A)","100,000 .. 200,000","00:00 (00:00)","Spiderweb Software","Spiderweb Software"
"7381","Steampunk Tower 2","Apr 19, 2018","$7.99","N/A (N/A)","100,000 .. 200,000","00:00 (00:00)","DreamGate","DreamGate"
"7396","Don't Bite Me Bro! +","Jul 16, 2018","$0.99","N/A (N/A)","100,000 .. 200,000","00:00 (00:00)","MUIFWEGO","MUIFWEGO"
"7411","A Dump in the Dark","Jan 24, 2018","$2.99","N/A (N/A)","100,000 .. 200,000","00:00 (00:00)","Oubliette","Oubliette"
"7440","The Islander","Feb 13, 2018","$2.99","N/A (N/A)","100,000 .. 200,000","00:00 (00:00)","Boxhead Bros.","Boxhead Bros."
"7442","Dinosaur Hunt Puzzle","Jun 13, 2018","$0.99","N/A (N/A)","100,000 .. 200,000","00:00 (00:00)","Racing Bros","ANPA.US"
"7471","The Goatman","Sep 3, 2018","$4.99","N/A (N/A)","100,000 .. 200,000","00:00 (00:00)","MC Games","MC Games"
"7479","THE DAY Online","Apr 3, 2018","N/A","N/A (N/A)","100,000 .. 200,000","00:00 (00:00)","Reloaded Studios","Reloaded Studios"
"7500","Regular Human Basketball","Aug 1, 2018","$4.99","N/A (N/A)","100,000 .. 200,000","00:00 (00:00)","Powerhoof","Powerhoof"
"7517","Legend of Himari","Mar 19, 2018","$0.99","N/A (N/A)","100,000 .. 200,000","00:00 (00:00)","TERNOX","TERNOX"
"7524","Fun Hospital","Jun 21, 2018","Free","N/A (N/A)","100,000 .. 200,000","00:00 (00:00)","OrangesGame Technology Limited","OrangesGame Technology Limited"
"7533","P.A.S.","Aug 8, 2018","N/A","N/A (N/A)","100,000 .. 200,000","00:00 (00:00)","Eforb","Eforb"
"7539","CONCLUSE","Jun 29, 2018","Free","N/A (N/A)","100,000 .. 200,000","00:00 (00:00)","concluse_dev, T Allen Studios","concluse_dev"
"7555","Pandemic: The Board Game","Aug 24, 2018","N/A","N/A (N/A)","100,000 .. 200,000","00:00 (00:00)","Asmodee Digital","Asmodee Digital, Z-Man Games"
"7558","!AnyWay!","Jun 6, 2018","$1.99","N/A (N/A)","100,000 .. 200,000","00:00 (00:00)","EYEFRONT","EYEFRONT"
"7560","Icons: Legacy Edition","Jul 12, 2018","Free","N/A (N/A)","100,000 .. 200,000","00:00 (00:00)","Wavedash Games, Vortex Games","Wavedash Games, Vortex Games"
"7568","Simple Story - Alex","Mar 22, 2018","$0.99","N/A (N/A)","100,000 .. 200,000","00:00 (00:00)","KuKo","KuKo"
"7570","My Free Farm 2","Apr 3, 2018","Free","N/A (N/A)","100,000 .. 200,000","00:00 (00:00)","upjers","upjers"
"7574","In Celebration of Violence","Feb 15, 2018","$7.99","N/A (N/A)","100,000 .. 200,000","00:00 (00:00)","Julian Edison","Julian Edison"
"7588","Construction Simulator 2 US - Pocket Edition","Sep 12, 2018","$9.99","N/A (N/A)","100,000 .. 200,000","00:00 (00:00)","weltenbauer. Software Entwicklung GmbH","astragon Entertainment"
"7589","MovieMator Video Editor Pro - Movie Maker, Video Editing Software","Dec 17, 2018","$8.99","N/A (N/A)","100,000 .. 200,000","00:00 (00:00)","EffectMatrix","EffectMatrix"
"7591","Sword Legacy: Omen","Aug 13, 2018","$17.99","N/A (N/A)","100,000 .. 200,000","00:00 (00:00)","Firecast Studio, Fableware","Firecast Studio"
"7592","Tube Tycoon","Mar 28, 2018","$10.99","N/A (N/A)","100,000 .. 200,000","00:00 (00:00)","Teal Fire","Teal Fire"
"7599","Catmaze","May 24, 2018","$9.99","N/A (N/A)","100,000 .. 200,000","00:00 (00:00)","Redblack Spade","Redblack Spade"
"7603","A Case of Distrust","Feb 8, 2018","$14.99","N/A (N/A)","100,000 .. 200,000","00:00 (00:00)","An Open Ben","An Open Ben"
"7607","The Mercury Man","May 20, 2018","$3.99","N/A (N/A)","100,000 .. 200,000","00:00 (00:00)","Mehsoft","Mehsoft"
"7608","Love Letter","Oct 24, 2018","$6.99","N/A (N/A)","100,000 .. 200,000","00:00 (00:00)","Nomad Games","Twin Sails Interactive"
"7609","Natural Locomotion","Apr 7, 2018","$9.99","N/A (N/A)","100,000 .. 200,000","00:00 (00:00)","Myou","Myou"
"7610","Tiny Rails","May 28, 2018","$9.99","N/A (N/A)","100,000 .. 200,000","00:00 (00:00)","Trophy Games","Trophy Games"
"7623","Slave's Sword","Dec 13, 2018","$5.99","N/A (N/A)","100,000 .. 200,000","00:00 (00:00)","Circle Poison","Kagura Games"
"7624","Dark Quest 2","Mar 6, 2018","$8.99","N/A (N/A)","100,000 .. 200,000","00:00 (00:00)","Brain Seal Ltd","Brain Seal Ltd"
"7644","Dragon Spear","Aug 16, 2018","$14.99","N/A (N/A)","100,000 .. 200,000","00:00 (00:00)","Game2Gather","Game2Gather"
"7648","President Yukino","Oct 11, 2018","$14.99","N/A (N/A)","100,000 .. 200,000","00:00 (00:00)","Acerola","Kagura Games"
"7652","Brawlout","Aug 20, 2018","$19.99","N/A (N/A)","100,000 .. 200,000","00:00 (00:00)","Angry Mob Games","Angry Mob Games"
"7664","Out of the Park Baseball 19","Mar 22, 2018","N/A","N/A (N/A)","100,000 .. 200,000","00:00 (00:00)","Out of the Park Developments","Out of the Park Developments"
"7667","Disneyland Adventures","Sep 14, 2018","$5.99","N/A (N/A)","100,000 .. 200,000","00:00 (00:00)","Frontier Developments, Asobo Studio","Xbox Game Studios"
"7672","Ostalgie: The Berlin Wall","Mar 25, 2018","$5.99","N/A (N/A)","100,000 .. 200,000","00:00 (00:00)","Nostalgames","Nostalgames"
"7677","One Deck Dungeon","May 18, 2018","$9.99","N/A (N/A)","100,000 .. 200,000","00:00 (00:00)","Handelabra Games Inc.","Handelabra Games Inc."
"7682","Mini Thief","Oct 12, 2018","$4.99","N/A (N/A)","100,000 .. 200,000","00:00 (00:00)","Stranga, TommahGames","GrabTheGames"
"7690","Accounting+","Oct 18, 2018","$11.99","N/A (N/A)","100,000 .. 200,000","00:00 (00:00)","Crows Crows Crows, Squanch Games","Crows Crows Crows"
"7694","Species: Artificial Life, Real Evolution","Sep 28, 2018","$19.99","N/A (N/A)","100,000 .. 200,000","00:00 (00:00)","Quasar","Quasar"
"7699","The Slater","Sep 20, 2018","$9.99","N/A (N/A)","100,000 .. 200,000","00:00 (00:00)","Laina Interactive","Laina Interactive"
"7705","V-Rally 4","Sep 25, 2018","$2.99","N/A (N/A)","100,000 .. 200,000","02:49 (01:52)","KT Racing","Nacon"
"7715","Signal Simulator","Apr 29, 2018","$19.99","N/A (N/A)","100,000 .. 200,000","00:00 (00:00)","Blagovest Penev","Blagovest Penev"
"7725","The Dark Occult","Sep 25, 2018","$14.99","N/A (N/A)","100,000 .. 200,000","00:00 (00:00)","RYM GAMES","RYM GAMES"
"7727","StrikeForce Kitty","Feb 20, 2018","$7.99","N/A (N/A)","100,000 .. 200,000","00:00 (00:00)","Creepy Brothers","Creepy Brothers"
"7740","Exiled Kingdoms","Feb 23, 2018","$7.99","N/A (N/A)","100,000 .. 200,000","00:00 (00:00)","4 Dimension Games","4 Dimension Games"
"7743","Zup! Zero 2","Sep 11, 2018","$1.99","N/A (N/A)","100,000 .. 200,000","00:00 (00:00)","Quiet River","Quiet River"
"7745","GNOG","Jul 17, 2018","$9.99","N/A (N/A)","100,000 .. 200,000","00:00 (00:00)","KO_OP","KO_OP"
"7749","Infectonator 3: Apocalypse","May 10, 2018","$12.99","N/A (N/A)","100,000 .. 200,000","00:00 (00:00)","Toge Productions","Armor Games Studios"
"7751","Clatter","Dec 10, 2018","Free","N/A (N/A)","100,000 .. 200,000","00:00 (00:00)","Facepunch Studios","Facepunch Studios"
"7755","Dungeon Warfare 2","Jul 6, 2018","$14.99","N/A (N/A)","100,000 .. 200,000","00:00 (00:00)","Valsar","Valsar"
"7757","I am not a Monster: First Contact","Sep 27, 2018","$10.99","N/A (N/A)","100,000 .. 200,000","00:00 (00:00)","Cheerdealers","Alawar"
"7760","Bad Dream: Fever","Nov 15, 2018","Free","N/A (N/A)","100,000 .. 200,000","00:00 (00:00)","Desert Fox","Desert Fox"
"7765","Great Hero's Beard","Oct 17, 2018","N/A","N/A (N/A)","100,000 .. 200,000","00:00 (00:00)","OneShark","SakuraGame"
"7767","cyubeVR","Jan 26, 2018","$29.99","N/A (N/A)","100,000 .. 200,000","00:00 (00:00)","Stonebrick Studios","Stonebrick Studios"
"7773","New Gundam Breaker","Sep 24, 2018","$49.99","N/A (N/A)","100,000 .. 200,000","00:00 (00:00)","CRAFTS & MEISTER Co., Ltd.","BANDAI NAMCO Entertainment"
"7774","Egypt: Old Kingdom","May 24, 2018","$3.74","N/A (N/A)","100,000 .. 200,000","00:00 (00:00)","Clarus Victoria","Clarus Victoria"
"7777","MXGP PRO","Jun 29, 2018","$19.99","N/A (N/A)","100,000 .. 200,000","00:00 (00:00)","Milestone S.r.l.","Milestone S.r.l."
"7778","Beast Battle Simulator","Feb 22, 2018","$9.99","N/A (N/A)","100,000 .. 200,000","00:00 (00:00)","DOG HOGGLER","DOG HOGGLER"
"7779","Crash Wheels","Dec 20, 2018","$4.99","N/A (N/A)","100,000 .. 200,000","00:00 (00:00)","Quiet River","Quiet River"
"7784","Golfing Over It with Alva Majo","Mar 28, 2018","$4.99","N/A (N/A)","100,000 .. 200,000","00:00 (00:00)","Majorariatto","Majorariatto"
"7794","Zoo Tycoon: Ultimate Animal Collection","Sep 14, 2018","$5.99","N/A (N/A)","100,000 .. 200,000","00:00 (00:00)","Frontier Developments, Asobo Studio","Xbox Game Studios"
"7797","Demolish & Build 2018","Mar 8, 2018","$9.99","N/A (N/A)","100,000 .. 200,000","00:00 (00:00)","Noble Muffins","Demolish Games S.A."
"7799","Crystalline","Aug 22, 2018","$19.99","N/A (N/A)","100,000 .. 200,000","00:00 (00:00)","PixelFade","PixelFade"
"7802","Grim Nights","Oct 12, 2018","$1.49","N/A (N/A)","100,000 .. 200,000","00:00 (00:00)","Edym Pixels","Edym Pixels"
"7805","上帝之城 I：监狱帝国 [City of God I - Prison Empire]","Jul 9, 2018","$18.99","N/A (N/A)","100,000 .. 200,000","00:00 (00:00)","Pixel Gangsta Studio","Pixel Gangsta Studio, Flying Interactive"
"7812","Paratopic","Sep 6, 2018","$5.49","N/A (N/A)","100,000 .. 200,000","00:00 (00:00)","Arbitrary Metric","Serenity Forge"
"7819","VR Kanojo / VRカノジョ","Apr 8, 2018","$49.99","N/A (N/A)","100,000 .. 200,000","00:00 (00:00)","ILLUSION","ILLUSION"
"7822","Sword Art Online: Lost Song","Nov 12, 2018","$19.99","N/A (N/A)","100,000 .. 200,000","00:00 (00:00)","Artdink","BANDAI NAMCO Entertainment"
"7823","MY HERO ONE'S JUSTICE","Oct 25, 2018","$19.99","N/A (N/A)","100,000 .. 200,000","00:00 (00:00)","Byking Inc.","BANDAI NAMCO Entertainment"
"7824","寄居隅怪奇事件簿 Hermitage Strange Case Files","Nov 12, 2018","$9.99","N/A (N/A)","100,000 .. 200,000","00:00 (00:00)","Arrowiz","Arrowiz"
"7826","Swarmlake","Mar 12, 2018","$2.99","N/A (N/A)","100,000 .. 200,000","00:00 (00:00)","Dominique Grieshofer","Dominique Grieshofer"
"7830","Sword Art Online Re: Hollow Fragment","Aug 20, 2018","$19.99","N/A (N/A)","100,000 .. 200,000","00:00 (00:00)","AQURIA Co., Ltd.","BANDAI NAMCO Entertainment"
"7834","Freeways","Feb 6, 2018","$4.99","N/A (N/A)","100,000 .. 200,000","00:00 (00:00)","Captain Games","Captain Games"
"7840","11-11 Memories Retold","Nov 8, 2018","$29.99","N/A (N/A)","100,000 .. 200,000","00:00 (00:00)","Aardman Animations, Digixart","BANDAI NAMCO Entertainment Europe"
"7845","LEGO The Incredibles","Jun 15, 2018","$39.99","N/A (N/A)","100,000 .. 200,000","02:49 (00:56)","TT Games, Feral Interactive (Mac)","Warner Bros. Interactive Entertainment, Feral Interactive (Mac)"
"7847","ZeroRanger","Sep 28, 2018","$11.99","N/A (N/A)","100,000 .. 200,000","00:00 (00:00)","System Erasure","System Erasure"
"7849","東方憑依華　～ Antinomy of Common Flowers.","Jan 5, 2018","$24.99","N/A (N/A)","100,000 .. 200,000","00:00 (00:00)","黄昏フロンティア","SUNFISH Co., Ltd."
"7850","FPS Monitor – hardware in-game & desktop overlays","Nov 9, 2018","$12.99","N/A (N/A)","100,000 .. 200,000","38:33 (12:51)","Eduard Kozadaev","Eduard Kozadaev"
"7852","STAR WARS Episode I Racer","Nov 16, 2018","$9.99","N/A (N/A)","100,000 .. 200,000","00:00 (00:00)","LucasArts","Lucasfilm, Disney"
"7853","Broken Reality","Nov 29, 2018","$14.99","N/A (N/A)","100,000 .. 200,000","00:00 (00:00)","Dynamic Media Triad","Digital Tribe"
"7855","Boundless","Sep 11, 2018","$19.99","N/A (N/A)","100,000 .. 200,000","00:00 (00:00)","Monumental, LLC","Monumental, LLC"
"7857","Dragon Knight","Feb 9, 2018","N/A","N/A (N/A)","100,000 .. 200,000","00:00 (00:00)","D.K Studio","Paradise Project"
"7858","Gal*Gun 2","Jul 20, 2018","$29.99","N/A (N/A)","100,000 .. 200,000","00:00 (00:00)","INTI CREATES CO., LTD.","PQube"
"7859","SEPTEMBER 1999","Oct 10, 2018","Free","N/A (N/A)","100,000 .. 200,000","00:00 (00:00)","98DEMAKE","98DEMAKE"
"7863","Witch Hunt","Sep 3, 2018","$9.99","N/A (N/A)","100,000 .. 200,000","00:00 (00:00)","Gua","Gua"
"7864","Bio Inc. Redemption","Mar 8, 2018","$12.99","N/A (N/A)","100,000 .. 200,000","00:00 (00:00)","DryGin Studios","DryGin Studios"
"7867","妄想症：Deliver Me","Aug 9, 2018","$1.99","N/A (N/A)","100,000 .. 200,000","00:00 (00:00)","属音制作组","SakuraGame"
"7874","Dude, Stop","Jun 1, 2018","$14.99","N/A (N/A)","100,000 .. 200,000","00:00 (00:00)","Team HalfBeard","Team HalfBeard"
"7875","Hunt Down The Freeman","Feb 23, 2018","$9.99","N/A (N/A)","100,000 .. 200,000","00:00 (00:00)","Royal Rudius Entertainment","Royal Rudius Entertainment"
"7876","Miracle Snack Shop","Dec 25, 2018","$9.99","N/A (N/A)","100,000 .. 200,000","00:00 (00:00)","TALESSHOP Co., Ltd.","TALESSHOP Co., Ltd., Smilegate"
"7880","Tourist Bus Simulator","Dec 6, 2018","$29.99","N/A (N/A)","100,000 .. 200,000","00:21 (00:07)","TML-Studios, PEDEPE","Aerosoft GmbH"
"7881","Heartbound","Dec 24, 2018","$9.99","N/A (N/A)","100,000 .. 200,000","00:00 (00:00)","Pirate Software","Pirate Software"
"7884","G2 Fighter / 基因特工","Oct 12, 2018","$15.99","N/A (N/A)","100,000 .. 200,000","00:00 (00:00)","一寸光年G2工作室","FUNBOX GAMES"
"7887","Noel the Mortal Fate Complete Edition","May 15, 2018","$14.99","N/A (N/A)","100,000 .. 200,000","00:00 (00:00)","KANAWO, Vaka Game Magazine","Vaka Game Magazine"
"7888","The friends of Ringo Ishikawa","May 17, 2018","$14.99","N/A (N/A)","100,000 .. 200,000","00:01 (00:00)","yeo","yeo"
"7890","Dying Light: Bad Blood","Sep 13, 2018","N/A","N/A (N/A)","100,000 .. 200,000","00:00 (00:00)","Techland","Techland Publishing"
"7891","Shenmue I & II","Aug 21, 2018","$5.99","N/A (N/A)","100,000 .. 200,000","00:00 (00:00)","D3T","SEGA"
"7894","Akane","Sep 10, 2018","$4.99","N/A (N/A)","100,000 .. 200,000","00:00 (00:00)","Ludic Studios","Ludic Studios"
"7896","Welcome to the Game II","Apr 3, 2018","$9.99","N/A (N/A)","100,000 .. 200,000","00:00 (00:00)","Reflect Studios","Reflect Studios"
"7898","Equilinox","Nov 23, 2018","$9.99","N/A (N/A)","100,000 .. 200,000","00:00 (00:00)","ThinMatrix","ThinMatrix"
"7899","WWE 2K19","Oct 8, 2018","N/A","N/A (N/A)","100,000 .. 200,000","00:00 (00:00)","Visual Concepts, Yuke's Co., LTD","2K"
"7900","428: Shibuya Scramble","Sep 4, 2018","$49.99","N/A (N/A)","100,000 .. 200,000","00:00 (00:00)","Spike Chunsoft Co., Ltd., Abstraction Games","Spike Chunsoft Co., Ltd."
"7908","Star Traders: Frontiers","Jul 31, 2018","$7.49","N/A (N/A)","100,000 .. 200,000","00:00 (00:00)","Trese Brothers","Trese Brothers"
"7918","The Witch's House MV","Oct 30, 2018","$14.99","N/A (N/A)","100,000 .. 200,000","00:00 (00:00)","Fummy","DANGEN Entertainment"
"7921","Romance of the Three Kingdoms XI with Power Up Kit","Jan 16, 2018","$39.99","N/A (N/A)","100,000 .. 200,000","00:00 (00:00)","KOEI TECMO GAMES CO., LTD.","KOEI TECMO GAMES CO., LTD."
"7925","Maitetsu:Pure Station","Sep 21, 2018","$24.99","N/A (N/A)","100,000 .. 200,000","00:00 (00:00)","Lose","HIKARI FIELD"
"7934","NEKOPARA Extra","Jul 26, 2018","$4.99","N/A (N/A)","100,000 .. 200,000","00:00 (00:00)","NEKO WORKs","Sekai Project"
"7959","STEINS;GATE 0","May 8, 2018","$34.99","N/A (N/A)","100,000 .. 200,000","43:08 (14:22)","MAGES. Inc.","Spike Chunsoft Co., Ltd."
"9","Hellblade: Senua's Sacrifice VR Edition","Jul 31, 2018","$29.99","N/A (N/A/87%)","50,000 .. 100,000","00:00 (00:00)","Ninja Theory","Ninja Theory"
"14","魔物讨伐团","Aug 15, 2018","$12.99","N/A (N/A/86%)","50,000 .. 100,000","00:00 (00:00)","Nerdook Productions","Surefire.Games"
"39","Muv-Luv Alternative","Feb 28, 2018","$39.99","N/A (N/A/83%)","50,000 .. 100,000","00:00 (00:00)","aNCHOR Inc.","aNCHOR Inc."
"48","Myst IV: Revelation","Sep 24, 2018","$14.99","N/A (N/A/82%)","50,000 .. 100,000","00:00 (00:00)","Ubisoft Montreal","Cyan Worlds Inc"
"57","CHUCHEL","Mar 7, 2018","$9.99","N/A (N/A/81%)","50,000 .. 100,000","00:00 (00:00)","Amanita Design","Amanita Design"
"66","The Wizards - Enhanced Edition","Mar 8, 2018","$24.99","N/A (N/A/80%)","50,000 .. 100,000","00:00 (00:00)","Carbon Studio","Carbon Studio"
"67","Hero-U: Rogue to Redemption","Jul 10, 2018","$29.99","N/A (N/A/80%)","50,000 .. 100,000","00:00 (00:00)","Transolar Games","Transolar Games"
"69","Unforeseen Incidents","May 23, 2018","$11.99","N/A (N/A/80%)","50,000 .. 100,000","00:00 (00:00)","Backwoods Entertainment, Application Systems Heidelberg","Application Systems Heidelberg"
"80","Impulsion","Jul 19, 2018","$12.99","N/A (N/A/79%)","50,000 .. 100,000","00:00 (00:00)","Driving Force Games","Dear Villagers"
"104","In Death","Oct 2, 2018","$29.99","N/A (N/A/77%)","50,000 .. 100,000","00:00 (00:00)","Sólfar Studios","Sólfar Studios"
"118","Aggelos","Jun 19, 2018","$14.99","N/A (N/A/76%)","50,000 .. 100,000","00:00 (00:00)","Storybird Games","PQube, Look At My Game"
"122","Muv-Luv","Feb 28, 2018","$29.99","N/A (N/A/76%)","50,000 .. 100,000","00:00 (00:00)","aNCHOR Inc.","aNCHOR Inc."
"135","Prey: Typhon Hunter","Dec 11, 2018","$7.99","N/A (N/A/75%)","50,000 .. 100,000","00:00 (00:00)","Arkane Studios","Bethesda Softworks"
"136","Omensight: Definitive Edition","May 15, 2018","$19.99","N/A (N/A/75%)","50,000 .. 100,000","00:00 (00:00)","Spearhead Games","Spearhead Games"
"147","Where the Water Tastes Like Wine","Feb 28, 2018","$19.99","N/A (N/A/74%)","50,000 .. 100,000","00:00 (00:00)","Dim Bulb Games, Serenity Forge","Good Shepherd Entertainment"
"151","Overload","May 31, 2018","$29.99","N/A (N/A/74%)","50,000 .. 100,000","00:00 (00:00)","Revival Productions, LLC","Revival Productions, LLC"
"162","Insidia","Feb 27, 2018","N/A","N/A (N/A/73%)","50,000 .. 100,000","00:00 (00:00)","Bad Seed","Bad Seed"
"163","RUSH","Jul 13, 2018","$19.99","N/A (N/A/73%)","50,000 .. 100,000","00:00 (00:00)","The Binary Mill","The Binary Mill"
"181","The Office Quest","May 24, 2018","$5.99","N/A (N/A/72%)","50,000 .. 100,000","00:00 (00:00)","11Sheep","11Sheep"
"182","The Station","Feb 19, 2018","$14.99","N/A (N/A/72%)","50,000 .. 100,000","00:00 (00:00)","The Station Game ltd","The Station Game ltd"
"184","Leisure Suit Larry - Wet Dreams Don't Dry","Nov 7, 2018","$1.49","N/A (N/A/72%)","50,000 .. 100,000","00:00 (00:00)","CrazyBunch","Assemble Entertainment"
"190","Sea Dogs","Jan 14, 2018","$11.99","N/A (N/A/71%)","50,000 .. 100,000","00:00 (00:00)","Akella","Akella"
"192","39 Days to Mars","Apr 25, 2018","$19.99","N/A (N/A/71%)","50,000 .. 100,000","00:00 (00:00)","It's Anecdotal","It's Anecdotal"
"195","Gray Dawn","Jun 7, 2018","$19.99","N/A (N/A/71%)","50,000 .. 100,000","00:00 (00:00)","Interactive Stone","Interactive Stone"
"203","Dandara: Trials of Fear Edition","Feb 6, 2018","$14.99","N/A (N/A/70%)","50,000 .. 100,000","00:00 (00:00)","Long Hat House","Raw Fury"
"219","Override: Mech City Brawl","Dec 3, 2018","N/A","N/A (N/A/69%)","50,000 .. 100,000","00:00 (00:00)","The Balance Inc","Modus Games"
"234","Lake Ridden","May 10, 2018","$12.99","N/A (N/A/68%)","50,000 .. 100,000","00:00 (00:00)","Midnight Hub","Midnight Hub"
"236","Keepsake","Apr 17, 2018","$0.99","N/A (N/A/68%)","50,000 .. 100,000","00:00 (00:00)","Wicked Studios","Wicked Studios"
"237","Smoke and Sacrifice","May 31, 2018","$19.99","N/A (N/A/68%)","50,000 .. 100,000","00:00 (00:00)","Solar Sail Games Ltd","Curve Games"
"238","Zwei: The Arges Adventure","Jan 24, 2018","$4.49","N/A (N/A/68%)","50,000 .. 100,000","00:00 (00:00)","Nihon Falcom","XSEED Games, Marvelous USA, Inc."
"239","Metal Fatigue","Jul 31, 2018","$0.89","N/A (N/A/68%)","50,000 .. 100,000","00:00 (00:00)","Zono","Nightdive Studios"
"243","Shining Resonance Refrain","Jul 9, 2018","$5.99","N/A (N/A/68%)","50,000 .. 100,000","00:00 (00:00)","SEGA","SEGA"
"260","The Shapeshifting Detective","Nov 6, 2018","$14.99","N/A (N/A/66%)","50,000 .. 100,000","00:00 (00:00)","D'Avekki Studios Ltd, Wales Interactive","Wales Interactive"
"267","InnerSpace","Jan 16, 2018","$19.99","N/A (N/A/65%)","50,000 .. 100,000","00:00 (00:00)","PolyKnight Games","Aspyr"
"274","Strikers Edge","Jan 30, 2018","$14.99","N/A (N/A/63%)","50,000 .. 100,000","00:00 (00:00)","Fun Punch Games","Dear Villagers"
"275","Fable Fortune","Feb 21, 2018","N/A","N/A (N/A/63%)","50,000 .. 100,000","00:00 (00:00)","Mediatonic, Flaming Fowl Studios","Mediatonic"
"276","Immortal: Unchained","Sep 7, 2018","$10.99","N/A (N/A/63%)","50,000 .. 100,000","00:00 (00:00)","Toadman Interactive","Game Odyssey Limited"
"281","AIRHEART - Tales of broken Wings","Jul 23, 2018","$14.99","N/A (N/A/62%)","50,000 .. 100,000","00:00 (00:00)","Blindflug Studios AG","Blindflug Studios AG"
"282","Lucid Dream Adventure","Oct 8, 2018","$5.99","N/A (N/A/62%)","50,000 .. 100,000","00:00 (00:00)","Dali Games","Dali Games"
"283","Rise of Insanity","Mar 1, 2018","$9.99","N/A (N/A/62%)","50,000 .. 100,000","00:00 (00:00)","Red Limb Studio","Red Limb Studio"
"289","Earthfall","Jul 12, 2018","$19.99","N/A (N/A/61%)","50,000 .. 100,000","00:00 (00:00)","Holospark","Holospark"
"297","Dakar 18","Sep 25, 2018","$29.99","N/A (N/A/59%)","50,000 .. 100,000","00:00 (00:00)","Bigmoon Entertainment","Bigmoon Entertainment, Ravenscourt"
"315","Bullet Witch","Apr 25, 2018","$4.49","N/A (N/A/51%)","50,000 .. 100,000","00:20 (00:06)","Marvelous, Inc.","XSEED Games, Marvelous USA, Inc., Marvelous Europe"
"543","Construction Charlie","Sep 9, 2018","Free","N/A (N/A)","50,000 .. 100,000","00:00 (00:00)","RiftBreak Software","RiftBreak Software"
"581","Kyiv: from dusk till dawn with Lenovo Explorer","Sep 14, 2018","Free","N/A (N/A)","50,000 .. 100,000","00:00 (00:00)","Sensorama","Lenovo Ukraine"
"599","PhotoVidShow","Aug 29, 2018","Free","N/A (N/A)","50,000 .. 100,000","00:00 (00:00)","Squidgy soft","Squidgy soft"
"708","Tinkr Garage","Oct 9, 2018","N/A","N/A (N/A)","50,000 .. 100,000","00:00 (00:00)","Tinkr, Inc.","Tinkr, Inc."
"717","Sharp","Sep 1, 2018","Free","N/A (N/A)","50,000 .. 100,000","00:00 (00:00)","alkaitagi, PerfectHumanInterface",""
"753","CARDCORE","Nov 26, 2018","N/A","N/A (N/A)","50,000 .. 100,000","00:00 (00:00)","Azorian, kron0s_alexey, Pavel_Balakin","Elina Faritovna Balakina"
"775","Robotics in VR","Apr 5, 2018","N/A","N/A (N/A)","50,000 .. 100,000","00:00 (00:00)","VRobot","VRobot"
"868","Hanse - The Hanseatic League","Apr 30, 2018","N/A","N/A (N/A)","50,000 .. 100,000","00:00 (00:00)","Linked Dimensions","Assemble Entertainment"
"894","Rail World","Nov 28, 2018","N/A","N/A (N/A)","50,000 .. 100,000","00:00 (00:00)","Independent Arts Software","upjers"
"910","Supermedium - Virtual Reality Browser","Feb 1, 2018","N/A","N/A (N/A)","50,000 .. 100,000","00:00 (00:00)","Supermedium","Supermedium"
"911","Military Operations: Benchmark","Jun 21, 2018","Free","N/A (N/A)","50,000 .. 100,000","00:00 (00:00)","Military Operations","Military Operations"
"918","Test Subject 901","Sep 11, 2018","Free","N/A (N/A)","50,000 .. 100,000","00:00 (00:00)","SpinVR.ca","SpinVR.ca"
"925","Runewards: Strategy Card Game","Feb 13, 2018","Free","N/A (N/A)","50,000 .. 100,000","00:00 (00:00)","ReaverGames","Team DYO"
"926","School Grounds","Dec 14, 2018","Free","N/A (N/A)","50,000 .. 100,000","00:00 (00:00)","JubleLemonSeed","JubleLemonSeed"
"934","Panic Room 2: Hide and Seek","Jul 9, 2018","Free","N/A (N/A)","50,000 .. 100,000","00:00 (00:00)","GameXP.com","GameXP.com"
"935","Slime CCG","Jul 12, 2018","Free","N/A (N/A)","50,000 .. 100,000","00:00 (00:00)","Kody Stone","Sedoc LLC"
"940","Orbos","May 1, 2018","Free","N/A (N/A)","50,000 .. 100,000","00:00 (00:00)","Leisure Police","Leisure Police"
"953","A Stickman Reality","Oct 8, 2018","Free","N/A (N/A)","50,000 .. 100,000","00:00 (00:00)","ImproVive","ImproVive"
"968","Project Skylab 2","Oct 5, 2018","Free","N/A (N/A)","50,000 .. 100,000","00:00 (00:00)","Not Awful Studio","Not Awful Studio"
"980","The Outer Rim: Survivor","Apr 3, 2018","Free","N/A (N/A)","50,000 .. 100,000","00:00 (00:00)","Katoa Games","Katoa Games"
"1002","Winions: Mana Champions","Apr 12, 2018","N/A","N/A (N/A)","50,000 .. 100,000","00:00 (00:00)","Fuero Games","Fuero Games"
"1008","Oh Trap!","Dec 27, 2018","Free","N/A (N/A)","50,000 .. 100,000","00:00 (00:00)","Mint & Dough","Mint & Dough"
"1011","Slizer Battle Management System","May 7, 2018","Free","N/A (N/A)","50,000 .. 100,000","00:00 (00:00)","slizer88","slizer88"
"1018","Amaze: Interactive VR Movies","Sep 11, 2018","N/A","N/A (N/A)","50,000 .. 100,000","00:00 (00:00)","AmazeVR, Inc","AmazeVR, Inc"
"1022","Tentlan","Jul 10, 2018","Free","N/A (N/A)","50,000 .. 100,000","00:00 (00:00)","Lionmoon UG","Lionmoon UG"
"1023","The Oni Sellsword","Aug 7, 2018","Free","N/A (N/A)","50,000 .. 100,000","00:00 (00:00)","Eric Baskin","Eric Baskin"
"1031","Another Sight - Hodge's Journey","Nov 14, 2018","Free","N/A (N/A)","50,000 .. 100,000","00:00 (00:00)","Lunar Great Wall Studios","Fish Eagle"
"1032","Deep Space Classic","Aug 30, 2018","Free","N/A (N/A)","50,000 .. 100,000","00:00 (00:00)","Bondo Games, Blake Gillman","Bondo Games, Winning Streak Entertainment"
"1038","Heavy Dreams","Sep 1, 2018","Free","N/A (N/A)","50,000 .. 100,000","00:00 (00:00)","JMC Games","JMC Games"
"1048","Jellyfish Season","Sep 27, 2018","Free","N/A (N/A)","50,000 .. 100,000","00:00 (00:00)","Kombinat","Kombinat"
"1052","Murnatan","Mar 24, 2018","Free","N/A (N/A)","50,000 .. 100,000","00:00 (00:00)","AAAGAMES","AAAGAMES"
"1093","CHRONO","Dec 12, 2018","Free","N/A (N/A)","50,000 .. 100,000","00:00 (00:00)","Martin Nayeri","nima"
"1095","Doodle God: Mighty Trio","May 4, 2018","Free","N/A (N/A)","50,000 .. 100,000","00:00 (00:00)","JoyBits Ltd.","JoyBits Ltd."
"1096","Idle Heist","Jun 8, 2018","Free","N/A (N/A)","50,000 .. 100,000","00:00 (00:00)","ChimpLabs","ChimpLabs"
"1104","Breach of Contract Reloaded","Mar 14, 2018","N/A","N/A (N/A)","50,000 .. 100,000","00:00 (00:00)","Toy Soldier Studios","Toy Soldier Studios"
"1110","Fantasya Final Definitiva REMAKE","Jan 31, 2018","N/A","N/A (N/A)","50,000 .. 100,000","00:00 (00:00)","CleanWaterSoft","CleanWaterSoft"
"1112","Mortal Royale","Dec 17, 2018","Free","N/A (N/A)","50,000 .. 100,000","00:00 (00:00)","Star Vault AB","Star Vault AB"
"1113","Food Drive: Race against Hunger","Oct 9, 2018","Free","N/A (N/A)","50,000 .. 100,000","00:00 (00:00)","Gamers for Good","Gamers for Good"
"1116","Fantasy Battles","Sep 28, 2018","Free","N/A (N/A)","50,000 .. 100,000","00:00 (00:00)","FreezeNova","FreezeNova"
"1120","Short Circuit VR","Nov 19, 2018","Free","N/A (N/A)","50,000 .. 100,000","00:00 (00:00)","Stefan Bauwens, Cindy Ho","N/A"
"1125","TUNNEL DIVERS","Jul 6, 2018","Free","N/A (N/A)","50,000 .. 100,000","00:00 (00:00)","Spasman Games","Spasman Games"
"1128","Battle Brawlers","Jun 18, 2018","Free","N/A (N/A)","50,000 .. 100,000","00:00 (00:00)","Suzhou DaYu Network Technology Co., Ltd., 蘇州大禹網絡科技有限公司, 苏州大禹网络科技有限公司","Suzhou DaYu Network Technology Co., Ltd., 蘇州大禹網絡科技有限公司, 苏州大禹网络科技有限公司"
"1129","Riddles of the Owls Kingdom","Sep 13, 2018","N/A","N/A (N/A)","50,000 .. 100,000","00:00 (00:00)","DigiMight","DigiMight"
"1132","Diaspora : Mass Exodus","Dec 20, 2018","N/A","N/A (N/A)","50,000 .. 100,000","00:00 (00:00)","Angry Rabbit Studios","Angry Rabbit Studios"
"1134","Acro FS","May 23, 2018","Free","N/A (N/A)","50,000 .. 100,000","00:00 (00:00)","Knife Edge Software","Knife Edge Software"
"1139","4X-Galaxy 无主之地：银河","Dec 20, 2018","Free","N/A (N/A)","50,000 .. 100,000","00:00 (00:00)","Mercator","Mercator"
"1141","Dreams of Dali","Feb 9, 2018","Free","N/A (N/A)","50,000 .. 100,000","00:00 (00:00)","Half Full Nelson, Goodby Silverstein and Partners","Salvador Dali Museum, Inc"
"1142","My Sunny Resort","May 3, 2018","Free","N/A (N/A)","50,000 .. 100,000","00:00 (00:00)","upjers","upjers"
"1148","Outside the Lines","Jul 14, 2018","Free","N/A (N/A)","50,000 .. 100,000","00:00 (00:00)","Tad & Ice Productions","Tad & Ice Productions"
"1151","Ultimate Sudoku Collection","May 18, 2018","Free","N/A (N/A)","50,000 .. 100,000","00:00 (00:00)","Stanley Lam","Stanley Lam"
"1156","Fish Tycoon 2: Virtual Aquarium","May 17, 2018","Free","N/A (N/A)","50,000 .. 100,000","00:00 (00:00)","Last Day Of Work","Last Day Of Work"
"1157","忍者村大战2","Jan 4, 2018","Free","N/A (N/A)","50,000 .. 100,000","00:00 (00:00)","杭州分浪网络科技有限公司","杭州分浪网络科技有限公司"
"1158","Impossible Runner","Feb 13, 2018","Free","N/A (N/A)","50,000 .. 100,000","00:00 (00:00)","Kwebbelkop","Kwebbelkop"
"1160","War Machines: Free to Play","Nov 28, 2018","N/A","N/A (N/A)","50,000 .. 100,000","00:00 (00:00)","Fun Games For Free","Fun Games For Free"
"1163","Dot to Dot Puzzles","Jul 9, 2018","Free","N/A (N/A)","50,000 .. 100,000","00:00 (00:00)","Online OciGrup SL","Online OciGrup SL"
"1166","Uptasia","Jan 10, 2018","Free","N/A (N/A)","50,000 .. 100,000","00:00 (00:00)","upjers","upjers"
"1170","Knights of Pen and Paper 2: Free Edition","Feb 21, 2018","Free","N/A (N/A)","50,000 .. 100,000","00:00 (00:00)","Kyy Games","Paradox Interactive"
"1171","To the Core","Jul 23, 2018","Free","N/A (N/A)","50,000 .. 100,000","00:00 (00:00)","NHTV Breda University of Applied Sciences","NHTV Breda University of Applied Sciences"
"1172","Hero Plus","Jan 22, 2018","Free","N/A (N/A)","50,000 .. 100,000","00:00 (00:00)","MGAME Corporation","Netgame Inc"
"1173","Goblin Gearshop","Jan 17, 2018","Free","N/A (N/A)","50,000 .. 100,000","00:00 (00:00)","Minus2","Minus2"
"1178","Phoenix Dynasty 2","Jun 8, 2018","N/A","N/A (N/A)","50,000 .. 100,000","00:00 (00:00)","Kumkuat Games","Kumkuat Games"
"1181","Warmonger","Jun 14, 2018","N/A","N/A (N/A)","50,000 .. 100,000","00:00 (00:00)","JoyImpact","GAMESinFLAMES"
"1184","Darkness and Flame: The Dark Side f2p","Dec 26, 2018","Free","N/A (N/A)","50,000 .. 100,000","00:00 (00:00)","FIVE-BN GAMES","FIVE-BN GAMES"
"1192","Wish Giver 偿愿人","Nov 9, 2018","Free","N/A (N/A)","50,000 .. 100,000","00:00 (00:00)","Kel","0Cube"
"1194","Wuxing Master 五行师(CCG)","Jan 8, 2018","Free","N/A (N/A)","50,000 .. 100,000","00:00 (00:00)","Chengdu Touch Times Technology Co., Ltd","Chengdu Touch Times Technology Co., Ltd"
"1196","Armada: Modern Tanks","Feb 7, 2018","Free","N/A (N/A)","50,000 .. 100,000","00:00 (00:00)","XDEVS LTD","XDEVS LTD"
"1197","Grimmwood Open Beta","May 8, 2018","N/A","N/A (N/A)","50,000 .. 100,000","00:00 (00:00)","Big Moustache Games","Headup Publishing"
"1200","CrocoMars","Mar 5, 2018","Free","N/A (N/A)","50,000 .. 100,000","00:00 (00:00)","Anatoliy Loginovskikh","Anatoliy Loginovskikh"
"1201","Glitch","Jun 26, 2018","Free","N/A (N/A)","50,000 .. 100,000","00:00 (00:00)","ReallyBadOldGames","ReallyBadOldGamesSorry"
"1204","BattleCON: Online","Sep 3, 2018","Free","N/A (N/A)","50,000 .. 100,000","00:00 (00:00)","Level 99 Games","Level 99 Games"
"1208","Techwars: Global Conflict","Oct 1, 2018","Free","N/A (N/A)","50,000 .. 100,000","00:00 (00:00)","Argus Games","Promo Trade Toys LLC, Argus Games"
"1217","Destined","Mar 10, 2018","Free","N/A (N/A)","50,000 .. 100,000","00:00 (00:00)","Destined Team","Destined Team"
"1218","Stonies","Feb 21, 2018","Free","N/A (N/A)","50,000 .. 100,000","00:00 (00:00)","upjers","upjers"
"1219","Loria","Nov 27, 2018","Free","N/A (N/A)","50,000 .. 100,000","00:00 (00:00)","Loria","Loria"
"1221","Taphouse VR","Sep 27, 2018","Free","N/A (N/A)","50,000 .. 100,000","00:00 (00:00)","Catland","Catland, Adjective Animal"
"1222","Snood","Dec 25, 2018","Free","N/A (N/A)","50,000 .. 100,000","00:00 (00:00)","Snood, LLC","Snood, LLC"
"1223","Kidz","Jul 26, 2018","Free","N/A (N/A)","50,000 .. 100,000","00:00 (00:00)","Battleham","Taiwan Public Television Service Foundation"
"1224","雨鸦 - You are my sanctuary","Sep 25, 2018","Free","N/A (N/A)","50,000 .. 100,000","00:00 (00:00)","迷糊的安安","迷糊的安安, Eternal Dream"
"1226","XXX Puzzle","Jun 15, 2018","Free","N/A (N/A)","50,000 .. 100,000","00:00 (00:00)","L. Stotch","L. Stotch"
"1231","Scorch","Aug 15, 2018","Free","N/A (N/A)","50,000 .. 100,000","00:00 (00:00)","Ellie's Lunchbox","Ellie's Lunchbox"
"1235","Refight:Burning Engine","Oct 15, 2018","Free","N/A (N/A)","50,000 .. 100,000","00:00 (00:00)","梵天游戏","梵天游戏"
"1239","DAMNOSAUR","Nov 4, 2018","Free","N/A (N/A)","50,000 .. 100,000","00:00 (00:00)","Evlanic Entertainment","Evlanic Entertainment"
"1240","Sopwith VR","Dec 26, 2018","Free","N/A (N/A)","50,000 .. 100,000","00:00 (00:00)","David Mohr Gould","David Mohr Gould"
"1241","Supply Chain Idle","Nov 9, 2018","Free","N/A (N/A)","50,000 .. 100,000","00:00 (00:00)","Upturn Games","Upturn Games"
"1245","Overclocked","Oct 9, 2018","Free","N/A (N/A)","50,000 .. 100,000","00:00 (00:00)","Magnesium Ninja","Magnesium Ninja"
"1251","【SCP】器関ノ彷徨 -The will of a single Tale-【DEMOver.】","May 31, 2018","Free","N/A (N/A)","50,000 .. 100,000","00:00 (00:00)","Stoner Tomohito","GESTALT-§"
"1253","Wakaru ver. beta","Jun 18, 2018","Free","N/A (N/A)","50,000 .. 100,000","00:00 (00:00)","えいえいっ! 怒った?","えいえいっ! 怒った?"
"1258","Rogalia","Oct 15, 2018","Free","N/A (N/A)","50,000 .. 100,000","00:00 (00:00)","TatriX, Nanalli","TatriX"
"1262","A Book of Beasts and Buddies","Oct 6, 2018","Free","N/A (N/A)","50,000 .. 100,000","00:00 (00:00)","Squiddershins","Squiddershins"
"1271","La Rana","Dec 7, 2018","Free","N/A (N/A)","50,000 .. 100,000","00:00 (00:00)","Frog Paw Studios","SMU Guildhall"
"1274","Google Spotlight Stories: Age of Sail","Nov 13, 2018","Free","N/A (N/A)","50,000 .. 100,000","00:00 (00:00)","Google Inc.","Google Inc."
"1280","Frightened Beetles","May 11, 2018","Free","N/A (N/A)","50,000 .. 100,000","00:00 (00:00)","Anatoliy Loginovskikh","Anatoliy Loginovskikh"
"1288","How To Cope With Boredom and Loneliness","Apr 2, 2018","Free","N/A (N/A)","50,000 .. 100,000","00:00 (00:00)","Point Bleep Studios","Baffled Crab"
"1292","Seeker","Dec 31, 2018","Free","N/A (N/A)","50,000 .. 100,000","00:00 (00:00)","Sheer Studios","Sheer Studios"
"1294","Mojo: Hanako","Jul 27, 2018","Free","N/A (N/A)","50,000 .. 100,000","00:00 (00:00)","L. Stotch","L. Stotch"
"1299","SIMULACRA: Pipe Dreams","Oct 25, 2018","Free","N/A (N/A)","50,000 .. 100,000","00:00 (00:00)","Kaigan Games OÜ","Kaigan Games OÜ"
"1307","Her Lie I Tried To Believe","Apr 2, 2018","Free","N/A (N/A)","50,000 .. 100,000","00:00 (00:00)","Hangover Cat Purrroduction","Hangover Cat Purrroduction"
"1312","东方试闻广纪 ~ Perfect Memento of Touhou Question","Aug 2, 2018","Free","N/A (N/A)","50,000 .. 100,000","00:00 (00:00)","Bawu Team","Bawu Team"
"1313","Lynne","Jul 13, 2018","Free","N/A (N/A)","50,000 .. 100,000","00:00 (00:00)","ebi-hime","ebi-hime"
"1322","永冻之壳 The Shell of Permafrost","Dec 9, 2018","Free","N/A (N/A)","50,000 .. 100,000","00:00 (00:00)","YUMMI Studio","迷糊的安安"
"1712","Hamlet","Oct 26, 2018","$9.99","N/A (N/A)","50,000 .. 100,000","00:00 (00:00)","Haven Studios","Haven Studios"
"1746","SPACE BLASTER 8 BIT","May 16, 2018","$0.99","N/A (N/A)","50,000 .. 100,000","00:00 (00:00)","Dead Crow","Dead Crow"
"1955","Audiate","Oct 29, 2018","$29.99","N/A (N/A)","50,000 .. 100,000","00:00 (00:00)","Fraser K","Fraser K"
"2155","Warlock: Tower Defence","Jun 8, 2018","$2.99","N/A (N/A)","50,000 .. 100,000","00:00 (00:00)","Snowdon Games","Snowdon Games"
"2236","Gilded Rails","Nov 1, 2018","$6.99","N/A (N/A)","50,000 .. 100,000","00:00 (00:00)","Choice of Games","Choice of Games"
"2256","VR Soccer '96","Jan 19, 2018","$9.99","N/A (N/A)","50,000 .. 100,000","00:00 (00:00)","Gremlin Interactive Ltd.","Interplay"
"2386","Crypto Quest","Mar 30, 2018","$2.99","N/A (N/A)","50,000 .. 100,000","00:00 (00:00)","Pineapple Software Management","Pineapple Software Management"
"2448","Inexplicable Geeks: Dawn of Just Us","May 3, 2018","$9.99","N/A (N/A)","50,000 .. 100,000","00:00 (00:00)","Stegalosaurus Game Development","Stegalosaurus Game Development"
"2529","Casino Poker","Feb 23, 2018","$2.99","N/A (N/A)","50,000 .. 100,000","00:00 (00:00)","ThatGame Pty Ltd","Funbox Media Ltd"
"2537","Colonumbers","Jun 19, 2018","$0.99","N/A (N/A)","50,000 .. 100,000","00:00 (00:00)","Mario Scarfone","Mario Scarfone"
"2607","Space Launch Engineer","Feb 27, 2018","N/A","N/A (N/A)","50,000 .. 100,000","00:00 (00:00)","Simulators Live","Simulators Live"
"2721","Ball Escape","Apr 25, 2018","N/A","N/A (N/A)","50,000 .. 100,000","00:00 (00:00)","M. Wenzel","M. Wenzel"
"2851","Steampunk Graveyard","Oct 26, 2018","$1.99","N/A (N/A)","50,000 .. 100,000","00:00 (00:00)","Bad Logic Studios","Bad Logic Studios"
"2860","Way Out","Feb 8, 2018","$0.99","N/A (N/A)","50,000 .. 100,000","00:00 (00:00)","Shenzhen Simeng Technology Co., Ltd.","Shenzhen Simeng Technology Co., Ltd."
"3067","Tactical Mind","Apr 27, 2018","$2.99","N/A (N/A)","50,000 .. 100,000","00:00 (00:00)","Drageus Games S.A., Qubic Games","Drageus Games S.A."
"3247","Maze Quest 1: The Forest","Aug 31, 2018","$0.99","N/A (N/A)","50,000 .. 100,000","00:00 (00:00)","Sylvestrina","Sylvestrina"
"3390","Astro Joust","Mar 28, 2018","$0.99","N/A (N/A)","50,000 .. 100,000","00:00 (00:00)","Mutant Entertainment Studios","Mutant Entertainment Studios"
"3589","Lost Legend-Legacy","Jul 2, 2018","$2.99","N/A (N/A)","50,000 .. 100,000","00:00 (00:00)","Unhinged LLC","Unhinged LLC"
"3733","The Horologist's Legacy","Oct 24, 2018","$19.99","N/A (N/A)","50,000 .. 100,000","00:00 (00:00)","Cole and Jordan Studios","Cole and Jordan Studios"
"4035","Hiking Simulator 2018","Dec 30, 2018","$1.99","N/A (N/A)","50,000 .. 100,000","00:00 (00:00)","Shoho Games","Shoho Games"
"4140","Death Game","Apr 19, 2018","$0.99","N/A (N/A)","50,000 .. 100,000","00:00 (00:00)","Enemby Games","Enemby Games, Fractured Mind"
"4636","Cavesweeper","Jul 4, 2018","$5","N/A (N/A)","50,000 .. 100,000","00:00 (00:00)","bankbank","Wainstop James"
"4753","Woeful Woebots","Aug 31, 2018","$9.99","N/A (N/A)","50,000 .. 100,000","00:00 (00:00)","Hello Bard AS","Hello Bard AS"
"4962","High Speed Trains","Mar 27, 2018","N/A","N/A (N/A)","50,000 .. 100,000","00:00 (00:00)","Simulators Live","Simulators Live"
"4986","The Bounty V2","Jan 8, 2018","Free","N/A (N/A)","50,000 .. 100,000","00:00 (00:00)","David Vogt","DLV Games"
"5006","Casino Blackjack","Feb 23, 2018","$0.74","N/A (N/A)","50,000 .. 100,000","00:00 (00:00)","ThatGame Pty Ltd","Funbox Media Ltd"
"5060","The Call","Aug 8, 2018","Free","N/A (N/A)","50,000 .. 100,000","00:00 (00:00)","Grey Reality Studios","Grey Reality Studios"
"5346","5 Minutes Rage - Hatred Edition","Mar 2, 2018","$7.99","N/A (N/A)","50,000 .. 100,000","00:00 (00:00)","Indomitus Games","Gamera Interactive"
"5426","Piwall","Jan 18, 2018","Free","N/A (N/A)","50,000 .. 100,000","00:00 (00:00)","Norain Games., JanduSoft","JanduSoft"
"5455","Candice DeBébé's Scandalous Secrets","Nov 2, 2018","$4.99","N/A (N/A)","50,000 .. 100,000","00:00 (00:00)","Havishamone Games","Havishamone Games"
"5462","Broken Minds","May 28, 2018","$6.99","N/A (N/A)","50,000 .. 100,000","00:00 (00:00)","LockedOn","LockedOn"
"5495","Beyond the Invisible: Darkness Came","Mar 1, 2018","$9.99","N/A (N/A)","50,000 .. 100,000","00:00 (00:00)","Graphium Studio","Denda Games"
"5497","Beer Bar","Nov 20, 2018","$0.99","N/A (N/A)","50,000 .. 100,000","00:00 (00:00)","BrainStorming Team, КиКо","КиКо"
"5618","Stay or Leave / 留离","Aug 17, 2018","$1.99","N/A (N/A)","50,000 .. 100,000","00:00 (00:00)","Silence Game","Silence Game"
"5645","MUTATION PHASE","Oct 5, 2018","$4.99","N/A (N/A)","50,000 .. 100,000","00:00 (00:00)","IGRODELSKY","IGRODELSKY"
"5708","IronBorn","Sep 12, 2018","$9.99","N/A (N/A)","50,000 .. 100,000","00:00 (00:00)","Valkyria Games","Valkyria Games"
"5712","Next Hero","Mar 16, 2018","$2.99","N/A (N/A)","50,000 .. 100,000","00:00 (00:00)","LINE Games Corporation","LINE Games Corporation"
"5773","Magic Technology","Jan 29, 2018","$2.99","N/A (N/A)","50,000 .. 100,000","00:00 (00:00)","Vulkano Forge","Vulkano Forge"
"5801","King and Assassins","Aug 8, 2018","$1.39","N/A (N/A)","50,000 .. 100,000","00:00 (00:00)","Playsoft","Twin Sails Interactive"
"5854","Voxel Tanks","Jun 5, 2018","$2.99","N/A (N/A)","50,000 .. 100,000","00:00 (00:00)","PigeonDev","PigeonDev"
"5931","Highway Madness","Feb 1, 2018","Free","N/A (N/A)","50,000 .. 100,000","00:00 (00:00)","Game Cooks","Game Cooks"
"5938","Pembrey","Feb 19, 2018","$3.99","N/A (N/A)","50,000 .. 100,000","00:00 (00:00)","CrackedGhostGames","Raster_Entertainment"
"6043","Exile to Death","Jun 1, 2018","$4.99","N/A (N/A)","50,000 .. 100,000","00:00 (00:00)","Aleksei Milchakov","Manifestors Games Studio"
"6114","Slum Ball VR Tournament","May 16, 2018","$14.99","N/A (N/A)","50,000 .. 100,000","00:00 (00:00)","U24 Solutions","U24 Solutions"
"6206","Amulet Zero 零物语 - Optimize","Aug 14, 2018","$0.99","N/A (N/A)","50,000 .. 100,000","00:00 (00:00)","ShiinaYashiro","ShiinaYashiro"
"6221","Gangsta Sniper","Nov 12, 2018","$0.99","N/A (N/A)","50,000 .. 100,000","00:00 (00:00)","Tero Lunkka, Gangsta Studios, BlackThug","Tero Lunkka"
"6290","Cycle 28","Mar 9, 2018","$0.67","N/A (N/A)","50,000 .. 100,000","00:00 (00:00)","Pill Bug Interactive","Pill Bug Interactive"
"6337","Deported: Drain the Swamp","Nov 5, 2018","$0.99","N/A (N/A)","50,000 .. 100,000","00:00 (00:00)","Crankage Games","Crankage Games"
"6441","The Official GamingTaylor Game, Great Job!","Jul 6, 2018","$9.99","N/A (N/A)","50,000 .. 100,000","00:00 (00:00)","Taylor Marsh","GamingTaylor"
"6454","Gunman Tales","Aug 1, 2018","$7.99","N/A (N/A)","50,000 .. 100,000","00:00 (00:00)","FobTi interactive","FobTi interactive"
"6459","Affliction","Jun 25, 2018","$0.99","N/A (N/A)","50,000 .. 100,000","00:00 (00:00)","Corrosive Studios LLC","Corrosive Studios LLC"
"6494","Golden Dungeons","Mar 3, 2018","$0.49","N/A (N/A)","50,000 .. 100,000","00:00 (00:00)","GD Studio","AFBIK Studio"
"6497","Space Simulator","Feb 26, 2018","$9.99","N/A (N/A)","50,000 .. 100,000","00:00 (00:00)","Stuka Games Inc","Brixton Dynamics Ltd"
"6539","Vilmonic","Nov 5, 2018","$14.99","N/A (N/A)","50,000 .. 100,000","00:00 (00:00)","Bludgeonsoft","Bludgeonsoft"
"6540","Timber Tennis: Versus","Nov 8, 2018","$1.99","N/A (N/A)","50,000 .. 100,000","00:00 (00:00)","Digital Melody","Crunching Koalas"
"6541","Mike was Сursed","Apr 19, 2018","$11.99","N/A (N/A)","50,000 .. 100,000","00:00 (00:00)","Bogdan Sychkov","Raum Studio"
"6547","Fossil Hunters","Feb 13, 2018","$14.99","N/A (N/A)","50,000 .. 100,000","00:00 (00:00)","Reptoid Games","Reptoid Games"
"6602","Galactic Force","Nov 16, 2018","$0.99","N/A (N/A)","50,000 .. 100,000","00:00 (00:00)","FreezeNova","FreezeNova"
"6622",".T.E.S.T: Expected Behaviour — Sci-Fi 3D Puzzle Quest","May 3, 2018","$5.99","N/A (N/A)","50,000 .. 100,000","00:00 (00:00)","Veslo Games","Veslo Games"
"6625","Outbreak: The Nightmare Chronicles","Apr 2, 2018","$4.99","N/A (N/A)","50,000 .. 100,000","00:00 (00:00)","Dead Drop Studios LLC","Dead Drop Studios LLC"
"6648","Miniballist","Mar 13, 2018","$9.99","N/A (N/A)","50,000 .. 100,000","00:00 (00:00)","Timberwolf Studios","My Way Games"
"6649","Instant Death","Jan 22, 2018","$9.99","N/A (N/A)","50,000 .. 100,000","00:00 (00:00)","Tayfun Zeytun","My Way Games"
"6650","Griefer","Apr 20, 2018","$12.99","N/A (N/A)","50,000 .. 100,000","00:00 (00:00)","Cuberz, CharileH","CasGame, CharileH"
"6653","Guess who ?","Jul 5, 2018","$0.99","N/A (N/A)","50,000 .. 100,000","00:00 (00:00)","Easy game","Game for people"
"6688","ESport Manager","Jun 18, 2018","$9.99","N/A (N/A)","50,000 .. 100,000","00:00 (00:00)","InImages","Manager Games S.A."
"6724","8-in-1 IQ Scale Bundle","Jan 5, 2018","$14.99","N/A (N/A)","50,000 .. 100,000","00:00 (00:00)","ALEKSANDER CHEPAIKIN","ALEKSANDER CHEPAIKIN"
"6737","Beyond the Void","Oct 24, 2018","Free","N/A (N/A)","50,000 .. 100,000","00:00 (00:00)","B2Expand","B2Expand"
"6741","TITANIC Shipwreck Exploration","Oct 16, 2018","$19.99","N/A (N/A)","50,000 .. 100,000","00:00 (00:00)","Immersive VR Education PLC","Immersive VR Education PLC"
"6749","E-Startup","Apr 26, 2018","$1.99","N/A (N/A)","50,000 .. 100,000","00:00 (00:00)","Polytale Games","Polytale Games"
"6772","Mahlone One","Jan 23, 2018","Free","N/A (N/A)","50,000 .. 100,000","00:00 (00:00)","VM World Studio","VM World Studio"
"6776","Mosaics Galore 2","Sep 3, 2018","$4.99","N/A (N/A)","50,000 .. 100,000","00:00 (00:00)","Creobit","8Floor"
"6777","IN-VERT: Definitive Edition","Mar 2, 2018","$1.69","N/A (N/A)","50,000 .. 100,000","00:00 (00:00)","TERNOX","TERNOX"
"6799","Roarr! The Adventures of Rampage Rex","Nov 7, 2018","$2.99","N/A (N/A)","50,000 .. 100,000","00:00 (00:00)","Born Lucky Games","Klabater"
"6806","Another Otter","Jul 16, 2018","$0.99","N/A (N/A)","50,000 .. 100,000","00:00 (00:00)","PepoLab","PepoLab"
"6839","Choose Wisely","Jan 12, 2018","$0.99","N/A (N/A)","50,000 .. 100,000","00:00 (00:00)","ID Card","ID Card"
"6845","Mosaics Galore","Jul 27, 2018","$4.99","N/A (N/A)","50,000 .. 100,000","00:00 (00:00)","Creobit","8Floor"
"6868","Art of Murder - Cards of Destiny","Jul 13, 2018","$4.99","N/A (N/A)","50,000 .. 100,000","00:00 (00:00)","City Interactive S.A.","City Interactive S.A."
"6879","Dungeon Of Zaar - Open Beta","Apr 16, 2018","Free","N/A (N/A)","50,000 .. 100,000","00:00 (00:00)","KURB","Plug In Digital"
"6881","Bastard","May 14, 2018","$8.99","N/A (N/A)","50,000 .. 100,000","00:00 (00:00)","Aterdux Entertainment","Aterdux Entertainment"
"6901","DOOMED","Jun 3, 2018","$0.74","N/A (N/A)","50,000 .. 100,000","00:00 (00:00)","Bloody Pixel Games","Bloody Pixel Games"
"6919","Isle of Skye","Jul 26, 2018","$1.39","N/A (N/A)","50,000 .. 100,000","00:00 (00:00)","DIGIDICED","Twin Sails Interactive"
"6920","Rocket Valley Tycoon","Jun 1, 2018","N/A","N/A (N/A)","50,000 .. 100,000","00:00 (00:00)","Rocket Cola Studio","Rocket Cola Studio"
"6925","Desktop Mascot Engine","May 9, 2018","$2.99","N/A (N/A)","50,000 .. 100,000","00:00 (00:00)","GamerzDan","GamerzDan"
"6943","World Warfare","Apr 3, 2018","Free","N/A (N/A)","50,000 .. 100,000","00:00 (00:00)","JoyCrafter","WisJoy"
"6958","Art of Murder - Hunt for the Puppeteer","Jul 13, 2018","$4.99","N/A (N/A)","50,000 .. 100,000","00:00 (00:00)","City Interactive S.A.","City Interactive S.A."
"6959","One Wish","Jun 6, 2018","$0.99","N/A (N/A)","50,000 .. 100,000","00:00 (00:00)","GDNomaD","GDNomaD"
"6961","Endhall","Dec 4, 2018","$2.99","N/A (N/A)","50,000 .. 100,000","00:00 (00:00)","Heartbeast","Heartbeast"
"6972","Mahjong Magic Journey","Mar 8, 2018","$14.99","N/A (N/A)","50,000 .. 100,000","00:00 (00:00)","Creobit","8Floor"
"6979","3D Earth Time Lapse PC Live Wallpaper","Oct 5, 2018","$2.99","N/A (N/A)","50,000 .. 100,000","00:00 (00:00)","3dm_live_wallpapers","3dm_live_wallpapers"
"6992","MagiCats Builder (Crazy Dreamz)","Jul 10, 2018","N/A","N/A (N/A)","50,000 .. 100,000","00:00 (00:00)","Dreamz Studio","Dreamz Studio"
"7008","Hyperspace Dogfights","May 14, 2018","$4.99","N/A (N/A)","50,000 .. 100,000","00:00 (00:00)","Sleeper Games","Sleeper Games"
"7017","ValeGuard","Aug 23, 2018","$4.99","N/A (N/A)","50,000 .. 100,000","00:00 (00:00)","Lost Tower Games","Lost Tower Games"
"7024","Save One More","May 30, 2018","$4.99","N/A (N/A)","50,000 .. 100,000","00:00 (00:00)","Stas Shostak","Stas Shostak"
"7046","Switchblade","Aug 28, 2018","N/A","N/A (N/A)","50,000 .. 100,000","00:00 (00:00)","Lucid Games Ltd","Lucid Publishing Ltd"
"7049","Phantom Signal — Sci-Fi Strategy Game","Jan 16, 2018","$5.99","N/A (N/A)","50,000 .. 100,000","00:00 (00:00)","Veslo Games","Veslo Games"
"7053","Ouroboros","May 25, 2018","$4.99","N/A (N/A)","50,000 .. 100,000","00:00 (00:00)","Sierra Lee","Sierra Lee"
"7063","Freezeer","Jun 21, 2018","$0.99","N/A (N/A)","50,000 .. 100,000","00:00 (00:00)","NedoStudio","NedoStudio"
"7066","Respublica","Dec 31, 2018","N/A","N/A (N/A)","50,000 .. 100,000","00:00 (00:00)","Drahgoone","4thNode"
"7086","Dad Quest","Aug 17, 2018","$3.89","N/A (N/A)","50,000 .. 100,000","00:00 (00:00)","Sundae Month","Excalibur Publishing"
"7089","GODS Remastered","Dec 3, 2018","N/A","N/A (N/A)","50,000 .. 100,000","00:00 (00:00)","Robot Riot UG (haftungsbeschränkt)","Robot Riot UG (haftungsbeschränkt)"
"7096","The Experiment: Escape Room","Nov 22, 2018","$3.99","N/A (N/A)","50,000 .. 100,000","00:00 (00:00)","OnSkull Games","OnSkull Games"
"7107","Algo Bot","Feb 14, 2018","$9.99","N/A (N/A)","50,000 .. 100,000","00:00 (00:00)","Fishing Cactus","Plug In Digital"
"7122","CCCP CALLS!","May 22, 2018","$1.99","N/A (N/A)","50,000 .. 100,000","00:00 (00:00)","CUTE ANIME GIRLS","Tranquility games"
"7124","The Moment We Met","Oct 16, 2018","$1.99","N/A (N/A)","50,000 .. 100,000","00:00 (00:00)","萌约游戏制作组","萌约游戏制作组"
"7136","King's Heir: Rise to the Throne","May 31, 2018","$14.99","N/A (N/A)","50,000 .. 100,000","00:00 (00:00)","Cordelia Games","Artifex Mundi"
"7137","Depth of Extinction","Sep 27, 2018","$14.99","N/A (N/A)","50,000 .. 100,000","00:00 (00:00)","HOF Studios","HOF Studios"
"7141","Achievement Machine","May 25, 2018","N/A","N/A (N/A)","50,000 .. 100,000","00:00 (00:00)","Gamenesis","Gamenesis"
"7150","Catastronauts","Sep 28, 2018","$15.99","N/A (N/A)","50,000 .. 100,000","00:00 (00:00)","Inertia Game Studios","Inertia Game Studios"
"7168","Art of Murder - FBI Confidential","Jul 13, 2018","$4.99","N/A (N/A)","50,000 .. 100,000","00:00 (00:00)","City Interactive S.A.","City Interactive S.A."
"7169","Little hidden city","Feb 28, 2018","$0.99","N/A (N/A)","50,000 .. 100,000","00:00 (00:00)","3dinvis games","3dinvis games"
"7170","Captain Forever Trilogy","May 22, 2018","$9.99","N/A (N/A)","50,000 .. 100,000","00:00 (00:00)","Farbs","Farbs"
"7174","Gravity Wars","Nov 14, 2018","$2.99","N/A (N/A)","50,000 .. 100,000","00:00 (00:00)","Black Potion","Black Potion"
"7182","Love is Dead","May 31, 2018","$11.99","N/A (N/A)","50,000 .. 100,000","00:00 (00:00)","Curiobot","Armor Games Studios"
"7187","Epic Car Factory","Apr 9, 2018","$0.99","N/A (N/A)","50,000 .. 100,000","00:00 (00:00)","Epic Devs LLC","Assemble Entertainment"
"7200","Katy and Bob: Safari Cafe","Jun 17, 2018","$2.49","N/A (N/A)","50,000 .. 100,000","00:00 (00:00)","Creobit, Workroom7","8Floor"
"7208","This Grand Life","Apr 17, 2018","$11.99","N/A (N/A)","50,000 .. 100,000","00:00 (00:00)","Poking Water Games","Poking Water Games"
"7213","Venture Kid","May 3, 2018","$9.99","N/A (N/A)","50,000 .. 100,000","00:00 (00:00)","Snikkabo AS","FDG Entertainment"
"7227","CasinoRPG","Jan 16, 2018","Free","N/A (N/A)","50,000 .. 100,000","00:00 (00:00)","GoldFire Studios","GoldFire Studios"
"7234","Trap welcome to Beryl Part 1","May 2, 2018","Free","N/A (N/A)","50,000 .. 100,000","00:00 (00:00)","Jucar","Il Pleut"
"7242","Star Explorers","May 8, 2018","$4.99","N/A (N/A)","50,000 .. 100,000","00:00 (00:00)","Schmidt Workshops","Schmidt Workshops"
"7249","All-Star Fruit Racing","Jul 13, 2018","$9.99","N/A (N/A)","50,000 .. 100,000","00:00 (00:00)","3DClouds","3DClouds"
"7264","Band of Defenders","Apr 5, 2018","$3.99","N/A (N/A)","50,000 .. 100,000","00:00 (00:00)","Alda Games","Alda Games"
"7266","Ctrl CV","May 18, 2018","$0.99","N/A (N/A)","50,000 .. 100,000","00:00 (00:00)","ZPink","PsychoFlux Entertainment"
"7267","Blonde Driver","Apr 10, 2018","$0.99","N/A (N/A)","50,000 .. 100,000","00:00 (00:00)","Easy game","Game for people"
"7270","Valthirian Arc: Hero School Story","Oct 2, 2018","$3.74","N/A (N/A)","50,000 .. 100,000","00:00 (00:00)","Agate","PQube"
"7274","Meow Motors","Nov 2, 2018","$14.99","N/A (N/A)","50,000 .. 100,000","00:00 (00:00)","ArtVostok","ArtVostok"
"7279","Tren0","Feb 22, 2018","$2.99","N/A (N/A)","50,000 .. 100,000","00:00 (00:00)","Bubble","INDIECN"
"7280","Snake Classic","Feb 5, 2018","$1.99","N/A (N/A)","50,000 .. 100,000","00:00 (00:00)","Jam","Jam"
"7285","Campfire Pro","Oct 1, 2018","N/A","N/A (N/A)","50,000 .. 100,000","00:00 (00:00)","Campfire Technology LLC","Campfire Technology LLC"
"7295","幻想三國誌5/Fantasia Sango 5","Aug 14, 2018","$29.99","N/A (N/A)","50,000 .. 100,000","00:00 (00:00)","USERJOY Technology Co.,Ltd.","USERJOY Technology Co.,Ltd., Phoenix Game"
"7300","Hifuu Nightmare Diary ~ Violet Detector.","Sep 4, 2018","$10.99","N/A (N/A)","50,000 .. 100,000","00:00 (00:00)","上海アリス幻樂団","Mediascape Co., Ltd."
"7310","DEAD DOZEN","Mar 7, 2018","N/A","N/A (N/A)","50,000 .. 100,000","00:00 (00:00)","FNTASTIC","FNTASTIC"
"7315","Merry Glade","May 11, 2018","$2.99","N/A (N/A)","50,000 .. 100,000","00:00 (00:00)","Anatoliy Loginovskikh","Anatoliy Loginovskikh"
"7321","SACRALITH : The Archer`s Tale","May 17, 2018","$19.99","N/A (N/A)","50,000 .. 100,000","00:00 (00:00)","Odd Meter","Odd Meter"
"7327","RUSH: A Disney • PIXAR Adventure","Sep 14, 2018","$5.99","N/A (N/A)","50,000 .. 100,000","00:00 (00:00)","Asobo Studio","Xbox Game Studios"
"7331","Helium Rain","Oct 11, 2018","Free","N/A (N/A)","50,000 .. 100,000","00:00 (00:00)","Deimos Games","Deimos Games"
"7332","Fluffy Horde","Nov 7, 2018","$9.99","N/A (N/A)","50,000 .. 100,000","00:00 (00:00)","Turtle Juice","Turtle Juice"
"7338","Doodle Date","Apr 19, 2018","$1.99","N/A (N/A)","50,000 .. 100,000","00:00 (00:00)","Nicholas Lives","Nicholas Lives"
"7342","Dead","Apr 6, 2018","$4.99","N/A (N/A)","50,000 .. 100,000","00:00 (00:00)","Alec Smith, Dane Winn","Milo Games"
"7343","Path of Sin: Greed","Aug 30, 2018","$14.99","N/A (N/A)","50,000 .. 100,000","00:00 (00:00)","Cordelia Games","Artifex Mundi"
"7345","Sarcophag","Apr 5, 2018","$0.99","N/A (N/A)","50,000 .. 100,000","00:00 (00:00)","Crew Lab","Crew Lab"
"7347","Grabity","May 30, 2018","Free","N/A (N/A)","50,000 .. 100,000","00:00 (00:00)","Team Ninja Thumbs","Team Ninja Thumbs"
"7357","WIN THE GAME: DO IT!","May 2, 2018","$0.99","N/A (N/A)","50,000 .. 100,000","00:00 (00:00)","AFBIK Studio","AFBIK Studio"
"7365","FPV Freerider","May 17, 2018","$5.99","N/A (N/A)","50,000 .. 100,000","00:00 (00:00)","John Holmvall","Jord&Eld"
"7369","Wuxia Master","Sep 29, 2018","$10","N/A (N/A)","50,000 .. 100,000","00:00 (00:00)","甲山林娛樂股份有限公司","甲山林娛樂股份有限公司"
"7370","NALOGI 2","May 31, 2018","$1.99","N/A (N/A)","50,000 .. 100,000","00:00 (00:00)","CUTE ANIME GIRLS","Tranquility games"
"7372","Null Vector","May 3, 2018","$4.99","N/A (N/A)","50,000 .. 100,000","00:00 (00:00)","Optical Override","Optical Override"
"7373","R-Type Dimensions EX","Nov 28, 2018","$14.99","N/A (N/A)","50,000 .. 100,000","00:00 (00:00)","Tozai Games, Inc., ESQUADRA,inc.","Tozai Games, Inc."
"7378","羽翼的祈愿 - Feather Of Praying","Jun 6, 2018","$1.99","N/A (N/A)","50,000 .. 100,000","00:00 (00:00)","秋之忧郁","Eternal Dream"
"7383","牧剑：化神书(Tale Of Swords: Mystery Scroll)","Feb 6, 2018","N/A","N/A (N/A)","50,000 .. 100,000","00:00 (00:00)","喵鼎工作室","喵鼎工作室"
"7385","Cave Digger VR","May 9, 2018","$19.9","N/A (N/A)","50,000 .. 100,000","00:00 (00:00)","VRKiwi","VRKiwi"
"7392","Football Game","Feb 13, 2018","$3.99","N/A (N/A)","50,000 .. 100,000","00:00 (00:00)","Cloak and Dagger Games","Cloak and Dagger Games"
"7402","BYTEPATH","Feb 23, 2018","$1.99","N/A (N/A)","50,000 .. 100,000","00:00 (00:00)","a327ex","a327ex"
"7407","AirMech Wastelands","Jul 6, 2018","$14.99","N/A (N/A)","50,000 .. 100,000","00:00 (00:00)","Carbon Games","Carbon Games"
"7414","Escape First","May 10, 2018","$5.99","N/A (N/A)","50,000 .. 100,000","00:00 (00:00)","OnSkull Games","OnSkull Games"
"7417","THE GREAT GEOMETRIC MULTIVERSE TOUR","Aug 27, 2018","$0.99","N/A (N/A)","50,000 .. 100,000","00:00 (00:00)","Pie On A Plate Productions","Pie On A Plate Productions"
"7419","Burnin' Rubber 5 HD","Feb 14, 2018","$9.99","N/A (N/A)","50,000 .. 100,000","00:00 (00:00)","Xform","Xform"
"7421","Deity Empires","Sep 25, 2018","$24.99","N/A (N/A)","50,000 .. 100,000","00:00 (00:00)","BaileyHausdorff Systems","BaileyHausdorff Systems"
"7433","The Raven Remastered","Mar 13, 2018","$19.99","N/A (N/A)","50,000 .. 100,000","00:00 (00:00)","KING Art","THQ Nordic"
"7434","Wenjia","Oct 17, 2018","$8.99","N/A (N/A)","50,000 .. 100,000","00:00 (00:00)","Luoriver studio-洛神游戏工作室","WhiteLakeStudio"
"7436","Moe Jigsaw","Mar 23, 2018","$3.99","N/A (N/A)","50,000 .. 100,000","00:00 (00:00)","ARES Inc.","ARES Inc."
"7437","XWidget","Nov 19, 2018","$3.99","N/A (N/A)","50,000 .. 100,000","00:00 (00:00)","DeskDev Team","DeskDev Team"
"7445","Learn Japanese To Survive! Kanji Combat","Aug 1, 2018","$8.99","N/A (N/A)","50,000 .. 100,000","00:00 (00:00)","Sleepy Duck","RIVER CROW STUDIO"
"7447","Final Theory","Sep 21, 2018","$14.99","N/A (N/A)","50,000 .. 100,000","00:00 (00:00)","Monticube","Monticube"
"7448","Zeal","Sep 24, 2018","Free","N/A (N/A)","50,000 .. 100,000","00:00 (00:00)","Skymarch Entertainment","Skymarch Entertainment"
"7451","0°N 0°W","Mar 1, 2018","$4.99","N/A (N/A)","50,000 .. 100,000","00:00 (00:00)","Colorfiction","Colorfiction"
"7452","Panzer Strategy","Aug 31, 2018","$29.99","N/A (N/A)","50,000 .. 100,000","00:00 (00:00)","Starni Games","Starni Games"
"7465","Shining Song Starnova","Sep 13, 2018","$29.99","N/A (N/A)","50,000 .. 100,000","00:00 (00:00)","Love in Space","Sekai Project"
"7469","LEGRAND LEGACY: Tale of the Fatebounds","Jan 24, 2018","$19.99","N/A (N/A)","50,000 .. 100,000","00:00 (00:00)","SEMISOFT","SEMISOFT"
"7473","The Miskatonic","Jul 19, 2018","$0.99","N/A (N/A)","50,000 .. 100,000","00:00 (00:00)","Rapscallion","Rapscallion"
"7476","Play With Me: Escape Room","Jan 17, 2018","$2.99","N/A (N/A)","50,000 .. 100,000","00:00 (00:00)","Airem","Airem"
"7486","Identity","Nov 30, 2018","$29.99","N/A (N/A)","50,000 .. 100,000","00:00 (00:00)","Asylum Entertainment Inc.","Asylum Entertainment Inc."
"7487","Märchen Forest: Mylne and the Forest Gift [Legacy ver.]","May 16, 2018","$9.99","N/A (N/A)","50,000 .. 100,000","00:00 (00:00)","PrimaryOrbit","KOHACHI STUDIO Co., Ltd."
"7491","Star Shelter","Oct 23, 2018","$19.99","N/A (N/A)","50,000 .. 100,000","00:00 (00:00)","Overflow","Overflow"
"7492","Zombie Builder Defense","Nov 2, 2018","Free","N/A (N/A)","50,000 .. 100,000","00:00 (00:00)","Noham Games","Noham Games"
"7502","Dodge Show","Apr 20, 2018","$0.99","N/A (N/A)","50,000 .. 100,000","00:00 (00:00)","Qunee","Qunee"
"7506","Trash Story","May 29, 2018","$0.99","N/A (N/A)","50,000 .. 100,000","00:00 (00:00)","KuKo","KuKo"
"7511","Walking Zombie: Shooter","Jan 19, 2018","$4.99","N/A (N/A)","50,000 .. 100,000","00:00 (00:00)","Alda Games","Alda Games"
"7514","Perfect Heist","Aug 17, 2018","$4.99","N/A (N/A)","50,000 .. 100,000","00:00 (00:00)","yeswecamp","yeswecamp"
"7518","Mount Your Friends 3D: A Hard Man is Good to Climb","Feb 23, 2018","$6.99","N/A (N/A)","50,000 .. 100,000","00:00 (00:00)","Stegersaurus Software Inc.","Stegersaurus Software Inc."
"7520","Blast-off","Jan 22, 2018","$2.99","N/A (N/A)","50,000 .. 100,000","00:00 (00:00)","Quad-Games","Quad-Games"
"7523","Sakura Sadist","May 25, 2018","$9.99","N/A (N/A)","50,000 .. 100,000","00:00 (00:00)","Winged Cloud","Winged Cloud"
"7527","SUMETRICK","Jan 26, 2018","$0.99","N/A (N/A)","50,000 .. 100,000","00:00 (00:00)","Paleno Games","Paleno Games"
"7528","Princess Maker 5","May 4, 2018","$29.99","N/A (N/A)","50,000 .. 100,000","00:00 (00:00)","CFK Co., Ltd.","Bliss Brain"
"7530","STAY","May 16, 2018","$11.99","N/A (N/A)","50,000 .. 100,000","00:00 (00:00)","Appnormals Team","Appnormals Team"
"7532","Suicide Guy: Sleepin' Deeply","Jun 7, 2018","$5.99","N/A (N/A)","50,000 .. 100,000","00:00 (00:00)","Fabio Ferrara","Chubby Pixel"
"7537","Ria's Hook","Apr 4, 2018","$2.99","N/A (N/A)","50,000 .. 100,000","00:00 (00:00)","Fossil","Fossil"
"7542","Atomic Society","Oct 15, 2018","N/A","N/A (N/A)","50,000 .. 100,000","00:00 (00:00)","Far Road Games","Far Road Games"
"7543","Victory At Sea Pacific","Sep 14, 2018","$39.99","N/A (N/A)","50,000 .. 100,000","00:00 (00:00)","Evil Twin Artworks","Evil Twin Artworks"
"7544","Protolife","Jun 15, 2018","$11.99","N/A (N/A)","50,000 .. 100,000","00:00 (00:00)","Volcanic Giraffe","Volcanic Giraffe"
"7545","Endless Road: Reborn","Sep 10, 2018","$9.99","N/A (N/A)","50,000 .. 100,000","00:00 (00:00)","Pig Candle Games","Sula Box Games, Pig Candle Games"
"7546","FAST BEAT LOOP RACER GT | 環狀賽車GT","May 17, 2018","$9.99","N/A (N/A)","50,000 .. 100,000","00:00 (00:00)","SAINT-FUN INTERNATIONAL CO., LTD.","UFO Interactive Games"
"7547","AntVentor","May 17, 2018","$4.99","N/A (N/A)","50,000 .. 100,000","00:00 (00:00)","LoopyMood","LoopyMood"
"7548","Seed of Evil","Nov 1, 2018","$4.54","N/A (N/A)","50,000 .. 100,000","00:00 (00:00)","Hasoyua","Kagura Games"
"7554","Fantasy Versus","May 15, 2018","$6.99","N/A (N/A)","50,000 .. 100,000","00:00 (00:00)","Animu Game","Animu Game"
"7563","Super Daryl Deluxe","Apr 10, 2018","$19.99","N/A (N/A)","50,000 .. 100,000","00:00 (00:00)","Dan & Gary Games","Dan & Gary Games"
"7564","Hentai Shooter 3D","Sep 1, 2018","$0.99","N/A (N/A)","50,000 .. 100,000","00:09 (00:06)","КиКо","КиКо"
"7565","EARTHLOCK","Mar 8, 2018","$14.99","N/A (N/A)","50,000 .. 100,000","00:00 (00:00)","Snowcastle Games","Snowcastle Games"
"7566","BattleRush 2","Oct 18, 2018","$14.99","N/A (N/A)","50,000 .. 100,000","00:00 (00:00)","TB Games","TB Games"
"7572","Illwinter's Floorplan Generator","May 4, 2018","$7.99","N/A (N/A)","50,000 .. 100,000","00:43 (00:21)","Illwinter Game Design","Illwinter Game Design"
"7580","Galimulator","Mar 16, 2018","$4.99","N/A (N/A)","50,000 .. 100,000","00:00 (00:00)","Snoddasmannen","Snoddasmannen"
"7585","QuiVr","Jun 18, 2018","$9.99","N/A (N/A)","50,000 .. 100,000","00:00 (00:00)","Blueteak","Alvios, Inc."
"7587","NAIRI: Tower of Shirin","Nov 29, 2018","$4.99","N/A (N/A)","50,000 .. 100,000","00:00 (00:00)","HomeBearStudio","Hound Picked Games"
"7594","Hatsune Miku VR","Mar 8, 2018","$24.99","N/A (N/A)","50,000 .. 100,000","00:00 (00:00)","Crypton Future Media","KOMODO"
"7597","Maia","Nov 23, 2018","$24.99","N/A (N/A)","50,000 .. 100,000","00:00 (00:00)","Simon Roth","Machine Studios"
"7601","Hakoniwa Explorer Plus","Jun 6, 2018","$9.99","N/A (N/A)","50,000 .. 100,000","00:00 (00:00)","suxamethonium","PLAYISM"
"7604","The Spiral Scouts","Jul 12, 2018","$9.99","N/A (N/A)","50,000 .. 100,000","00:00 (00:00)","Cantaloupe Kids","Cantaloupe Kids"
"7614","Scavenger SV-4","Jan 31, 2018","$14.99","N/A (N/A)","50,000 .. 100,000","00:00 (00:00)","Deric Ruhl","HoroArch"
"7617","Racket: Nx","Jul 17, 2018","$19.99","N/A (N/A)","50,000 .. 100,000","00:00 (00:00)","One Hamsa","One Hamsa"
"7619","Psychonauts in the Rhombus of Ruin","Apr 19, 2018","$3.99","N/A (N/A)","50,000 .. 100,000","00:00 (00:00)","Double Fine Productions, React Games","Double Fine Productions"
"7622","GARAGE: Bad Trip","Jul 6, 2018","$14.99","N/A (N/A)","50,000 .. 100,000","00:00 (00:00)","Zombie Dynamics","tinyBuild"
"7626","Mana Spark","Sep 27, 2018","$3.95","N/A (N/A)","50,000 .. 100,000","00:00 (00:00)","BEHEMUTT, Kishimoto Studios","BEHEMUTT"
"1","Grand Theft Auto V Legacy","Apr 14, 2015","N/A","N/A (N/A/96%)","50,000,000 .. 100,000,000","09:55 (02:05)","Rockstar North","Rockstar Games"
"3","The Witcher 3: Wild Hunt","May 18, 2015","$3.99","N/A (N/A/93%)","20,000,000 .. 50,000,000","09:57 (02:39)","CD PROJEKT RED","CD PROJEKT RED"
"2676","Tom Clancy's Rainbow Six Siege","Dec 1, 2015","$19.99","N/A (N/A)","20,000,000 .. 50,000,000","09:31 (02:27)","Ubisoft Montreal","Ubisoft"
"20","Rocket League","Jul 7, 2015","N/A","N/A (N/A/86%)","10,000,000 .. 20,000,000","07:17 (03:41)","Psyonix LLC","Psyonix LLC"
"27","Cities: Skylines","Mar 10, 2015","$29.99","N/A (N/A/85%)","10,000,000 .. 20,000,000","07:07 (01:34)","Colossal Order Ltd.","Paradox Interactive"
"43","SMITE","Sep 8, 2015","Free","N/A (N/A/83%)","10,000,000 .. 20,000,000","10:08 (19:34)","Titan Forge Games","Hi-Rez Studios"
"633","Trove","Jul 9, 2015","N/A","N/A (N/A)","10,000,000 .. 20,000,000","01:44 (02:14)","gamigo US Inc.","gamigo US Inc."
"4","Undertale","Sep 15, 2015","$9.99","N/A (N/A/92%)","5,000,000 .. 10,000,000","03:59 (04:39)","tobyfox","tobyfox"
"42","Prison Architect","Oct 6, 2015","$29.99","N/A (N/A/83%)","5,000,000 .. 10,000,000","09:19 (10:12)","Introversion Software, Double Eleven","Paradox Interactive"
"111","Evolve Stage 2","Feb 10, 2015","N/A","N/A (N/A/77%)","5,000,000 .. 10,000,000","00:00 (00:00)","Turtle Rock Studios","2K"
"286","Dirty Bomb","Jun 2, 2015","Free","N/A (N/A/63%)","5,000,000 .. 10,000,000","00:00 (00:00)","Splash Damage","Warchest Ltd."
"630","AdVenture Capitalist","Mar 30, 2015","Free","N/A (N/A)","5,000,000 .. 10,000,000","02:34 (03:09)","Hyper Hippo Games","Hyper Hippo Games"
"631","Clicker Heroes","May 13, 2015","Free","N/A (N/A)","5,000,000 .. 10,000,000","00:03 (00:03)","Playsaurus","Playsaurus"
"632","Fishing Planet","Aug 11, 2015","Free","N/A (N/A)","5,000,000 .. 10,000,000","02:08 (02:21)","Fishing Planet LLC","Fishing Planet LLC"
"634","Life is Strange - Episode 1","Jan 29, 2015","Free","N/A (N/A)","5,000,000 .. 10,000,000","00:00 (00:00)","DONTNOD Entertainment, Feral Interactive (Mac), Feral Interactive (Linux)","Square Enix, Feral interactive (Mac), Feral Interactive (Linux)"
"2675","BeamNG.drive","May 29, 2015","$24.99","N/A (N/A)","5,000,000 .. 10,000,000","04:57 (02:05)","BeamNG","BeamNG"
"5","METAL GEAR SOLID V: THE PHANTOM PAIN","Sep 1, 2015","$19.99","N/A (N/A/91%)","2,000,000 .. 5,000,000","06:18 (03:19)","KONAMI","KONAMI"
"7","Fallout: A Post Nuclear Role Playing Game","Nov 1, 2015","$9.99","N/A (N/A/89%)","2,000,000 .. 5,000,000","00:44 (00:36)","Interplay Inc.","Bethesda Softworks"
"9","Ori and the Blind Forest","Mar 11, 2015","N/A","N/A (N/A/88%)","2,000,000 .. 5,000,000","02:25 (01:12)","Moon Studios GmbH","Xbox Game Studios"
"10","Kerbal Space Program","Apr 27, 2015","$9.99","N/A (N/A/88%)","2,000,000 .. 5,000,000","07:57 (06:25)","Squad","Private Division"
"19","DiRT Rally","Dec 7, 2015","N/A","N/A (N/A/86%)","2,000,000 .. 5,000,000","00:54 (01:11)","Codemasters, Feral Interactive (Linux), Feral Interactive (Mac)","Codemasters, Feral Interactive (Linux), Feral Interactive (Mac), Electronic Arts"
"33","SOMA","Sep 21, 2015","$29.99","N/A (N/A/84%)","2,000,000 .. 5,000,000","01:41 (00:33)","Frictional Games","Frictional Games"
"34","Mortal Kombat X","Apr 13, 2015","$3.99","N/A (N/A/84%)","2,000,000 .. 5,000,000","06:22 (06:14)","NetherRealm Studios, QLOC","Warner Bros. Games, Warner Bros. Interactive Entertainment"
"37","Divide By Sheep","Jul 2, 2015","$4.99","N/A (N/A/83%)","2,000,000 .. 5,000,000","00:00 (00:00)","Victor Solodilov, Denis Novikov","tinyBuild"
"40","HELLDIVERS Dive Harder Edition","Dec 7, 2015","$3.99","N/A (N/A/83%)","2,000,000 .. 5,000,000","03:42 (03:20)","Arrowhead Game Studios","PlayStation Publishing LLC"
"41","Broforce","Oct 15, 2015","$14.99","N/A (N/A/83%)","2,000,000 .. 5,000,000","02:04 (03:06)","Free Lives","Devolver Digital"
"53","Duck Game","Jun 4, 2015","$6.49","N/A (N/A/82%)","2,000,000 .. 5,000,000","02:00 (01:19)","Landon Podbielski","CORPTRON GAMES CORP."
"81","Total War: ATTILA","Feb 17, 2015","$44.99","N/A (N/A/80%)","2,000,000 .. 5,000,000","03:12 (04:15)","CREATIVE ASSEMBLY","SEGA"
"82","Elite Dangerous","Apr 2, 2015","$5.99","N/A (N/A/80%)","2,000,000 .. 5,000,000","15:38 (10:02)","Frontier Developments","Frontier Developments"
"91","Jotun: Valhalla Edition","Sep 29, 2015","$2.24","N/A (N/A/79%)","2,000,000 .. 5,000,000","00:00 (00:00)","Thunder Lotus","Thunder Lotus"
"93","DARK SOULS II: Scholar of the First Sin","Apr 1, 2015","$19.99","N/A (N/A/79%)","2,000,000 .. 5,000,000","04:17 (04:15)","FromSoftware, Inc.","Bandai Namco Entertainment, FromSoftware, Inc."
"123","DISTRAINT: Deluxe Edition","Oct 21, 2015","$0.69","N/A (N/A/76%)","2,000,000 .. 5,000,000","01:43 (00:34)","Jesse Makkonen","Jesse Makkonen"
"146","The Red Solstice","Jul 9, 2015","$9.99","N/A (N/A/74%)","2,000,000 .. 5,000,000","00:30 (00:10)","Ironward","Ironward"
"152","Kingdom: Classic","Oct 21, 2015","Free","N/A (N/A/74%)","2,000,000 .. 5,000,000","01:54 (00:47)","Noio, Licorice","Raw Fury"
"153","Assassin's Creed Syndicate","Nov 18, 2015","$29.99","N/A (N/A/74%)","2,000,000 .. 5,000,000","04:37 (01:32)","Ubisoft Quebec, in collaboration with Ubisoft Annecy, Bucharest, Kiev, Montreal, Montpellier, Shanghai, Singapore, Sofia, Toronto studios","Ubisoft"
"163","Mad Max","Sep 1, 2015","$2.99","N/A (N/A/73%)","2,000,000 .. 5,000,000","07:24 (08:12)","Avalanche Studios","Warner Bros. Games, Warner Bros. Interactive Entertainment"
"177","Block N Load","Apr 30, 2015","Free","N/A (N/A/72%)","2,000,000 .. 5,000,000","00:00 (00:00)","Toadman Interactive, Artplant","Toadman Interactive"
"276","Kholat","Jun 9, 2015","$19.99","N/A (N/A/64%)","2,000,000 .. 5,000,000","21:59 (21:59)","IMGN.PRO","IMGN.PRO"
"299","F1 2015","Jul 9, 2015","N/A","N/A (N/A/61%)","2,000,000 .. 5,000,000","05:46 (01:55)","Codemasters, Feral Interactive (Linux)","Codemasters, Feral Interactive (Linux)"
"619","America's Army: Proving Grounds","Oct 1, 2015","N/A","N/A (N/A)","2,000,000 .. 5,000,000","09:04 (06:02)","U.S. Army","U.S. Army"
"622","Mitos.is: The Game","Jul 29, 2015","Free","N/A (N/A)","2,000,000 .. 5,000,000","00:00 (00:00)","Freakinware Studios","Freakinware Studios"
"623","MechWarrior Online Solaris 7","Dec 10, 2015","Free","N/A (N/A)","2,000,000 .. 5,000,000","00:00 (00:00)","Piranha Games Inc.","Piranha Games Inc."
"625","Survarium","Apr 2, 2015","N/A","N/A (N/A)","2,000,000 .. 5,000,000","00:00 (00:00)","Vostok Games","Vostok Games"
"627","Magic Duels","Jul 29, 2015","N/A","N/A (N/A)","2,000,000 .. 5,000,000","00:00 (00:00)","Stainless Games Ltd.","Wizards of the Coast LLC"
"628","Transformice","Jan 30, 2015","Free","N/A (N/A)","2,000,000 .. 5,000,000","02:22 (03:11)","Atelier 801","Atelier 801"
"2434","The I of the Dragon","Mar 6, 2015","$7.99","N/A (N/A)","2,000,000 .. 5,000,000","00:00 (00:00)","Primal","TopWare Interactive"
"2655","Magicka 2","May 26, 2015","$14.99","N/A (N/A)","2,000,000 .. 5,000,000","01:39 (00:33)","Pieces Interactive","Paradox Interactive"
"2661","Darksiders II Deathinitive Edition","Nov 5, 2015","$29.99","N/A (N/A)","2,000,000 .. 5,000,000","00:02 (00:00)","Gunfire Games, Vigil Games, THQ Nordic","THQ Nordic"
"2672","Hotline Miami 2: Wrong Number","Mar 10, 2015","$14.99","N/A (N/A)","2,000,000 .. 5,000,000","01:26 (00:54)","Dennaton Games","Devolver Digital"
"2673","Tabletop Simulator","Jun 5, 2015","$19.99","N/A (N/A)","2,000,000 .. 5,000,000","06:24 (02:28)","Berserk Games","Berserk Games"
"2","Divinity: Original Sin - Enhanced Edition","Oct 27, 2015","$39.99","N/A (N/A/94%)","1,000,000 .. 2,000,000","03:59 (05:36)","Larian Studios","Larian Studios"
"8","Pillars of Eternity","Mar 26, 2015","$9.99","N/A (N/A/89%)","1,000,000 .. 2,000,000","10:07 (20:01)","Obsidian Entertainment","Xbox Game Studios"
"12","Crypt of the NecroDancer","Apr 23, 2015","$14.99","N/A (N/A/87%)","1,000,000 .. 2,000,000","01:21 (02:11)","Brace Yourself Games","Brace Yourself Games, Klei Entertainment"
"18","Homeworld Remastered Collection","Feb 25, 2015","$34.99","N/A (N/A/86%)","1,000,000 .. 2,000,000","06:09 (02:03)","Gearbox Software, Aspyr (Mac)","Gearbox Publishing, Aspyr (Mac)"
"39","Project CARS","May 6, 2015","N/A","N/A (N/A/83%)","1,000,000 .. 2,000,000","00:00 (00:00)","Slightly Mad Studios","Codemasters, Slightly Mad Studios, Electronic Arts"
"51","Invisible, Inc.","May 12, 2015","$4.99","N/A (N/A/82%)","1,000,000 .. 2,000,000","01:42 (00:34)","Klei Entertainment","Klei Entertainment"
"52","Resident Evil","Jan 19, 2015","$9.99","N/A (N/A/82%)","1,000,000 .. 2,000,000","05:07 (02:15)","CAPCOM Co., Ltd.","CAPCOM Co., Ltd."
"59","SUNLESS SEA","Feb 6, 2015","$18.99","N/A (N/A/81%)","1,000,000 .. 2,000,000","09:07 (03:02)","Failbetter Games","Failbetter Games"
"60","Galactic Civilizations III","May 14, 2015","$29.99","N/A (N/A/81%)","1,000,000 .. 2,000,000","00:00 (00:00)","Stardock Entertainment","Stardock Entertainment"
"78","ArcheAge","Mar 26, 2015","N/A","N/A (N/A/80%)","1,000,000 .. 2,000,000","00:00 (00:00)","XLGAMES","Kakao Games Europe B.V."
"92","Warhammer: End Times - Vermintide","Oct 23, 2015","$2.09","N/A (N/A/79%)","1,000,000 .. 2,000,000","01:21 (00:54)","Fatshark","Fatshark"
"101","RUNNING WITH RIFLES","Apr 2, 2015","$14.99","N/A (N/A/78%)","1,000,000 .. 2,000,000","09:41 (03:13)","Osumia Games","Osumia Games"
"122","Blood Bowl 2","Sep 22, 2015","$19.99","N/A (N/A/76%)","1,000,000 .. 2,000,000","37:57 (12:39)","Cyanide Studios","Nacon"
"124","Wolfenstein: The Old Blood","May 4, 2015","$4.99","N/A (N/A/76%)","1,000,000 .. 2,000,000","01:01 (00:20)","MachineGames","Bethesda Softworks"
"131","Satellite Reign","Aug 27, 2015","$29.99","N/A (N/A/75%)","1,000,000 .. 2,000,000","00:29 (00:09)","5 Lives Studios","5 Lives Studios"
"136","Armello","Sep 1, 2015","$24.99","N/A (N/A/75%)","1,000,000 .. 2,000,000","00:30 (00:20)","League of Geeks","League of Geeks"
"149","12 is Better Than 6","Nov 20, 2015","$9.99","N/A (N/A/74%)","1,000,000 .. 2,000,000","01:50 (02:55)","Ink Stains Games","HypeTrain Digital"
"151","Assassin’s Creed Rogue","Mar 9, 2015","$19.99","N/A (N/A/74%)","1,000,000 .. 2,000,000","03:13 (02:08)","Ubisoft Sofia, Ubisoft Kiev","Ubisoft"
"173","Anno 2205","Nov 2, 2015","$5.99","N/A (N/A/72%)","1,000,000 .. 2,000,000","00:00 (00:00)","Blue Byte","Ubisoft"
"175","LEGO Jurassic World","Jun 11, 2015","$19.99","N/A (N/A/72%)","1,000,000 .. 2,000,000","03:41 (03:48)","TT Games Ltd","Warner Bros. Interactive Entertainment"
"178","Zombie Army Trilogy","Mar 6, 2015","$44.99","N/A (N/A/72%)","1,000,000 .. 2,000,000","00:00 (00:00)","Rebellion","Rebellion"
"202","Dungeons 2","Apr 24, 2015","$19.99","N/A (N/A/70%)","1,000,000 .. 2,000,000","00:00 (00:00)","Realmforge Studios","Kalypso Media Digital"
"203","Fran Bow","Aug 27, 2015","$14.99","N/A (N/A/70%)","1,000,000 .. 2,000,000","00:00 (00:00)","Killmonday Games AB","Killmonday Games AB"
"204","Verdun","Apr 28, 2015","$19.99","N/A (N/A/70%)","1,000,000 .. 2,000,000","00:06 (00:02)","BlackMill Games","BlackMill Games"
"268","Heroes of Might & Magic III - HD Edition","Jan 28, 2015","$3.74","N/A (N/A/65%)","1,000,000 .. 2,000,000","06:25 (07:09)","Dotemu","Ubisoft Entertainment"
"357","Hatred","Jun 1, 2015","$5.99","N/A (N/A/43%)","1,000,000 .. 2,000,000","00:57 (00:19)","Destructive Creations","Destructive Creations"
"572","AX:EL - Air XenoDawn","Dec 4, 2015","N/A","N/A (N/A)","1,000,000 .. 2,000,000","00:00 (00:00)","Alex Piola","KISS ltd"
"604","VEGA Conflict","Dec 14, 2015","Free","N/A (N/A)","1,000,000 .. 2,000,000","00:47 (00:26)","KIXEYE","KIXEYE"
"607","Armored Warfare","Oct 8, 2015","Free","N/A (N/A)","1,000,000 .. 2,000,000","00:00 (00:00)","Obsidian Entertainment, Wishlist Games","Wishlist Games"
"608","Strife","May 22, 2015","Free","N/A (N/A)","1,000,000 .. 2,000,000","00:00 (00:00)","S2 Games","S2 Games"
"613","Romero's Aftermath","Sep 24, 2015","N/A","N/A (N/A)","1,000,000 .. 2,000,000","00:00 (00:00)","Free Reign Entertainment","OP Productions LLC, Free Reign East LLC"
"615","Endless Sky","Oct 30, 2015","Free","N/A (N/A)","1,000,000 .. 2,000,000","16:31 (05:30)","Michael Zahniser","Michael Zahniser"
"616","Gear Up","Jan 28, 2015","Free","N/A (N/A)","1,000,000 .. 2,000,000","00:00 (00:00)","Doctor Entertainment AB","Doctor Entertainment AB"
"617","Relic Hunters Zero: Remix","Aug 18, 2015","Free","N/A (N/A)","1,000,000 .. 2,000,000","00:00 (00:00)","Rogue Snail","Akupara Games"
"624","Sakura Clicker","Jul 29, 2015","Free","N/A (N/A)","1,000,000 .. 2,000,000","00:00 (00:00)","Winged Cloud","Winged Cloud"
"626","Spooky's Jump Scare Mansion","Jul 28, 2015","Free","N/A (N/A)","1,000,000 .. 2,000,000","00:00 (00:00)","Lag Studios","Lag Studios"
"629","Just Survive","Jan 15, 2015","N/A","N/A (N/A)","1,000,000 .. 2,000,000","00:00 (00:00)","Daybreak Game Company","Daybreak Game Company"
"2405","Make it indie!","Apr 1, 2015","$0.99","N/A (N/A)","1,000,000 .. 2,000,000","00:00 (00:00)","Sometimes You","Sometimes You"
"2432","Terra Incognita Chapter One: The Descendant","Feb 3, 2015","$1.99","N/A (N/A)","1,000,000 .. 2,000,000","00:00 (00:00)","Back To Basics Gaming","Back To Basics Gaming"
"2545","Heaven Island - VR MMO","Dec 23, 2015","$0.99","N/A (N/A)","1,000,000 .. 2,000,000","00:00 (00:00)","Fabio Ferrara, Giulia Airoldi","Chubby Pixel"
"2579","Drift Streets Japan","Dec 21, 2015","$0.49","N/A (N/A)","1,000,000 .. 2,000,000","00:00 (00:00)","JDM4iK Games","SA Industry, BATYSTORE LTD"
"2600","Turbo Pug","Nov 9, 2015","$1.99","N/A (N/A)","1,000,000 .. 2,000,000","00:00 (00:00)","Space Cat Studios, SnowFlame, Back To Basics Gaming","Back To Basics Gaming"
"2637","ShareX","Oct 2, 2015","Free","N/A (N/A)","1,000,000 .. 2,000,000","17:46 (50:38)","ShareX Team","ShareX Team"
"2642","Planetbase","Oct 15, 2015","$14.99","N/A (N/A)","1,000,000 .. 2,000,000","01:07 (00:44)","Madruga Works","Madruga Works"
"2652","State of Decay: YOSE","Apr 27, 2015","$4.99","N/A (N/A)","1,000,000 .. 2,000,000","00:00 (00:00)","Undead Labs","Xbox Game Studios"
"2662","Devil May Cry 4 Special Edition","Jun 23, 2015","$7.49","N/A (N/A)","1,000,000 .. 2,000,000","01:55 (02:05)","CAPCOM Co., Ltd.","CAPCOM Co., Ltd."
"2665","DRAGON BALL XENOVERSE","Feb 26, 2015","$39.99","N/A (N/A)","1,000,000 .. 2,000,000","00:00 (00:00)","DIMPS","BANDAI NAMCO Entertainment"
"2667","Viscera Cleanup Detail","Oct 23, 2015","$12.99","N/A (N/A)","1,000,000 .. 2,000,000","00:11 (00:03)","RuneStorm","RuneStorm"
"2668","Resident Evil Revelations 2","Feb 24, 2015","$19.99","N/A (N/A)","1,000,000 .. 2,000,000","04:10 (04:09)","CAPCOM Co., Ltd.","CAPCOM Co., Ltd."
"2669","HuniePop","Jan 19, 2015","$9.99","N/A (N/A)","1,000,000 .. 2,000,000","00:00 (00:00)","HuniePot","HuniePot"
"2670","Universe Sandbox","Aug 24, 2015","$29.99","N/A (N/A)","1,000,000 .. 2,000,000","00:31 (00:20)","Giant Army","Giant Army"
"2671","Emily is Away","Nov 20, 2015","Free","N/A (N/A)","1,000,000 .. 2,000,000","01:20 (00:26)","Kyle Seeley","Kyle Seeley"
"6","Nuclear Throne","Dec 5, 2015","$11.99","N/A (N/A/89%)","500,000 .. 1,000,000","00:00 (00:00)","Vlambeer","Vlambeer"
"25","System Shock: Enhanced Edition","Oct 22, 2015","$1.99","N/A (N/A/85%)","500,000 .. 1,000,000","00:00 (00:00)","Looking Glass Studios, Nightdive Studios","Nightdive Studios"
"32","Grim Fandango Remastered","Jan 26, 2015","$14.99","N/A (N/A/84%)","500,000 .. 1,000,000","00:00 (00:00)","Double Fine Productions, Shiny Shoe","Double Fine Productions"
"58","Shadowrun: Hong Kong - Extended Edition","Aug 20, 2015","$19.99","N/A (N/A/81%)","500,000 .. 1,000,000","00:00 (00:00)","Harebrained Schemes","Paradox Interactive"
"79","Card Hunter","Jul 13, 2015","Free","N/A (N/A/80%)","500,000 .. 1,000,000","00:31 (00:10)","The Knights of Unity","The Knights of Unity"
"90","iRacing","Jan 12, 2015","$9.99","N/A (N/A/79%)","500,000 .. 1,000,000","11:29 (25:35)","iRacing.com Motorsport Simulations, iRacing","iRacing.com Motorsport Simulations, iRacing"
"99","Human Resource Machine","Oct 15, 2015","$4.94","N/A (N/A/78%)","500,000 .. 1,000,000","00:00 (00:00)","Tomorrow Corporation","Tomorrow Corporation"
"100","Hand of Fate","Feb 17, 2015","$19.99","N/A (N/A/78%)","500,000 .. 1,000,000","00:10 (00:03)","Defiant Development","Defiant Development"
"109","Tales of Zestiria","Oct 19, 2015","$49.99","N/A (N/A/77%)","500,000 .. 1,000,000","00:00 (00:00)","BANDAI NAMCO Studio Inc.","BANDAI NAMCO Entertainment"
"110","Mini Metro","Nov 6, 2015","$4.99","N/A (N/A/77%)","500,000 .. 1,000,000","01:39 (01:25)","Dinosaur Polo Club","Dinosaur Polo Club"
"134","Victor Vran ARPG","Jul 24, 2015","$19.99","N/A (N/A/75%)","500,000 .. 1,000,000","00:00 (00:00)","Haemimont Games","Haemimont Games, EuroVideo Medien"
"135","Rebel Galaxy","Oct 20, 2015","$19.99","N/A (N/A/75%)","500,000 .. 1,000,000","00:00 (00:00)","Double Damage Games","Double Damage Games, SNEG"
"148","Mordheim: City of the Damned","Nov 19, 2015","$19.99","N/A (N/A/74%)","500,000 .. 1,000,000","00:01 (00:00)","Rogue Factor","Nacon"
"150","Titan Souls","Apr 14, 2015","$14.99","N/A (N/A/74%)","500,000 .. 1,000,000","00:00 (00:00)","Acid Nerve","Devolver Digital"
"176","Hyperdimension Neptunia Re;Birth1","Jan 29, 2015","$14.99","N/A (N/A/72%)","500,000 .. 1,000,000","00:00 (00:00)","IDEA FACTORY Co., Ltd., COMPILE HEART Co., Ltd., FELISTELLA Co., Ltd.","Idea Factory International, Inc., IDEA FACTORY Co., Ltd."
"187","The Escapists","Feb 13, 2015","$3.59","N/A (N/A/71%)","500,000 .. 1,000,000","00:02 (00:01)","Mouldy Toof Studios","Team17"
"218","DEAD OR ALIVE 5 Last Round: Core Fighters","Mar 30, 2015","Free","N/A (N/A/69%)","500,000 .. 1,000,000","00:05 (00:01)","Team NINJA, KOEI TECMO GAMES CO., LTD.","KOEI TECMO GAMES CO., LTD."
"219","SimplePlanes","Dec 17, 2015","$12.99","N/A (N/A/69%)","500,000 .. 1,000,000","02:23 (01:35)","Jundroo, LLC","Jundroo, LLC"
"237","Five Nights at Freddy's 3","Mar 2, 2015","$7.99","N/A (N/A/68%)","500,000 .. 1,000,000","00:14 (00:09)","Scott Cawthon","Scott Cawthon"
"238","Car Mechanic Simulator 2015","Apr 23, 2015","$19.99","N/A (N/A/68%)","500,000 .. 1,000,000","00:00 (00:00)","Red Dot Games","PlayWay S.A."
"256","Saints Row: Gat out of Hell","Jan 20, 2015","$14.99","N/A (N/A/66%)","500,000 .. 1,000,000","00:00 (00:00)","Deep Silver Volition, High Voltage Software","Deep Silver"
"263","Journey To The Center Of The Earth","Sep 23, 2015","N/A","N/A (N/A/65%)","500,000 .. 1,000,000","00:00 (00:00)","InSayn","InSayn"
"277","Party Hard","Aug 25, 2015","$9.99","N/A (N/A/64%)","500,000 .. 1,000,000","03:14 (01:04)","Pinokl Games, Kverta","tinyBuild"
"340","Five Nights at Freddy's 4","Jul 23, 2015","$7.99","N/A (N/A/51%)","500,000 .. 1,000,000","00:05 (00:01)","Scott Cawthon","Scott Cawthon"
"353","Viridi","Aug 19, 2015","Free","N/A (N/A/46%)","500,000 .. 1,000,000","00:06 (00:06)","Zoe Vartanian, Badru, Isa Hutchinson, Michael Bell","Ice Water Games"
"561","Navy Field 2 : Conqueror of the Ocean","Mar 5, 2015","N/A","N/A (N/A)","500,000 .. 1,000,000","00:00 (00:00)","SDEnterNet","SDEnterNet"
"571","CaesarIA","Jan 20, 2015","Free","N/A (N/A)","500,000 .. 1,000,000","00:00 (00:00)","rdt.32","rdt.32"
"577","Destination Sol","Feb 5, 2015","Free","N/A (N/A)","500,000 .. 1,000,000","00:00 (00:00)","MovingBlocks","MovingBlocks"
"580","Space Pilgrim Episode I: Alpha Centauri","Dec 14, 2015","Free","N/A (N/A)","500,000 .. 1,000,000","00:00 (00:00)","Pilgrim Adventures, GrabTheGames Studios","GrabTheGames, TheGamesFortress"
"583","METAL SLUG DEFENSE","May 1, 2015","Free","N/A (N/A)","500,000 .. 1,000,000","00:00 (00:00)","SNK CORPORATION","SNK CORPORATION"
"588","Mortal Online","Aug 31, 2015","Free","N/A (N/A)","500,000 .. 1,000,000","00:00 (00:00)","Star Vault AB","Star Vault AB"
"591","Pool Nation FX Lite","Dec 7, 2015","Free","N/A (N/A)","500,000 .. 1,000,000","00:00 (00:00)","Cherry Pop Games","Cherry Pop Games"
"594","Batla","May 14, 2015","N/A","N/A (N/A)","500,000 .. 1,000,000","00:00 (00:00)","[geim].pro","Abyss Lights Studio LLP"
"596","RPG MO","Aug 18, 2015","Free","N/A (N/A)","500,000 .. 1,000,000","00:00 (00:00)","Marxnet","Marxnet"
"600","Simply Chess","Sep 11, 2015","N/A","N/A (N/A)","500,000 .. 1,000,000","00:00 (00:00)","BlueLine Games","BlueLine Games"
"601","The Four Kings Casino and Slots","Jun 1, 2015","Free","N/A (N/A)","500,000 .. 1,000,000","00:47 (00:15)","Digital Leisure Inc.","Digital Leisure Inc."
"602","Nomad","Jun 26, 2015","Free","N/A (N/A)","500,000 .. 1,000,000","00:00 (00:00)","Diminished Studios","Diminished Studios"
"606","Steel Ocean","Nov 12, 2015","N/A","N/A (N/A)","500,000 .. 1,000,000","00:00 (00:00)","Changyou.com Limited","Changyou.com Limited"
"609","NBA 2K16","Sep 29, 2015","N/A","N/A (N/A)","500,000 .. 1,000,000","00:00 (00:00)","Visual Concepts","2K"
"610","Time Clickers","Jul 23, 2015","Free","N/A (N/A)","500,000 .. 1,000,000","00:00 (00:00)","Proton Studio Inc",""
"611","War Trigger 3","Dec 22, 2015","Free","N/A (N/A)","500,000 .. 1,000,000","00:00 (00:00)","Rocketeer Games Studio, LLC","Rocketeer Games Studio, LLC"
"614","Steam Link","Nov 10, 2015","N/A","N/A (N/A)","500,000 .. 1,000,000","00:00 (00:00)","","Anima Locus"
"620","Dr. Langeskov, The Tiger, and The Terribly Cursed Emerald: A Whirlwind Heist","Dec 4, 2015","Free","N/A (N/A)","500,000 .. 1,000,000","00:00 (00:00)","Crows Crows Crows","Crows Crows Crows"
"2080","Hyperdrive Massacre","Oct 12, 2015","$9.99","N/A (N/A)","500,000 .. 1,000,000","00:00 (00:00)","34BigThings srl","34BigThings srl, Digital Tribe"
"2100","Eron","Mar 17, 2015","$0.49","N/A (N/A)","500,000 .. 1,000,000","00:00 (00:00)","David Mulder","SA Industry"
"2126","Clergy Splode","Sep 17, 2015","$1.99","N/A (N/A)","500,000 .. 1,000,000","00:00 (00:00)","PiGravity","Back To Basics Gaming"
"2190","Atonement: Scourge of Time","Jul 16, 2015","$5.99","N/A (N/A)","500,000 .. 1,000,000","00:00 (00:00)","Astronomic Games","New Reality Games"
"2199","Escape Machines","Apr 14, 2015","$1.99","N/A (N/A)","500,000 .. 1,000,000","00:00 (00:00)","Mint Age Studios","Back To Basics Gaming"
"2243","Disillusions Manga Horror","Jan 16, 2015","$0.99","N/A (N/A)","500,000 .. 1,000,000","00:00 (00:00)","StephenAllen","StephenAllen"
"2293","Ampersand","Oct 19, 2015","$1.99","N/A (N/A)","500,000 .. 1,000,000","00:00 (00:00)","PiGravity","Back To Basics Gaming"
"2306","Stellar 2D","Jul 30, 2015","$1.99","N/A (N/A)","500,000 .. 1,000,000","00:00 (00:00)","quad games","Back To Basics Gaming"
"2331","Sometimes: Success Requires Sacrifice","Feb 27, 2015","Free","N/A (N/A)","500,000 .. 1,000,000","00:00 (00:00)","Volens Nolens Games","Volens Nolens Games"
"2348","Secret Of Magia","Aug 21, 2015","$1.99","N/A (N/A)","500,000 .. 1,000,000","00:13 (00:18)","","Senpai Industrial Studios"
"2373","ShipLord","Dec 2, 2015","$0.49","N/A (N/A)","500,000 .. 1,000,000","00:00 (00:00)","EGAMER","SA Industry"
"2420","New kind of adventure","Jun 4, 2015","$1.99","N/A (N/A)","500,000 .. 1,000,000","00:00 (00:00)","Mint Age Studios","Back To Basics Gaming"
"2421","Despair","May 12, 2015","$0.99","N/A (N/A)","500,000 .. 1,000,000","00:00 (00:00)","AGC","AGC"
"2533","Greyfox RPG","Feb 23, 2015","$1.99","N/A (N/A)","500,000 .. 1,000,000","00:13 (00:18)","Lesley Dodd","Senpai Industrial Studios"
"2546","GameGuru Classic","May 19, 2015","$19.99","N/A (N/A)","500,000 .. 1,000,000","00:00 (00:00)","DarkBasicSoftwareLimited","DarkBasicSoftwareLimited"
"2551","Particula","Feb 2, 2015","$0.49","N/A (N/A)","500,000 .. 1,000,000","00:00 (00:00)","Microblast Games","SA Industry"
"2581","Sakura Swim Club","Sep 11, 2015","$9.99","N/A (N/A)","500,000 .. 1,000,000","00:00 (00:00)","Winged Cloud","Winged Cloud"
"2592","The Deed","Nov 23, 2015","$0.99","N/A (N/A)","500,000 .. 1,000,000","00:06 (00:02)","Pilgrim Adventures, GrabTheGames Studios","GrabTheGames, WhisperGames, TheGamesFortress"
"2606","GRAV","Jan 8, 2015","$19.99","N/A (N/A)","500,000 .. 1,000,000","00:00 (00:00)","BitMonster, Inc.","BitMonster, Inc."
"2614","Might & Magic Heroes VII","Sep 29, 2015","$7.49","N/A (N/A)","500,000 .. 1,000,000","00:00 (00:00)","Limbic Entertainment","Ubisoft"
"2627","Blockstorm","May 21, 2015","Free","N/A (N/A)","500,000 .. 1,000,000","00:00 (00:00)","GhostShark","IndieGala"
"2629","Trine 3: The Artifacts of Power","Aug 20, 2015","$21.99","N/A (N/A)","500,000 .. 1,000,000","02:16 (00:45)","Frozenbyte","Frozenbyte"
"2632","War for the Overworld","Apr 2, 2015","$29.99","N/A (N/A)","500,000 .. 1,000,000","04:04 (02:42)","Brightrock Games","Mythwright, Brightrock Games"
"2633","rFactor 2","Nov 12, 2015","$4.49","N/A (N/A)","500,000 .. 1,000,000","06:00 (02:00)","Studio 397","Studio 397"
"2634","FaceRig","Jul 7, 2015","N/A","N/A (N/A)","500,000 .. 1,000,000","00:00 (00:00)","Holotech Studios","Holotech Studios"
"2641","Primal Carnage: Extinction","Apr 3, 2015","$9.74","N/A (N/A)","500,000 .. 1,000,000","00:00 (00:00)","Circle Five Studios, Pub Games","Circle Five Publishing"
"2643","One Piece Pirate Warriors 3","Aug 27, 2015","$39.99","N/A (N/A)","500,000 .. 1,000,000","00:00 (00:00)","KOEI TECMO GAMES CO., LTD.","BANDAI NAMCO Entertainment"
"2644","The Mean Greens - Plastic Warfare","Dec 8, 2015","$9.99","N/A (N/A)","500,000 .. 1,000,000","10:03 (03:21)","Virtual Basement LLC, Code Headquarters LLC","Virtual Basement LLC"
"2645","CPUCores :: Maximize Your FPS","Jul 6, 2015","$16.99","N/A (N/A)","500,000 .. 1,000,000","01:34 (00:31)","Smorb Software","Smorb Software"
"2646","Reign Of Kings","Dec 15, 2015","$9.99","N/A (N/A)","500,000 .. 1,000,000","00:00 (00:00)","Code}{atch","Code}{atch"
"2650","Barony","Jun 23, 2015","$19.99","N/A (N/A)","500,000 .. 1,000,000","05:02 (08:15)","Turning Wheel LLC","Turning Wheel LLC"
"2651","60 Seconds!","May 25, 2015","$8.99","N/A (N/A)","500,000 .. 1,000,000","00:00 (00:00)","Robot Gentleman","Robot Gentleman"
"2653","Exanima","Apr 29, 2015","$14.99","N/A (N/A)","500,000 .. 1,000,000","05:03 (03:09)","Bare Mettle Entertainment","Bare Mettle Entertainment"
"2654","Timberman","Sep 18, 2015","$0.49","N/A (N/A)","500,000 .. 1,000,000","00:00 (00:00)","Digital Melody","Forever Entertainment S. A."
"2656","Eternal Senia","Jun 18, 2015","Free","N/A (N/A)","500,000 .. 1,000,000","00:00 (00:00)","Sanctum Games","Sanctum Games"
"2657","Planetary Annihilation: TITANS","Aug 18, 2015","$29.99","N/A (N/A)","500,000 .. 1,000,000","00:00 (00:00)","Planetary Annihilation Inc","Planetary Annihilation Inc"
"2658","Garfield Kart","Oct 16, 2015","$1.24","N/A (N/A)","500,000 .. 1,000,000","00:00 (00:00)","Artefacts Studio","Microids"
"2659","Cat Goes Fishing","Jan 19, 2015","$6.99","N/A (N/A)","500,000 .. 1,000,000","00:02 (00:00)","Cat5Games",""
"2660","Automation - The Car Company Tycoon Game","Mar 12, 2015","$29.99","N/A (N/A)","500,000 .. 1,000,000","02:23 (00:52)","Camshaft Software Ltd","Camshaft Software Ltd"
"2663","NEKOPARA Vol. 0","Aug 17, 2015","$2.99","N/A (N/A)","500,000 .. 1,000,000","00:00 (00:00)","NEKO WORKs","Sekai Project"
"2666","The Beginner's Guide","Oct 1, 2015","$9.99","N/A (N/A)","500,000 .. 1,000,000","01:04 (00:42)","Everything Unlimited Ltd.","Everything Unlimited Ltd."
"2674","The Isle","Dec 1, 2015","$19.99","N/A (N/A)","500,000 .. 1,000,000","07:31 (11:15)","Afterthought LLC","Afterthought LLC"
"17","Total Annihilation","Dec 18, 2015","$4.99","N/A (N/A/86%)","200,000 .. 500,000","02:55 (00:58)","Cavedog Entertainment","Wargaming.net"
"26","Mega Man Legacy Collection","Aug 24, 2015","$14.99","N/A (N/A/85%)","200,000 .. 500,000","00:00 (00:00)","Capcom","Capcom"
"31","GUILTY GEAR Xrd -SIGN-","Dec 9, 2015","$2.99","N/A (N/A/84%)","200,000 .. 500,000","00:00 (00:00)","Arc System Works","Arc System Works"
"38","CLANNAD","Nov 23, 2015","$17.99","N/A (N/A/83%)","200,000 .. 500,000","00:00 (00:00)","VisualArts/Key","Sekai Project"
"48","BLACKHOLE","Feb 27, 2015","$8.99","N/A (N/A/82%)","200,000 .. 500,000","00:00 (00:00)","FiolaSoft Studio","Fulqrum Publishing"
"56","Order of Battle: World War II","Apr 30, 2015","Free","N/A (N/A/81%)","200,000 .. 500,000","00:00 (00:00)","The Artistocrats","Slitherine Ltd."
"57","The Age of Decadence","Oct 14, 2015","$5.99","N/A (N/A/81%)","200,000 .. 500,000","00:00 (00:00)","Iron Tower Studio","Iron Tower Studio"
"61","Downwell","Oct 15, 2015","$2.99","N/A (N/A/81%)","200,000 .. 500,000","01:05 (00:43)","Moppin","Devolver Digital"
"72","2064: Read Only Memories","Oct 6, 2015","$9.99","N/A (N/A/80%)","200,000 .. 500,000","00:00 (00:00)","MidBoss, LLC.","Chorus Worldwide Games"
"74","Rampage Knights","Sep 4, 2015","$12.99","N/A (N/A/80%)","200,000 .. 500,000","00:00 (00:00)","Rake in Grass","Rake in Grass"
"75","Lovers in a Dangerous Spacetime","Sep 9, 2015","$14.99","N/A (N/A/80%)","200,000 .. 500,000","00:24 (00:08)","Asteroid Base","Asteroid Base"
"76","Guns, Gore & Cannoli","Apr 30, 2015","$3.99","N/A (N/A/80%)","200,000 .. 500,000","00:00 (00:00)","Rogueside, Claeysbrothers","Rogueside"
"80","Axiom Verge","May 14, 2015","$4.99","N/A (N/A/80%)","200,000 .. 500,000","00:43 (00:28)","Thomas Happ Games LLC","Thomas Happ Games LLC"
"84","Else Heart.Break()","Sep 24, 2015","$24.99","N/A (N/A/79%)","200,000 .. 500,000","00:00 (00:00)","Erik Svedäng, El Huervo / Niklas Åkerblad, Tobias Sjögren, Oscar ""Ratvader"" Rydelius, Johannes Gotlén","Erik Svedäng AB"
"86","STASIS","Aug 31, 2015","$7.99","N/A (N/A/79%)","200,000 .. 500,000","00:00 (00:00)","THE BROTHERHOOD","THE BROTHERHOOD"
"87","Assault Android Cactus+","Sep 23, 2015","$19.99","N/A (N/A/79%)","200,000 .. 500,000","00:00 (00:00)","Witch Beam","Witch Beam"
"88","BADLAND: Game of the Year Edition","May 26, 2015","$9.99","N/A (N/A/79%)","200,000 .. 500,000","06:12 (04:08)","Frogmind","Frogmind"
"89","The Incredible Adventures of Van Helsing: Final Cut","Nov 6, 2015","$44.99","N/A (N/A/79%)","200,000 .. 500,000","00:00 (00:00)","NeocoreGames","NeocoreGames"
"96","GALAK-Z","Oct 29, 2015","$19.99","N/A (N/A/78%)","200,000 .. 500,000","00:00 (00:00)","17-BIT","17-BIT"
"98","Apotheon","Feb 3, 2015","$14.99","N/A (N/A/78%)","200,000 .. 500,000","00:00 (00:00)","Alientrap","Alientrap"
"106","Deathtrap","Feb 4, 2015","$19.99","N/A (N/A/77%)","200,000 .. 500,000","00:00 (00:00)","NeocoreGames","NeocoreGames"
"108","Grey Goo","Jan 23, 2015","$29.99","N/A (N/A/77%)","200,000 .. 500,000","00:00 (00:00)","Petroglyph, Six Foot","Six Foot, Grey Box"
"117","Overture","Feb 2, 2015","$4.99","N/A (N/A/76%)","200,000 .. 500,000","00:00 (00:00)","Black Shell Games","Plug In Digital"
"121","Audiosurf 2","May 26, 2015","$14.99","N/A (N/A/76%)","200,000 .. 500,000","04:12 (01:24)","Dylan Fitterer","Dylan Fitterer"
"132","Chroma Squad","Apr 30, 2015","$14.99","N/A (N/A/75%)","200,000 .. 500,000","00:01 (00:00)","Behold Studios","Behold Studios"
"133","Grow Home","Feb 4, 2015","$1.99","N/A (N/A/75%)","200,000 .. 500,000","00:00 (00:00)","Reflections, a Ubisoft Studio","Atari, Infogrames"
"144","Blackguards 2","Jan 20, 2015","$9.99","N/A (N/A/74%)","200,000 .. 500,000","00:00 (00:00)","Daedalic Entertainment","Daedalic Entertainment"
"145","Oceanhorn: Monster of Uncharted Seas","Mar 17, 2015","$14.99","N/A (N/A/74%)","200,000 .. 500,000","00:00 (00:00)","Cornfox & Brothers Ltd.","Cornfox & Brothers Ltd."
"147","Anna's Quest","Jul 2, 2015","$19.99","N/A (N/A/74%)","200,000 .. 500,000","00:00 (00:00)","Daedalic Entertainment","Daedalic Entertainment"
"160","Thea: The Awakening","Nov 20, 2015","$9.99","N/A (N/A/73%)","200,000 .. 500,000","00:00 (00:00)","MuHa Games","MuHa Games"
"161","Hard West","Nov 18, 2015","$19.99","N/A (N/A/73%)","200,000 .. 500,000","00:00 (00:00)","CreativeForge Games","Good Shepherd Entertainment"
"166","Convoy","Apr 21, 2015","$14.99","N/A (N/A/72%)","200,000 .. 500,000","00:00 (00:00)","Convoy Games","Indietopia Games"
"168","Big Pharma","Aug 27, 2015","$24.99","N/A (N/A/72%)","200,000 .. 500,000","00:00 (00:00)","Twice Circled","Positech Games"
"169","Way of the Samurai 4","Jul 23, 2015","$24.99","N/A (N/A/72%)","200,000 .. 500,000","00:04 (00:01)","ACQUIRE Corp.","Spike Chunsoft Co., Ltd."
"171","Guild of Dungeoneering Ultimate Edition","Jul 14, 2015","$19.99","N/A (N/A/72%)","200,000 .. 500,000","00:00 (00:00)","Gambrinous","Gambrinous"
"174","UnderRail","Dec 18, 2015","$14.99","N/A (N/A/72%)","200,000 .. 500,000","38:58 (25:58)","Stygian Software","Stygian Software"
"184","You Must Build A Boat","Jun 4, 2015","$4.99","N/A (N/A/71%)","200,000 .. 500,000","00:00 (00:00)","EightyEightGames","EightyEightGames"
"199","Dead Synchronicity: Tomorrow Comes Today","Apr 10, 2015","$0.99","N/A (N/A/70%)","200,000 .. 500,000","01:02 (00:20)","Fictiorama Studios","Daedalic Entertainment"
"200","RONIN","Jun 30, 2015","$12.99","N/A (N/A/70%)","200,000 .. 500,000","00:00 (00:00)","Tomasz Wacławek","Devolver Digital"
"201","Lakeview Cabin Collection","Apr 9, 2015","$9.99","N/A (N/A/70%)","200,000 .. 500,000","00:00 (00:00)","Roope Tamminen","Roope Tamminen"
"213","Albert and Otto","Oct 28, 2015","$4.99","N/A (N/A/69%)","200,000 .. 500,000","00:00 (00:00)","K Bros Games","K Bros Games"
"215","Valhalla Hills","Dec 2, 2015","$1.39","N/A (N/A/69%)","200,000 .. 500,000","00:00 (00:00)","Funatics Software","Daedalic Entertainment"
"217","FINAL FANTASY TYPE-0 HD","Aug 18, 2015","$11.99","N/A (N/A/69%)","200,000 .. 500,000","00:00 (00:00)","Square Enix","Square Enix"
"234","PixelJunk Nom Nom Galaxy","Aug 3, 2015","$9.99","N/A (N/A/68%)","200,000 .. 500,000","00:00 (00:00)","Q-Games Ltd.","Q-Games Ltd."
"235","INK","Aug 5, 2015","$4.99","N/A (N/A/68%)","200,000 .. 500,000","00:00 (00:00)","ZackBellGames","ZackBellGames"
"236","RIDE","Mar 27, 2015","$19.99","N/A (N/A/68%)","200,000 .. 500,000","00:00 (00:00)","Milestone S.r.l.","Milestone S.r.l."
"255","Fairy Fencer F","Aug 4, 2015","$9.99","N/A (N/A/66%)","200,000 .. 500,000","00:00 (00:00)","Idea Factory, Compile Heart","Idea Factory International"
"266","Cradle","Jul 24, 2015","$12.99","N/A (N/A/65%)","200,000 .. 500,000","00:00 (00:00)","Flying Cafe for Semianimals","Flying Cafe for Semianimals"
"267","ZOMBI","Aug 18, 2015","$19.99","N/A (N/A/65%)","200,000 .. 500,000","00:00 (00:00)","Straight Right","Ubisoft"
"273","The Incredible Adventures of Van Helsing III","May 22, 2015","$14.99","N/A (N/A/64%)","200,000 .. 500,000","00:00 (00:00)","NeocoreGames","NeocoreGames"
"275","Phantom Breaker: Battle Grounds Classic","Jan 23, 2015","$14.99","N/A (N/A/64%)","200,000 .. 500,000","00:00 (00:00)","MAGES. Inc.","Rocket Panda Games"
"284","SKYHILL","Oct 6, 2015","$9.99","N/A (N/A/63%)","200,000 .. 500,000","00:00 (00:00)","Mandragora","Daedalic Entertainment"
"285","Life is Feudal: Your Own","Nov 17, 2015","$19.99","N/A (N/A/63%)","200,000 .. 500,000","00:42 (00:14)","Bitbox Ltd.","Bitbox Ltd."
"298","Windward","May 12, 2015","$9.99","N/A (N/A/61%)","200,000 .. 500,000","00:00 (00:00)","Tasharen Entertainment Inc.","Tasharen Entertainment Inc."
"304","Decay: The Mare","Feb 13, 2015","$4.99","N/A (N/A/60%)","200,000 .. 500,000","00:00 (00:00)","Shining Gate Software","Daedalic Entertainment"
"334","Woolfe - The Red Hood Diaries","Mar 17, 2015","$9.99","N/A (N/A/55%)","200,000 .. 500,000","00:00 (00:00)","GRIN","Rebellion"
"337","Bedlam","Oct 13, 2015","N/A","N/A (N/A/54%)","200,000 .. 500,000","00:00 (00:00)","RedBedlam","KISS ltd"
"339","Worlds of Magic","Mar 19, 2015","$0.99","N/A (N/A/52%)","200,000 .. 500,000","00:00 (00:00)","Wastelands Interactive","Conglomerate 5"
"347","Lucius II","Feb 13, 2015","$19.99","N/A (N/A/48%)","200,000 .. 500,000","00:00 (00:00)","Shiver Games","Shiver Games"
"351","Cities XXL","Feb 5, 2015","$1.99","N/A (N/A/47%)","200,000 .. 500,000","17:23 (05:47)","Focus Entertainment","Focus Entertainment"
"352","Submerged","Aug 3, 2015","$19.99","N/A (N/A/47%)","200,000 .. 500,000","00:00 (00:00)","Uppercut Games Pty Ltd","Uppercut Games Pty Ltd"
"442","Arcane Sorcery","Sep 15, 2015","Free","N/A (N/A)","200,000 .. 500,000","00:00 (00:00)","Andrew Rowe","Andrew Rowe"
"501","Bloodwood Reload","Nov 2, 2015","Free","N/A (N/A)","200,000 .. 500,000","00:00 (00:00)","Luminy Studios","Luminy Studios"
"510","Heroes of SoulCraft - Arcade MOBA","Jul 2, 2015","Free","N/A (N/A)","200,000 .. 500,000","00:00 (00:00)","MobileBits","MobileBits"
"513","Rustbucket Rumble","May 4, 2015","Free","N/A (N/A)","200,000 .. 500,000","00:00 (00:00)","Reactor Zero","Scrap Yard Productions, LLC"
"514","CroNix","Jul 17, 2015","Free","N/A (N/A)","200,000 .. 500,000","00:00 (00:00)","MAGICS","MAGICS"
"525","Firefly Online Cortex","Jan 29, 2015","N/A","N/A (N/A)","200,000 .. 500,000","00:00 (00:00)","Spark Plug Games","QMx Interactive"
"532","Might & Magic Heroes Online","Nov 24, 2015","N/A","N/A (N/A)","200,000 .. 500,000","00:00 (00:00)","Blue Byte","Ubisoft"
"536","InMind VR","Jan 19, 2015","Free","N/A (N/A)","200,000 .. 500,000","00:00 (00:00)","Luden.io","Luden.io"
"541","Spartans Vs Zombies Defense","Jan 6, 2015","N/A","N/A (N/A)","200,000 .. 500,000","00:00 (00:00)","Lei","Lei"
"542","GASP","Nov 12, 2015","N/A","N/A (N/A)","200,000 .. 500,000","00:00 (00:00)","Dark Day Interactive","Dark Day Interactive"
"548","Deepworld","Apr 22, 2015","Free","N/A (N/A)","200,000 .. 500,000","00:00 (00:00)","Bytebin","Bytebin"
"550","Soccer Manager 2016","Oct 7, 2015","N/A","N/A (N/A)","200,000 .. 500,000","00:00 (00:00)","Soccer Manager Ltd","Soccer Manager Ltd"
"552","War Trigger 2","Sep 15, 2015","Free","N/A (N/A)","200,000 .. 500,000","00:00 (00:00)","Rocketeer Games Studio, LLC","Rocketeer Games Studio, LLC"
"556","All Is Dust","Jun 26, 2015","Free","N/A (N/A)","200,000 .. 500,000","00:00 (00:00)","Mannequin Games LLC","Mannequin Games LLC"
"557","Clown House (Palyaço Evi)","Jul 14, 2015","Free","N/A (N/A)","200,000 .. 500,000","00:00 (00:00)","gord10, Aslan Game Studio","Aslan Game Studio"
"558","Battle for Blood - Epic battles within 30 seconds!","Jul 8, 2015","Free","N/A (N/A)","200,000 .. 500,000","00:00 (00:00)","YFC games","YFC games"
"559","Genesis Online","Nov 5, 2015","Free","N/A (N/A)","200,000 .. 500,000","00:00 (00:00)","Shumkov Dmitriy","Shumkov Dmitriy"
"560","Metal War Online: Retribution","Dec 11, 2015","Free","N/A (N/A)","200,000 .. 500,000","00:00 (00:00)","GDT Limited","GDT Limited"
"566","Tap Tap Infinity","Jun 26, 2015","Free","N/A (N/A)","200,000 .. 500,000","00:00 (00:00)","Scary Bee LLC","Scary Bee LLC"
"573","Aberoth","Jul 17, 2015","Free","N/A (N/A)","200,000 .. 500,000","00:00 (00:00)","Jarbit, Castle art by Yuriy Gusev","Jarbit"
"575","Among Ripples","Jan 22, 2015","N/A","N/A (N/A)","200,000 .. 500,000","00:00 (00:00)","Eat Create Sleep","Eat Create Sleep"
"582","Frozen Free Fall: Snowball Fight","Sep 15, 2015","N/A","N/A (N/A)","200,000 .. 500,000","00:00 (00:00)","SuperVillain Studios","Disney"
"584","Ultimate Tic-Tac-Toe","Apr 28, 2015","Free","N/A (N/A)","200,000 .. 500,000","00:00 (00:00)","Tigerish Games","Tigerish Games"
"593","Seduce Me the Otome","Feb 12, 2015","Free","N/A (N/A)","200,000 .. 500,000","00:00 (00:00)","Michaela Laws","Michaela Laws"
"595","FINAL FANTASY VI","Dec 16, 2015","N/A","N/A (N/A)","200,000 .. 500,000","00:00 (00:00)","Square Enix","Square Enix"
"597","Crusaders of the Lost Idols","Oct 13, 2015","Free","N/A (N/A)","200,000 .. 500,000","00:00 (00:00)","Codename Entertainment Inc.","Codename Entertainment Inc."
"598","King's Quest","Jul 28, 2015","$12.49","N/A (N/A)","200,000 .. 500,000","00:00 (00:00)","The Odd Gentlemen","Sierra"
"603","Missing Translation","Sep 24, 2015","Free","N/A (N/A)","200,000 .. 500,000","00:00 (00:00)","AlPixel Games, Luis Diaz, Gustavo Santos, Albert Fernandez, Tice Thomason","GamesBoosters"
"605","Dead Realm","Aug 3, 2015","N/A","N/A (N/A)","200,000 .. 500,000","00:00 (00:00)","Section Studios","3BLACKDOT"
"612","Higurashi When They Cry Hou - Ch.1 Onikakushi","May 15, 2015","Free","N/A (N/A)","200,000 .. 500,000","00:36 (00:12)","07th Expansion","MangaGamer"
"618","Minecraft: Story Mode - A Telltale Games Series","Oct 13, 2015","N/A","N/A (N/A)","200,000 .. 500,000","00:00 (00:00)","Telltale Games","Telltale Games"
"621","Freestyle 2: Street Basketball","Apr 1, 2015","Free","N/A (N/A)","200,000 .. 500,000","00:00 (00:00)","JOYCITY","JOYCITY"
"1442","Blake Stone: Planet Strike","May 5, 2015","$0.55","N/A (N/A)","200,000 .. 500,000","00:00 (00:00)","JAM Productions","Apogee Entertainment"
"1485","Project Druid - 2D Labyrinth Explorer-","Jul 30, 2015","$1.99","N/A (N/A)","200,000 .. 500,000","00:00 (00:00)","Cemil Tasdemir","Back To Basics Gaming"
"1565","Shallow Space","Oct 21, 2015","$14.99","N/A (N/A)","200,000 .. 500,000","00:00 (00:00)","",""
"1625","Heavy Fire: Shattered Spear","Oct 23, 2015","$3.99","N/A (N/A)","200,000 .. 500,000","00:00 (00:00)","Teyon","Mastiff"
"1645","Kingdoms CCG","Jan 22, 2015","N/A","N/A (N/A)","200,000 .. 500,000","00:00 (00:00)","Ganz Studio","Ganz"
"1667","The Undying Plague","Apr 10, 2015","$0.49","N/A (N/A)","200,000 .. 500,000","00:00 (00:00)","Pixel Theory Games","SA Industry"
"1875","Lord of the Dark Castle","Aug 13, 2015","$0.99","N/A (N/A)","200,000 .. 500,000","00:00 (00:00)","Craze Creative Studios","Conglomerate 5"
"1895","Uriel's Chasm 2: את","Nov 13, 2015","$4.99","N/A (N/A)","200,000 .. 500,000","00:00 (00:00)","Rail Slave Games","KPL"
"1897","High On Racing","May 25, 2015","$3.99","N/A (N/A)","200,000 .. 500,000","00:00 (00:00)","SilentFuture","SilentFuture"
"1920","The Lost Valley","Apr 20, 2015","$1.74","N/A (N/A)","200,000 .. 500,000","00:00 (00:00)","AndrewDrumov, Sanke Berdochan","AndrewDrumov"
"1934","RoBoRumble","Dec 10, 2015","$1.99","N/A (N/A)","200,000 .. 500,000","00:00 (00:00)","Metropolis","TopWare Interactive ACE"
"1942","Elementary My Dear Majesty!","Apr 16, 2015","$0.99","N/A (N/A)","200,000 .. 500,000","00:00 (00:00)","Alawar Dreamdale","Alawar Casual"
"1995","Overlord: Fellowship of Evil","Oct 19, 2015","$4.99","N/A (N/A)","200,000 .. 500,000","00:00 (00:00)","Codemasters","Codemasters, Electronic Arts"
"2010","All Guns On Deck","Aug 28, 2015","$6.49","N/A (N/A)","200,000 .. 500,000","00:00 (00:00)","Decaying Logic","Decaying Logic"
"2013","Trouble In The Manor","Nov 17, 2015","$0.99","N/A (N/A)","200,000 .. 500,000","00:00 (00:00)","Charyb Games","Charyb Games"
"2034","HIT","Feb 9, 2015","Free","N/A (N/A)","200,000 .. 500,000","00:00 (00:00)","Shifty Chair Games","Shifty Chair Games"
"2044","Star Chronicles: Delta Quadrant","Jul 7, 2015","$1.99","N/A (N/A)","200,000 .. 500,000","00:00 (00:00)","Alister Software","Back To Basics Gaming, Alister Software"
"2062","Heckabomb","Feb 27, 2015","$5.99","N/A (N/A)","200,000 .. 500,000","00:00 (00:00)","Allicorn Games","KISS ltd"
"2063","Eaten Alive","Sep 30, 2015","$1.99","N/A (N/A)","200,000 .. 500,000","00:00 (00:00)","Space Cat Studios","Back To Basics Gaming"
"2065","Stranded In Time","Jul 17, 2015","$0.99","N/A (N/A)","200,000 .. 500,000","00:00 (00:00)","DQ Team, Hidden Hallow Studio","Valkyrie Initiative"
"2086","The Tower Of Elements","Aug 5, 2015","$1.99","N/A (N/A)","200,000 .. 500,000","00:00 (00:00)","Wulo Games","Back To Basics Gaming"
"2109","Energy Balance","Jul 2, 2015","$0.59","N/A (N/A)","200,000 .. 500,000","00:00 (00:00)","Sometimes You","Sometimes You"
"2110","Romance of the Three Kingdoms Maker","Dec 9, 2015","$9.99","N/A (N/A)","200,000 .. 500,000","00:00 (00:00)","KOEI TECMO GAMES CO., LTD.","KOEI TECMO GAMES CO., LTD."
"2124","Three Digits","Aug 14, 2015","$1.99","N/A (N/A)","200,000 .. 500,000","00:00 (00:00)","Cleverweek","Cleverweek"
"2127","Interstellaria","Jul 17, 2015","$9.99","N/A (N/A)","200,000 .. 500,000","00:00 (00:00)","Coldrice Games LLC",""
"2142","City of Chains","Dec 8, 2015","$8.99","N/A (N/A)","200,000 .. 500,000","00:00 (00:00)","Astronomic Games","New Reality Games"
"2177","Project Pulsation","Dec 15, 2015","$4.99","N/A (N/A)","200,000 .. 500,000","00:00 (00:00)","VGstudio","VGstudio"
"2181","Pixel Puzzles 2: Birds","Feb 20, 2015","$0.74","N/A (N/A)","200,000 .. 500,000","00:00 (00:00)","Pixel Puzzles","Pixel Puzzles"
"2184","Action Alien","Jun 26, 2015","$0.99","N/A (N/A)","200,000 .. 500,000","00:00 (00:00)","Devdan Games","Conglomerate 5"
"2187","Nyctophobia","Aug 25, 2015","$1.99","N/A (N/A)","200,000 .. 500,000","00:00 (00:00)","Lightning Man Media","Lightning Man Media"
"2201","Defend The Highlands","Nov 6, 2015","$4.99","N/A (N/A)","200,000 .. 500,000","00:00 (00:00)","Kilted Camel","KISS ltd"
"2205","Sinless + OST","Dec 16, 2015","$4.99","N/A (N/A)","200,000 .. 500,000","00:00 (00:00)","MGP Studios","Forever Entertainment S. A."
"2207","Normality","Oct 9, 2015","$2.99","N/A (N/A)","200,000 .. 500,000","00:00 (00:00)","Gremlin Interactive","Funbox Media Ltd"
"2211","Two Digits","May 22, 2015","$1.99","N/A (N/A)","200,000 .. 500,000","00:00 (00:00)","Cleverweek","Cleverweek"
"2255","STAR WARS - X-Wing Special Edition","Apr 28, 2015","$9.99","N/A (N/A)","200,000 .. 500,000","00:00 (00:00)","Lucasfim","LucasArts, Lucasfim, Disney"
"2259","Alpha Runner","Sep 2, 2015","$0.99","N/A (N/A)","200,000 .. 500,000","00:00 (00:00)","LightsoutGames","Lightsoutgames"
"2264","Darkness Assault","Feb 6, 2015","$0.99","N/A (N/A)","200,000 .. 500,000","00:00 (00:00)","Black Lime Studio","Black Lime Studio"
"2267","Vendetta - Curse of Raven's Cry","Nov 20, 2015","$29.99","N/A (N/A)","200,000 .. 500,000","00:00 (00:00)","Reality Pump Studios","TopWare Interactive, ACE"
"2292","Alter World","May 29, 2015","$0.49","N/A (N/A)","200,000 .. 500,000","00:00 (00:00)","Giorgi Abelashvili","SA Industry"
"2314","It came from space and ate our brains","Mar 19, 2015","$9.99","N/A (N/A)","200,000 .. 500,000","00:00 (00:00)","Triangle Studios","Triangle Studios"
"2323","Pongo","May 11, 2015","$0.99","N/A (N/A)","200,000 .. 500,000","00:00 (00:00)","Drixy Games","Plug In Digital"
"2324","Sun Blast: Star Fighter","Apr 2, 2015","$1.99","N/A (N/A)","200,000 .. 500,000","00:00 (00:00)","OBLONE Software","Senpai Industrial Studios"
"2328","SUPER DISTRO","Jul 22, 2015","$4.99","N/A (N/A)","200,000 .. 500,000","00:04 (00:01)","KITATUS STUDIOS","My Way Games"
"2332","Red Lake","Mar 25, 2015","$4.99","N/A (N/A)","200,000 .. 500,000","00:00 (00:00)","Talentplace","KishMish Games"
"2336","Cataegis : The White Wind","Sep 25, 2015","$4.99","N/A (N/A)","200,000 .. 500,000","00:00 (00:00)","Acido Cinza","KISS ltd"
"2382","Cubicle Quest","Feb 25, 2015","$4.99","N/A (N/A)","200,000 .. 500,000","00:00 (00:00)","Ian Isaro","GrabTheGames"
"2388","Sparkle 3 Genesis","Apr 24, 2015","$4.99","N/A (N/A)","200,000 .. 500,000","00:00 (00:00)","Forever Entertainment S. A.","Forever Entertainment S. A."
"2390","Weapons Genius","Jul 8, 2015","$0.99","N/A (N/A)","200,000 .. 500,000","00:00 (00:00)","JDM4iK, Droid Riot","Conglomerate 5"
"2396","Cosmonautica","Jul 31, 2015","$9.99","N/A (N/A)","200,000 .. 500,000","00:00 (00:00)","Chasing Carrots","Chasing Carrots"
"2398","Agent Awesome","Feb 17, 2015","$0.49","N/A (N/A)","200,000 .. 500,000","00:30 (00:10)","Chaos Industries","Conglomerate 5"
"2407","Legend of Mysteria RPG","Oct 9, 2015","$1.99","N/A (N/A)","200,000 .. 500,000","00:13 (00:18)","Labyrinthine","Senpai Industrial Studios"
"2408","Star Ruler 2","Mar 27, 2015","$19.99","N/A (N/A)","200,000 .. 500,000","00:00 (00:00)","Blind Mind Studios, Glacicle","Blind Mind Studios"
"2410","Destiny Warriors RPG","Sep 11, 2015","$1.99","N/A (N/A)","200,000 .. 500,000","00:13 (00:18)","ninjalex","Senpai Industrial Studios"
"2414","Marble Age","Mar 4, 2015","$1.49","N/A (N/A)","200,000 .. 500,000","00:00 (00:00)","Clarus Victoria","Clarus Victoria"
"2427","Autobahn Police Simulator","Aug 26, 2015","$9.99","N/A (N/A)","200,000 .. 500,000","00:00 (00:00)","Z-Software","Aerosoft GmbH"
"2439","Empire TV Tycoon","Oct 20, 2015","$9.99","N/A (N/A)","200,000 .. 500,000","00:00 (00:00)","Dreamsite Games","Dreamsite Games"
"2440","Office Battle","Dec 2, 2015","$0.49","N/A (N/A)","200,000 .. 500,000","00:00 (00:00)","Black Lime Studio","Black Lime Studio"
"2449","Marble Mayhem: Fragile Ball","Jul 7, 2015","$1.99","N/A (N/A)","200,000 .. 500,000","00:00 (00:00)","Bimboosoft Co.,Ltd.","Senpai Industrial Studios"
"2450","Pixel Puzzles 2: Anime","Mar 27, 2015","$4.99","N/A (N/A)","200,000 .. 500,000","00:00 (00:00)","Pixel Puzzles","Pixel Puzzles"
"2451","gravilon","Mar 30, 2015","$2.99","N/A (N/A)","200,000 .. 500,000","00:00 (00:00)","",""
"2458","Zanzarah: The Hidden Portal","Aug 20, 2015","$7.99","N/A (N/A)","200,000 .. 500,000","00:00 (00:00)","Funatics Software","Daedalic Entertainment"
"2460","Stealth Inc 2: A Game of Clones","Apr 30, 2015","$14.99","N/A (N/A)","200,000 .. 500,000","00:00 (00:00)","Carbon","Curve Games"
"2465","Steredenn: Binary Stars","Oct 1, 2015","$12.99","N/A (N/A)","200,000 .. 500,000","00:00 (00:00)","Pixelnest Studio","TyGAMES"
"2467","ePic Character Generator","Nov 5, 2015","Free","N/A (N/A)","200,000 .. 500,000","00:00 (00:00)","Overhead Games","Overhead Games"
"2478","Apotheon Arena","Dec 8, 2015","Free","N/A (N/A)","200,000 .. 500,000","00:00 (00:00)","Alientrap","Alientrap"
"2480","Templar Battleforce","Sep 21, 2015","$2.99","N/A (N/A)","200,000 .. 500,000","00:00 (00:00)","Trese Brothers","Trese Brothers"
"2483","Edge of Space","Sep 17, 2015","$14.99","N/A (N/A)","200,000 .. 500,000","00:00 (00:00)","Handyman Studios","Reverb Triple XP"
"2487","Intergalactic Bubbles","May 29, 2015","$1.99","N/A (N/A)","200,000 .. 500,000","00:00 (00:00)","Hellscape Games","Hellscape Games"
"2490","Labyronia RPG","Aug 14, 2015","$1.99","N/A (N/A)","200,000 .. 500,000","00:00 (00:00)","Labyrinthine","Senpai Industrial Studios"
"2493","VERGE:Lost chapter","Oct 1, 2015","$0.99","N/A (N/A)","200,000 .. 500,000","09:55 (03:18)","GDNomaD","GDNomaD"
"2497","Tap Heroes","Jun 5, 2015","$0.59","N/A (N/A)","200,000 .. 500,000","00:00 (00:00)","VaragtP","VaragtP"
"2508","Camera Obscura","Feb 19, 2015","$1.99","N/A (N/A)","200,000 .. 500,000","00:00 (00:00)","Anteater Games","Anteater Games, BindleBot"
"2509","Loot Hero DX","Jul 3, 2015","$0.59","N/A (N/A)","200,000 .. 500,000","00:00 (00:00)","VaragtP","VaragtP"
"2512","NASCAR '15 Victory Edition","May 22, 2015","N/A","N/A (N/A)","200,000 .. 500,000","00:00 (00:00)","Eutechnyx","Dusenberry Martin Racing"
"2516","Eastside Hockey Manager","Dec 1, 2015","$19.99","N/A (N/A)","200,000 .. 500,000","00:40 (00:13)","Sports Interactive","SEGA"
"2519","Euro Fishing","Nov 2, 2015","$14.99","N/A (N/A)","200,000 .. 500,000","00:00 (00:00)","Dovetail Games","Dovetail Games"
"2520","PARTICLE MACE","Jan 22, 2015","$4.99","N/A (N/A)","200,000 .. 500,000","00:00 (00:00)","Andy Makes","Andy Makes"
"2525","Halo: Spartan Strike","Apr 16, 2015","$0.8","N/A (N/A)","200,000 .. 500,000","00:02 (00:00)","343 Industries, Vanguard Games","Xbox Game Studios"
"2527","Out There: Ω Edition","Apr 2, 2015","$14.99","N/A (N/A)","200,000 .. 500,000","00:00 (00:00)","Mi-Clos Studio, FibreTigre","Mi-Clos Studio, WhisperGames, Fractale"
"2534","Dev Guy","May 20, 2015","Free","N/A (N/A)","200,000 .. 500,000","00:00 (00:00)","Daniel Jonathan Bourke","Project Tranquil"
"2543","404Sight","Apr 16, 2015","Free","N/A (N/A)","200,000 .. 500,000","00:00 (00:00)","Retro Yeti Games","Retro Yeti Games"
"2548","Medieval: Total War - Collection","Jun 25, 2015","$9.99","N/A (N/A)","200,000 .. 500,000","00:00 (00:00)","CREATIVE ASSEMBLY","SEGA"
"2552","Frankenstein: Master of Death","Mar 9, 2015","$4.99","N/A (N/A)","200,000 .. 500,000","00:00 (00:00)","Jetdogs Studios, Fineway Studios","Jetdogs Studios"
"2554","Westerado: Double Barreled","Apr 16, 2015","$14.99","N/A (N/A)","200,000 .. 500,000","00:00 (00:00)","Ostrich Banditos","Ostrich Banditos"
"2556","Forward to the Sky","Jan 29, 2015","$7.99","N/A (N/A)","200,000 .. 500,000","00:00 (00:00)","Animu Game","Animu Game"
"2560","Sky Force Anniversary","Apr 29, 2015","$9.99","N/A (N/A)","200,000 .. 500,000","00:00 (00:00)","Infinite Dreams","Infinite Dreams"
"2563","12 Labours of Hercules II: The Cretan Bull","Jun 5, 2015","$1.49","N/A (N/A)","200,000 .. 500,000","00:00 (00:00)","Jetdogs Studios, Zoom Out Games","Jetdogs Studios"
"2564","No Time To Explain Remastered","Jul 17, 2015","$14.99","N/A (N/A)","200,000 .. 500,000","00:00 (00:00)","tinyBuild","tinyBuild"
"2565","The Jackbox Party Pack 2","Oct 13, 2015","$9.99","N/A (N/A)","200,000 .. 500,000","00:10 (00:05)","Jackbox Games, Inc.","Jackbox Games, Inc."
"2566","Survivalist","Jan 30, 2015","$4.99","N/A (N/A)","200,000 .. 500,000","00:00 (00:00)","Bob","Ginormocorp Incorporated"
"2567","Runestone Keeper","Mar 2, 2015","$9.99","N/A (N/A)","200,000 .. 500,000","00:00 (00:00)","Blackfire","Cimugames"
"2568","GRANDIA II HD Remaster","Aug 24, 2015","$19.99","N/A (N/A)","200,000 .. 500,000","00:00 (00:00)","GAME ARTS Co., Ltd., Sickhead Games, LLC","GungHo Online Entertainment America, Inc."
"2569","FortressCraft Evolved!","Nov 9, 2015","$12.99","N/A (N/A)","200,000 .. 500,000","00:00 (00:00)","ProjectorGames","Digital Tribe"
"2571","Airscape - The Fall of Gravity","Aug 11, 2015","$4.99","N/A (N/A)","200,000 .. 500,000","00:00 (00:00)","Cross-Product","Senpai Studios"
"2572","Wurm Unlimited","Oct 21, 2015","$29.99","N/A (N/A)","200,000 .. 500,000","00:00 (00:00)","Code Club AB","Plug In Digital"
"2574","Kung Fury: Street Rage - Ultimate Edition","May 28, 2015","$19.99","N/A (N/A)","200,000 .. 500,000","00:00 (00:00)","Hello There Games","Hello There Games"
"2576","Infinifactory","Jun 30, 2015","$24.99","N/A (N/A)","200,000 .. 500,000","00:00 (00:00)","Zachtronics","Zachtronics"
"2580","Controller Companion","May 4, 2015","$2.99","N/A (N/A)","200,000 .. 500,000","00:01 (00:00)","Koga Tech Limited","Koga Tech Limited"
"2582","Knights of Pen and Paper 2","Oct 20, 2015","$7.99","N/A (N/A)","200,000 .. 500,000","00:00 (00:00)","Kyy Games","Paradox Interactive"
"2584","UBERMOSH","Aug 13, 2015","$0.99","N/A (N/A)","200,000 .. 500,000","03:28 (02:56)","Walter Machado","Walter Machado"
"2585","Dreaming Sarah","Mar 12, 2015","$5.99","N/A (N/A)","200,000 .. 500,000","00:00 (00:00)","Asteristic Game Studio, Anthony Septim","Asteristic Game Studio"
"2586","Dinosaur Hunt","Sep 17, 2015","$0.99","N/A (N/A)","200,000 .. 500,000","00:00 (00:00)","Racing Bros","ANPA.US"
"2587","Renowned Explorers: International Society","Sep 2, 2015","$4.99","N/A (N/A)","200,000 .. 500,000","00:00 (00:00)","Abbey Games","Abbey Games"
"2590","Assassin’s Creed Chronicles: China","Apr 21, 2015","$9.99","N/A (N/A)","200,000 .. 500,000","00:00 (00:00)","Climax Studios","Ubisoft Entertainment"
"2591","Game Corp DX","Oct 2, 2015","$2.99","N/A (N/A)","200,000 .. 500,000","00:00 (00:00)","Endless Loop Studios","Endless Loop Studios"
"2593","AKIBA'S TRIP: Undead ＆ Undressed","May 26, 2015","$7.99","N/A (N/A)","200,000 .. 500,000","00:00 (00:00)","ACQUIRE Corp.","XSEED Games, Marvelous USA, Inc."
"2597","The Old Tree","Jan 26, 2015","Free","N/A (N/A)","200,000 .. 500,000","00:00 (00:00)","Red Dwarf Games","Red Dwarf Games"
"2598","Contradiction: Spot The Liar","Jul 10, 2015","$12.99","N/A (N/A)","200,000 .. 500,000","00:00 (00:00)","Baggy Cat Ltd.","Baggy Cat Ltd."
"2599","Hyperdimension Neptunia Re;Birth2: Sisters Generation","May 29, 2015","$14.99","N/A (N/A)","200,000 .. 500,000","00:00 (00:00)","Idea Factory, Compile Heart, Felistella","Idea Factory, Idea Factory International"
"2601","Notch - The Innocent LunA: Eclipsed SinnerS","Jun 4, 2015","$9.99","N/A (N/A)","200,000 .. 500,000","00:00 (00:00)","Angels Blue Digital Entertainment, DigitalEZ","DigitalEZ"
"2602","Sonic Lost World","Nov 2, 2015","$7.49","N/A (N/A)","200,000 .. 500,000","01:01 (00:58)","Sonic Team","SEGA"
"2603","Rake","Jul 13, 2015","$4.99","N/A (N/A)","200,000 .. 500,000","00:00 (00:00)","Konsordo","Konsordo"
"2604","Monstrum","May 20, 2015","$17.99","N/A (N/A)","200,000 .. 500,000","00:00 (00:00)","Team Junkfish","Junkfish Limited"
"2605","Hyperdimension Neptunia Re;Birth3 V Generation","Oct 30, 2015","$14.99","N/A (N/A)","200,000 .. 500,000","00:00 (00:00)","Idea Factory, Compile Heart, Felistella","Idea Factory, Idea Factory International"
"2607","Borderless Gaming","Jul 23, 2015","$6.99","N/A (N/A)","200,000 .. 500,000","49:08 (20:50)","AndrewMD5","Codeusa, viorae"
"2608","Ben and Ed","Dec 8, 2015","$9.99","N/A (N/A)","200,000 .. 500,000","00:00 (00:00)","Sluggerfly","Sluggerfly"
"2609","Evoland 2","Aug 25, 2015","$19.99","N/A (N/A)","200,000 .. 500,000","00:00 (00:00)","Shiro Games","Shiro Games"
"2611","Turok","Dec 17, 2015","$3.99","N/A (N/A)","200,000 .. 500,000","00:00 (00:00)","Iguana Entertainment, Nightdive Studios","Nightdive Studios"
"2612","LIGHTNING RETURNS: FINAL FANTASY XIII","Dec 10, 2015","$7.99","N/A (N/A)","200,000 .. 500,000","00:15 (00:05)","Square Enix","Square Enix"
"2613","Robot Roller-Derby Disco Dodgeball","Feb 19, 2015","$9.99","N/A (N/A)","200,000 .. 500,000","00:00 (00:00)","Erik Asmussen","Erik Asmussen"
"2615","Reassembly","Feb 19, 2015","$14.99","N/A (N/A)","200,000 .. 500,000","00:00 (00:00)","Anisoptera Games","Indie Voyage"
"2616","TIS-100","Jul 20, 2015","$6.99","N/A (N/A)","200,000 .. 500,000","00:10 (00:03)","Zachtronics","Zachtronics"
"2617","Medieval Engineers","Feb 19, 2015","$4.99","N/A (N/A)","200,000 .. 500,000","00:00 (00:00)","Keen Software House","Keen Software House"
"2618","GemCraft - Chasing Shadows","Apr 30, 2015","$9.99","N/A (N/A)","200,000 .. 500,000","00:00 (00:00)","Game in a Bottle","Armor Games Studios"
"2619","METAL SLUG","Jun 25, 2015","$7.99","N/A (N/A)","200,000 .. 500,000","00:08 (00:02)","Dotemu","SNK CORPORATION"
"2620","Plug & Play","Mar 5, 2015","$3.99","N/A (N/A)","200,000 .. 500,000","00:00 (00:00)","Mario von Rickenbach, Michael Frei","Etter Studio"
"2621","THE KING OF FIGHTERS 2002 UNLIMITED MATCH","Feb 27, 2015","$2.24","N/A (N/A)","200,000 .. 500,000","00:16 (00:16)","SNK CORPORATION, Code Mystics","SNK CORPORATION"
"2623","the static speaks my name","Aug 10, 2015","Free","N/A (N/A)","200,000 .. 500,000","00:00 (00:00)","the whale husband","the whale husband"
"2624","Narcissu 1st & 2nd","Apr 24, 2015","Free","N/A (N/A)","200,000 .. 500,000","02:53 (00:57)","stage-nana","Sekai Project"
"2625","Please, Don’t Touch Anything","Mar 26, 2015","$4.99","N/A (N/A)","200,000 .. 500,000","00:00 (00:00)","Four Quarters","ForwardXP"
"2626","Lost Lands: A Hidden Object Adventure","Sep 24, 2015","Free","N/A (N/A)","200,000 .. 500,000","00:00 (00:00)","FIVE-BN GAMES","FIVE-BN GAMES"
"2628","Fahrenheit: Indigo Prophecy Remastered","Jan 28, 2015","$9.99","N/A (N/A)","200,000 .. 500,000","00:00 (00:00)","Quantic Dream, Aspyr Media (remastered version)","Quantic Dream"
"2630","Hylics","Oct 2, 2015","$2.99","N/A (N/A)","200,000 .. 500,000","00:01 (00:00)","Mason Lindroth","Mason Lindroth"
"2631","The Silent Age","May 29, 2015","$9.99","N/A (N/A)","200,000 .. 500,000","00:00 (00:00)","House On Fire",""
"2636","GUILTY GEAR XX ACCENT CORE PLUS R","May 26, 2015","$3.74","N/A (N/A)","200,000 .. 500,000","05:29 (03:39)","Arc System Works","Arc System Works"
"2638","Gaokao.Love.100Days","May 30, 2015","$5.69","N/A (N/A)","200,000 .. 500,000","00:00 (00:00)","高考恋爱委员会, 橘子班","NVLMaker"
"2639","RPG Maker MV","Oct 23, 2015","$11.99","N/A (N/A)","200,000 .. 500,000","51:13 (34:08)","Gotcha Gotcha Games, KADOKAWA, Yoji Ojima","Gotcha Gotcha Games"
"2640","Carpe Diem","Nov 30, 2015","Free","N/A (N/A)","200,000 .. 500,000","00:01 (00:00)","Moonlit Works","Moonlit Works"
"2647","Hook","Jul 6, 2015","$1.79","N/A (N/A)","200,000 .. 500,000","00:00 (00:00)","Maciej Targoni","Maciej Targoni"
"2648","Digger Online","Jun 2, 2015","$4.99","N/A (N/A)","200,000 .. 500,000","00:00 (00:00)","DiggerGames","DiggerGames"
"2664","Refunct","Oct 16, 2015","$2.99","N/A (N/A)","200,000 .. 500,000","00:00 (00:00)","Dominique Grieshofer","Dominique Grieshofer"
"24","Chaos Reborn","Oct 26, 2015","$9.99","N/A (N/A/85%)","100,000 .. 200,000","06:55 (02:18)","Snapshot Games Inc.","Snapshot Games Inc."
"29","Bulb Boy","Oct 29, 2015","$8.99","N/A (N/A/84%)","100,000 .. 200,000","01:29 (00:46)","Bulbware","Bulbware"
"30","80 Days","Sep 28, 2015","$12.99","N/A (N/A/84%)","100,000 .. 200,000","00:00 (00:00)","inkle Ltd, Cape Guy Ltd","inkle Ltd"
"46","Ninja Pizza Girl","Sep 30, 2015","$6.99","N/A (N/A/82%)","100,000 .. 200,000","00:00 (00:00)","Disparity Games","Disparity Games"
"50","Technobabylon","May 21, 2015","$14.99","N/A (N/A/82%)","100,000 .. 200,000","00:00 (00:00)","Technocrat Games","Wadjet Eye Games"
"55","Kalimba","Apr 22, 2015","$1.99","N/A (N/A/81%)","100,000 .. 200,000","00:00 (00:00)","Press Play","Xbox Game Studios"
"66","Company of Heroes 2 - The British Forces","Sep 2, 2015","$3.24","N/A (N/A/80%)","100,000 .. 200,000","00:00 (00:00)","Relic Entertainment, Feral Interactive (Mac), Feral Interactive (Linux)","SEGA, Feral Interactive (Mac), Feral Interactive (Linux)"
"69","DARIUSBURST Chronicle Saviours","Dec 3, 2015","$49.99","N/A (N/A/80%)","100,000 .. 200,000","00:00 (00:00)","Pyramid","KOMODO, KADOKAWA CORPORATION, TAITO CORP."
"73","Dropsy","Sep 10, 2015","$9.99","N/A (N/A/80%)","100,000 .. 200,000","00:00 (00:00)","Tendershoot, A Jolly Corpse","Devolver Digital"
"85","The Magic Circle","Jul 9, 2015","$19.99","N/A (N/A/79%)","100,000 .. 200,000","00:00 (00:00)","Question","Question"
"97","Mushroom 11","Oct 15, 2015","$14.99","N/A (N/A/78%)","100,000 .. 200,000","03:59 (01:19)","Untame","Untame"
"103","Pix the Cat","Jan 29, 2015","$0.74","N/A (N/A/77%)","100,000 .. 200,000","00:00 (00:00)","Pastagames","Focus Entertainment"
"107","Aviary Attorney","Dec 21, 2015","$14.99","N/A (N/A/77%)","100,000 .. 200,000","00:00 (00:00)","Sketchy Logic","Sketchy Logic"
"116","Concrete Jungle","Sep 23, 2015","$6.99","N/A (N/A/76%)","100,000 .. 200,000","00:00 (00:00)","ColePowered Games","ColePowered Games"
"119","Ys VI: The Ark of Napishtim","Apr 28, 2015","$4.99","N/A (N/A/76%)","100,000 .. 200,000","00:00 (00:00)","Nihon Falcom","XSEED Games, Marvelous USA, Inc."
"120","Pathologic Classic HD","Oct 29, 2015","$12.99","N/A (N/A/76%)","100,000 .. 200,000","00:00 (00:00)","Ice-Pick Lodge, General Arcade","Good Shepherd Entertainment"
"127","Serpent in the Staglands","May 28, 2015","$13.99","N/A (N/A/75%)","100,000 .. 200,000","00:00 (00:00)","Whalenought Studios","Whalenought Studios"
"129","Ironcast","Mar 26, 2015","$14.99","N/A (N/A/75%)","100,000 .. 200,000","00:00 (00:00)","Dreadbit","Ripstone"
"130","Rebuild 3: Gangs of Deadsville","May 29, 2015","$14.99","N/A (N/A/75%)","100,000 .. 200,000","00:00 (00:00)","Northway Games, Sarah Northway","Northway Games"
"142","Warhammer 40,000: Deathwatch - Enhanced Edition","Oct 16, 2015","N/A","N/A (N/A/74%)","100,000 .. 200,000","00:00 (00:00)","Rodeo Games","Rodeo Games"
"143","Action Henk","May 11, 2015","$14.99","N/A (N/A/74%)","100,000 .. 200,000","00:00 (00:00)","RageSquid","RageSquid"
"157","Blues and Bullets","Jul 22, 2015","$4.99","N/A (N/A/73%)","100,000 .. 200,000","00:00 (00:00)","A Crowd of Monsters","A Crowd of Monsters"
"159","Disney•Pixar Cars","Feb 24, 2015","$19.99","N/A (N/A/73%)","100,000 .. 200,000","00:03 (00:01)","Beenox","THQ, Disney"
"165","Homesick","May 28, 2015","$2.99","N/A (N/A/72%)","100,000 .. 200,000","00:00 (00:00)","Lucky Pause","Lucky Pause"
"170","Impossible Creatures Steam Edition","Nov 11, 2015","$9.99","N/A (N/A/72%)","100,000 .. 200,000","00:00 (00:00)","Relic Entertainment, THQ Nordic","THQ Nordic"
"172","Tormentum - Dark Sorrow","Mar 4, 2015","$11.99","N/A (N/A/72%)","100,000 .. 200,000","00:00 (00:00)","OhNoo Studio","OhNoo Studio"
"185","Legends of Eisenwald","Jul 2, 2015","$19.99","N/A (N/A/71%)","100,000 .. 200,000","00:00 (00:00)","Aterdux Entertainment","Aterdux Entertainment"
"186","Act of Aggression - Reboot Edition","Sep 2, 2015","$29.99","N/A (N/A/71%)","100,000 .. 200,000","04:35 (01:31)","Eugen Systems","Eugen Systems"
"214","Bloodsports.TV","Mar 30, 2015","$0.99","N/A (N/A/69%)","100,000 .. 200,000","00:00 (00:00)","Toadman Interactive, Fatshark","Fatshark"
"216","Holy Potatoes! A Weapon Shop?!","Jul 13, 2015","$9.99","N/A (N/A/69%)","100,000 .. 200,000","00:00 (00:00)","Daylight Studios","Daedalic Entertainment, Daylight Studios"
"233","FIM Speedway Grand Prix 15","Nov 30, 2015","N/A","N/A (N/A/68%)","100,000 .. 200,000","00:00 (00:00)","SoftPlanet","SoftPlanet"
"242","Skyshine's BEDLAM","Sep 16, 2015","N/A","N/A (N/A/67%)","100,000 .. 200,000","00:00 (00:00)","Skyshine Games","Versus Evil"
"248","Hot Tin Roof: The Cat That Wore A Fedora","Feb 20, 2015","$14.99","N/A (N/A/66%)","100,000 .. 200,000","00:00 (00:00)","Glass Bottom Games","Glass Bottom Games"
"252","Citizens of Earth","Jan 20, 2015","N/A","N/A (N/A/66%)","100,000 .. 200,000","00:00 (00:00)","Eden Industries","Brain Seal Ltd"
"253","Planet of the Eyes","Aug 24, 2015","$9.99","N/A (N/A/66%)","100,000 .. 200,000","00:00 (00:00)","Cococucumber","Cococucumber"
"264","Lethis - Path of Progress","Jun 25, 2015","$19.99","N/A (N/A/65%)","100,000 .. 200,000","00:00 (00:00)","Triskell Interactive","Triskell Interactive"
"265","WRC 5 FIA World Rally Championship","Oct 8, 2015","$9.99","N/A (N/A/65%)","100,000 .. 200,000","00:00 (00:00)","KT Racing","Nacon"
"271","Fire: Ungh’s Quest","Apr 9, 2015","$0.99","N/A (N/A/64%)","100,000 .. 200,000","00:00 (00:00)","Daedalic Entertainment","Daedalic Entertainment"
"272","Oh...Sir! Prototype","Dec 21, 2015","N/A","N/A (N/A/64%)","100,000 .. 200,000","00:00 (00:00)","Vile Monarch","Good Shepherd Entertainment"
"274","Sid Meier's Starships","Mar 12, 2015","$14.99","N/A (N/A/64%)","100,000 .. 200,000","00:00 (00:00)","Firaxis Games","2K"
"283","Grand Ages: Medieval","Sep 25, 2015","$19.99","N/A (N/A/63%)","100,000 .. 200,000","34:01 (11:20)","Gaming Minds Studios","Kalypso Media Digital"
"290","Etherium","Mar 25, 2015","$0.99","N/A (N/A/62%)","100,000 .. 200,000","00:00 (00:00)","Tindalos Interactive","Focus Entertainment"
"291","Dex","May 7, 2015","$19.99","N/A (N/A/62%)","100,000 .. 200,000","00:00 (00:00)","Dreadlocks Ltd.","Dreadlocks Ltd., Techland, WhisperGames"
"297","Venetica - Gold Edition","Jan 23, 2015","$9.99","N/A (N/A/61%)","100,000 .. 200,000","00:00 (00:00)","Deck13","Deck13"
"301","A Fistful of Gun","Sep 23, 2015","$9.99","N/A (N/A/60%)","100,000 .. 200,000","00:00 (00:00)","FarmerGnome","Devolver Digital"
"303","Beyond Eyes","Aug 11, 2015","N/A","N/A (N/A/60%)","100,000 .. 200,000","00:00 (00:00)","Tiger and Squid, Team17 Digital Ltd","Team17 Digital Ltd"
"305","I Am Bread","Apr 9, 2015","$12.99","N/A (N/A/60%)","100,000 .. 200,000","00:00 (00:00)","Bossa Studios","tinyBuild"
"310","VoidExpanse","Apr 2, 2015","$14.99","N/A (N/A/59%)","100,000 .. 200,000","00:00 (00:00)","AtomicTorch Studio","AtomicTorch Studio"
"312","Blue Estate The Game","Apr 8, 2015","$12.99","N/A (N/A/59%)","100,000 .. 200,000","00:00 (00:00)","HE SAW","HE SAW"
"315","Kyn","Jul 28, 2015","$9.99","N/A (N/A/58%)","100,000 .. 200,000","00:00 (00:00)","Tangrin Entertainment","Versus Evil"
"322","Vector Thrust","Jul 2, 2015","$24.99","N/A (N/A/57%)","100,000 .. 200,000","00:00 (00:00)","TimeSymmetry","Iceberg Interactive"
"323","Toren","May 11, 2015","$9.99","N/A (N/A/57%)","100,000 .. 200,000","00:00 (00:00)","Swordtales","Versus Evil"
"324","Armikrog","Sep 30, 2015","$9.99","N/A (N/A/57%)","100,000 .. 200,000","00:00 (00:00)","Pencil Test Studios","Versus Evil"
"332","Hektor","Mar 13, 2015","$9.99","N/A (N/A/55%)","100,000 .. 200,000","00:00 (00:00)","Rubycone","Rubycone"
"333","Warhammer Quest","Jan 7, 2015","N/A","N/A (N/A/55%)","100,000 .. 200,000","00:00 (00:00)","Rodeo Games, Twistplay","Chilled Mouse"
"345","theHunter: Primal","Mar 31, 2015","N/A","N/A (N/A/49%)","100,000 .. 200,000","00:00 (00:00)","Expansive Worlds, Avalanche Studios","Expansive Worlds, Avalanche Studios"
"350","Solarix","Apr 30, 2015","$19.99","N/A (N/A/47%)","100,000 .. 200,000","00:00 (00:00)","Playstige Interactive","Playstige Interactive"
"480","The Lady","Jan 29, 2015","Free","N/A (N/A)","100,000 .. 200,000","00:00 (00:00)","Mikeypoo's Games, Roger Levy","MPR ART Hallucinations"
"482","Into The War","Dec 2, 2015","N/A","N/A (N/A)","100,000 .. 200,000","00:00 (00:00)","Small Town Studios","Small Town Studios"
"484","Legend of Dungeon: Masters","Nov 30, 2015","N/A","N/A (N/A)","100,000 .. 200,000","00:00 (00:00)","Robot Loves Kitty","Robot Loves Kitty"
"487","Selfie : Sisters of the Amniotic Lens","May 8, 2015","N/A","N/A (N/A)","100,000 .. 200,000","00:00 (00:00)","Rail Slave Games","KISS ltd"
"493","Combat Monsters","Jan 20, 2015","N/A","N/A (N/A)","100,000 .. 200,000","00:00 (00:00)","Rubicon Development","Rubicon Development"
"496","Астролорды: Облако Оорта","Sep 29, 2015","Free","N/A (N/A)","100,000 .. 200,000","00:00 (00:00)","Aratog LLC","Conglomerate 5"
"498","Curse of Mermos","Jun 23, 2015","Free","N/A (N/A)","100,000 .. 200,000","00:00 (00:00)","TEAM101","TEAM101"
"505","Gunslingers","Dec 17, 2015","N/A","N/A (N/A)","100,000 .. 200,000","00:00 (00:00)","Kovalim","Kovalim"
"506","Affected Zone Tactics","Nov 17, 2015","Free","N/A (N/A)","100,000 .. 200,000","00:00 (00:00)","Light Vision Interactive","Light Vision Interactive"
"509","Epic Arena","May 5, 2015","Free","N/A (N/A)","100,000 .. 200,000","00:00 (00:00)","Shadow Masters","Shadow Masters"
"517","Immortal Empire","Dec 3, 2015","Free","N/A (N/A)","100,000 .. 200,000","00:00 (00:00)","Tactic Studios Inc.","Tactic Studios Inc."
"520","Golden Rush","Sep 23, 2015","N/A","N/A (N/A)","100,000 .. 200,000","00:00 (00:00)","Forbes Consult Ltd","ELYLAND  INVESTMENT COMPANY Ltd"
"521","Bloop Reloaded","Feb 6, 2015","N/A","N/A (N/A)","100,000 .. 200,000","00:00 (00:00)","2SD","KISS ltd"
"523","Just Survive Test Server","Apr 16, 2015","N/A","N/A (N/A)","100,000 .. 200,000","00:00 (00:00)","Daybreak Game Company","Daybreak Game Company"
"524","Camtasia - Subscription","Aug 29, 2015","N/A","N/A (N/A)","100,000 .. 200,000","00:00 (00:00)","TechSmith Corporation","TechSmith Corporation"
"528","Invisible Apartment","Mar 2, 2015","N/A","N/A (N/A)","100,000 .. 200,000","00:00 (00:00)","Milan Kazarka, Jeroen van Oosten","Vysoko Anime Production"
"529","The Secret of Tremendous Corporation","Oct 12, 2015","Free","N/A (N/A)","100,000 .. 200,000","00:00 (00:00)","Sebastian Krzyszkowiak, Konrad Burandt, Paweł Radej","dosowisko.net"
"533","Dream Of Mirror Online","Aug 14, 2015","Free","N/A (N/A)","100,000 .. 200,000","00:00 (00:00)","SoftStar","SubaGames"
"534","Heroes of Scene","Aug 26, 2015","Free","N/A (N/A)","100,000 .. 200,000","00:00 (00:00)","Icy Donut","Icy Donut"
"539","Metal Reaper Online","Sep 16, 2015","N/A","N/A (N/A)","100,000 .. 200,000","00:00 (00:00)","N2Games","Sesisoft, JC Planet"
"540","Soccer Manager 2015","Jul 16, 2015","N/A","N/A (N/A)","100,000 .. 200,000","00:00 (00:00)","Soccer Manager Ltd","Soccer Manager Ltd"
"543","Epic Cards Battle(TCG)","Jul 9, 2015","Free","N/A (N/A)","100,000 .. 200,000","00:00 (00:00)","momoStorm Entertainment","momoStorm Entertainment"
"544","Egg Returns Home","May 5, 2015","N/A","N/A (N/A)","100,000 .. 200,000","00:00 (00:00)","Egor Olegovich Yakovlev","Egor Olegovich Yakovlev"
"547","Merchant","Jan 1, 2015","Free","N/A (N/A)","100,000 .. 200,000","00:00 (00:00)","Retora Games","Retora Games"
"549","Driver Booster 3 for STEAM","Sep 22, 2015","Free","N/A (N/A)","100,000 .. 200,000","00:00 (00:00)","IObit","IObit"
"551","Alpha Polaris : A Horror Adventure Game","Oct 21, 2015","Free","N/A (N/A)","100,000 .. 200,000","00:00 (00:00)","Turmoil Games","Turmoil Games"
"554","Silver Creek Falls: Chapter 1","Aug 12, 2015","Free","N/A (N/A)","100,000 .. 200,000","00:00 (00:00)","Sapphire Dragon Productions","Sapphire Dragon Productions"
"555","Cards and Castles","Dec 18, 2015","Free","N/A (N/A)","100,000 .. 200,000","00:00 (00:00)","Red Team Games","Red Team Games"
"562","Interplanetary","May 12, 2015","N/A","N/A (N/A)","100,000 .. 200,000","00:00 (00:00)","Team Jolly Roger","Team17 Digital Ltd"
"563","Pink Heaven","Nov 4, 2015","Free","N/A (N/A)","100,000 .. 200,000","00:00 (00:00)","Studio Pixel","PLAYISM"
"565","World of Soccer","Aug 26, 2015","N/A","N/A (N/A)","100,000 .. 200,000","00:00 (00:00)","WoS Development Team","Huebotics"
"569","Chip's Challenge 1","May 28, 2015","Free","N/A (N/A)","100,000 .. 200,000","00:00 (00:00)","Niffler Ltd.","Niffler Ltd."
"570","SC2VN - The eSports Visual Novel","Sep 7, 2015","Free","N/A (N/A)","100,000 .. 200,000","00:00 (00:00)","Team Eleven","Team Eleven"
"574","Pink Hour","Oct 28, 2015","Free","N/A (N/A)","100,000 .. 200,000","00:00 (00:00)","Studio Pixel","PLAYISM"
"578","Fausts Alptraum","Aug 14, 2015","Free","N/A (N/A)","100,000 .. 200,000","00:00 (00:00)","LaboRatStudio","LaboRatStudio"
"579","FINAL FANTASY V","Sep 24, 2015","N/A","N/A (N/A)","100,000 .. 200,000","00:00 (00:00)","Square Enix","Square Enix"
"581","Port of Call","Aug 28, 2015","Free","N/A (N/A)","100,000 .. 200,000","00:00 (00:00)","Underdog Games","Underdog Games"
"585","Air Brawl","Jun 2, 2015","Free","N/A (N/A)","100,000 .. 200,000","00:00 (00:00)","Landfall","Landfall"
"586","Frosty Kiss","Jan 31, 2015","Free","N/A (N/A)","100,000 .. 200,000","00:00 (00:00)","2Chance Projects, IIchan Eroge Team","2Chance Projects"
"587","Off-Peak","Feb 15, 2015","Free","N/A (N/A)","100,000 .. 200,000","00:00 (00:00)","Cosmo D","Cosmo D Studios"
"589","Written in the Sky","Oct 31, 2015","N/A","N/A (N/A)","100,000 .. 200,000","00:00 (00:00)","Unwonted Studios","14 Hours Productions"
"590","Jigoku Kisetsukan: Sense of the Seasons","May 12, 2015","Free","N/A (N/A)","100,000 .. 200,000","00:00 (00:00)","Emad","Emad"
"592","Without Within","Jan 22, 2015","Free","N/A (N/A)","100,000 .. 200,000","00:00 (00:00)","InvertMouse","InvertMouse"
"1132","Dale Hardshovel HD","Sep 22, 2015","$3.99","N/A (N/A)","100,000 .. 200,000","00:00 (00:00)","phime studio LLC","phime studio LLC"
"1172","Professional Lumberjack 2015","Mar 5, 2015","$19.99","N/A (N/A)","100,000 .. 200,000","00:00 (00:00)","PlayWay S.A.","BANDAI NAMCO Entertainment, United Independent Entertainment"
"1173","CortexGear: AngryDroids","Sep 24, 2015","$5.99","N/A (N/A)","100,000 .. 200,000","00:00 (00:00)","JH12world, Jordan Benoit","JH12world"
"1203","Solar War","Jan 6, 2015","$4.99","N/A (N/A)","100,000 .. 200,000","00:00 (00:00)","Snipefish Entertainment","Snipefish Entertainment"
"1237","ABO MANDO","Dec 31, 2015","$0.99","N/A (N/A)","100,000 .. 200,000","00:00 (00:00)","UNDEAD","Andrés Calva, Luis Calva"
"1368","""Glow Ball"" - The billiard puzzle game","Jul 20, 2015","$2.99","N/A (N/A)","100,000 .. 200,000","00:00 (00:00)","WTFOMGames","WTFOMGames"
"1467","Lost in Paradise","Aug 20, 2015","$2.99","N/A (N/A)","100,000 .. 200,000","00:00 (00:00)","Elev8 Games","Elev8 Games"
"1496","3D ParticleGen Visual FX","Apr 3, 2015","$9.99","N/A (N/A)","100,000 .. 200,000","00:00 (00:00)","Reality Pump","TopWare Interactive"
"1556","Car Mechanic Manager","Sep 23, 2015","$4.99","N/A (N/A)","100,000 .. 200,000","00:00 (00:00)","InImages","Manager Games S.A."
"1572","Comic Book Hero: The Greatest Cape","Dec 9, 2015","$19.99","N/A (N/A)","100,000 .. 200,000","00:00 (00:00)","Grey Dog Software","Viva Media"
"1582","Days Under Custody","Nov 23, 2015","$4.99","N/A (N/A)","100,000 .. 200,000","00:00 (00:00)","Abraham Carreola","Groupees Interactive"
"1588","Black Home","Aug 7, 2015","$0.99","N/A (N/A)","100,000 .. 200,000","04:03 (01:21)","Warfare Studios","Aldorlea Games"
"1603","Pester","Aug 21, 2015","$0.99","N/A (N/A)","100,000 .. 200,000","00:00 (00:00)","Flump Studios","Funbox Media Ltd"
"1604","Island Defense","Jul 23, 2015","$1.99","N/A (N/A)","100,000 .. 200,000","00:00 (00:00)","Stereo7 Games","Stereo7 Games"
"1605","Social Justice Warriors","Feb 27, 2015","$7.99","N/A (N/A)","100,000 .. 200,000","00:00 (00:00)","Nonadecimal Creative","Nonadecimal Creative"
"1615","Chronostorm: Siberian Border","Nov 20, 2015","$0.99","N/A (N/A)","100,000 .. 200,000","00:00 (00:00)","Ulysses Games","ESDigital Games"
"1619","It's time to get out from the solar system","Sep 1, 2015","$2.99","N/A (N/A)","100,000 .. 200,000","00:00 (00:00)","WTFOMGames","WTFOMGames"
"1708","Ashes of Immortality","Jun 26, 2015","$0.99","N/A (N/A)","100,000 .. 200,000","04:03 (01:21)","Warfare Studios","Warfare Studios"
"1711","Time Ramesside (A New Reckoning)","Apr 29, 2015","$4.99","N/A (N/A)","100,000 .. 200,000","00:00 (00:00)","Panzer Gaming Studios","Panzer Gaming Studios"
"1764","Remnants Of Isolation","May 1, 2015","$4.99","N/A (N/A)","100,000 .. 200,000","00:00 (00:00)","Team Isolation","KOMODO"
"1768","Bleeding Border","Nov 9, 2015","$4.99","N/A (N/A)","100,000 .. 200,000","00:00 (00:00)","Curse Box Studios","Volens Nolens Games"
"1818","Incitement 3","Aug 19, 2015","$5.99","N/A (N/A)","100,000 .. 200,000","00:00 (00:00)","Astronomic Games","New Reality Games"
"1819","Shadow Ninja: Apocalypse","Nov 16, 2015","$4.99","N/A (N/A)","100,000 .. 200,000","00:00 (00:00)","Boogygames Studios","Boogygames Studios"
"1830","There Was A Caveman","Oct 8, 2015","$6.99","N/A (N/A)","100,000 .. 200,000","00:00 (00:00)","Nauris Amatnieks","Nauris Amatnieks"
"1839","Garden Rescue","Feb 2, 2015","$3.99","N/A (N/A)","100,000 .. 200,000","00:00 (00:00)","Rainbow Games","Rainbow Games"
"1843","Redemption: Eternal Quest","Aug 28, 2015","$0.99","N/A (N/A)","100,000 .. 200,000","00:00 (00:00)","SimProse Studios","Conglomerate 5"
"1855","Incandescent","Jun 30, 2015","$0.99","N/A (N/A)","100,000 .. 200,000","00:00 (00:00)","Stephen Crabb","Stephen Crabb"
"1873","The chronicles of Emerland. Solitaire.","Jul 29, 2015","$3.99","N/A (N/A)","100,000 .. 200,000","00:00 (00:00)","Rainbow Games","Rainbow Games"
"1896","Blake Stone: Aliens of Gold","May 5, 2015","$0.55","N/A (N/A)","100,000 .. 200,000","00:00 (00:00)","JAM Productions","Apogee Entertainment"
"1909","Fake Colours","Jan 1, 2015","$14.99","N/A (N/A)","100,000 .. 200,000","00:00 (00:00)","Beyond-Limits-Games, FCG","Budget Friendly Entertainment"
"1917","Gunnheim","Oct 16, 2015","$9.99","N/A (N/A)","100,000 .. 200,000","00:00 (00:00)","SIEIDI Ltd",""
"1919","Data Hacker: Reboot","Apr 17, 2015","$1.99","N/A (N/A)","100,000 .. 200,000","00:00 (00:00)","New Reality Games","New Reality Games"
"1921","Psycho Starship Rampage","Sep 28, 2015","$9.99","N/A (N/A)","100,000 .. 200,000","00:00 (00:00)","Ballistic Frogs","TyGAMES"
"1938","Gnumz: Masters of Defense","Dec 21, 2015","$14.99","N/A (N/A)","100,000 .. 200,000","00:00 (00:00)","Creobit","8Floor"
"1940","Biodrone Battle","Jul 16, 2015","$0.99","N/A (N/A)","100,000 .. 200,000","00:00 (00:00)","Bit Juggler","Bit Juggler"
"1947","Job the Leprechaun","Jul 31, 2015","$2.99","N/A (N/A)","100,000 .. 200,000","00:00 (00:00)","Herrero Games","Herrero Games"
"1954","Onikira - Demon Killer","Aug 27, 2015","$1.39","N/A (N/A)","100,000 .. 200,000","00:00 (00:00)","Digital Furnace Games","Digital Furnace Games"
"1958","Chronicles of the Witches and Warlocks","Nov 18, 2015","$7.49","N/A (N/A)","100,000 .. 200,000","00:00 (00:00)","8Floor","8Floor"
"1962","Wanderlust Adventures","Aug 10, 2015","$9.99","N/A (N/A)","100,000 .. 200,000","00:00 (00:00)","Yeti Trunk","Chucklefish"
"1975","The Dark Stone from Mebara","Feb 27, 2015","$7.99","N/A (N/A)","100,000 .. 200,000","00:00 (00:00)","Jerseyware Gaming","KISS ltd"
"1979","Regimental Chess","Apr 29, 2015","$0.99","N/A (N/A)","100,000 .. 200,000","00:00 (00:00)","Regimental Chess Dev.","Regimental Chess Inc."
"1986","Shutter","Apr 2, 2015","$1.99","N/A (N/A)","100,000 .. 200,000","00:00 (00:00)","Cosmic Logic","Cosmic Logic"
"1997","Crash Dive","Jul 6, 2015","$3.99","N/A (N/A)","100,000 .. 200,000","00:00 (00:00)","Panic Ensues Software","Panic Ensues Software"
"2005","Fox & Flock","Jun 9, 2015","$1.99","N/A (N/A)","100,000 .. 200,000","00:00 (00:00)","Smarter Games","Flying Interactive"
"2006","LocoSoccer Classic","Dec 9, 2015","$0.99","N/A (N/A)","100,000 .. 200,000","00:00 (00:00)","Startreming Games","TheGamePublisher.com"
"2007","Botology","Jun 24, 2015","$0.49","N/A (N/A)","100,000 .. 200,000","00:00 (00:00)","Black Lime Studio","Black Lime Studio"
"2032","Void And Meddler","Oct 28, 2015","N/A","N/A (N/A)","100,000 .. 200,000","00:00 (00:00)","no CVT, BlackMuffin","Mi-Clos Studio"
"2037","Krosmaster Arena","Nov 9, 2015","N/A","N/A (N/A)","100,000 .. 200,000","00:00 (00:00)","Ankama Studio","Ankama Games"
"2038","Earthtongue","Apr 27, 2015","$4.99","N/A (N/A)","100,000 .. 200,000","00:00 (00:00)","June Strings","junestrings"
"2040","My Bones","Aug 3, 2015","$0.99","N/A (N/A)","100,000 .. 200,000","00:00 (00:00)","GDNomaD","GDNomaD"
"2052","Girlfriend Rescue","Jul 10, 2015","$0.99","N/A (N/A)","100,000 .. 200,000","00:00 (00:00)","Aldorlea Games","Aldorlea Games"
"2055","Flix The Flea","Jun 1, 2015","$2.99","N/A (N/A)","100,000 .. 200,000","00:00 (00:00)","Psychotic Psoftware","Psychotic Psoftware"
"2061","InCell VR","Sep 3, 2015","Free","N/A (N/A)","100,000 .. 200,000","00:00 (00:00)","Luden.io","Luden.io"
"2064","Heroes of Hellas 3: Athens","Mar 12, 2015","$2.99","N/A (N/A)","100,000 .. 200,000","00:00 (00:00)","Alawar Casual","Alawar Casual"
"2067","One More Line","Aug 28, 2015","$2.99","N/A (N/A)","100,000 .. 200,000","00:00 (00:00)","SMG Studio","SMG Studio"
"2070","Cruel Arena","Aug 18, 2015","$0.99","N/A (N/A)","100,000 .. 200,000","00:00 (00:00)","Panda Studio","Panda Studio"
"2071","Flight of the Paladin","Oct 23, 2015","$1.99","N/A (N/A)","100,000 .. 200,000","00:00 (00:00)","Grizzly Wolf Games LLC","Grizzly Wolf Games LLC"
"2075","Mainland","May 8, 2015","Free","N/A (N/A)","100,000 .. 200,000","00:00 (00:00)","Vasily Voronkov, Ryan Joseph, Peter Kosyh","INSTEAD Community"
"2081","Red Stone Online","Apr 16, 2015","Free","N/A (N/A)","100,000 .. 200,000","00:00 (00:00)","L＆K Co., Ltd.","L＆K Co., Ltd."
"2088","This Book Is A Dungeon","Oct 9, 2015","$4.99","N/A (N/A)","100,000 .. 200,000","00:00 (00:00)","Nathan Meunier","Plug In Digital"
"2093","Void Destroyer","Jan 20, 2015","$3.99","N/A (N/A)","100,000 .. 200,000","00:00 (00:00)","Iteration 11","Iteration 11"
"2098","CITYCONOMY: Service for your City","Dec 2, 2015","$9.99","N/A (N/A)","100,000 .. 200,000","00:00 (00:00)","Nano Games sp. z o.o.","astragon Entertainment"
"2101","Dark Heritage: Guardians of Hope","Sep 24, 2015","$14.99","N/A (N/A)","100,000 .. 200,000","00:00 (00:00)","World-Loom, The House of Fables","Artifex Mundi"
"2114","STAR WARS X-Wing vs TIE Fighter - Balance of Power Campaigns","Apr 28, 2015","$9.99","N/A (N/A)","100,000 .. 200,000","00:00 (00:00)","Totally Games","LucasArts, Lucasfilm, Disney"
"2115","Castle","Jan 7, 2015","$3.99","N/A (N/A)","100,000 .. 200,000","00:00 (00:00)","Snails Animation","Snails Animation"
"2138","Retention","Jan 13, 2015","$0.99","N/A (N/A)","100,000 .. 200,000","00:00 (00:00)","Sometimes You","Sometimes You"
"2140","Koala Kids","Jun 22, 2015","$1.99","N/A (N/A)","100,000 .. 200,000","00:00 (00:00)","Doomster Entertainment","Doomster Entertainment"
"2149","Horizon Shift","May 29, 2015","$1.24","N/A (N/A)","100,000 .. 200,000","00:00 (00:00)","Flump Studios","Funbox Media Ltd"
"2150","World of Subways 4 – New York Line 7","Mar 23, 2015","$19.99","N/A (N/A)","100,000 .. 200,000","00:00 (00:00)","TML-Studios","Aerosoft GmbH"
"2166","Sphere 3","Dec 2, 2015","Free","N/A (N/A)","100,000 .. 200,000","00:00 (00:00)","GameXP.com","GameXP.com"
"2167","PERFECT ANGLE: The puzzle game based on optical illusions","Dec 22, 2015","$9.99","N/A (N/A)","100,000 .. 200,000","00:00 (00:00)","Ivanovich Games","Ivanovich Games"
"2185","Sirius","Jun 1, 2015","N/A","N/A (N/A)","100,000 .. 200,000","00:00 (00:00)","Digital Dawn Studios","DualityBeyond Studios"
"2186","Anoxemia","Jan 16, 2015","$8.99","N/A (N/A)","100,000 .. 200,000","00:00 (00:00)","BSK Games","Mandragora"
"2204","OH! RPG!","Dec 11, 2015","$0.99","N/A (N/A)","100,000 .. 200,000","00:00 (00:00)","RosePortal Games","Aldorlea Games"
"2210","Labyrinthine Dreams","May 26, 2015","$4.99","N/A (N/A)","100,000 .. 200,000","00:00 (00:00)","Solest Games","KOMODO"
"2215","The Juicer","Sep 11, 2015","$10.99","N/A (N/A)","100,000 .. 200,000","00:00 (00:00)","Anvate Games","Anvate Games"
"2222","SimpleRockets","Jun 3, 2015","$7.99","N/A (N/A)","100,000 .. 200,000","00:00 (00:00)","Jundroo, LLC","Jundroo, LLC"
"2224","Plazma Being","Feb 9, 2015","$1.99","N/A (N/A)","100,000 .. 200,000","00:00 (00:00)","Hedge Knight Games","Hedge Knight Games"
"2225","Celestian Tales: Old North","Aug 10, 2015","$12.99","N/A (N/A)","100,000 .. 200,000","00:00 (00:00)","Ekuator Games","Digital Tribe"
"2229","Cereal Soup","Feb 14, 2015","N/A","N/A (N/A)","100,000 .. 200,000","00:00 (00:00)","Wild Arts LLC","Wild Arts LLC"
"2231","Slipstream 5000","Oct 9, 2015","$2.99","N/A (N/A)","100,000 .. 200,000","00:00 (00:00)","Gremlin Interactive, The Software Refinery","Funbox Media Ltd"
"2235","Kidnapped","Aug 4, 2015","$2.99","N/A (N/A)","100,000 .. 200,000","00:00 (00:00)","Deceptive Games, Gavin Powell","Deceptive Games"
"2238","Evil Defenders","Nov 11, 2015","$4.99","N/A (N/A)","100,000 .. 200,000","00:00 (00:00)","CP Decision","CP Decision"
"2240","Lilly and Sasha: Curse of the Immortals","Apr 28, 2015","N/A","N/A (N/A)","100,000 .. 200,000","00:00 (00:00)","John Wizard","John Wizard"
"2241","March of War: FaceOff - M","Jul 16, 2015","N/A","N/A (N/A)","100,000 .. 200,000","00:00 (00:00)","ISOTX","ISOTX"
"2246","Fort Defense","May 22, 2015","$14.99","N/A (N/A)","100,000 .. 200,000","00:00 (00:00)","Creobit","8Floor"
"2249","Super Star Path","Jun 22, 2015","$0.99","N/A (N/A)","100,000 .. 200,000","00:00 (00:00)","DYA Games","DYA Games"
"2265","Time Mysteries: Inheritance - Remastered","Feb 26, 2015","$14.99","N/A (N/A)","100,000 .. 200,000","00:00 (00:00)","Artifex Mundi","Artifex Mundi"
"2273","Karos Returns","Jul 30, 2015","N/A","N/A (N/A)","100,000 .. 200,000","00:00 (00:00)","Galaxy Gate","RedFox Games"
"2277","The Odyssey: Winds of Athena","Nov 6, 2015","$4.99","N/A (N/A)","100,000 .. 200,000","00:00 (00:00)","Liquid Dragon Studios","Senpai Industrial Studios"
"2281","Painters Guild","Sep 1, 2015","$9.99","N/A (N/A)","100,000 .. 200,000","00:00 (00:00)","Lucas Molina","Lucas Molina"
"2300","STAR WARS - X-Wing Alliance","Apr 28, 2015","$9.99","N/A (N/A)","100,000 .. 200,000","00:00 (00:00)","Totally Games","LucasArts, Lucasfilm, Disney"
"2302","Cultures - 8th Wonder of the World","Mar 26, 2015","$0.74","N/A (N/A)","100,000 .. 200,000","00:00 (00:00)","Funatics Software","Daedalic Entertainment"
"2303","DungeonUp","Sep 4, 2015","$4.99","N/A (N/A)","100,000 .. 200,000","00:00 (00:00)","Clewcat Games","Plug In Digital"
"2310","ROCKETSROCKETSROCKETS","May 1, 2015","$3.99","N/A (N/A)","100,000 .. 200,000","00:00 (00:00)","Radial Games Corp, Loren Bednar, Dr. Kimberly Voll, Lindsay Jorgensen","Radial Games Corp"
"2311","Raptor: Call of The Shadows - 2015 Edition","Feb 13, 2015","$4.99","N/A (N/A)","100,000 .. 200,000","00:00 (00:00)","Scott Host","Apogee Entertainment"
"2312","Rolling Sun","Jun 3, 2015","$1.99","N/A (N/A)","100,000 .. 200,000","00:00 (00:00)","Mystik'Art","Mystik'Art"
"2325","Lowglow","Dec 3, 2015","$3.99","N/A (N/A)","100,000 .. 200,000","00:00 (00:00)","Rockodile","Rockodile"
"2326","GabeN: The Final Decision","Sep 21, 2015","$0.99","N/A (N/A)","100,000 .. 200,000","00:00 (00:00)","Alex Zhang","Alex Zhang"
"2335","HyperRogue","Jan 16, 2015","$9.99","N/A (N/A)","100,000 .. 200,000","00:00 (00:00)","Zeno Rogue","Zeno Rogue"
"2337","Adventures of Bertram Fiddle 1: A Dreadly Business","Apr 2, 2015","$4.99","N/A (N/A)","100,000 .. 200,000","00:00 (00:00)","Rumpus","Chorus Worldwide Games"
"2339","Burgers","Sep 3, 2015","$0.99","N/A (N/A)","100,000 .. 200,000","00:00 (00:00)","storm_sharks","storm_sharks"
"2341","Portal of Evil: Stolen Runes Collector's Edition","May 26, 2015","$14.99","N/A (N/A)","100,000 .. 200,000","00:00 (00:00)","8Floor","8Floor"
"2353","Breach & Clear: Deadline Rebirth (2016)","Jul 20, 2015","$9.99","N/A (N/A)","100,000 .. 200,000","00:00 (00:00)","Mighty Rabbit Studios, Gun Media","Good Shepherd Entertainment, Devolver Digital"
"2359","STAR WARS: TIE Fighter Special Edition","Apr 28, 2015","$9.99","N/A (N/A)","100,000 .. 200,000","00:00 (00:00)","Totally Games","LucasArts, Lucasfilm, Disney"
"2362","Cultures - Northland","Mar 26, 2015","$0.74","N/A (N/A)","100,000 .. 200,000","01:16 (00:25)","Funatics Software","Daedalic Entertainment"
"2367","Conquest of Elysium 4","Nov 16, 2015","$24.99","N/A (N/A)","100,000 .. 200,000","00:00 (00:00)","Illwinter Game Design","Illwinter Game Design"
"2368","Razenroth","Aug 28, 2015","$4.99","N/A (N/A)","100,000 .. 200,000","00:00 (00:00)","Enitvare","Enitvare"
"2371","Labyronia RPG 2","Aug 28, 2015","$1.99","N/A (N/A)","100,000 .. 200,000","00:00 (00:00)","Labyrinthine","Senpai Industrial Studios"
"2376","Battle Ranch: Pigs vs Plants","Feb 2, 2015","$1.99","N/A (N/A)","100,000 .. 200,000","00:00 (00:00)","Playboom","Senpai Industrial Studios"
"2383","House of Caravan","Apr 16, 2015","$1.99","N/A (N/A)","100,000 .. 200,000","00:00 (00:00)","Rosebud Games","Senpai Industrial Studios"
"2385","Dungeon Lords Steam Edition","Dec 21, 2015","$14.99","N/A (N/A)","100,000 .. 200,000","00:00 (00:00)","Heuristic Park","THQ Nordic"
"2391","Nimble Writer","Apr 21, 2015","$9.99","N/A (N/A)","100,000 .. 200,000","00:00 (00:00)","Nimble Tools","Nimble Tools"
"2392","Sakura Santa","Dec 21, 2015","$9.99","N/A (N/A)","100,000 .. 200,000","00:00 (00:00)","Winged Cloud","Winged Cloud"
"2394","Enigmoon","Sep 28, 2015","$19.99","N/A (N/A)","100,000 .. 200,000","00:00 (00:00)","Tupã Games","Tupã Games"
"2397","Vampire Legends: The True Story of Kisilova","Dec 3, 2015","$14.99","N/A (N/A)","100,000 .. 200,000","00:00 (00:00)","Organic 2 Digital Studio","Artifex Mundi"
"2401","The Last NightMary - A Lenda do Cabeça de Cuia","Nov 2, 2015","$3.99","N/A (N/A)","100,000 .. 200,000","00:00 (00:00)","Submersivo Game Studio","Submersivo Game Studio"
"2403","River City Super Sports Challenge ~All Stars Special~","Dec 17, 2015","$19.99","N/A (N/A)","100,000 .. 200,000","00:00 (00:00)","Arc System Works","H2 Interactive Co., Ltd."
"2406","Teddy Floppy Ear - Kayaking","Jan 16, 2015","N/A","N/A (N/A)","100,000 .. 200,000","00:00 (00:00)","Forever Entertainment S. A.","Forever Entertainment S. A."
"2409","David.","Feb 16, 2015","$1.99","N/A (N/A)","100,000 .. 200,000","00:00 (00:00)","Fermenter Games","First Break Labs"
"2416","Survivor Squad","Jan 21, 2015","$2.99","N/A (N/A)","100,000 .. 200,000","00:00 (00:00)","Endless Loop Studios","Endless Loop Studios"
"2418","Virtual Pool 4","May 11, 2015","$24.99","N/A (N/A)","100,000 .. 200,000","00:04 (00:01)","Celeris","Celeris"
"2419","Tiny Bridge: Ratventure","May 8, 2015","$1.99","N/A (N/A)","100,000 .. 200,000","00:00 (00:00)","Estelion","Senpai Industrial Studios"
"2422","Dracula's Legacy","Oct 22, 2015","$2.99","N/A (N/A)","100,000 .. 200,000","00:00 (00:00)","Jetdogs Studios, IndeePop","Jetdogs Studios"
"2423","Republique","Feb 26, 2015","N/A","N/A (N/A)","100,000 .. 200,000","00:00 (00:00)","Camouflaj","Camouflaj"
"2425","Through Abandoned: The Underground City","Jul 22, 2015","$0.99","N/A (N/A)","100,000 .. 200,000","02:06 (00:42)","Igor Krutov","Conglomerate 5"
"2431","200% Mixed Juice!","Oct 23, 2015","$6.99","N/A (N/A)","100,000 .. 200,000","00:00 (00:00)","Orange_Juice","Fruitbat Factory"
"2433","Monument","Jun 5, 2015","$1.99","N/A (N/A)","100,000 .. 200,000","00:00 (00:00)","Andrei Ivashentsev","Andrei Ivashentsev"
"2435","Gunjitsu","Jul 31, 2015","$3.99","N/A (N/A)","100,000 .. 200,000","00:00 (00:00)","Decent Machine","Beatnik Games"
"2438","Three Heroes","Sep 16, 2015","$0.79","N/A (N/A)","100,000 .. 200,000","00:00 (00:00)","Cats Who Play","Cats Who Play"
"2441","Mind Snares: Alice's Journey","Apr 23, 2015","$14.99","N/A (N/A)","100,000 .. 200,000","00:00 (00:00)","World-Loom","Artifex Mundi"
"2442","How To Survive: Third Person Standalone","Jul 2, 2015","$1.99","N/A (N/A)","100,000 .. 200,000","00:00 (00:00)","Eko Software","505 Games"
"2445","RPG Maker 2003","Apr 24, 2015","$1.99","N/A (N/A)","100,000 .. 200,000","00:00 (00:00)","Gotcha Gotcha Games, KADOKAWA, Yoji Ojima","Gotcha Gotcha Games"
"2447","Streets of Fury EX","Jun 25, 2015","$9.99","N/A (N/A)","100,000 .. 200,000","00:00 (00:00)","Guard Crush","Guard Crush"
"2452","Fingered","Aug 18, 2015","$1.87","N/A (N/A)","100,000 .. 200,000","00:00 (00:00)","Edmund McMillen, James Id","Edmund McMillen, James Id"
"2453","Blood and Gold: Caribbean!","Dec 10, 2015","$19.99","N/A (N/A)","100,000 .. 200,000","00:00 (00:00)","Snowbird Games","Snowbird Games"
"2454","Message Quest","Oct 22, 2015","$2.99","N/A (N/A)","100,000 .. 200,000","00:00 (00:00)","Royal Troupe","Royal Troupe"
"2456","Tallowmere","Mar 3, 2015","$3.99","N/A (N/A)","100,000 .. 200,000","00:00 (00:00)","Chris McFarland","Chris McFarland"
"2457","MotoGP15","Jun 23, 2015","$9.99","N/A (N/A)","100,000 .. 200,000","00:00 (00:00)","Milestone S.r.l.","Milestone S.r.l."
"2462","Echoes+","Jan 15, 2015","Free","N/A (N/A)","100,000 .. 200,000","00:00 (00:00)","Binary Zoo","Kikiwik Games"
"2466","Industry Giant 2","Aug 14, 2015","$9.99","N/A (N/A)","100,000 .. 200,000","00:00 (00:00)","Fancy Bytes, Reactor","Toplitz Productions"
"2470","oO","Jul 6, 2015","$0.89","N/A (N/A)","100,000 .. 200,000","00:00 (00:00)","Maciej Targoni","Maciej Targoni"
"2471","Draw a Stickman: EPIC 2","Nov 6, 2015","$6.99","N/A (N/A)","100,000 .. 200,000","00:00 (00:00)","Hitcents","Hitcents"
"2472","Worms World Party Remastered","Jul 16, 2015","$2.24","N/A (N/A)","100,000 .. 200,000","00:00 (00:00)","Team17 Digital Ltd","Team17 Digital Ltd"
"2474","Defend Your Life: TD","Apr 10, 2015","$3.99","N/A (N/A)","100,000 .. 200,000","00:00 (00:00)","Alda Games","Alda Games"
"2475","Super Mega Baseball: Extra Innings","Aug 21, 2015","$12.99","N/A (N/A)","100,000 .. 200,000","00:00 (00:00)","Metalhead Software Inc.","Electronic Arts"
"2481","DRAGON QUEST HEROES Slime Edition","Dec 3, 2015","$39.99","N/A (N/A)","100,000 .. 200,000","00:00 (00:00)","KOEI TECMO GAMES CO., LTD.","Square Enix"
"2482","Tcheco in the Castle of Lucio","Jun 22, 2015","$0.99","N/A (N/A)","100,000 .. 200,000","00:00 (00:00)","Marcelo Barbosa","Marcelo Barbosa"
"2484","SHOGUN: Total War - Collection","Jun 25, 2015","$9.99","N/A (N/A)","100,000 .. 200,000","00:00 (00:00)","CREATIVE ASSEMBLY","SEGA"
"2485","Gurumin: A Monstrous Adventure","Mar 30, 2015","$9.99","N/A (N/A)","100,000 .. 200,000","00:00 (00:00)","Nihon Falcom, Mastiff","Mastiff"
"2488","Sakura Fantasy","May 29, 2015","$9.99","N/A (N/A)","100,000 .. 200,000","00:00 (00:00)","Winged Cloud","Winged Cloud"
"2489","Ancient Planet Tower Defense","Feb 3, 2015","$4.99","N/A (N/A)","100,000 .. 200,000","00:00 (00:00)","Moonlight Mouse","Moonlight Mouse"
"2492","12 Labours of Hercules III: Girl Power","Aug 7, 2015","$1.49","N/A (N/A)","100,000 .. 200,000","00:00 (00:00)","Jetdogs Studios, Zoom Out Games","Jetdogs Studios"
"2500","16bit Trader","Jun 4, 2015","$2.99","N/A (N/A)","100,000 .. 200,000","00:00 (00:00)","Forever Entertainment S. A.","Forever Entertainment S. A."
"2501","Doodle God","Sep 24, 2015","$14.99","N/A (N/A)","100,000 .. 200,000","00:00 (00:00)","JoyBits Ltd.","JoyBits Ltd."
"2504","DYNASTY WARRIORS 8 Empires","Feb 26, 2015","$14.99","N/A (N/A)","100,000 .. 200,000","03:45 (01:15)","KOEI TECMO GAMES CO., LTD.","KOEI TECMO GAMES CO., LTD."
"2505","Splendor","Sep 17, 2015","$9.99","N/A (N/A)","100,000 .. 200,000","01:39 (00:33)","Days of Wonder","Twin Sails Interactive, Days of Wonder"
"2506","SquareCells","Dec 7, 2015","$2.99","N/A (N/A)","100,000 .. 200,000","00:00 (00:00)","Matthew Brown","Matthew Brown"
"2510","Teddy Floppy Ear - The Race","May 22, 2015","N/A","N/A (N/A)","100,000 .. 200,000","00:00 (00:00)","Forever Entertainment S. A.","Forever Entertainment S. A."
"2511","Zoombinis","Oct 28, 2015","$11.99","N/A (N/A)","100,000 .. 200,000","00:00 (00:00)","","TERC, Inc."
"2514","Sakura Beach","Aug 14, 2015","$9.99","N/A (N/A)","100,000 .. 200,000","00:00 (00:00)","Winged Cloud","Winged Cloud"
"2518","Disney•Pixar WALL-E","Feb 24, 2015","$19.99","N/A (N/A)","100,000 .. 200,000","00:00 (00:00)","Asobo Studio","THQ, Disney"
"2521","Reveal The Deep","Dec 4, 2015","$0.99","N/A (N/A)","100,000 .. 200,000","00:00 (00:00)","Lazy Monday Games","Lazy Monday Ltd"
"2523","Environmental Station Alpha","Apr 22, 2015","$7.99","N/A (N/A)","100,000 .. 200,000","00:00 (00:00)","Arvi Teikari, Roope Mäkinen","Hempuli Oy"
"2526","Grim Legends 2: Song of the Dark Swan","Mar 26, 2015","$14.99","N/A (N/A)","100,000 .. 200,000","04:12 (01:24)","Artifex Mundi","Artifex Mundi"
"2530","Over 9000 Zombies!","Feb 25, 2015","$2.99","N/A (N/A)","100,000 .. 200,000","00:00 (00:00)","Loren Lemcke","Loren Lemcke"
"2531","The Purring Quest","Nov 12, 2015","$9.99","N/A (N/A)","100,000 .. 200,000","00:00 (00:00)","Valhalla Cats","Valhalla Cats"
"2536","Dino Run DX","Sep 29, 2015","$2.99","N/A (N/A)","100,000 .. 200,000","00:07 (00:02)","Pixeljam","Pixeljam"
"2538","Battle of Empires : 1914-1918","Jul 22, 2015","$8.99","N/A (N/A)","100,000 .. 200,000","00:00 (00:00)","Great War Team","Best Way Soft"
"2539","Tengami","Jan 15, 2015","$6.99","N/A (N/A)","100,000 .. 200,000","00:00 (00:00)","Nyamyam","Nyamyam"
"2540","SanctuaryRPG: Black Edition","Feb 13, 2015","$7.99","N/A (N/A)","100,000 .. 200,000","05:46 (01:55)","Black Shell Media","Plug In Digital"
"2549","D4: Dark Dreams Don’t Die -Season One-","Jun 5, 2015","$14.99","N/A (N/A)","100,000 .. 200,000","00:00 (00:00)","Access Games","PLAYISM"
"2553","Emily Wants To Play","Dec 10, 2015","$4.99","N/A (N/A)","100,000 .. 200,000","00:00 (00:00)","Shawn Hitchcock","Hitchcock Games"
"2557","Sakura Angels","Jan 16, 2015","$9.99","N/A (N/A)","100,000 .. 200,000","00:00 (00:00)","Winged Cloud","Winged Cloud"
"2558","Trainz: A New Era","May 14, 2015","$19.99","N/A (N/A)","100,000 .. 200,000","00:00 (00:00)","N3V Games","N3V Games"
"2559","Dungeon Warfare","Nov 4, 2015","$9.99","N/A (N/A)","100,000 .. 200,000","00:00 (00:00)","Valsar","Valsar"
"2561","Home Design 3D","Nov 20, 2015","$9.99","N/A (N/A)","100,000 .. 200,000","00:00 (00:00)","Anuman Interactive / Microids, Koalabs","Anuman Interactive / Microids"
"2562","Quiplash","Jun 30, 2015","$3.49","N/A (N/A)","100,000 .. 200,000","00:00 (00:00)","Jackbox Games, Inc.","Jackbox Games, Inc."
"2570","The Park","Oct 27, 2015","$12.99","N/A (N/A)","100,000 .. 200,000","00:00 (00:00)","Funcom","Funcom"
"2573","Angels Fall First","Oct 1, 2015","$17.99","N/A (N/A)","100,000 .. 200,000","00:00 (00:00)","Strangely Interactive Ltd","Strangely Interactive Ltd"
"2575","NotTheNameWeWanted","Jul 2, 2015","N/A","N/A (N/A)","100,000 .. 200,000","00:00 (00:00)","NotGames","NotGames"
"2578","Hero of the Kingdom II","Feb 20, 2015","$8.99","N/A (N/A)","100,000 .. 200,000","00:00 (00:00)","Lonely Troops","Lonely Troops"
"2588","Absolute Drift","Jul 29, 2015","$5.99","N/A (N/A)","100,000 .. 200,000","00:00 (00:00)","Funselektor Labs Inc., FlippFly","Funselektor Labs Inc."
"2595","12 Labours of Hercules","Mar 23, 2015","$2.99","N/A (N/A)","100,000 .. 200,000","00:00 (00:00)","Jetdogs Studios, Zoom Out Games","Jetdogs Studios"
"2596","KINGDOMS","Oct 23, 2015","$5.99","N/A (N/A)","100,000 .. 200,000","00:00 (00:00)","Oreol","Oreol"
"2610","Amnesia: Memories","Aug 25, 2015","$9.99","N/A (N/A)","100,000 .. 200,000","00:00 (00:00)","Idea Factory, Design Factory","Idea Factory International"
"2622","eden*","Jan 30, 2015","$9.99","N/A (N/A)","100,000 .. 200,000","07:34 (02:31)","minori","MangaGamer, Sunflower Ocean"
"2635","Software Inc.","May 1, 2015","$22.99","N/A (N/A)","100,000 .. 200,000","00:01 (00:00)","Coredumping","Coredumping"
"2649","Shower With Your Dad Simulator 2015: Do You Still Shower With Your Dad","Sep 2, 2015","$0.99","N/A (N/A)","100,000 .. 200,000","01:46 (00:52)","marbenx","marbenx"
"15","Mushihimesama","Nov 12, 2015","$19.99","N/A (N/A/86%)","50,000 .. 100,000","00:00 (00:00)","CAVE Interactive CO.,LTD.","KOMODO"
"47","OlliOlli2: Welcome to Olliwood","Aug 11, 2015","$14.99","N/A (N/A/82%)","50,000 .. 100,000","00:00 (00:00)","Roll7","Devolver Digital"
"62","The Corporate Machine","Mar 25, 2015","$9.99","N/A (N/A/80%)","50,000 .. 100,000","00:00 (00:00)","Stardock Entertainment","Stardock Entertainment"
"67","Penarium","Sep 22, 2015","$9.99","N/A (N/A/80%)","50,000 .. 100,000","00:00 (00:00)","Self Made Miracle","Team17 Digital Ltd"
"70","The Book of Unwritten Tales 2","Feb 19, 2015","$29.99","N/A (N/A/80%)","50,000 .. 100,000","00:00 (00:00)","KING Art","THQ Nordic"
"71","Odallus: The Dark Call","Jul 15, 2015","$9.99","N/A (N/A/80%)","50,000 .. 100,000","00:00 (00:00)","JoyMasher","JoyMasher"
"77","The Legend of Heroes: Trails in the Sky SC","Oct 29, 2015","$19.49","N/A (N/A/80%)","50,000 .. 100,000","00:00 (00:00)","Nihon Falcom","XSEED Games, Marvelous USA, Inc."
"95","Avernum 2: Crystal Souls","Jan 14, 2015","$7.99","N/A (N/A/78%)","50,000 .. 100,000","00:00 (00:00)","Spiderweb Software","Spiderweb Software"
"102","Three Fourths Home: Extended Edition","Mar 20, 2015","$4.99","N/A (N/A/77%)","50,000 .. 100,000","00:00 (00:00)","[bracket]games","Digerati"
"105","Lords of the Realm II","Dec 3, 2015","$2.99","N/A (N/A/77%)","50,000 .. 100,000","00:00 (00:00)","Impressions Games","Rebellion"
"118","Castle In The Darkness","Feb 5, 2015","$9.99","N/A (N/A/76%)","50,000 .. 100,000","00:00 (00:00)","Matt Kap, Nicalis, Inc.","Nicalis, Inc."
"140","Crookz - The Big Heist","Aug 25, 2015","$9.99","N/A (N/A/74%)","50,000 .. 100,000","00:00 (00:00)","Skilltree Studios","Kalypso Media Digital"
"156","0RBITALIS","May 28, 2015","$9.99","N/A (N/A/73%)","50,000 .. 100,000","00:00 (00:00)","Alan Zucconi","Mastertronic"
"158","MASSIVE CHALICE","Jun 1, 2015","$3.99","N/A (N/A/73%)","50,000 .. 100,000","00:00 (00:00)","Double Fine Productions","Double Fine Productions"
"181","Dyscourse","Mar 25, 2015","$14.99","N/A (N/A/71%)","50,000 .. 100,000","00:00 (00:00)","Owlchemy Labs","Owlchemy Labs"
"182","Sublevel Zero Redux","Oct 8, 2015","$14.99","N/A (N/A/71%)","50,000 .. 100,000","00:00 (00:00)","Sigtrap","Sigtrap"
"183","Cibele","Nov 2, 2015","$8.99","N/A (N/A/71%)","50,000 .. 100,000","00:00 (00:00)","Star Maid Games","N/A"
"196","The Swindle","Jul 28, 2015","$14.99","N/A (N/A/70%)","50,000 .. 100,000","00:00 (00:00)","Size Five Games","Size Five Games"
"198","StarDrive 2","Apr 9, 2015","$29.99","N/A (N/A/70%)","50,000 .. 100,000","00:00 (00:00)","Zero Sum Games","Iceberg Interactive"
"225","Warlocks vs Shadows","Aug 19, 2015","$13.99","N/A (N/A/68%)","50,000 .. 100,000","00:00 (00:00)","Frozen District","ONE MORE LEVEL"
"228","The Masterplan","Jun 4, 2015","$19.99","N/A (N/A/68%)","50,000 .. 100,000","00:00 (00:00)","Shark Punch","Shark Punch"
"231","Inside My Radio","May 11, 2015","$14.99","N/A (N/A/68%)","50,000 .. 100,000","00:00 (00:00)","Seaven Studio","Iceberg Interactive"
"232","The Charnel House Trilogy","Apr 16, 2015","$5.99","N/A (N/A/68%)","50,000 .. 100,000","00:00 (00:00)","Owl Cave","Owl Cave"
"245","Swords and Sorcery - Underworld - Definitive Edition","Dec 15, 2015","$9.99","N/A (N/A/66%)","50,000 .. 100,000","00:00 (00:00)","OlderBytes","OlderBytes"
"247","FIVE: Guardians of David","Nov 24, 2015","$9.99","N/A (N/A/66%)","50,000 .. 100,000","00:00 (00:00)","Kingdom Games","Kingdom Games"
"249","Albedo: Eyes from Outer Space","Apr 10, 2015","$14.99","N/A (N/A/66%)","50,000 .. 100,000","00:00 (00:00)","Z4G0 and Ivan Venturi Productions","Silver Lining Interactive"
"254","The Escapists: The Walking Dead","Sep 30, 2015","$1.99","N/A (N/A/66%)","50,000 .. 100,000","00:00 (00:00)","Team17 Digital Ltd","Team17 Digital Ltd"
"270","Legend of Kay Anniversary","Jul 27, 2015","$19.99","N/A (N/A/64%)","50,000 .. 100,000","00:00 (00:00)","KAIKO, Neon Studios","THQ Nordic"
"281","MISSING: An Interactive Thriller - Episode One","May 25, 2015","N/A","N/A (N/A/63%)","50,000 .. 100,000","00:00 (00:00)","Zandel Media","Zandel Media"
"289","NEON STRUCT","May 20, 2015","$17.99","N/A (N/A/62%)","50,000 .. 100,000","00:00 (00:00)","Minor Key Games","Minor Key Games"
"295","Perils of Man","Apr 28, 2015","$1.99","N/A (N/A/61%)","50,000 .. 100,000","00:00 (00:00)","IF Games, Vertigo Games","Vertigo Games"
"296","Magnetic: Cage Closed","May 26, 2015","$14.99","N/A (N/A/61%)","50,000 .. 100,000","00:00 (00:00)","Guru Games","Good Shepherd Entertainment"
"302","Wars and Warriors: Joan of Arc","Sep 3, 2015","$6.99","N/A (N/A/60%)","50,000 .. 100,000","00:00 (00:00)","Enlight Software Limited","Retroism, Enlight Software Limited"
"307","Subject 13","May 28, 2015","$9.99","N/A (N/A/59%)","50,000 .. 100,000","00:00 (00:00)","Paul Cuisset","Microids"
"311","Dream","Jul 31, 2015","$8.99","N/A (N/A/59%)","50,000 .. 100,000","00:00 (00:00)","HyperSloth","HyperSloth"
"317","Lost Horizon 2","Oct 1, 2015","$14.99","N/A (N/A/58%)","50,000 .. 100,000","00:00 (00:00)","Animation Arts GmbH","Ravenscourt"
"330","Gryphon Knight Epic","Aug 20, 2015","$9.99","N/A (N/A/55%)","50,000 .. 100,000","00:00 (00:00)","Cyber Rhino Studios","Cyber Rhino Studios"
"354","LA Cops","Mar 13, 2015","$4.99","N/A (N/A/45%)","50,000 .. 100,000","00:00 (00:00)","Modern Dream","Team17 Digital Ltd"
"359","Zombeer","Jan 30, 2015","$4.99","N/A (N/A/32%)","50,000 .. 100,000","00:00 (00:00)","Moonbite Games, PadaOne Games","New Gravity Laws"
"385","none","Nov 5, 2015","N/A","N/A (N/A)","50,000 .. 100,000","00:00 (00:00)","none","none"
"394","Rising Runner","Nov 1, 2015","N/A","N/A (N/A)","50,000 .. 100,000","00:00 (00:00)","Magicbane","Magicbane"
"430","Streets of Chaos","Jan 23, 2015","N/A","N/A (N/A)","50,000 .. 100,000","00:00 (00:00)","SimProse Studios","SimProse Studios"
"435","Shadow of Kingdoms","Aug 11, 2015","Free","N/A (N/A)","50,000 .. 100,000","00:00 (00:00)","TernGame","Admax Game"
"438","SECTOR","Jun 29, 2015","Free","N/A (N/A)","50,000 .. 100,000","00:00 (00:00)","UD","UD"
"447","16 Bit Arena","Mar 24, 2015","N/A","N/A (N/A)","50,000 .. 100,000","00:00 (00:00)","islesofciphar.com","16bitarena.com"
"468","MiniDrivers","Aug 20, 2015","N/A","N/A (N/A)","50,000 .. 100,000","00:00 (00:00)","Ivanovich Games","Ivanovich Games"
"469","Indie Game Battle","Oct 29, 2015","N/A","N/A (N/A)","50,000 .. 100,000","00:00 (00:00)","Blob Games Studio","Blob Games Studio"
"470","I must kill...: Fresh Meat","Nov 30, 2015","Free","N/A (N/A)","50,000 .. 100,000","00:00 (00:00)","Gaming Cats Studio","Gaming Cats Studio"
"472","Glass Wing","Jun 24, 2015","Free","N/A (N/A)","50,000 .. 100,000","00:00 (00:00)","From Soy Sauce LLC","From Soy Sauce LLC"
"478","Your Quest","Apr 13, 2015","Free","N/A (N/A)","50,000 .. 100,000","00:00 (00:00)","Oblivionburn Productions","Oblivionburn Productions"
"479","Elements: Soul of Fire","Jan 12, 2015","N/A","N/A (N/A)","50,000 .. 100,000","00:00 (00:00)","Soul Catapult","New Reality Games"
"481","Chronicles of a Dark Lord: Rhapsody Clash","Nov 20, 2015","N/A","N/A (N/A)","50,000 .. 100,000","00:00 (00:00)","Kisareth Studios","Kisareth Studios"
"483","SickBrick","Jan 30, 2015","N/A","N/A (N/A)","50,000 .. 100,000","00:00 (00:00)","Maxwolf, Fox","Maxwolf, Fox"
"486","March of War: FaceOff - XL","Nov 18, 2015","N/A","N/A (N/A)","50,000 .. 100,000","00:00 (00:00)","ISOTX","ISOTX"
"489","Emergency 2016","Oct 15, 2015","N/A","N/A (N/A)","50,000 .. 100,000","00:00 (00:00)","Sixteen Tons Entertainment","Deep Silver"
"490","Pixel Fodder","Jul 20, 2015","Free","N/A (N/A)","50,000 .. 100,000","00:00 (00:00)","Wacha","wacha.ru"
"492","EV3 - Drag Racing","Mar 1, 2015","Free","N/A (N/A)","50,000 .. 100,000","00:00 (00:00)","KABloom Interactive","KABloom Interactive"
"495","The Gate","Apr 22, 2015","N/A","N/A (N/A)","50,000 .. 100,000","00:00 (00:00)","Spicy Horse Games","Spicy Horse Games"
"499","Metaverse Construction Kit","Dec 6, 2015","Free","N/A (N/A)","50,000 .. 100,000","00:00 (00:00)","Metaware","Metaware"
"500","Chronicles of a Dark Lord: Episode II War of The Abyss","Jan 16, 2015","N/A","N/A (N/A)","50,000 .. 100,000","00:00 (00:00)","Kisareth Studios","Kisareth Studios"
"502","Bloop","Jan 16, 2015","Free","N/A (N/A)","50,000 .. 100,000","00:00 (00:00)","2SD","KISS ltd"
"504","Escape","Apr 20, 2015","Free","N/A (N/A)","50,000 .. 100,000","00:00 (00:00)","Stephane Bottin","Stephane Bottin"
"508","Nyctophilia","Sep 23, 2015","Free","N/A (N/A)","50,000 .. 100,000","00:00 (00:00)","Cat In A Jar Games","Cat In A Jar Games"
"512","The Knobbly Crook","Jun 9, 2015","Free","N/A (N/A)","50,000 .. 100,000","00:00 (00:00)","Gnarled Scar Manipulations","Gnarled Scar Manipulations"
"515","Wyrmsun","May 22, 2015","Free","N/A (N/A)","50,000 .. 100,000","00:00 (00:00)","Andrettin","Andrettin"
"518","Ubinota","Mar 4, 2015","Free","N/A (N/A)","50,000 .. 100,000","00:00 (00:00)","Rotateam","Plug In Digital, Dear Villagers"
"519","Magical Otoge Ciel","Aug 7, 2015","Free","N/A (N/A)","50,000 .. 100,000","00:00 (00:00)","batensan","batensan"
"530","Noct","Oct 21, 2015","N/A","N/A (N/A)","50,000 .. 100,000","00:00 (00:00)","C3SK","Devolver Digital"
"531","Ruzh Delta Z","May 8, 2015","Free","N/A (N/A)","50,000 .. 100,000","00:00 (00:00)","Pribuni","Interplay Entertainment Corp."
"535","Hotline Miami 2: Wrong Number Digital Comic","Feb 17, 2015","Free","N/A (N/A)","50,000 .. 100,000","00:36 (00:12)","Dennaton Games, Dayjob Studio","Devolver Digital"
"538","Burstfire","Sep 24, 2015","N/A","N/A (N/A)","50,000 .. 100,000","00:00 (00:00)","Nacho Games","Nacho Games"
"546","7,62 Hard Life","Oct 1, 2015","$4.99","N/A (N/A)","50,000 .. 100,000","00:00 (00:00)","HLA team","Fulqrum Publishing"
"553","Subspace Continuum","Jul 3, 2015","Free","N/A (N/A)","50,000 .. 100,000","00:00 (00:00)","Virgin Interactive Entertainment, PriitK","Subspace Continuum"
"564","Close Your Eyes [Old Version]","Aug 31, 2015","Free","N/A (N/A)","50,000 .. 100,000","00:00 (00:00)","Yai Gameworks","Yai Gameworks"
"567","TeraBlaster","Jul 10, 2015","Free","N/A (N/A)","50,000 .. 100,000","00:00 (00:00)","Black Shell Games","Screen 7"
"576","The Mammoth: A Cave Painting","Aug 24, 2015","Free","N/A (N/A)","50,000 .. 100,000","00:00 (00:00)","inbetweengames","inbetweengames"
"989","Red Crow Mysteries: Legion","May 28, 2015","$9.99","N/A (N/A)","50,000 .. 100,000","00:00 (00:00)","Cateia Games","Cateia Games"
"1048","Gunslugs 2","Jan 14, 2015","$9.99","N/A (N/A)","50,000 .. 100,000","00:00 (00:00)","Orangepixel","Orangepixel, HandyGames"
"1112","Vagrant Hearts 2","May 20, 2015","$0.99","N/A (N/A)","50,000 .. 100,000","00:00 (00:00)","Warfare Studios","Warfare Studios"
"1134","Ashes of Immortality II","Aug 28, 2015","$0.99","N/A (N/A)","50,000 .. 100,000","00:00 (00:00)","Warfare Studios","Warfare Studios"
"1213","Arevan","Jul 24, 2015","$0.99","N/A (N/A)","50,000 .. 100,000","00:00 (00:00)","Overcloud9","Aldorlea Games"
"1214","Puzzle Ball","Oct 1, 2015","$2.99","N/A (N/A)","50,000 .. 100,000","00:00 (00:00)","Почежерцев Влад, Кашковский Антон, Бурков Никита","Art-Pulsar"
"1215","Fireflies","Sep 7, 2015","$1.99","N/A (N/A)","50,000 .. 100,000","00:00 (00:00)","Phanom Games","Phanom Games"
"1236","Blood of Magic","Dec 18, 2015","$9.99","N/A (N/A)","50,000 .. 100,000","00:00 (00:00)","Stoneworks Games","Stoneworks Games"
"1277","Midnight's Blessing","May 25, 2015","$0.99","N/A (N/A)","50,000 .. 100,000","05:03 (01:41)","Warfare Studios","Warfare Studios"
"1323","Spoko and Poko","May 11, 2015","$4.99","N/A (N/A)","50,000 .. 100,000","00:00 (00:00)","Volens Nolens Games","Volens Nolens Games"
"1342","Apollo4x","May 5, 2015","$4.99","N/A (N/A)","50,000 .. 100,000","00:00 (00:00)","Digital Entertainment","Volens Nolens Games"
"1343","Galactic Inheritors","Jun 9, 2015","$19.99","N/A (N/A)","50,000 .. 100,000","00:00 (00:00)","Crispon Games","Plug In Digital, Argonauts Interactive"
"1366","After All","Apr 20, 2015","$2.99","N/A (N/A)","50,000 .. 100,000","00:00 (00:00)","JAMgames","W. T. B."
"1407","Deadly Sin","Mar 27, 2015","$4.99","N/A (N/A)","50,000 .. 100,000","00:00 (00:00)","Dancing Dragon Games","Dancing Dragon Games"
"1409","STAR-BOX: RPG Adventures in Space","Aug 17, 2015","$4.99","N/A (N/A)","50,000 .. 100,000","00:00 (00:00)","Michael Flynn","FlynnFour Games"
"1422","Fated Souls","Jul 30, 2015","$0.99","N/A (N/A)","50,000 .. 100,000","00:00 (00:00)","Warfare Studios","Aldorlea Games"
"1423","An Imp? A Fiend!","Mar 16, 2015","$0.99","N/A (N/A)","50,000 .. 100,000","00:00 (00:00)","Blaze Epic","Blaze Epic"
"1447","Astro Emporia","Feb 2, 2015","$0.99","N/A (N/A)","50,000 .. 100,000","00:00 (00:00)","Squirrelbot Games","Squirrelbot Games"
"1455","Valiant: Resurrection","May 8, 2015","$0.99","N/A (N/A)","50,000 .. 100,000","00:00 (00:00)","Warfare Studios","Aldorlea Games"
"1466","Pilot Brothers 3: Back Side of the Earth","Jan 22, 2015","$4.99","N/A (N/A)","50,000 .. 100,000","00:00 (00:00)","1C Wireless","Fulqrum Publishing"
"1468","Freedom Cry","Sep 4, 2015","$0.99","N/A (N/A)","50,000 .. 100,000","00:00 (00:00)","Warfare Studios","Warfare Studios"
"1503","Soccertron","Mar 12, 2015","$2.99","N/A (N/A)","50,000 .. 100,000","00:00 (00:00)","David Erosa","Erosa Games"
"1518","Odysseus: Long Way Home","Feb 23, 2015","$3.99","N/A (N/A)","50,000 .. 100,000","00:00 (00:00)","Rainbow Games","Rainbow Games"
"1520","The Defenders: The Second Wave","Mar 30, 2015","$2.99","N/A (N/A)","50,000 .. 100,000","00:00 (00:00)","FallenMaster","FallenMaster"
"1526","Shadows of War","Jan 2, 2015","$1.99","N/A (N/A)","50,000 .. 100,000","00:00 (00:00)","TRI.G","TRI.G"
"1537","Robot vs Birds Zombies","Jul 23, 2015","$4.99","N/A (N/A)","50,000 .. 100,000","00:00 (00:00)","YFYX GAMES","My Way Games"
"1550","Raywin","Jul 29, 2015","$4.99","N/A (N/A)","50,000 .. 100,000","00:00 (00:00)","Flatline","Volens Nolens Games"
"1553","AquaSnap Window Manager","Dec 18, 2015","$29.99","N/A (N/A)","50,000 .. 100,000","00:00 (00:00)","Nurgo Software","Nurgo Software"
"1579","Spandex Force: Champion Rising","Jun 24, 2015","$4.99","N/A (N/A)","50,000 .. 100,000","00:00 (00:00)","KarjaSoft","Volens Nolens Games"
"1581","Stones of Sorrow","May 26, 2015","$2.99","N/A (N/A)","50,000 .. 100,000","00:00 (00:00)","Cult Software","Cult Software"
"1589","Scribble Space","Jun 1, 2015","$1.99","N/A (N/A)","50,000 .. 100,000","00:00 (00:00)","Coty Getzelman","N/A"
"1590","Snik","Sep 4, 2015","$2.99","N/A (N/A)","50,000 .. 100,000","00:00 (00:00)","Cleverweek","Cleverweek"
"1592","Garden Rescue: Christmas Edition","Nov 9, 2015","$3.99","N/A (N/A)","50,000 .. 100,000","00:00 (00:00)","Rainbow Games","Rainbow Games"
"1593","AGON - The Lost Sword of Toledo","Nov 19, 2015","$9.99","N/A (N/A)","50,000 .. 100,000","00:00 (00:00)","Private Moon Studios","M.INDIE"
"1594","Yet Another World","Nov 30, 2015","$5.99","N/A (N/A)","50,000 .. 100,000","00:00 (00:00)","Energy Milk","Energy Milk"
"1601","Sky Battles","Mar 25, 2015","$4.99","N/A (N/A)","50,000 .. 100,000","00:00 (00:00)","Peter Lacalamita","Volens Nolens Games"
"1609","Chainsaw Warrior: Lords of the Night","Feb 17, 2015","$5.99","N/A (N/A)","50,000 .. 100,000","00:00 (00:00)","Auroch Digital","Auroch Digital"
"1610","Circuit Breakers","Nov 17, 2015","$6.99","N/A (N/A)","50,000 .. 100,000","00:00 (00:00)","Triverske","Triverske, Excalibur Publishing"
"1618","Fist Slash: Of Ultimate Fury","Dec 10, 2015","$0.99","N/A (N/A)","50,000 .. 100,000","00:00 (00:00)","Sinclair Strange","Rising Star Games"
"1623","Abyss Raiders: Uncharted","Apr 30, 2015","$0.99","N/A (N/A)","50,000 .. 100,000","00:00 (00:00)","DarkStar Games","Conglomerate 5"
"1635","City of Fools","Jul 10, 2015","$7.99","N/A (N/A)","50,000 .. 100,000","00:00 (00:00)","Absolutist Ltd.","Absolutist Ltd."
"1644","1,000 Heads Among the Trees","Dec 11, 2015","$4.99","N/A (N/A)","50,000 .. 100,000","00:00 (00:00)","Aaron Oldenburg","KISS ltd"
"1646","Airport Simulator 2015","Apr 22, 2015","$9.99","N/A (N/A)","50,000 .. 100,000","00:00 (00:00)","LinkSolutions Ltd.","rondomedia GmbH"
"1647","Noctropolis","Sep 3, 2015","$1.99","N/A (N/A)","50,000 .. 100,000","00:00 (00:00)","Flashpoint Productions, Nightdive Studios","Nightdive Studios"
"1648","Keebles","Mar 27, 2015","$9.99","N/A (N/A)","50,000 .. 100,000","00:00 (00:00)","Burnt Fuse","Green Man Gaming Publishing"
"1652","Curses 'N Chaos","Aug 18, 2015","$9.99","N/A (N/A)","50,000 .. 100,000","00:00 (00:00)","Tribute Games Inc.","Tribute Games Inc."
"1653","Lex Mortis","Feb 9, 2015","$4.99","N/A (N/A)","50,000 .. 100,000","00:00 (00:00)","Denis Esie","Denis Esie"
"1660","Miner Mayhem","Sep 23, 2015","$2.99","N/A (N/A)","50,000 .. 100,000","00:00 (00:00)","Anarchy Enterprises","Anarchy Enterprises"
"1666","Hit Tank PRO","Dec 2, 2015","$2.99","N/A (N/A)","50,000 .. 100,000","00:00 (00:00)","Bacq Stellan","OtakuMaker.com"
"1670","Silicone-2","Jun 3, 2015","$0.99","N/A (N/A)","50,000 .. 100,000","00:00 (00:00)","Tort","Conglomerate 5"
"1672","The Apotheosis Project","Jul 10, 2015","$0.99","N/A (N/A)","50,000 .. 100,000","00:00 (00:00)","Midian Design","Screen 7"
"1673","Sumo Revise","Jun 25, 2015","Free","N/A (N/A)","50,000 .. 100,000","00:00 (00:00)","John Szymanski, Evan Szymanski, David Szymanski","John Szymanski"
"1689","Air Guardians","Jan 28, 2015","$0.99","N/A (N/A)","50,000 .. 100,000","00:00 (00:00)","Lazy Bum Games","Lazy Bum Games"
"1691","Living Legends: The Frozen Fear Collection","Oct 13, 2015","$19.99","N/A (N/A)","50,000 .. 100,000","00:00 (00:00)","4Friends Games","Viva Media"
"1697","Stargazer","May 28, 2015","$4.99","N/A (N/A)","50,000 .. 100,000","00:00 (00:00)","John Wizard","Amaranth Games"
"1709","Idol Hands","Feb 18, 2015","$4.99","N/A (N/A)","50,000 .. 100,000","00:00 (00:00)","Pocket Games, Fluid Games, GodSpeed Games","Green Man Gaming Publishing"
"1710","Vapour","Jul 3, 2015","$4.99","N/A (N/A)","50,000 .. 100,000","00:00 (00:00)","Skobbejak Games, Skermunkel","Skermunkel, Skobbejak Games"
"1717","Stick 'Em Up 2: Paper Adventures","Jul 27, 2015","$2.99","N/A (N/A)","50,000 .. 100,000","00:00 (00:00)","Never Don't Play","Never Don't Play"
"1719","Squarelands","Jul 16, 2015","$3.99","N/A (N/A)","50,000 .. 100,000","00:00 (00:00)","Oryon Entertainment","Oryon Entertainment"
"1721","99 Waves to Die","Apr 9, 2015","$4.99","N/A (N/A)","50,000 .. 100,000","00:00 (00:00)","SpookyFish Games","My Way Games"
"1723","Last Heroes","Nov 13, 2015","$0.99","N/A (N/A)","50,000 .. 100,000","00:00 (00:00)","Warfare Studios","Aldorlea Games"
"1724","Osteya","Nov 20, 2015","$4.99","N/A (N/A)","50,000 .. 100,000","00:00 (00:00)","Volens Nolens Games","Volens Nolens Games"
"1728","Reload","Feb 13, 2015","$4.99","N/A (N/A)","50,000 .. 100,000","00:00 (00:00)","Top3Line s.r.o.","Mastiff"
"1730","Arvale","Aug 14, 2015","$0.99","N/A (N/A)","50,000 .. 100,000","00:00 (00:00)","Jaybot7","Aldorlea Games"
"1735","Dark Matter","Feb 27, 2015","$4.99","N/A (N/A)","50,000 .. 100,000","00:00 (00:00)","","Meridian4"
"1736","Fallen: A2P Protocol","Aug 14, 2015","$9.99","N/A (N/A)","50,000 .. 100,000","00:00 (00:00)","Red Katana","Red Katana"
"1737","ALPAGES : THE FIVE BOOKS","Oct 23, 2015","$0.99","N/A (N/A)","50,000 .. 100,000","00:00 (00:00)","Nicolas Bernard","M.INDIE"
"1739","Stardust Vanguards","Jan 30, 2015","$3.99","N/A (N/A)","50,000 .. 100,000","00:00 (00:00)","Zanrai Interactive","Zanrai Interactive"
"1743","Chronicle Keepers: The Dreaming Garden","Jun 11, 2015","$4.99","N/A (N/A)","50,000 .. 100,000","00:00 (00:00)","Novaq Games","Ultimate Games S.A."
"1744","Alone in the Dark: Illumination","Jun 11, 2015","$19.99","N/A (N/A)","50,000 .. 100,000","00:00 (00:00)","Pure FPS","THQ Nordic"
"1747","Velocity 2X","Aug 19, 2015","N/A","N/A (N/A)","50,000 .. 100,000","00:00 (00:00)","FuturLab","Sierra"
"1759","Diner Mania","Jun 25, 2015","$3.99","N/A (N/A)","50,000 .. 100,000","00:00 (00:00)","InImages","Glob Games Studio"
"1765","Goblin Defenders: Steel‘n’ Wood","Nov 23, 2015","$1.49","N/A (N/A)","50,000 .. 100,000","00:00 (00:00)","Alawar Casual","Alawar Casual"
"1766","Urja","Jan 9, 2015","$9.99","N/A (N/A)","50,000 .. 100,000","00:00 (00:00)","Breaking Fourth",""
"1775","Asguaard","Apr 10, 2015","$1.29","N/A (N/A)","50,000 .. 100,000","00:00 (00:00)","Aldorlea Games","Aldorlea Games"
"1786","Block Legend DX","Feb 24, 2015","$4.99","N/A (N/A)","50,000 .. 100,000","00:00 (00:00)","Hanaji Games","Hanaji Games, Gamera Game"
"1797","MotoGP15 Compact","Dec 10, 2015","N/A","N/A (N/A)","50,000 .. 100,000","00:00 (00:00)","Milestone S.r.l.","Milestone S.r.l."
"1802","BiT Evolution","Jun 9, 2015","$9.99","N/A (N/A)","50,000 .. 100,000","00:00 (00:00)","Major Games","Major Games, Burnout Game Ventures"
"1817","Solitaire Christmas. Match 2 Cards","Dec 24, 2015","$14.99","N/A (N/A)","50,000 .. 100,000","00:00 (00:00)","Creobit","8Floor"
"1820","Wooden Floor","Feb 13, 2015","$1.99","N/A (N/A)","50,000 .. 100,000","00:00 (00:00)","pheenix93","pheenix93"
"1826","ANKI","Aug 24, 2015","$0.99","N/A (N/A)","50,000 .. 100,000","00:00 (00:00)","Wojciech Krupinski","KrupinskiArt"
"1833","Resilience Wave Survival","Dec 23, 2015","$4.99","N/A (N/A)","50,000 .. 100,000","00:00 (00:00)","Jimbob Games","Jimbob Games"
"1836","Farm Frenzy: Heave Ho","Aug 26, 2015","$4.99","N/A (N/A)","50,000 .. 100,000","00:00 (00:00)","Alawar Stargaze, Alawar Entertainment","ESDigital Games"
"1850","Star Nomad 2","Dec 14, 2015","$12.99","N/A (N/A)","50,000 .. 100,000","00:00 (00:00)","Huy Phan","Huy Phan"
"1852","Universal Combat CE","Feb 6, 2015","$9.99","N/A (N/A)","50,000 .. 100,000","00:00 (00:00)","3000AD","3000AD"
"1861","Parcel","Apr 22, 2015","$4.99","N/A (N/A)","50,000 .. 100,000","00:00 (00:00)","Polar Bunny Ltd","Polar Bunny Ltd"
"1862","Mold on the Pizza","Sep 25, 2015","Free","N/A (N/A)","50,000 .. 100,000","00:00 (00:00)","BTNcafe","BTNcafe"
"1864","Shutshimi","Aug 25, 2015","$4.99","N/A (N/A)","50,000 .. 100,000","00:00 (00:00)","Neon Deity Games","Choice Provisions"
"1866","Zotrix","Jul 24, 2015","$12.99","N/A (N/A)","50,000 .. 100,000","00:00 (00:00)","ZeroBit Games","Ocean Media LLC"
"1868","Airport Firefighters - The Simulation","May 13, 2015","$9.99","N/A (N/A)","50,000 .. 100,000","00:00 (00:00)","Visual Imagination Software GbR","rondomedia GmbH"
"1871","Gratuitous Space Battles 2","Apr 16, 2015","$9.99","N/A (N/A)","50,000 .. 100,000","00:00 (00:00)","Positech Games","Positech Games"
"1877","Haywire on Fuel Station Zeta","Sep 24, 2015","$3.99","N/A (N/A)","50,000 .. 100,000","00:00 (00:00)","Mad Goblin Games","Mad Goblin Games"
"1881","Kitchen Simulator 2015","Sep 2, 2015","$0.99","N/A (N/A)","50,000 .. 100,000","00:00 (00:00)","WhackAKey Games","Conglomerate 5"
"1882","Star Trek : 25th Anniversary","May 7, 2015","$19.99","N/A (N/A)","50,000 .. 100,000","00:00 (00:00)","Interplay Entertainment Corp.","Interplay Entertainment Corp."
"1883","Epic Quest of the 4 Crystals","Sep 25, 2015","$0.99","N/A (N/A)","50,000 .. 100,000","00:00 (00:00)","RosePortal Games","Aldorlea Games"
"1887","Race Track Builder","Aug 20, 2015","$44.99","N/A (N/A)","50,000 .. 100,000","00:00 (00:00)","Brendon Pywell","Brendon Pywell"
"1892","Tiamat X","May 29, 2015","$1.99","N/A (N/A)","50,000 .. 100,000","00:00 (00:00)","BBQ Games","BBQ Games"
"1899","Kult: Heretic Kingdoms","Aug 26, 2015","$4.99","N/A (N/A)","50,000 .. 100,000","00:00 (00:00)","Games Farm","Games Farm"
"1904","AntharioN","Jul 15, 2015","$14.99","N/A (N/A)","50,000 .. 100,000","00:00 (00:00)","Orphic Software","Orphic Software"
"1905","Terra Lander Remastered","Feb 6, 2015","$2.99","N/A (N/A)","50,000 .. 100,000","00:00 (00:00)","DM Media","Funbox Media Ltd"
"1906","Tetris Ultimate","Dec 10, 2015","N/A","N/A (N/A)","50,000 .. 100,000","00:00 (00:00)","Ubisoft - San Francisco","Ubisoft - San Francisco"
"1913","Almightree: The Last Dreamer","Sep 7, 2015","$4.99","N/A (N/A)","50,000 .. 100,000","00:00 (00:00)","Chocoarts","Digital Tribe"
"1915","Alum","May 15, 2015","$4.99","N/A (N/A)","50,000 .. 100,000","00:00 (00:00)","Crashable Studios","Crashable Studios"
"1918","Militia","Dec 2, 2015","$5.99","N/A (N/A)","50,000 .. 100,000","00:00 (00:00)","BrainGoodGames","BrainGoodGames"
"1924","Yargis - Space Melee","Jun 30, 2015","$2.99","N/A (N/A)","50,000 .. 100,000","00:00 (00:00)","PlazSoft","PlazSoft"
"1932","Beeswing","May 8, 2015","$4.99","N/A (N/A)","50,000 .. 100,000","00:00 (00:00)","J. King-Spooner","erm..."
"1933","Tulpa","Jan 29, 2015","$2.99","N/A (N/A)","50,000 .. 100,000","00:00 (00:00)","Encryptique","Encryptique"
"1937","The Adventures of Fatman","Oct 1, 2015","$0.99","N/A (N/A)","50,000 .. 100,000","00:00 (00:00)","SOCKO! Entertainment","Screen 7"
"1939","Luna Sky","Oct 2, 2015","$12.99","N/A (N/A)","50,000 .. 100,000","00:00 (00:00)","Vovoid Media Technologies AB","KISS ltd"
"1948","KRUM - Edge Of Darkness","Nov 24, 2015","$0.49","N/A (N/A)","50,000 .. 100,000","00:00 (00:00)","HA Studio Ltd.","SA Industry"
"1951","Battle Fantasia -Revised Edition-","Jul 7, 2015","$14.99","N/A (N/A)","50,000 .. 100,000","00:00 (00:00)","Arc System Works, DotEmu","Arc System Works"
"1965","Porcunipine","May 21, 2015","$9.99","N/A (N/A)","50,000 .. 100,000","00:00 (00:00)","Big Green Pillow","Curve Games"
"1966","1931: Scheherazade at the Library of Pergamum","Mar 26, 2015","$1.99","N/A (N/A)","50,000 .. 100,000","00:00 (00:00)","Black Chicken Studios, inc.","Black Chicken Studios, inc."
"1967","Making History: The Calm and the Storm Gold Edition","May 19, 2015","$1.24","N/A (N/A)","50,000 .. 100,000","00:00 (00:00)","Muzzy Lane Software","Factus Games"
"1969","The Hurricane of the Varstray -Collateral hazard-","Dec 21, 2015","$9.99","N/A (N/A)","50,000 .. 100,000","00:00 (00:00)","Studio SiestA","Rocket-Engine Co.,Ltd."
"1972","ROOT","Nov 16, 2015","$4.99","N/A (N/A)","50,000 .. 100,000","00:00 (00:00)","Skunkape Interactive","Skunkape Interactive"
"1973","Disney•Pixar Finding Nemo","Feb 24, 2015","$9.99","N/A (N/A)","50,000 .. 100,000","00:00 (00:00)","KnowWonder","Disney"
"1980","Death Ray Manta SE","Sep 17, 2015","$4.99","N/A (N/A)","50,000 .. 100,000","00:00 (00:00)","The Future Of Videogames","Thalamus Digital"
"1990","Stay Alight","Mar 2, 2015","$3.99","N/A (N/A)","50,000 .. 100,000","00:00 (00:00)","Wyse Games","Wyse Games"
"2002","Cross Set","Nov 17, 2015","$0.99","N/A (N/A)","50,000 .. 100,000","00:00 (00:00)","Cuveet Story","Cuveet Story"
"2009","Porradaria 2: Pagode of the Night","Mar 12, 2015","N/A","N/A (N/A)","50,000 .. 100,000","00:00 (00:00)","CleanWaterSoft","CleanWaterSoft"
"2011","Rituals","May 27, 2015","$4.99","N/A (N/A)","50,000 .. 100,000","00:00 (00:00)","Tymon Zgainski","Mudvark"
"2012","Corrosion: Cold Winter Waiting [Enhanced Edition]","Jul 1, 2015","$7.99","N/A (N/A)","50,000 .. 100,000","00:00 (00:00)","Viperante","Viperante"
"2017","The Deletion","Jul 30, 2015","$0.99","N/A (N/A)","50,000 .. 100,000","00:00 (00:00)","russpuppy","russpuppy"
"2025","Raiden Legacy - Steam Edition","Dec 10, 2015","$9.99","N/A (N/A)","50,000 .. 100,000","00:00 (00:00)","Dotemu","Dotemu"
"2026","Blaster Shooter GunGuy!","Aug 10, 2015","$1.99","N/A (N/A)","50,000 .. 100,000","00:00 (00:00)","Adam DeLease","Adam DeLease"
"2033","Wild Island Quest","Sep 4, 2015","$2.99","N/A (N/A)","50,000 .. 100,000","00:00 (00:00)","NLB project","NLB project"
"2035","PixelJunk Shooter Ultimate","Oct 21, 2015","$9.99","N/A (N/A)","50,000 .. 100,000","00:00 (00:00)","Q-Games Ltd., Double Eleven","Double Eleven"
"2045","One Way To Die","Sep 1, 2015","Free","N/A (N/A)","50,000 .. 100,000","00:00 (00:00)","Tenth&Hess Games","CoaguCo Industries"
"2049","Battle Chess: Game of Kings","Dec 11, 2015","$29.99","N/A (N/A)","50,000 .. 100,000","00:00 (00:00)","Olde Sküül, Sculptured Software","Interplay Entertainment Corp."
"2050","Gridworld","Dec 24, 2015","$0.99","N/A (N/A)","50,000 .. 100,000","00:00 (00:00)","DopplerFrog","DopplerFrog"
"2053","Playing History 2 - Slave Trade","Aug 27, 2015","$4.99","N/A (N/A)","50,000 .. 100,000","00:00 (00:00)","Serious Games Interactive","My Way Games"
"2057","Distant Star: Revenant Fleet","Apr 7, 2015","$9.99","N/A (N/A)","50,000 .. 100,000","00:00 (00:00)","Blazing Griffin","Blazing Griffin"
"2058","The Troma Project","Oct 28, 2015","$7.99","N/A (N/A)","50,000 .. 100,000","00:00 (00:00)","Nekrosoft","TopWare Interactive"
"2059","Bomb The Monsters!","Nov 6, 2015","$0.49","N/A (N/A)","50,000 .. 100,000","00:00 (00:00)","Finalboss game studio","Conglomerate 5"
"2068","Black Sails - The Ghost Ship","Sep 17, 2015","$9.99","N/A (N/A)","50,000 .. 100,000","00:00 (00:00)","Deck13","Deck13"
"2073","Mugen Souls","Oct 22, 2015","$19.99","N/A (N/A)","50,000 .. 100,000","00:00 (00:00)","Idea Factory","Ghostlight LTD"
"2076","Sky Gamblers: Storm Raiders","Jan 7, 2015","$9.99","N/A (N/A)","50,000 .. 100,000","00:00 (00:00)","Atypical Games","Atypical Games"
"2078","Divine Slice of Life","Oct 22, 2015","$9.99","N/A (N/A)","50,000 .. 100,000","00:00 (00:00)","Dharker Studios","Dharker Studios"
"2082","Cuban Missile Crisis","Mar 25, 2015","$4.99","N/A (N/A)","50,000 .. 100,000","00:00 (00:00)","G5 Software","Fulqrum Publishing"
"2083","Marble Duel: Sphere-Matching Tactical Fantasy","Nov 12, 2015","$14.99","N/A (N/A)","50,000 .. 100,000","00:00 (00:00)","HeroLabs","HeroLabs"
"2091","Murder","Oct 21, 2015","$0.99","N/A (N/A)","50,000 .. 100,000","00:00 (00:00)","Peter Moorhead","CDP"
"2092","Dance of Death","Dec 21, 2015","$3.99","N/A (N/A)","50,000 .. 100,000","00:00 (00:00)","eight game studio","RunServer"
"2096","Avalanche 2: Super Avalanche","Jun 11, 2015","$4.99","N/A (N/A)","50,000 .. 100,000","00:00 (00:00)","Beast Games","Midnight City"
"2097","Last Horizon","Nov 18, 2015","$5.99","N/A (N/A)","50,000 .. 100,000","00:00 (00:00)","Pixeljam","Pixeljam"
"2102","Stardust Galaxy Warriors: Stellar Climax","Nov 10, 2015","$9.99","N/A (N/A)","50,000 .. 100,000","00:00 (00:00)","Dreamloop Games","Dreamloop Games"
"2103","Into The Gloom","Apr 7, 2015","$5.99","N/A (N/A)","50,000 .. 100,000","00:00 (00:00)","earrgames","Conglomerate 5"
"2104","Queen's Quest: Tower of Darkness","Sep 10, 2015","$14.99","N/A (N/A)","50,000 .. 100,000","00:00 (00:00)","Brave Giant LTD","Artifex Mundi"
"2119","Siralim","Apr 24, 2015","$9.99","N/A (N/A)","50,000 .. 100,000","00:00 (00:00)","Thylacine Studios","Thylacine Studios LLC"
"2125","The Spatials","Mar 30, 2015","$9.99","N/A (N/A)","50,000 .. 100,000","00:00 (00:00)","Weird and Wry","Weird and Wry"
"2128","On A Roll 3D","Feb 12, 2015","$3.99","N/A (N/A)","50,000 .. 100,000","00:00 (00:00)","Battenberg Software","Battenberg Software"
"2130","Ostrich Island","Jan 8, 2015","$4.99","N/A (N/A)","50,000 .. 100,000","00:00 (00:00)","MeDungeon Ltd.","MeDungeon Ltd."
"2131","Tiki Man","Jun 5, 2015","$2.99","N/A (N/A)","50,000 .. 100,000","00:00 (00:00)","Anarchy Enterprises","Anarchy Enterprises"
"2133","Taimumari: Definitive Edition","Dec 16, 2015","$1.99","N/A (N/A)","50,000 .. 100,000","00:00 (00:00)","TERNOX","TERNOX"
"2135","Pro Cycling Manager 2015","Jun 18, 2015","$4.99","N/A (N/A)","50,000 .. 100,000","00:00 (00:00)","Cyanide Studio","Focus Home Interactive"
"2137","SpaceCorn","Jun 23, 2015","$0.99","N/A (N/A)","50,000 .. 100,000","00:00 (00:00)","Henrique Pegacha, Rafael Lima, Nuno Guerreiro","Gentlemen in Tuxedos"
"2139","Colortone","Oct 29, 2015","$6.99","N/A (N/A)","50,000 .. 100,000","00:00 (00:00)","Greendev.","Valkyrie Initiative"
"2146","Rats - Time is running out!","Aug 19, 2015","N/A","N/A (N/A)","50,000 .. 100,000","00:00 (00:00)","Citeremis Inc.","Citeremis Inc."
"2147","Contract With The Devil","Dec 11, 2015","$7.49","N/A (N/A)","50,000 .. 100,000","00:00 (00:00)","AZ-Art Development Studio","8Floor"
"2151","The Adventures of Mr. Bobley","Jul 1, 2015","$1.99","N/A (N/A)","50,000 .. 100,000","00:00 (00:00)","Jan Zizka",""
"2154","The Albino Hunter (Original)","Mar 11, 2015","$4.99","N/A (N/A)","50,000 .. 100,000","00:00 (00:00)","Cherry Co. Studios","Cherry Co. Studios"
"2163","Comedy Quest","Sep 2, 2015","Free","N/A (N/A)","50,000 .. 100,000","00:00 (00:00)","Trav Nash","Crothers Games"
"2164","NEO AQUARIUM - The King of Crustaceans -","Jun 8, 2015","$8.99","N/A (N/A)","50,000 .. 100,000","00:00 (00:00)","Calappa Games","PLAYISM"
"2168","The Tape","Nov 19, 2015","$2.99","N/A (N/A)","50,000 .. 100,000","00:00 (00:00)","Kazakov Oleg","Kazakov Oleg"
"2169","Lost Lands: The Four Horsemen Collector's Edition","Jul 14, 2015","$9.99","N/A (N/A)","50,000 .. 100,000","00:00 (00:00)","FIVE-BN GAMES","FIVE-BN GAMES"
"2175","Goosebumps: The Game","Oct 13, 2015","$9.99","N/A (N/A)","50,000 .. 100,000","00:00 (00:00)","WayForward","GameMill Entertainment"
"2179","Axis Football 2015","Jul 15, 2015","$4.99","N/A (N/A)","50,000 .. 100,000","00:00 (00:00)","Axis Games","Axis Games"
"2182","Mimpi","Jan 20, 2015","$3.99","N/A (N/A)","50,000 .. 100,000","00:00 (00:00)","Dreadlocks Mobile, Silicon Jelly","Dreadlocks Mobile, Silicon Jelly"
"2193","Pumped BMX +","Sep 18, 2015","$9.99","N/A (N/A)","50,000 .. 100,000","00:00 (00:00)","Yeah Us!","Curve Games"
"2195","Tick Tock Isle","Nov 19, 2015","$0.99","N/A (N/A)","50,000 .. 100,000","00:00 (00:00)","Squiddershins","Squiddershins"
"2198","Dimmdrive :: Gaming Ramdrive @ 10,000+ MB/s","Jan 1, 2015","$14.99","N/A (N/A)","50,000 .. 100,000","00:00 (00:00)","Dimmdrive Inc.","Dimmdrive Inc."
"2202","Gnomes Garden","Dec 18, 2015","$14.99","N/A (N/A)","50,000 .. 100,000","00:00 (00:00)","Workroom7, Creobit","8Floor"
"2203","Hare In The Hat","Apr 1, 2015","$1.99","N/A (N/A)","50,000 .. 100,000","00:00 (00:00)","RunServer","RunServer"
"2213","New York Mysteries: Secrets of the Mafia Collector's Edition","May 22, 2015","$9.99","N/A (N/A)","50,000 .. 100,000","00:00 (00:00)","FIVE-BN GAMES","FIVE-BN GAMES"
"2214","Casino Inc.","Apr 17, 2015","$5.29","N/A (N/A)","50,000 .. 100,000","00:00 (00:00)","Hothouse Creations Ltd","Alternative Software Ltd"
"2218","Lux Delux","May 1, 2015","$9.99","N/A (N/A)","50,000 .. 100,000","00:00 (00:00)","Sillysoft Games","Sillysoft Games"
"2219","Seven Kingdoms 2 HD","Feb 4, 2015","$3.99","N/A (N/A)","50,000 .. 100,000","00:00 (00:00)","Enlight Software Limited","Enlight Software Limited"
"2220","Grapple","Mar 9, 2015","$6.99","N/A (N/A)","50,000 .. 100,000","00:00 (00:00)","Tuesday Society","Midnight City, Majesco Entertainment"
"2227","Corgi Warlock","Dec 3, 2015","$0.99","N/A (N/A)","50,000 .. 100,000","00:00 (00:00)","Xander's Corgi Arcade","Xander's Corgi Arcade"
"2228","A Wolf in Autumn","Oct 27, 2015","$1.99","N/A (N/A)","50,000 .. 100,000","00:00 (00:00)","David Szymanski","David Szymanski"
"2232","The Sandbox","Jun 29, 2015","$4.99","N/A (N/A)","50,000 .. 100,000","00:00 (00:00)","PIXOWL INC.","PIXOWL INC."
"2237","Tinboy","Aug 31, 2015","$4.99","N/A (N/A)","50,000 .. 100,000","00:00 (00:00)","Interactive Stone","Interactive Stone"
"2239","Tales of the Orient: The Rising Sun","Feb 27, 2015","$1.99","N/A (N/A)","50,000 .. 100,000","00:00 (00:00)","Green Sauce Games","Green Sauce Games"
"2248","Hyperspace Invaders II: Pixel Edition","Sep 4, 2015","$4.99","N/A (N/A)","50,000 .. 100,000","00:00 (00:00)","Entity Medialab","Plug In Digital"
"2250","Drizzlepath","Mar 12, 2015","$1.99","N/A (N/A)","50,000 .. 100,000","00:00 (00:00)","Tonguç Bodur","Tonguç Bodur"
"2253","Weapon of Choice DX","Sep 23, 2015","$5.99","N/A (N/A)","50,000 .. 100,000","00:00 (00:00)","Mommy's Best Games","Mommy's Best Games"
"2256","Swordbreaker The Game","Nov 6, 2015","$4.99","N/A (N/A)","50,000 .. 100,000","00:00 (00:00)","DuCats Games Studio","DuCats Games Studio"
"2257","Nevermind","Sep 29, 2015","$19.99","N/A (N/A)","50,000 .. 100,000","00:00 (00:00)","Flying Mollusk","Flying Mollusk"
"2258","Putrefaction","Aug 7, 2015","$0.59","N/A (N/A)","50,000 .. 100,000","00:00 (00:00)","Kazakov Oleg","Kazakov Oleg"
"2263","Void Invaders","Aug 14, 2015","$2.99","N/A (N/A)","50,000 .. 100,000","00:00 (00:00)","VoidDev","Plug In Digital"
"2268","Knight Squad","Nov 16, 2015","$14.99","N/A (N/A)","50,000 .. 100,000","00:00 (00:00)","Chainsawesome Games","Chainsawesome Games"
"2270","FreeCell Quest","Oct 19, 2015","$3.19","N/A (N/A)","50,000 .. 100,000","00:00 (00:00)","Legend Studio","Legend Studio"
"2275","Ame no Marginal -Rain Marginal-","Jul 7, 2015","$12.99","N/A (N/A)","50,000 .. 100,000","00:00 (00:00)","stage-nana","Sekai Project"
"2284","Gun Wings","Dec 8, 2015","$3.99","N/A (N/A)","50,000 .. 100,000","00:00 (00:00)","Mercury Stone, Angels Blue Digital Entertainment, DigitalEZ","DigitalEZ"
"2286","Mountain Crime: Requital","Aug 27, 2015","$2.99","N/A (N/A)","50,000 .. 100,000","00:00 (00:00)","Alawar Stargaze","Alawar Casual"
"2287","Arcana Heart 3 LOVE MAX!!!!!","Sep 29, 2015","$29.99","N/A (N/A)","50,000 .. 100,000","00:00 (00:00)","EXAMU Inc.","Arc System Works"
"2290","Hidden Object Bundle 4 in 1","Oct 6, 2015","$7.99","N/A (N/A)","50,000 .. 100,000","00:00 (00:00)","Alawar Casual","Alawar Casual"
"2297","FINAL FANTASY IV: THE AFTER YEARS","May 11, 2015","$7.99","N/A (N/A)","50,000 .. 100,000","00:00 (00:00)","Square Enix","Square Enix"
"2305","The Secret Order 2: Masked Intent","Nov 5, 2015","$14.99","N/A (N/A)","50,000 .. 100,000","00:00 (00:00)","Sunward Games","Artifex Mundi"
"2307","Why Am I Dead At Sea","May 11, 2015","$4.99","N/A (N/A)","50,000 .. 100,000","00:00 (00:00)","Peltast Software","Peltast Software"
"2315","Super Chibi Knight","Jun 24, 2015","$4.99","N/A (N/A)","50,000 .. 100,000","00:00 (00:00)","PestoForce","Armor Games Studios, PestoForce"
"2316","DRAGON: A Game About a Dragon","Apr 24, 2015","$4.99","N/A (N/A)","50,000 .. 100,000","00:00 (00:00)","Games With Dragons In","IPBuilders"
"2318","Vox Populi Vox Dei 2","Mar 17, 2015","$2.99","N/A (N/A)","50,000 .. 100,000","00:00 (00:00)","Great Cogs","Great Cogs"
"2327","TEMBO THE BADASS ELEPHANT","Jul 21, 2015","$3.74","N/A (N/A)","50,000 .. 100,000","00:00 (00:00)","GAME FREAK inc.","SEGA"
"2329","Timber and Stone","Oct 20, 2015","$4.99","N/A (N/A)","50,000 .. 100,000","00:00 (00:00)","Games by Robert, LLC","Games by Robert, LLC"
"2333","Pixel Heroes: Byte & Magic","Feb 6, 2015","$0.99","N/A (N/A)","50,000 .. 100,000","00:00 (00:00)","The Bitfather","Headup"
"2345","Tea Party Simulator 2015","Apr 23, 2015","$1.99","N/A (N/A)","50,000 .. 100,000","00:01 (00:00)","Liens, Power Up to Maximum","Liens, Power Up to Maximum"
"2346","Super Galaxy Squadron EX Turbo","Jan 23, 2015","$3.39","N/A (N/A)","50,000 .. 100,000","00:00 (00:00)","Synset","New Blood Interactive"
"2350","Kings of Kung Fu","Jun 25, 2015","$9.99","N/A (N/A)","50,000 .. 100,000","00:00 (00:00)","Jae Lee Productions","Digital Tribe"
"2351","Disney's Chicken Little","Feb 24, 2015","$9.99","N/A (N/A)","50,000 .. 100,000","00:00 (00:00)","Avalanche Software","Disney"
"2355","Letter Quest: Grimm's Journey Remastered","Aug 5, 2015","$7.99","N/A (N/A)","50,000 .. 100,000","00:00 (00:00)","Bacon Bandit Games","Digerati"
"2357","Raiden IV: OverKill","Sep 3, 2015","N/A","N/A (N/A)","50,000 .. 100,000","00:00 (00:00)","Moss Co., Ltd.","H2 Interactive Co., Ltd."
"2360","Toby: The Secret Mine","Oct 20, 2015","$9.99","N/A (N/A)","50,000 .. 100,000","00:00 (00:00)","Lukas Navratil","Lukas Navratil"
"2363","Morphine","Oct 28, 2015","$2.99","N/A (N/A)","50,000 .. 100,000","00:00 (00:00)","Kerim Kumbasar","Kerim Kumbasar"
"2365","Reverse Crawl","Sep 24, 2015","$5.99","N/A (N/A)","50,000 .. 100,000","00:00 (00:00)","Nerdook Productions","Digerati"
