app_name,number_of_reviews,positive_percent,release_date,price,release_year,numberof_positive_reviews,release_month
Tropico 6,9501,87,2019-03-29,0,2019,826587,3
Canvas of Kings,631,93,2023-08-03,0,2023,58683,8
Solasta: Crown of the Magister,12913,88,2021-05-27,0,2021,1136344,5
Call of Duty® 4: Modern Warfare® (2007),10425,92,2007-11-12,0,2007,959100,11
Fallout Shelter,30479,85,2017-03-29,0,2017,2590715,3
"Little Kitty, Big City",5876,96,2024-05-09,0,2024,564096,5
Dragon Age™ Inquisition,10340,75,2020-06-04,0,2020,775500,6
Blood Trail,5451,82,2019-03-27,0,2019,446982,3
Five Nights at Freddy's 2,13098,93,2014-11-10,0,2014,1218114,11
Becastled,2757,83,2025-10-22,0,2025,228831,10
Dishonored®: Death of the Outsider™,4593,85,2017-09-14,0,2017,390405,9
FINAL FANTASY VII EVER CRISIS,2064,58,2023-12-06,0,2023,119712,12
Travellers Rest,7192,89,2020-07-28,0,2020,640088,7
MechWarrior 5: Clans,4007,74,2024-10-16,0,2024,296518,10
Half-Life 2,84450,97,2007-10-10,0,2007,8191650,10
Pillars of Eternity II: Deadfire,8009,87,2018-05-08,0,2018,696783,5
Wolfenstein: Youngblood,5720,44,2019-07-25,0,2019,251680,7
Teddy's Haven - A Fantasy Inspired Shop Simulator,1241,97,2025-05-06,0,2025,120377,5
Dishonored 2,18924,88,2016-11-11,0,2016,1665312,11
Demon Slayer -Kimetsu no Yaiba- The Hinokami Chronicles,8069,89,2021-10-15,0,2021,718141,10
What Remains of Edith Finch,16736,94,2017-04-24,0,2017,1573184,4
Overcooked! All You Can Eat,1356,71,2021-03-23,0,2021,96276,3
The Long Drive,23890,91,2019-09-25,0,2019,2173990,9
WitchSpring R,2016,97,2023-09-25,0,2023,195552,9
Door Kickers 2: Task Force North,7179,96,2025-02-10,0,2025,689184,2
Rue Valley,940,60,2025-11-11,0,2025,56400,11
Grimshire,1237,98,2025-07-22,0,2025,121226,7
Brush Burial: Gutter World,246,97,2025-11-19,0,2025,23862,11
Amanda the Adventurer 3,460,87,2025-11-06,0,2025,40020,11
Keep Driving,2535,93,2025-02-06,0,2025,235755,2
Conquest of Elysium 5,1253,89,2021-08-17,0,2021,111517,8
Your Only Move Is HUSTLE,25086,96,2023-02-02,0,2023,2408256,2
Call to Arms: Panzer Elite,924,68,2025-09-19,0,2025,62832,9
Fallout 4 VR,4369,60,2017-12-11,0,2017,262140,12
Still Wakes the Deep,5268,89,2024-06-18,0,2024,468852,6
Ghost Trick: Phantom Detective,1805,97,2023-06-29,0,2023,175085,6
Fantasy Maiden Wars - DREAM OF THE STRAY DREAMER -,271,99,2025-10-20,0,2025,26829,10
Brick Rigs,25798,94,2023-07-14,0,2023,2425012,7
DOOM + DOOM II,16112,96,2007-08-03,0,2007,1546752,8
Croc Legend of the Gobbos,128,93,2025-10-17,0,2025,11904,10
LEGO® Harry Potter™ Collection,888,80,2024-10-08,0,2024,71040,10
Norland,2483,82,2024-07-18,0,2024,203606,7
FINAL FANTASY IV,1784,93,2021-09-08,0,2021,165912,9
Streets of Rage 4,6754,93,2020-04-30,0,2020,628122,4
Outbreak Island,469,80,2025-10-28,0,2025,37520,10
Alice: Madness Returns,9773,88,2011-06-17,0,2011,860024,6
Chef RPG,1955,87,2024-09-12,0,2024,170085,9
War of Rights,10392,88,2018-12-03,0,2018,914496,12
Berserk B.I.T.S,351,85,2025-11-20,0,2025,29835,11
METAL GEAR RISING: REVENGEANCE,38061,95,2014-01-09,0,2014,3615795,1
"Warhammer 40,000: Battlesector",2915,88,2021-07-22,0,2021,256520,7
Outlast,26812,96,2013-09-04,0,2013,2573952,9
Labyrinthine,7308,85,2023-08-18,0,2023,621180,8
IDLE BOSS RUSH,656,64,2025-09-29,0,2025,41984,9
Killing Floor 3,7448,49,2025-07-24,0,2025,364952,7
FINAL FANTASY V,1990,89,2021-11-10,0,2021,177110,11
Potionomics,4924,90,2022-10-17,0,2022,443160,10
NARUTO SHIPPUDEN: Ultimate Ninja STORM 4,16880,90,2016-02-04,0,2016,1519200,2
Sunkenland,8505,84,2023-08-25,0,2023,714420,8
Total War: ATTILA,12812,80,2015-02-17,0,2015,1024960,2
Chained Echoes,4329,90,2022-12-08,0,2022,389610,12
"Warhammer 40,000: Gladius - Relics of War",4940,81,2018-07-12,0,2018,400140,7
Shiren the Wanderer: The Mystery Dungeon of Serpentcoil Island,320,87,2024-12-11,0,2024,27840,12
Arizona Sunshine® 2,1853,84,2023-12-07,0,2023,155652,12
Soulmask,5526,80,2024-05-30,0,2024,442080,5
Need for Speed™ Most Wanted,7554,74,2020-06-18,0,2020,558996,6
Wingspan,6033,95,2020-09-17,0,2020,573135,9
Abandoned Archive,521,95,2025-11-24,0,2025,49495,11
Planet Coaster,30714,90,2016-11-17,0,2016,2764260,11
Rune Factory 5,1813,77,2022-07-13,0,2022,139601,7
Ghost Janitors,163,85,2025-11-08,0,2025,13855,11
Desperados III,4117,95,2020-06-16,0,2020,391115,6
CULTIC,5624,97,2022-10-13,0,2022,545528,10
Yakuza: Like a Dragon,13850,94,2020-11-10,0,2020,1301900,11
Tactical Breach Wizards,9398,98,2024-08-22,0,2024,921004,8
Digimon Masters Online,4076,61,2016-11-03,0,2016,248636,11
Dark Hours,1071,84,2025-10-23,0,2025,89964,10
MySims™,152,84,2025-03-18,0,2025,12768,3
Cyber Knights: Flashpoint,1838,93,2025-06-02,0,2025,170934,6
Erenshor,1520,94,2025-04-14,0,2025,142880,4
Keep Talking and Nobody Explodes,7770,98,2015-10-08,0,2015,761460,10
Hydroneer,18190,87,2020-05-08,0,2020,1582530,5
Dungeon Alchemist,1716,94,2022-03-31,0,2022,161304,3
Beyond Citadel,1981,96,2025-01-02,0,2025,190176,1
Shadows of Doubt,10174,82,2024-09-26,0,2024,834268,9
IT Specialist Simulator,108,76,2025-11-20,0,2025,8208,11
Uncrashed : FPV Drone Simulator,1637,93,2021-09-01,0,2021,152241,9
Wandering Sword,2052,95,2023-09-14,0,2023,194940,9
FINAL FANTASY® XIII,8690,74,2014-10-09,0,2014,643060,10
MakeRoom,573,94,2025-08-07,0,2025,53862,8
System Shock 2: 25th Anniversary Remaster,1411,87,2025-06-26,0,2025,122757,6
Life is Strange: True Colors,6959,91,2021-09-09,0,2021,633269,9
ZEPHON,1463,85,2024-11-08,0,2024,124355,11
Assassin's Creed® Unity,23682,75,2014-11-11,0,2014,1776150,11
Company of Heroes 2,27904,84,2013-06-24,0,2013,2343936,6
WEBFISHING,48798,97,2024-10-11,0,2024,4733406,10
Game of Thrones Winter is Coming,1076,59,2019-11-14,0,2019,63484,11
The Sims™ Legacy Collection,1843,68,2025-01-31,0,2025,125324,1
Keep Digging,802,78,2025-09-11,0,2025,62556,9
Cooking Simulator,8355,85,2019-06-06,0,2019,710175,6
Shadow Gambit: The Cursed Crew,1777,90,2023-08-17,0,2023,159930,8
FINAL FANTASY VII,15796,91,2013-07-04,0,2013,1437436,7
Dragon Age: Origins - Ultimate Edition,19732,85,2010-10-26,0,2010,1677220,10
Hotline Miami,39513,96,2012-10-23,0,2012,3793248,10
Crash Bandicoot™ N. Sane Trilogy,6903,90,2018-06-29,0,2018,621270,6
Windblown,4531,93,2024-10-24,0,2024,421383,10
The Quarry,6943,83,2022-06-09,0,2022,576269,6
Hatsune Miku: Project DIVA Mega Mix+,8983,95,2022-05-26,0,2022,853385,5
Visions of Mana,1912,77,2024-08-29,0,2024,147224,8
Spirit Island,1290,92,2020-07-29,0,2020,118680,7
SUPREMACY: WORLD WAR 3,2959,73,2018-03-15,0,2018,216007,3
TEKKEN 7,30337,91,2017-06-01,0,2017,2760667,6
The Jackbox Party Pack 2,1401,95,2015-10-13,0,2015,133095,10
Devil May Cry 4 Special Edition,5361,86,2015-06-23,0,2015,461046,6
FINAL FANTASY III,1443,93,2021-08-12,0,2021,134199,8
Half-Life,54676,96,1998-11-19,0,1998,5248896,11
Astral Ascent,1617,95,2023-11-14,0,2023,153615,11
DRAGON QUEST BUILDERS™ 2,1691,89,2019-12-10,0,2019,150499,12
Big Ambitions,4769,92,2023-03-10,0,2023,438748,3
AI LIMIT,2887,92,2025-03-27,0,2025,265604,3
Terra Invicta,4696,81,2022-09-26,0,2022,380376,9
CUFFBUST,413,55,2025-10-15,0,2025,22715,10
HumanitZ,2358,76,2023-09-18,0,2023,179208,9
Repel The Rifts,99,93,2025-11-24,0,2025,9207,11
Sengoku Dynasty,2360,76,2024-11-07,0,2024,179360,11
Killing Floor 2,41559,88,2016-11-18,0,2016,3657192,11
Prison Architect,33490,88,2015-10-06,0,2015,2947120,10
Persona® 5 Strikers,6836,91,2021-02-22,0,2021,622076,2
Sektori,115,97,2025-11-18,0,2025,11155,11
Motor Town: Behind The Wheel,4441,93,2021-12-17,0,2021,413013,12
Mega Man Battle Network Legacy Collection Vol. 1,1165,87,2023-04-13,0,2023,101355,4
The Killing Antidote,1757,93,2024-10-05,0,2024,163401,10
BlazBlue Entropy Effect,4159,94,2024-02-14,0,2024,390946,2
Night in the Woods,12852,94,2017-02-21,0,2017,1208088,2
UNDER NIGHT IN-BIRTH II Sys:Celes,1752,85,2024-01-24,0,2024,148920,1
Outward Definitive Edition,14879,73,2022-05-17,0,2022,1086167,5
Session: Skate Sim,9227,81,2022-09-22,0,2022,747387,9
Metro Exodus,32643,87,2020-02-14,0,2020,2839941,2
Wayfinder,13969,68,2024-10-21,0,2024,949892,10
Pinball FX,1666,71,2023-04-13,0,2023,118286,4
Crime Boss: Rockay City,3513,73,2024-06-18,0,2024,256449,6
ZERO Sievert,7478,85,2024-10-23,0,2024,635630,10
Predator: Hunting Grounds,2554,79,2021-04-29,0,2021,201766,4
Strange Horticulture,8916,95,2022-01-21,0,2022,847020,1
Skullgirls 2nd Encore,11768,87,2013-08-22,0,2013,1023816,8
Spiral Knights,14724,82,2011-06-14,0,2011,1207368,6
Black Mesa,66857,94,2020-03-06,0,2020,6284558,3
King of Meat,198,78,2025-10-02,0,2025,15444,10
Galaxy Princess Zorana,45,88,2025-11-21,0,2025,3960,11
Atelier Resleriana: The Red Alchemist & the White Guardian,471,90,2025-09-25,0,2025,42390,9
Outlaws + Handful of Missions: Remaster,101,96,2025-11-20,0,2025,9696,11
Roboquest,12961,95,2023-11-07,0,2023,1231295,11
Game of Thrones: Kingsroad,2830,60,2025-05-21,0,2025,169800,5
Northgard,22602,84,2018-03-07,0,2018,1898568,3
ScootX,1430,92,2025-10-30,0,2025,131560,10
Storage Hunter Simulator,1340,83,2024-10-10,0,2024,111220,10
Trash Goblin,981,88,2025-05-28,0,2025,86328,5
Crash Bandicoot™ 4: It’s About Time,1701,82,2022-10-18,0,2022,139482,10
BOOK OF HOURS,2455,90,2023-08-17,0,2023,220950,8
SWORD OF JUSTICE,1540,54,2025-11-05,0,2025,83160,11
Battlefield™ 2042,105999,46,2021-11-19,0,2021,4875954,11
Train Sim World® 5,1087,80,2024-09-17,0,2024,86960,9
Tower Dominion,2018,88,2025-05-07,0,2025,177584,5
VAIL: Extraction,2554,76,2024-02-15,0,2024,194104,2
UFO 50,6078,95,2024-09-18,0,2024,577410,9
Generation Zero®,17793,76,2019-03-26,0,2019,1352268,3
Five Nights at Freddy's 4,8214,92,2015-07-23,0,2015,755688,7
Just Cause 4 Reloaded,10417,62,2018-12-04,0,2018,645854,12
Sword of Convallaria,2609,74,2024-07-31,0,2024,193066,7
Silly Polly Beast,1181,88,2025-10-28,0,2025,103928,10
BitCraft Online,1895,72,2025-06-21,0,2025,136440,6
Jotunnslayer: Hordes of Hel,2303,85,2025-09-03,0,2025,195755,9
Age of Empires II: Definitive Edition,,,2019-11-14,0,2019,,11
Mechabellum,8958,84,2024-09-26,0,2024,752472,9
Sea of Stars,5978,89,2023-08-28,0,2023,532042,8
Resident Evil 6,12541,72,2013-03-21,0,2013,902952,3
Terra Nil,4460,86,2023-03-28,0,2023,383560,3
Who's Your Daddy?!,16500,82,2016-05-13,0,2016,1353000,5
Mecharashi,1227,69,2025-07-30,0,2025,84663,7
"Hot Dogs, Horseshoes & Hand Grenades",18863,97,2016-04-05,0,2016,1829711,4
FINAL FANTASY VIII - REMASTERED,2472,73,2019-09-03,0,2019,180456,9
Unravel Two,2406,76,2020-06-04,0,2020,182856,6
Monster Hunter Stories,909,90,2024-06-13,0,2024,81810,6
Stick It to the Stickman,2973,97,2025-08-18,0,2025,288381,8
Gloomwood,4991,95,2022-09-05,0,2022,474145,9
Granvir,270,88,2025-09-23,0,2025,23760,9
FINAL FANTASY,4989,95,2021-08-12,0,2021,473955,8
Asphalt Legends,6466,79,2022-08-02,0,2022,510814,8
Maneater,6550,90,2021-05-25,0,2021,589500,5
Aviassembly,4787,96,2025-04-11,0,2025,459552,4
Lost Judgment,3334,96,2022-09-14,0,2022,320064,9
Sacred 2 Remaster,988,50,2025-11-11,0,2025,49400,11
TRIANGLE STRATEGY,1339,77,2022-10-13,0,2022,103103,10
Stranded Deep,23028,74,2022-08-10,0,2022,1704072,8
Tiny Tina's Wonderlands,10948,71,2022-06-23,0,2022,777308,6
Angel Legion,2306,80,2020-08-14,0,2020,184480,8
Storyteller,3742,85,2023-03-23,0,2023,318070,3
LEGO® Batman™ 3: Beyond Gotham,2988,86,2014-11-11,0,2014,256968,11
Hellish Quart,4076,89,2021-02-16,0,2021,362764,2
Wild Assault,1833,74,2025-04-11,0,2025,135642,4
Lost Rift,955,67,2025-09-25,0,2025,63985,9
No More Heroes,1760,82,2021-06-09,0,2021,144320,6
Stacklands,11137,95,2022-04-08,0,2022,1058015,4
Hobo: Tough Life,2244,79,2021-04-12,0,2021,177276,4
Potion Permit,2368,79,2022-09-22,0,2022,187072,9
Camper Van: Make it Home,811,92,2025-06-07,0,2025,74612,6
Incursion Red River,4176,75,2024-04-10,0,2024,313200,4
Derail Valley,5482,96,2019-01-25,0,2019,526272,1
A Gentlemen's Dispute,640,95,2025-09-19,0,2025,60800,9
Ravenfield,43995,97,2017-05-18,0,2017,4267515,5
Play Together,1183,73,2025-01-13,0,2025,86359,1
PICO PARK 2,1104,94,2024-09-12,0,2024,103776,9
Pillars of Eternity,10375,87,2015-03-26,0,2015,902625,3
Atelier Yumia: The Alchemist of Memories & the Envisioned Land,556,73,2025-03-20,0,2025,40588,3
The Escapists 2,10977,91,2017-08-21,0,2017,998907,8
Rivals of Aether,26967,96,2017-03-28,0,2017,2588832,3
Parcel Simulator,1835,93,2025-06-20,0,2025,170655,6
Atelier Ryza: Ever Darkness & the Secret Hideout DX,128,63,2025-11-12,0,2025,8064,11
Graveyard Keeper,16379,84,2018-08-15,0,2018,1375836,8
Dark Deity 2,1218,92,2025-03-24,0,2025,112056,3
My Card Is Better Than Your Card!,601,93,2025-10-06,0,2025,55893,10
Deadly Days: Roadtrip,1968,88,2025-09-22,0,2025,173184,9
Tom Clancy’s The Division™,26284,73,2016-03-07,0,2016,1918732,3
Muse Dash,28771,94,2019-06-19,0,2019,2704474,6
Russian Fishing 4,6796,78,2021-11-10,0,2021,530088,11
Cricket 26 - The Official Game of the Ashes,182,79,2025-11-19,0,2025,14378,11
Wreckfest,18067,87,2018-06-14,0,2018,1571829,6
Unnamed Space Idle,2434,92,2023-07-27,0,2023,223928,7
Rune Factory 4 Special,1873,88,2021-12-07,0,2021,164824,12
Forestrike,336,91,2025-11-17,0,2025,30576,11
SpaceBourne 2,3006,76,2025-11-18,0,2025,228456,11
Ghostrunner 2,2951,80,2023-10-26,0,2023,236080,10
Atelier Ryza 2: Lost Legends & the Secret Fairy DX,22,72,2025-11-12,0,2025,1584,11
Strange Seed,187,85,2025-11-05,0,2025,15895,11
Diplomacy is Not an Option,4296,83,2024-10-04,0,2024,356568,10
Bully: Scholarship Edition,14020,80,2008-10-21,0,2008,1121600,10
NINJA GAIDEN: Ragebound,1952,92,2025-07-31,0,2025,179584,7
Trackmania,12371,78,2023-02-02,0,2023,964938,2
Sonic Mania,13425,93,2017-08-29,0,2017,1248525,8
Sultan's Game,1002,94,2025-03-30,0,2025,94188,3
RoboCop: Rogue City - Unfinished Business,1122,84,2025-07-17,0,2025,94248,7
Middle-earth™: Shadow of Mordor™,32004,91,2014-09-30,0,2014,2912364,9
ANIMAL WELL,12122,95,2024-05-09,0,2024,1151590,5
Battlefield™ 1,41642,86,2020-06-11,0,2020,3581212,6
Don't Starve,32625,96,2013-04-23,0,2013,3132000,4
We Who Are About To Die,6384,88,2022-11-14,0,2022,561792,11
It Has My Face,349,92,2025-09-23,0,2025,32108,9
The Scouring,669,88,2025-08-12,0,2025,58872,8
Len's Island,3024,83,2025-06-19,0,2025,250992,6
Journey,11837,92,2020-06-11,0,2020,1089004,6
Aliens: Fireteam Elite,13794,82,2021-08-23,0,2021,1131108,8
Eclipsium,1619,91,2025-09-19,0,2025,147329,9
Expeditions: A MudRunner Game,1449,55,2024-03-05,0,2024,79695,3
Dungeon Clawler,1799,92,2024-11-21,0,2024,165508,11
Ship Graveyard Simulator 2,1711,77,2023-08-16,0,2023,131747,8
Atelier Ryza 3: Alchemist of the End & the Secret Key DX,18,61,2025-11-12,0,2025,1098,11
SOMA,22187,95,2015-09-21,0,2015,2107765,9
NINJA GAIDEN Σ2 [NINJA GAIDEN: Master Collection],1487,78,2021-06-09,0,2021,115986,6
Wildgate,3694,82,2025-07-22,0,2025,302908,7
Amber Isle,1475,83,2024-10-10,0,2024,122425,10
Infinity Kingdom,928,56,2021-07-01,0,2021,51968,7
Kunitsu-Gami: Path of the Goddess,1640,92,2024-07-18,0,2024,150880,7
SOULCALIBUR VI,5545,83,2018-10-18,0,2018,460235,10
The Thing: Remastered,984,90,2024-12-05,0,2024,88560,12
TaleSpire,3134,90,2021-04-14,0,2021,282060,4
Shredders,2467,95,2022-03-16,0,2022,234365,3
The Jackbox Party Pack,1427,90,2014-11-26,0,2014,128430,11
Pentiment,4683,94,2022-11-14,0,2022,440202,11
Superliminal,13448,93,2020-11-05,0,2020,1250664,11
EVERSPACE™ 2,6778,87,2023-04-06,0,2023,589686,4
Blasphemous 2,4610,90,2023-08-24,0,2023,414900,8
Animal Shelter 2,605,79,2025-07-23,0,2025,47795,7
Stranded: Alien Dawn,5218,83,2023-04-25,0,2023,433094,4
Teenage Mutant Ninja Turtles: Shredder's Revenge,5711,96,2022-06-16,0,2022,548256,6
3on3 FreeStyle: Rebound,2331,63,2020-07-14,0,2020,146853,7
HARVESTELLA,1955,77,2022-11-04,0,2022,150535,11
White Knuckle,4596,98,2025-04-17,0,2025,450408,4
Railway Empire 2,1738,72,2023-05-25,0,2023,125136,5
Upload Labs,1761,87,2025-10-03,0,2025,153207,10
Ghosts of Tabor,7095,73,2023-03-20,0,2023,517935,3
Roboquest VR,166,91,2025-11-20,0,2025,15106,11
Forts,8226,93,2017-04-19,0,2017,765018,4
The Crew™ 2,26257,77,2018-06-28,0,2018,2021789,6
IXION,7472,81,2022-12-07,0,2022,605232,12
Blush Blush,6055,87,2020-04-22,0,2020,526785,4
Zero Caliber 2 Remastered,188,85,2025-10-30,0,2025,15980,10
Tales of Maj'Eyal,3943,94,2016-02-23,0,2016,370642,2
Heretic + Hexen,1386,94,2025-08-07,0,2025,130284,8
Farlight 84,19257,73,2023-09-21,0,2023,1405761,9
Stoneshard,10535,74,2020-02-06,0,2020,779590,2
Hotline Miami 2: Wrong Number,23306,91,2015-03-10,0,2015,2120846,3
Ghostrunner,19041,91,2020-10-27,0,2020,1732731,10
DAIMON BLADES,447,67,2025-10-06,0,2025,29949,10
Mount & Blade: Warband,54241,97,2010-03-31,0,2010,5261377,3
Bopl Battle,14524,97,2023-11-16,0,2023,1408828,11
Dome Keeper,9389,93,2022-09-27,0,2022,873177,9
RollerCoaster Tycoon® 3: Complete Edition,1610,87,2020-09-24,0,2020,140070,9
Taiko no Tatsujin: Rhythm Festival,990,84,2024-11-06,0,2024,83160,11
Terminator: Dark Fate - Defiance,1717,81,2024-02-21,0,2024,139077,2
Colony Ship: A Post-Earth Role Playing Game,2764,87,2023-11-09,0,2023,240468,11
Dungeon Defenders,8417,92,2011-10-18,0,2011,774364,10
Vindictus,6778,67,2012-06-22,0,2012,454126,6
Lost Eidolons: Veil of the Witch,912,80,2025-10-09,0,2025,72960,10
Viscera Cleanup Detail,10131,93,2015-10-23,0,2015,942183,10
WARRIORS: Abyss,1553,86,2025-02-12,0,2025,133558,2
Temtem,17902,82,2022-09-06,0,2022,1467964,9
HARD BULLET,4420,85,2020-10-22,0,2020,375700,10
Discounty,1594,80,2025-08-21,0,2025,127520,8
Blasphemous,17091,90,2019-09-10,0,2019,1538190,9
CUSTOM ORDER MAID 3D2 It's a Night Magic,1415,83,2019-07-30,0,2019,117445,7
Rabbit and Steel,5916,98,2024-05-09,0,2024,579768,5
Starship Troopers: Terran Command,5495,88,2022-06-16,0,2022,483560,6
Another Crab's Treasure,8803,95,2024-04-25,0,2024,836285,4
A Total War Saga: TROY,1673,70,2021-09-02,0,2021,117110,9
Daemon X Machina: Titanic Scion,1397,63,2025-09-05,0,2025,88011,9
REKA,1624,84,2024-09-12,0,2024,136416,9
Astral Party,1636,77,2024-02-28,0,2024,125972,2
Call of Duty®: Vanguard,1329,67,2023-03-08,0,2023,89043,3
A Game About Digging A Hole,9932,90,2025-02-07,0,2025,893880,2
Zort,3306,91,2024-12-07,0,2024,300846,12
STAR WARS™ Empire at War - Gold Pack,25290,97,2010-05-25,0,2010,2453130,5
PIGFACE,1175,97,2025-09-18,0,2025,113975,9
Scrap Mechanic,45312,90,2016-01-19,0,2016,4078080,1
Baldur's Gate: Enhanced Edition,8943,92,2013-01-16,0,2013,822756,1
Bloodthief,607,97,2025-09-22,0,2025,58879,9
BRAZILIAN DRUG DEALER 3: I OPENED A PORTAL TO HELL IN THE FAVELA TRYING TO REVIVE MIT AIA I NEED TO CLOSE IT,2780,98,2025-09-17,0,2025,272440,9
Sniper Elite 4,15179,91,2017-02-13,0,2017,1381289,2
The Rise of the Golden Idol,2186,95,2024-11-12,0,2024,207670,11
Pathfinder: Kingmaker — Enhanced Plus Edition,17308,76,2018-09-25,0,2018,1315408,9
March of Empires,1761,63,2017-12-11,0,2017,110943,12
SUPER ROBOT WARS Y,1684,83,2025-08-27,0,2025,139772,8
Prehistoric Kingdom,2815,89,2022-04-27,0,2022,250535,4
In Stars And Time,5949,97,2023-11-20,0,2023,577053,11
Commandos: Origins,1369,76,2025-04-09,0,2025,104044,4
FIVE NIGHTS AT FREDDY'S: HELP WANTED,7332,95,2019-05-28,0,2019,696540,5
OUTRIDERS,30350,68,2021-04-01,0,2021,2063800,4
Keep on Mining!,2086,92,2025-07-30,0,2025,191912,7
Spelunky 2,13702,93,2020-09-29,0,2020,1274286,9
Yakuza Kiwami 2,8020,96,2019-05-09,0,2019,769920,5
Ratatan,1966,85,2025-09-18,0,2025,167110,9
Melvor Idle,8212,92,2021-11-18,0,2021,755504,11
Wildermyth,11441,95,2021-06-15,0,2021,1086895,6
KARDS - The WW2 Card Game,10011,81,2020-04-15,0,2020,810891,4
We Were Here Together,4692,83,2019-10-10,0,2019,389436,10
Nubby's Number Factory,12770,97,2025-03-07,0,2025,1238690,3
No More Heroes 3,690,82,2022-10-11,0,2022,56580,10
Small Spaces,676,90,2025-05-27,0,2025,60840,5
Verho - Curse of Faces,477,94,2025-11-10,0,2025,44838,11
"Flashing Lights - Police, Firefighting, Emergency Services (EMS) Simulator",9425,83,2023-05-15,0,2023,782275,5
Wo Long: Fallen Dynasty,3268,71,2023-03-03,0,2023,232028,3
Celestial Empire,466,90,2025-09-23,0,2025,41940,9
Rune Factory 3 Special,632,94,2023-09-05,0,2023,59408,9
STRAFTAT,11822,96,2024-10-24,0,2024,1134912,10
Thronefall,10020,96,2024-10-11,0,2024,961920,10
UNDERDOGS,1854,97,2024-01-25,0,2024,179838,1
Whisper Mountain Outbreak,1659,84,2025-08-11,0,2025,139356,8
RIDE 5,1112,79,2023-08-24,0,2023,87848,8
The Midnight Walk,1760,94,2025-05-08,0,2025,165440,5
Farm Together 2,1699,93,2025-05-30,0,2025,158007,5
EARTH DEFENSE FORCE 6,3799,76,2024-07-25,0,2024,288724,7
ERA ONE,1038,84,2025-08-06,0,2025,87192,8
Windswept,240,95,2025-11-11,0,2025,22800,11
Visage,3920,86,2020-10-29,0,2020,337120,10
Lost Soul Aside™,1212,59,2025-08-28,0,2025,71508,8
We Were Here Forever,5480,93,2022-05-10,0,2022,509640,5
Intravenous 2,2122,96,2024-08-15,0,2024,203712,8
Dungeons 4,1106,85,2023-11-09,0,2023,94010,11
DOG WITCH,226,89,2025-11-05,0,2025,20114,11
Danganronpa: Trigger Happy Havoc,15004,95,2016-02-18,0,2016,1425380,2
Quasimorph,2797,85,2023-10-02,0,2023,237745,10
The Legend of Heroes: Trails through Daybreak II,495,87,2025-02-14,0,2025,43065,2
The Coffin of Andy and Leyley,17605,95,2023-10-13,0,2023,1672475,10
Haven,2432,89,2020-12-03,0,2020,216448,12
Ultimate Epic Battle Simulator 2,4495,84,2023-07-21,0,2023,377580,7
Crow Country,4723,98,2024-05-09,0,2024,462854,5
Fallen Priestess: My Sister's Demonic Bloodline,271,76,2025-11-21,0,2025,20596,11
The Jackbox Survey Scramble,279,91,2024-10-23,0,2024,25389,10
Buggos 2,354,85,2025-09-25,0,2025,30090,9
SCARLET NEXUS,5175,86,2021-06-24,0,2021,445050,6
Painkiller,549,55,2025-10-21,0,2025,30195,10
Sally Face - Episode One,8505,97,2016-12-14,0,2016,824985,12
Songs of Conquest,5595,85,2024-05-20,0,2024,475575,5
The Bleakest Keep,325,92,2025-09-10,0,2025,29900,9
Stick Fight: The Game,52097,94,2017-09-28,0,2017,4897118,9
Walkabout Mini Golf VR,2622,97,2021-07-15,0,2021,254334,7
Digimon World: Next Order,1953,80,2023-02-21,0,2023,156240,2
Quantum Break,6889,83,2016-09-29,0,2016,571787,9
Tales of Graces f Remastered,637,88,2025-01-16,0,2025,56056,1
FINAL FANTASY II,1874,80,2021-07-28,0,2021,149920,7
Lost Records: Bloom & Rage,2516,87,2025-02-18,0,2025,218892,2
STORY OF SEASONS: A Wonderful Life,1120,78,2023-06-27,0,2023,87360,6
Assassin's Creed® Syndicate,9505,78,2015-11-18,0,2015,741390,11
Shin Megami Tensei III Nocturne HD Remaster,2395,88,2021-05-20,0,2021,210760,5
PANICORE,4074,75,2024-05-31,0,2024,305550,5
Onimusha 2: Samurai's Destiny,432,87,2025-03-22,0,2025,37584,3
Lorelei and the Laser Eyes,1755,93,2024-05-16,0,2024,163215,5
Atari 50: The Anniversary Celebration,390,93,2022-11-11,0,2022,36270,11
BLACK SOULS,975,93,2025-08-15,0,2025,90675,8
Crysis 3 Remastered,1290,88,2022-11-17,0,2022,113520,11
Cataclismo,2068,90,2025-03-20,0,2025,186120,3
BATTLETECH,17663,85,2018-04-24,0,2018,1501355,4
Fantasy Grounds VTT,968,81,2020-11-05,0,2020,78408,11
Shogun Showdown,3099,97,2024-09-05,0,2024,300603,9
Bum Simulator,1616,87,2023-05-12,0,2023,140592,5
FlyKnight,8102,96,2025-01-31,0,2025,777792,1
Gears 5,8158,73,2019-09-09,0,2019,595534,9
The Bloodline,3001,83,2023-10-05,0,2023,249083,10
RISK: Global Domination,20587,77,2020-02-19,0,2020,1585199,2
Rival Stars Horse Racing: Desktop Edition,3202,93,2020-06-24,0,2020,297786,6
The Elder Scrolls IV: Oblivion® Game of the Year Edition Deluxe (2009),31413,95,2009-06-16,0,2009,2984235,6
Maktala: Slime Lootfest,376,84,2025-11-21,0,2025,31584,11
The Legend of Heroes: Trails of Cold Steel,3371,94,2017-08-02,0,2017,316874,8
Total War: MEDIEVAL II – Definitive Edition,16105,95,2007-11-27,0,2007,1529975,11
Command & Conquer™ Remastered Collection,17222,91,2020-06-05,0,2020,1567202,6
Crusader Kings II,47366,91,2012-02-14,0,2012,4310306,2
LOLLIPOP CHAINSAW RePOP,1561,87,2024-09-11,0,2024,135807,9
FOUNDRY,1686,81,2024-05-02,0,2024,136566,5
SENRAN KAGURA Peach Beach Splash,1241,85,2018-03-07,0,2018,105485,3
Monster Prom 4: Monster Con,1639,99,2025-04-24,0,2025,162261,4
The Elder Scrolls IV: Oblivion® Game of the Year Edition (2009),31413,95,2009-06-16,0,2009,2984235,6
Possessor(s),191,79,2025-11-11,0,2025,15089,11
Yakuza Kiwami,10310,94,2019-02-19,0,2019,969140,2
"Warhammer 40,000: Mechanicus",7686,92,2018-11-15,0,2018,707112,11
Ancestors: The Humankind Odyssey,5037,80,2020-08-27,0,2020,402960,8
MudRunner,10184,90,2017-10-30,0,2017,916560,10
Total War: EMPIRE – Definitive Edition,11835,89,2009-03-04,0,2009,1053315,3
Echoes of the Living,515,83,2025-10-31,0,2025,42745,10
Card Shop Simulator Multiplayer,1000,84,2025-06-17,0,2025,84000,6
Dinocop,295,96,2025-11-06,0,2025,28320,11
A Dance of Fire and Ice,13819,95,2019-01-24,0,2019,1312805,1
Elemental: Reforged,160,83,2025-10-23,0,2025,13280,10
Persona 5 Tactica,1352,74,2023-11-16,0,2023,100048,11
The Expanse: A Telltale Series,1385,74,2023-11-20,0,2023,102490,11
Wobbledogs,10636,98,2022-03-15,0,2022,1042328,3
Forager,13075,88,2019-04-18,0,2019,1150600,4
Ara History Untold: Anniversary Edition,1953,70,2024-09-24,0,2024,136710,9
Saleblazers,1541,87,2023-09-29,0,2023,134067,9
Call of Duty: United Offensive,1078,87,2006-12-07,0,2006,93786,12
Need for Speed™,6875,65,2020-06-04,0,2020,446875,6
THE GAME OF LIFE 2,2125,78,2020-12-11,0,2020,165750,12
KAIJU NO. 8 THE GAME,853,67,2025-09-30,0,2025,57151,9
BONEWORKS,29206,92,2019-12-10,0,2019,2686952,12
City Car Driving,6148,73,2016-11-03,0,2016,448804,11
BEYBLADE X EVOBATTLE,38,78,2025-11-12,0,2025,2964,11
Biped,1578,90,2020-03-26,0,2020,142020,3
Gauntlet™ Slayer Edition,4508,78,2014-09-23,0,2014,351624,9
Cell to Singularity - Evolution Never Ends,10088,86,2021-11-03,0,2021,867568,11
FANTASIAN Neo Dimension,381,79,2024-12-05,0,2024,30099,12
Brutal Legend,6010,93,2013-02-26,0,2013,558930,2
Dead Rising Deluxe Remaster,2128,83,2024-09-18,0,2024,176624,9
Magicraft,2941,96,2024-11-01,0,2024,282336,11
The Case of the Golden Idol,5906,98,2022-10-13,0,2022,578788,10
Superhero Simulator,486,79,2025-09-15,0,2025,38394,9
"Detective Instinct: Farewell, My Beloved",11,100,2025-11-26,0,2025,1100,11
BRAVELY DEFAULT II,1603,81,2021-09-02,0,2021,129843,9
Summer Memories,1284,88,2020-06-14,0,2020,112992,6
Attack on Titan 2 - A.O.T.2,3528,93,2023-04-26,0,2023,328104,4
Tom Clancy's Splinter Cell: Pandora Tomorrow,230,73,2025-10-14,0,2025,16790,10
No More Heroes 2: Desperate Struggle,843,73,2021-06-09,0,2021,61539,6
Pizza Tower,43506,98,2023-01-26,0,2023,4263588,1
House of Necrosis,425,95,2025-10-06,0,2025,40375,10
PATAPON 1+2 REPLAY,1571,84,2025-07-10,0,2025,131964,7
Arizona Sunshine® Remake,874,89,2024-10-17,0,2024,77786,10
Emissary Zero,1948,83,2025-03-28,0,2025,161684,3
Have a Nice Death,4093,87,2023-03-22,0,2023,356091,3
A Hat in Time,28825,98,2017-10-05,0,2017,2824850,10
Spiritfarer®: Farewell Edition,17812,95,2020-08-18,0,2020,1692140,8
PC Building Simulator,19515,94,2019-01-29,0,2019,1834410,1
I Am Your Beast,3778,98,2024-09-10,0,2024,370244,9
Just Shapes & Beats,12446,97,2018-05-31,0,2018,1207262,5
Until Then,6927,97,2024-06-25,0,2024,671919,6
Sherlock Holmes Chapter One,1478,76,2021-11-15,0,2021,112328,11
Mandate Of Heaven,2582,93,2025-11-19,0,2025,240126,11
LEGO® Star Wars™ - The Complete Saga,14000,96,2009-11-12,0,2009,1344000,11
Outlast 2,10062,85,2017-04-24,0,2017,855270,4
Dungeon Fighter Online,3208,61,2016-08-09,0,2016,195688,8
Tomb Raider IV-VI Remastered,1184,89,2025-02-14,0,2025,105376,2
Fallen Aces,4921,98,2024-06-14,0,2024,482258,6
Soul Hackers 2,1083,75,2022-08-25,0,2022,81225,8
Dungeons of Hinterberg,1944,93,2024-07-18,0,2024,180792,7
Alien: Rogue Incursion VR,1040,68,2024-12-19,0,2024,70720,12
UBOAT,10719,85,2024-08-02,0,2024,911115,8
Enter the Gungeon,38150,95,2016-04-05,0,2016,3624250,4
LIVE A LIVE,636,86,2023-04-27,0,2023,54696,4
ULTIMATE MARVEL VS. CAPCOM 3,3879,92,2017-03-06,0,2017,356868,3
Legacy of Kain™ Soul Reaver 1&2 Remastered,1360,90,2024-12-10,0,2024,122400,12
Total War: ROME REMASTERED,7656,77,2021-04-29,0,2021,589512,4
Operation: New Earth,802,60,2016-12-14,0,2016,48120,12
OUTBRK,1952,79,2024-06-28,0,2024,154208,6
EA SPORTS™ WRC,5364,58,2023-11-02,0,2023,311112,11
Hero's Adventure: Road to Passion,1811,93,2023-11-15,0,2023,168423,11
The Legend of Heroes: Trails through Daybreak,1008,91,2023-03-01,0,2023,91728,3
Doki Doki Literature Club Plus!,9750,97,2021-06-30,0,2021,945750,6
Little Corners,116,98,2025-11-13,0,2025,11368,11
DRAGON QUEST MONSTERS: The Dark Prince,702,74,2024-09-11,0,2024,51948,9
Game Dev Tycoon,21882,94,2013-08-29,0,2013,2056908,8
Far Cry 3,39861,84,2012-12-04,0,2012,3348324,12
Bugsnax,5985,97,2022-04-28,0,2022,580545,4
Total War: NAPOLEON – Definitive Edition,9785,91,2010-02-25,0,2010,890435,2
Life is Strange 2,15516,84,2018-09-26,0,2018,1303344,9
Feed and Grow: Fish,11784,80,2016-01-08,0,2016,942720,1
Conquest Dark,1658,90,2025-04-30,0,2025,149220,4
RIFT,7311,73,2011-03-01,0,2011,533703,3
Persona 3 Portable,2788,79,2023-01-18,0,2023,220252,1
Crysis 2 Remastered,1703,86,2022-11-17,0,2022,146458,11
"Ship, Inc.",1315,84,2025-06-23,0,2025,110460,6
Paleo Pines,1866,84,2023-09-26,0,2023,156744,9
The Other Side,401,93,2025-03-07,0,2025,37293,3
For The King,11407,88,2018-04-19,0,2018,1003816,4
Before Your Eyes,13296,98,2021-04-08,0,2021,1303008,4
"Gunner, HEAT, PC!",4093,91,2022-09-06,0,2022,372463,9
Steep™,11961,84,2016-12-02,0,2016,1004724,12
Sticky Business,4202,96,2023-07-17,0,2023,403392,7
Castlevania Advance Collection,1918,91,2021-09-23,0,2021,174538,9
CODE VEIN II,,,2026-01-29,0,2026,,1
KILL IT WITH FIRE! 2,1071,94,2025-11-25,0,2025,100674,11
FINAL FANTASY® XIII-2,2754,58,2014-12-11,0,2014,159732,12
Firewatch,54172,89,2016-02-09,0,2016,4821308,2
Touhou Dystopian,1384,97,2025-10-17,0,2025,134248,10
PICO PARK,9290,92,2021-05-07,0,2021,854680,5
Kingdom Rush 5: Alliance TD,1611,83,2024-07-25,0,2024,133713,7
VA-11 Hall-A: Cyberpunk Bartender Action,11704,96,2016-06-21,0,2016,1123584,6
LIGHTNING RETURNS™: FINAL FANTASY® XIII,2108,80,2015-12-10,0,2015,168640,12
Dungeons & Degenerate Gamblers,1870,83,2024-08-08,0,2024,155210,8
Super Bunny Man,1269,89,2023-05-16,0,2023,112941,5
Undawn,2408,52,2023-06-13,0,2023,125216,6
CARRION,15174,94,2020-07-23,0,2020,1426356,7
Unfair Flips,1188,92,2025-09-25,0,2025,109296,9
Dead Space (2008),11676,90,2009-01-09,0,2009,1050840,1
STORROR Parkour Pro,1120,71,2025-03-31,0,2025,79520,3
Formula Legends,449,81,2025-09-18,0,2025,36369,9
Battle Suit Aces,191,87,2025-10-07,0,2025,16617,10
Prototype™,4773,75,2009-06-10,0,2009,357975,6
Beasts of Bermuda,4795,68,2018-12-21,0,2018,326060,12
Galactic Civilizations IV,1866,73,2023-10-19,0,2023,136218,10
Journey To The Savage Planet,2696,89,2021-01-28,0,2021,239944,1
Assassin's Creed® III Remastered,4585,66,2019-03-29,0,2019,302610,3
Dragon Age II: Ultimate Edition,3807,80,2020-06-04,0,2020,304560,6
Myst,1823,88,2021-08-26,0,2021,160424,8
Backyard Baseball '01,330,90,2025-07-08,0,2025,29700,7
DICEOMANCER,1387,95,2024-10-09,0,2024,131765,10
60 Seconds! Reatomized,4895,95,2019-07-25,0,2019,465025,7
Isopod: A Webbed Spin-off,292,89,2025-10-21,0,2025,25988,10
STORY OF SEASONS: Friends of Mineral Town,3158,94,2020-07-14,0,2020,296852,7
From the Depths,9343,89,2020-11-06,0,2020,831527,11
The Legend of Heroes: Trails in the Sky SC,2552,97,2015-10-29,0,2015,247544,10
Orcs Must Die! Deathtrap,2085,75,2025-01-28,0,2025,156375,1
Paint the Town Red,13137,95,2021-07-29,0,2021,1248015,7
The Rogue Prince of Persia,1766,89,2025-08-20,0,2025,157174,8
The Great Ace Attorney Chronicles,3148,93,2021-07-26,0,2021,292764,7
Scarlet Hollow,2771,98,2021-06-11,0,2021,271558,6
LEGO® Horizon Adventures™,337,58,2024-11-14,0,2024,19546,11
Far Cry® New Dawn,13838,74,2019-02-15,0,2019,1024012,2
DEATHLOOP,11923,76,2021-09-13,0,2021,906148,9
Xenonauts 2,1695,81,2023-07-18,0,2023,137295,7
Carrier Command 2,2472,81,2022-07-29,0,2022,200232,7
RoboCop: Rogue City,13056,87,2023-11-02,0,2023,1135872,11
Noble Legacy,379,71,2025-08-12,0,2025,26909,8
ANEURISM IV,4150,80,2025-03-11,0,2025,332000,3
Exanima,8587,80,2015-04-29,0,2015,686960,4
World of Goo 2,616,88,2025-04-25,0,2025,54208,4
Hero Siege,11979,61,2014-01-29,0,2014,730719,1
SENRAN KAGURA Burst Re:Newal,919,94,2019-01-22,0,2019,86386,1
They Are Billions,18462,80,2019-06-18,0,2019,1476960,6
LEGO® The Lord of the Rings™,4668,89,2012-11-27,0,2012,415452,11
Eiyuden Chronicle: Hundred Heroes,1609,83,2024-04-23,0,2024,133547,4
Five Nights at Freddy's 3,6148,89,2015-03-02,0,2015,547172,3
Two Point Hospital,12352,93,2018-08-29,0,2018,1148736,8
Prison Escape Simulator: Dig Out,616,82,2025-07-25,0,2025,50512,7
Rising World,2964,86,2014-12-03,0,2014,254904,12
War Robots: Frontiers,2039,67,2025-03-04,0,2025,136613,3
Leaf Blower Co.,100,69,2025-11-17,0,2025,6900,11
River City Girls 2,1426,85,2022-12-14,0,2022,121210,12
Dead Frontier 2,10850,70,2019-07-15,0,2019,759500,7
Unmourned,81,80,2025-11-17,0,2025,6480,11
SimCity™ 4 Deluxe Edition,5174,81,2010-07-20,0,2010,419094,7
ICBM: Escalation,984,88,2024-11-21,0,2024,86592,11
"Warhammer 40,000: Space Marine - Anniversary Edition",11381,92,2011-09-05,0,2011,1047052,9
Hush Hush - Only Your Love Can Save Them,1489,94,2023-04-20,0,2023,139966,4
Tom Clancy’s Splinter Cell Blacklist,8057,73,2013-08-20,0,2013,588161,8
Age of Empires: Definitive Edition,5736,82,2019-08-19,0,2019,470352,8
Medieval Crafter: Blacksmith,301,84,2025-09-22,0,2025,25284,9
Pavlov,30890,89,2024-12-04,0,2024,2749210,12
Golf It!,11685,89,2023-08-18,0,2023,1039965,8
Ship of Fools,2029,87,2022-11-22,0,2022,176523,11
GNOSIA,774,94,2022-01-23,0,2022,72756,1
Heavenly Bodies,2037,96,2021-12-07,0,2021,195552,12
Cabernet,1388,94,2025-02-20,0,2025,130472,2
WAR RATS: The Rat em Up,201,97,2025-11-20,0,2025,19497,11
Legion TD 2 - Multiplayer Tower Defense,6118,87,2021-10-01,0,2021,532266,10
Jurassic World Evolution,23149,86,2018-06-11,0,2018,1990814,6
The Eminence in Shadow: Master of Garden,430,72,2024-08-28,0,2024,30960,8
Dorfromantik,15113,96,2022-04-28,0,2022,1450848,4
Blood West,3182,89,2023-12-05,0,2023,283198,12
Tower Wizard,5145,97,2025-06-19,0,2025,499065,6
Junkyard Truck,1139,76,2022-07-27,0,2022,86564,7
Our Adventurer Guild,1498,95,2024-04-12,0,2024,142310,4
Fantasy Map Simulator,876,88,2024-09-04,0,2024,77088,9
Counter-Strike: Source,43478,96,2004-11-01,0,2004,4173888,11
Million Depth,337,94,2025-11-11,0,2025,31678,11
INSIDE,22868,96,2016-07-07,0,2016,2195328,7
That's not my Neighbor,1438,87,2025-03-11,0,2025,125106,3
Starward,599,73,2024-04-24,0,2024,43727,4
Amnesia: The Bunker,5559,94,2023-06-06,0,2023,522546,6
Turbo Overkill,4256,95,2023-08-11,0,2023,404320,8
Cubic Odyssey,1210,75,2025-05-14,0,2025,90750,5
Herdling,500,94,2025-08-21,0,2025,47000,8
Like a Dragon Gaiden: The Man Who Erased His Name,4580,96,2023-11-08,0,2023,439680,11
Danganronpa 2: Goodbye Despair,11756,96,2016-04-18,0,2016,1128576,4
Bread & Fred,1929,80,2023-05-23,0,2023,154320,5
Wildmender,1613,85,2023-09-28,0,2023,137105,9
Disney Speedstorm,3082,60,2023-09-28,0,2023,184920,9
CounterSide,1818,78,2022-09-01,0,2022,141804,9
Blood Bowl 3,2380,47,2023-02-23,0,2023,111860,2
Yu-Gi-Oh! Legacy of the Duelist : Link Evolution,2210,83,2020-03-24,0,2020,183430,3
KINGDOM HEARTS HD 2.8 Final Chapter Prologue,444,81,2024-06-13,0,2024,35964,6
Viewfinder,5256,92,2023-07-18,0,2023,483552,7
Life is Strange - Episode 1,74777,95,2015-01-29,0,2015,7103815,1
Volcano Princess,2684,95,2023-04-20,0,2023,254980,4
Moonstone Island,2598,85,2023-09-20,0,2023,220830,9
Job Simulator,2959,91,2016-04-05,0,2016,269269,4
Blood Typers,749,94,2025-02-20,0,2025,70406,2
TerraTech,12852,92,2018-08-10,0,2018,1182384,8
Vivid World,423,88,2025-11-04,0,2025,37224,11
Soulstone Survivors,11538,91,2025-06-17,0,2025,1049958,6
Citizen Sleeper 2: Starward Vector,1642,93,2025-01-31,0,2025,152706,1
Titan Quest Anniversary Edition,7802,90,2016-08-31,0,2016,702180,8
Sakuna: Of Rice and Ruin,1160,92,2020-11-10,0,2020,106720,11
Home Safety Hotline,2150,91,2024-01-16,0,2024,195650,1
Hi-Fi RUSH,15620,97,2023-01-25,0,2023,1515140,1
Baba Is You,11533,97,2019-03-13,0,2019,1118701,3
Fate War,298,63,2025-08-04,0,2025,18774,8
DOOM 3,5078,84,2012-10-15,0,2012,426552,10
SONIC SUPERSTARS,1923,66,2023-10-16,0,2023,126918,10
Spellmasons,915,92,2023-01-31,0,2023,84180,1
A Date with Death,9084,98,2023-12-07,0,2023,890232,12
We Happy Few,6911,75,2018-08-10,0,2018,518325,8
Tomb Raider,48850,94,2013-03-04,0,2013,4591900,3
Hoop Land,105,100,2025-10-21,0,2025,10500,10
Mini Metro,6762,95,2015-11-06,0,2015,642390,11
SILENT BREATH,1026,73,2024-04-05,0,2024,74898,4
Moros Protocol,375,80,2025-09-18,0,2025,30000,9
Dragon's Dogma: Dark Arisen,21684,88,2016-01-15,0,2016,1908192,1
Touhou Mystia's Izakaya,3269,98,2021-10-01,0,2021,320362,10
EA SPORTS FC™ 25,28446,52,2024-09-26,0,2024,1479192,9
Rayman® Legends,3842,85,2013-09-03,0,2013,326570,9
F1® Manager 2024,1904,79,2024-07-23,0,2024,150416,7
Felvidek,2972,98,2024-03-29,0,2024,291256,3
Monster Hunter Stories 2: Wings of Ruin,3567,92,2021-07-08,0,2021,328164,7
Tower Unite,10237,90,2025-04-19,0,2025,921330,4
The Walking Dead: Saints & Sinners,5605,87,2020-01-23,0,2020,487635,1
Tiny Aquarium: Social Fishkeeping,1465,97,2025-06-23,0,2025,142105,6
The Legend of Heroes: Trails of Cold Steel II,1765,94,2018-02-14,0,2018,165910,2
KLETKA,1033,90,2024-12-13,0,2024,92970,12
MOMO Crash,234,87,2025-09-18,0,2025,20358,9
Alan Wake,15012,88,2012-02-16,0,2012,1321056,2
Cats & Cups,387,85,2025-11-01,0,2025,32895,11
Placid Plastic Duck Simulator,11406,98,2022-07-06,0,2022,1117788,7
The Great Villainess: Strategy of Lily,1134,86,2025-07-23,0,2025,97524,7
MechWarrior Online™ Legends,9919,81,2015-12-10,0,2015,803439,12
Crypt of the NecroDancer,12341,95,2015-04-23,0,2015,1172395,4
The Wandering Village,3421,92,2025-07-17,0,2025,314732,7
The Legend of Heroes: Trails into Reverie,980,94,2023-07-07,0,2023,92120,7
System Shock,7238,90,2023-05-30,0,2023,651420,5
Aliens vs. Predator™,7728,89,2010-02-16,0,2010,687792,2
Fallout: A Post Nuclear Role Playing Game,10605,94,2015-11-01,0,2015,996870,11
Immortals Fenyx Rising,1878,71,2022-12-15,0,2022,133338,12
Neverwinter Nights: Enhanced Edition,5028,91,2018-03-27,0,2018,457548,3
Echoes of the End: Enhanced Edition,577,72,2025-08-12,0,2025,41544,8
Sword of the Sea,1143,89,2025-08-19,0,2025,101727,8
Darkblade Ascent,358,84,2025-10-23,0,2025,30072,10
Eco,6428,78,2018-02-06,0,2018,501384,2
Beatblock,391,97,2025-09-26,0,2025,37927,9
Rooftops & Alleys: The Parkour Game,4432,95,2025-06-16,0,2025,421040,6
Sledders,2409,94,2025-03-20,0,2025,226446,3
Homicipher,2639,98,2024-11-01,0,2024,258622,11
Penelope Pendrick and the Art of Deceit,79,100,2025-11-19,0,2025,7900,11
Like a Dragon: Ishin!,2426,87,2023-02-21,0,2023,211062,2
Wrap House Simulator🌯,1785,87,2025-05-29,0,2025,155295,5
Five Nights at Freddy's: Sister Location,7258,91,2016-10-07,0,2016,660478,10
Saints Row: The Third,18759,94,2011-11-14,0,2011,1763346,11
Five Nights at Freddy's: Help Wanted 2,3651,94,2023-12-14,0,2023,343194,12
Riichi City - Japanese Mahjong,798,77,2022-09-08,0,2022,61446,9
Need for Speed™ Hot Pursuit Remastered,4950,79,2020-11-06,0,2020,391050,11
Wretch: Divine Ascent,430,82,2025-11-19,0,2025,35260,11
Idle Hero TD - Tower Defense,910,83,2024-05-03,0,2024,75530,5
Counter-Strike,33770,96,2000-11-01,0,2000,3241920,11
Backyard Football '99,104,95,2025-09-08,0,2025,9880,9
The Jackbox Party Starter,347,94,2022-06-29,0,2022,32618,6
Terra Firma 2,62,91,2025-10-27,0,2025,5642,10
Dale & Dawson Stationery Supplies,4310,89,2024-08-30,0,2024,383590,8
PlanetSide 2,47117,81,2012-11-20,0,2012,3816477,11
Witchy Business,425,89,2025-09-22,0,2025,37825,9
Disney Epic Mickey: Rebrushed,1030,93,2024-09-24,0,2024,95790,9
Sora no Kiseki the 1st,3637,97,2025-09-19,0,2025,352789,9
POSTAL 2,40520,97,2012-11-02,0,2012,3930440,11
Prologue: Go Wayback!,111,68,2025-11-20,0,2025,7548,11
Battle Nations,1697,72,2014-09-18,0,2014,122184,9
Isonzo,7492,86,2022-09-13,0,2022,644312,9
The Texas Chain Saw Massacre,10554,66,2023-08-18,0,2023,696564,8
art of rally,3637,93,2020-09-23,0,2020,338241,9
Pizza Deathlivery,112,71,2025-10-23,0,2025,7952,10
My Garage,1599,90,2021-08-10,0,2021,143910,8
Let Them Trade,708,83,2025-07-24,0,2025,58764,7
Red Dead Online,29793,81,2020-12-01,0,2020,2413233,12
Undusted: Letters from the Past,570,96,2025-10-13,0,2025,54720,10
Life Makeover,1430,83,2023-11-15,0,2023,118690,11
"I Have No Mouth, and I Must Scream",2028,88,2013-10-17,0,2013,178464,10
Yarimono,289,88,2024-08-30,0,2024,25432,8
Dominions 6 - Rise of the Pantokrator,1401,90,2024-01-17,0,2024,126090,1
Fears to Fathom - Ironbark Lookout,2503,92,2023-10-20,0,2023,230276,10
Clone Drone in the Danger Zone,16398,97,2021-07-27,0,2021,1590606,7
Monster Hunter Stories 3: Twisted Reflection,,,2026-03-12,0,2026,,3
Dune: Imperium,1971,95,2024-03-13,0,2024,187245,3
Wordatro!,293,85,2025-06-23,0,2025,24905,6
Mirror's Edge™,14558,86,2009-01-14,0,2009,1251988,1
Gatekeeper,1335,85,2025-08-01,0,2025,113475,8
Batman: Arkham City - Game of the Year Edition,24442,96,2012-09-07,0,2012,2346432,9
Castlevania: Lords of Shadow 2,1609,78,2014-02-25,0,2014,125502,2
Hooked on You: A Dead by Daylight Dating Sim™,3311,92,2022-08-03,0,2022,304612,8
Hangtime!,119,80,2025-11-18,0,2025,9520,11
Resident Evil,10519,91,2015-01-19,0,2015,957229,1
Project Motor Racing,526,21,2025-11-25,0,2025,11046,11
Spirit of the North 2,592,85,2025-05-08,0,2025,50320,5
Marvel Contest of Champions,945,67,2025-06-18,0,2025,63315,6
Backpack Battles,4928,93,2025-06-13,0,2025,458304,6
Vampyr,8365,76,2018-06-04,0,2018,635740,6
Supermarket Together,28689,94,2024-08-09,0,2024,2696766,8
Pantheon: Rise of the Fallen,4144,74,2024-12-13,0,2024,306656,12
The Sinking City Remastered,1837,73,2021-02-26,0,2021,134101,2
Call of Duty® 2,3841,92,2006-12-07,0,2006,353372,12
Ballionaire,1601,86,2024-12-10,0,2024,137686,12
Outpost: Infinity Siege,2503,73,2024-03-26,0,2024,182719,3
Shovel Knight: Treasure Trove,9877,95,2014-06-26,0,2014,938315,6
Middle-earth™: The Shadow Bundle,,,2021-11-02,0,2021,,11
I Was a Teenage Exocolonist,3546,96,2022-08-25,0,2022,340416,8
Judgment,4140,95,2022-09-14,0,2022,393300,9
Desktop Defender,1131,95,2025-11-04,0,2025,107445,11
NEO: The World Ends with You,826,92,2022-10-19,0,2022,75992,10
STAR WARS™: Squadrons,18652,68,2020-10-01,0,2020,1268336,10
The Legend of Heroes: Trails in the Sky the 3rd,1928,94,2017-05-03,0,2017,181232,5
Drop Duchy,1225,90,2025-05-05,0,2025,110250,5
SMITE®,67977,77,2015-09-08,0,2015,5234229,9
Overlooting,1073,83,2025-09-01,0,2025,89059,9
Panzer Corps 2,1740,83,2020-03-19,0,2020,144420,3
Melatonin,4231,95,2022-12-15,0,2022,401945,12
Twinkleby,107,92,2025-09-23,0,2025,9844,9
Astro Prospector,1998,95,2025-07-14,0,2025,189810,7
Fallout 2: A Post Nuclear Role Playing Game,8266,94,2009-08-19,0,2009,777004,8
Concubine,175,81,2025-10-13,0,2025,14175,10
"Good Pizza, Great Pizza - Cooking Simulator Game",2091,86,2023-01-06,0,2023,179826,1
Rusty's Retirement,6187,97,2024-04-26,0,2024,600139,4
SWAPMEAT,57,91,2025-10-21,0,2025,5187,10
Bingle Bingle,491,83,2024-03-18,0,2024,40753,3
Roots of Pacha,2289,95,2023-04-25,0,2023,217455,4
Dungeon Defenders II,13248,73,2017-06-20,0,2017,967104,6
Chrono Gear: Warden of Time,640,98,2025-09-11,0,2025,62720,9
Mon Bazou,9565,97,2021-12-16,0,2021,927805,12
Cruelty Squad,18235,96,2021-06-15,0,2021,1750560,6
Echo Point Nova,5273,97,2024-09-24,0,2024,511481,9
Goose Goose Duck,12151,89,2021-10-03,0,2021,1081439,10
Car Dealership Simulator 2,1024,70,2025-09-26,0,2025,71680,9
Ages of Conflict: World War Simulator,4361,96,2023-02-17,0,2023,418656,2
Steel Division 2,4208,79,2019-06-20,0,2019,332432,6
Ground of Aces,799,86,2025-07-10,0,2025,68714,7
Goat Simulator: Remastered,731,84,2024-11-07,0,2024,61404,11
Deck of Haunts,794,84,2025-05-07,0,2025,66696,5
Fate/stay night REMASTERED,1395,96,2024-08-07,0,2024,133920,8
Contra: Operation Galuga,670,87,2024-03-12,0,2024,58290,3
Divinity: Original Sin - Enhanced Edition,10719,87,2015-10-27,0,2015,932553,10
COCOON,3515,93,2023-09-29,0,2023,326895,9
MementoMori,381,73,2025-03-24,0,2025,27813,3
Project Hospital,3184,88,2018-10-30,0,2018,280192,10
"Warhammer 40,000: Inquisitor - Martyr",9878,78,2018-06-05,0,2018,770484,6
Ember Knights,3622,95,2023-07-18,0,2023,344090,7
DYNASTY WARRIORS 8: Xtreme Legends Complete Edition,3505,80,2014-05-13,0,2014,280400,5
Caravanners,573,40,2025-10-31,0,2025,22920,10
Railroader,2499,97,2023-12-07,0,2023,242403,12
Echoes of the Plum Grove,1816,90,2024-04-29,0,2024,163440,4
Clanfolk,1828,93,2022-07-14,0,2022,170004,7
Fate/EXTELLA LINK,1467,93,2019-03-19,0,2019,136431,3
Sonic Adventure DX,9708,92,2011-03-04,0,2011,893136,3
Recycling Center Simulator,839,82,2024-10-02,0,2024,68798,10
Persona 4 Arena Ultimax,2437,86,2022-03-16,0,2022,209582,3
Age of Reforging: The Freelands,1567,73,2025-04-28,0,2025,114391,4
Walk of Life,128,91,2025-10-24,0,2025,11648,10
CLANNAD,1890,96,2015-11-23,0,2015,181440,11
My Time at Portia,11949,91,2019-01-15,0,2019,1087359,1
Aliens: Dark Descent,8761,88,2023-06-19,0,2023,770968,6
Reus 2,1952,95,2024-05-28,0,2024,185440,5
Teenage Mutant Ninja Turtles: The Cowabunga Collection,699,88,2022-08-30,0,2022,61512,8
Let's Build a Zoo,2074,90,2021-11-05,0,2021,186660,11
DRAGON QUEST BUILDERS,505,89,2024-02-13,0,2024,44945,2
Total War: PHARAOH,2200,64,2023-10-11,0,2023,140800,10
STORY OF SEASONS: Pioneers of Olive Town,1296,83,2021-09-15,0,2021,107568,9
"Warhammer 40,000: Chaos Gate - Daemonhunters",6976,78,2022-05-05,0,2022,544128,5
Yakuza 3 Remastered,4743,84,2021-01-28,0,2021,398412,1
GodsArena Online,230,74,2025-09-01,0,2025,17020,9
Unturned,219660,90,2017-07-07,0,2017,19769400,7
A Few Quick Matches,1990,85,2025-08-05,0,2025,169150,8
OneShot,29691,98,2016-12-08,0,2016,2909718,12
Beyond: Two Souls,6888,83,2020-06-18,0,2020,571704,6
OPERATOR,2348,83,2023-08-01,0,2023,194884,8
The Talos Principle 2,7970,94,2023-11-02,0,2023,749180,11
rFactor 2,3400,76,2015-11-12,0,2015,258400,11
Batman: Arkham Asylum Game of the Year Edition,27361,96,2010-03-26,0,2010,2626656,3
SUPERHOT,15817,90,2016-02-25,0,2016,1423530,2
Street Fighter V,12622,70,2016-02-15,0,2016,883540,2
Hitman: Absolution™,12720,87,2012-11-19,0,2012,1106640,11
Baldur's Gate II: Enhanced Edition,5447,91,2013-11-15,0,2013,495677,11
Gemporium: A Cute Mining Sim,725,95,2025-08-07,0,2025,68875,8
Sherlock Holmes The Awakened,914,82,2023-04-11,0,2023,74948,4
Bloodgrounds,197,77,2025-11-05,0,2025,15169,11
Cauldron,1236,93,2025-05-21,0,2025,114948,5
Trials of Mana,2159,92,2020-04-24,0,2020,198628,4
Peripeteia,1972,85,2025-02-21,0,2025,167620,2
Carry The Glass,578,76,2024-10-23,0,2024,43928,10
Assassin's Creed 2,16734,86,2010-03-09,0,2010,1439124,3
Lost Castle 2,797,91,2024-07-24,0,2024,72527,7
Snacko,774,97,2025-05-25,0,2025,75078,5
FAITH: The Unholy Trinity,5481,94,2022-10-21,0,2022,515214,10
Tales of Seikyu,490,78,2025-05-21,0,2025,38220,5
Mind Over Magic,1993,85,2025-02-12,0,2025,169405,2
XCOM: Enemy Unknown,24470,92,2012-10-08,0,2012,2251240,10
Little Misfortune,5111,90,2019-09-18,0,2019,459990,9
The Walking Dead,23580,96,2012-04-24,0,2012,2263680,4
MELTY BLOOD: TYPE LUMINA,5060,91,2021-09-29,0,2021,460460,9
Plan B: Terraform,1675,91,2025-08-29,0,2025,152425,8
Mirthwood,1209,73,2024-11-06,0,2024,88257,11
BioShock™,12463,93,2016-09-15,0,2016,1159059,9
TrackDayR,1537,86,2021-03-17,0,2021,132182,3
AI＊Shoujo/AI＊少女,562,71,2020-03-16,0,2020,39902,3
Labyrinth Of The Demon King,1637,92,2025-05-13,0,2025,150604,5
Stray Children,120,80,2025-10-30,0,2025,9600,10
Oh Deer,1923,84,2024-06-27,0,2024,161532,6
Duck Game,10971,97,2015-06-04,0,2015,1064187,6
Supraworld,1095,90,2025-08-15,0,2025,98550,8
Bomb Rush Cyberfunk,9953,98,2023-08-18,0,2023,975394,8
Chrono Ark,2386,94,2024-05-02,0,2024,224284,5
Valkyria Chronicles 4 Complete Edition,2502,88,2018-09-25,0,2018,220176,9
Fate/hollow ataraxia REMASTERED,596,97,2025-08-06,0,2025,57812,8
Suzerain,6530,93,2020-12-04,0,2020,607290,12
Zombie Army 4: Dead War,2611,86,2021-02-18,0,2021,224546,2
Flashpoint Campaigns: Cold War,35,100,2025-11-20,0,2025,3500,11
SENRAN KAGURA ESTIVAL VERSUS,1450,94,2017-03-17,0,2017,136300,3
Texas Hold'em Poker: Pokerist,1449,64,2025-02-18,0,2025,92736,2
Star Ores Inc.,192,83,2025-11-06,0,2025,15936,11
Tomb Raider I-III Remastered Starring Lara Croft,3029,89,2024-02-13,0,2024,269581,2
Sniper Ghost Warrior Contracts 2,4079,85,2021-06-04,0,2021,346715,6
Lost Skies,1811,66,2025-09-17,0,2025,119526,9
Suit for Hire,1653,92,2025-06-20,0,2025,152076,6
DUSK,16401,97,2018-12-10,0,2018,1590897,12
Dawn of Man,9656,85,2019-03-01,0,2019,820760,3
Okami HD,4568,92,2017-12-12,0,2017,420256,12
Primordialis,441,93,2025-07-02,0,2025,41013,7
Class of '09,6537,95,2021-06-10,0,2021,621015,6
Squirrel with a Gun,2336,86,2024-08-29,0,2024,200896,8
Onirism,842,83,2025-10-23,0,2025,69886,10
Hero's Land,1417,66,2023-05-17,0,2023,93522,5
Riven,2094,93,2024-06-25,0,2024,194742,6
LEGO® Marvel™ Super Heroes,7488,93,2013-10-22,0,2013,696384,10
The Witness,8433,82,2016-01-26,0,2016,691506,1
LEGO® DC Super-Villains,2458,91,2018-10-16,0,2018,223678,10
FBC: Firebreak,1749,66,2025-06-17,0,2025,115434,6
Overcooked,4509,92,2016-08-03,0,2016,414828,8
Pumpkin Jack,2709,91,2020-10-23,0,2020,246519,10
Taxi Life: A City Driving Simulator,1191,64,2024-03-07,0,2024,76224,3
Stolen Realm,2327,85,2024-03-08,0,2024,197795,3
Worms Armageddon,3521,93,2013-03-19,0,2013,327453,3
CRYO,103,97,2025-10-24,0,2025,9991,10
Touhou Danmaku Kagura Phantasia Lost,1956,80,2024-02-07,0,2024,156480,2
Vanquish,3770,89,2017-05-25,0,2017,335530,5
MORDHAU,58921,81,2019-04-29,0,2019,4772601,4
Loco Motive,861,94,2024-11-21,0,2024,80934,11
Nobody Wants to Die,2182,84,2024-07-17,0,2024,183288,7
Castlevania: Lords of Shadow – Ultimate Edition,3088,72,2013-08-27,0,2013,222336,8
Jagged Alliance 3,4933,88,2023-07-14,0,2023,434104,7
SUPERVIVE,13188,85,2025-07-23,0,2025,1120980,7
Fears to Fathom - Woodbury Getaway,1446,85,2024-09-12,0,2024,122910,9
Heavy Rain,4972,80,2020-06-18,0,2020,397760,6
Smalland: Survive the Wilds,4075,81,2024-02-15,0,2024,330075,2
Fran Bow,7938,96,2015-08-27,0,2015,762048,8
Skinfreak,268,86,2025-10-16,0,2025,23048,10
Max Payne,7286,86,2008-01-04,0,2008,626596,1
NGU IDLE,10433,95,2019-10-01,0,2019,991135,10
SANABI,4160,95,2023-11-08,0,2023,395200,11
WARRIORS OROCHI 4,885,86,2018-10-15,0,2018,76110,10
The Dark Pictures Anthology: House of Ashes,2861,91,2021-10-21,0,2021,260351,10
Poly Bridge 2,4429,96,2020-05-28,0,2020,425184,5
The Legend of Heroes: Trails in the Sky,6151,93,2014-07-29,0,2014,572043,7
STAR WARS™ Knights of the Old Republic™,21562,91,2009-09-05,0,2009,1962142,9
Aeruta,1436,93,2025-11-05,0,2025,133548,11
Esports Godfather,1012,94,2024-05-23,0,2024,95128,5
Peggle Deluxe,9109,97,2007-03-06,0,2007,883573,3
Men of War: Assault Squad 2,16245,91,2014-05-15,0,2014,1478295,5
theHunter Classic,18480,54,2014-06-03,0,2014,997920,6
DYSTHANASIA,165,92,2025-11-21,0,2025,15180,11
Nunholy,1656,92,2025-01-16,0,2025,152352,1
Foolish Mortals,190,97,2025-11-05,0,2025,18430,11
Tales from the Borderlands,10170,93,2021-02-16,0,2021,945810,2
The Crust,1443,74,2024-07-15,0,2024,106782,7
Need for Speed™ Payback,7022,85,2020-06-18,0,2020,596870,6
Cardfight!! Vanguard Dear Days 2,489,69,2025-01-29,0,2025,33741,1
AdVenture Capitalist,37870,86,2015-03-30,0,2015,3256820,3
Ambulance Life: A Paramedic Simulator,803,54,2025-02-06,0,2025,43362,2
Travis Strikes Again: No More Heroes Complete Edition,459,83,2019-10-17,0,2019,38097,10
RollerCoaster Tycoon® Classic,1712,90,2017-09-28,0,2017,154080,9
Evil West,4380,75,2022-11-21,0,2022,328500,11
Corpse Party (2021),1226,91,2021-10-20,0,2021,111566,10
Blippo+,157,92,2025-09-23,0,2025,14444,9
Call of the Wild: The Angler™,2989,70,2022-08-31,0,2022,209230,8
Wrench,1701,87,2018-12-19,0,2018,147987,12
Baldi's Basics Plus,5859,97,2020-06-11,0,2020,568323,6
Snufkin: Melody of Moominvalley,1555,96,2024-03-07,0,2024,149280,3
Unrailed 2: Back on Track,1405,89,2024-11-07,0,2024,125045,11
Ale Abbey - Monastery Brewery Tycoon,996,89,2025-09-17,0,2025,88644,9
EZ2ON REBOOT : R,419,88,2022-04-14,0,2022,36872,4
The Ranch of Rivershine,1707,94,2025-05-23,0,2025,160458,5
Fallout 3,9379,79,2008-10-28,0,2008,740941,10
Climb The Backrooms,535,83,2025-07-11,0,2025,44405,7
Starbound,51584,88,2016-07-22,0,2016,4539392,7
Heart of the Machine,1250,93,2025-01-31,0,2025,116250,1
Sunset Overdrive,6583,89,2018-11-16,0,2018,585887,11
Go-Go Town!,1802,94,2024-06-18,0,2024,169388,6
Resident Evil 4 (2005),23295,93,2014-02-27,0,2014,2166435,2
Going Medieval,7782,89,2021-06-01,0,2021,692598,6
FUMES,1450,96,2025-07-28,0,2025,139200,7
Tape to Tape,2551,92,2023-05-03,0,2023,234692,5
Football Simulator,795,80,2022-06-08,0,2022,63600,6
Stronghold: Definitive Edition,2906,82,2023-11-07,0,2023,238292,11
HUMANKIND™,11940,68,2021-08-17,0,2021,811920,8
7 Days Blood Moons,302,44,2025-11-04,0,2025,13288,11
Saints Row®: The Third™ Remastered,1844,69,2021-05-21,0,2021,127236,5
BattleGroupVR2,86,91,2025-11-07,0,2025,7826,11
Perfect Heist 2,2136,94,2021-12-10,0,2021,200784,12
1000xRESIST,3808,96,2024-05-09,0,2024,365568,5
Total Conflict: Resistance,1921,71,2023-04-21,0,2023,136391,4
Football Coach: College Dynasty,1289,96,2025-01-16,0,2025,123744,1
Medal of Honor™,2363,80,2010-10-12,0,2010,189040,10
Combat Master: Season 5,22743,87,2023-04-21,0,2023,1978641,4
GUNDAM BREAKER 4,1606,86,2024-08-28,0,2024,138116,8
Killer Frequency,3227,93,2023-06-01,0,2023,300111,6
Tavern Talk - A Cozy Visual Novel,1320,88,2024-06-20,0,2024,116160,6
Die in the Dungeon,1361,93,2025-02-21,0,2025,126573,2
Éalú,173,95,2025-10-02,0,2025,16435,10
Void Miner – Incremental Asteroids Roguelite,161,90,2025-11-16,0,2025,14490,11
Battlefleet Gothic: Armada 2,5548,74,2019-01-24,0,2019,410552,1
Warhammer: End Times - Vermintide,7822,83,2015-10-23,0,2015,649226,10
Mortal Online 2,7246,60,2022-01-25,0,2022,434760,1
Hellblade: Senua's Sacrifice,28047,90,2017-08-07,0,2017,2524230,8
Monster Train,12090,96,2020-05-21,0,2020,1160640,5
Assassin’s Creed® Brotherhood,8379,86,2011-03-22,0,2011,720594,3
Tactical Assault VR,2171,82,2023-03-26,0,2023,178022,3
Yakuza 6: The Song of Life,3547,95,2021-03-25,0,2021,336965,3
Peaks of Yore,2933,97,2023-10-26,0,2023,284501,10
Bear and Breakfast,3208,90,2022-07-28,0,2022,288720,7
WGT Golf,2294,60,2020-04-13,0,2020,137640,4
DmC: Devil May Cry,6412,91,2013-01-24,0,2013,583492,1
The Witcher 3: Wild Hunt - Complete Edition,,,2016-08-30,0,2016,,8
Danganronpa V3: Killing Harmony,8785,88,2017-09-25,0,2017,773080,9
GRADIUS ORIGINS,162,92,2025-08-06,0,2025,14904,8
Kemono Teatime,754,95,2025-09-03,0,2025,71630,9
HELLCARD,1530,88,2024-02-01,0,2024,134640,2
Crashlands 2,1831,87,2025-04-10,0,2025,159297,4
Besiege,22552,95,2020-02-18,0,2020,2142440,2
Train Sim World® 4,1342,76,2023-09-26,0,2023,101992,9
Etrian Odyssey III HD,519,89,2023-06-14,0,2023,46191,6
Killing Floor,21423,96,2009-05-14,0,2009,2056608,5
This Bed We Made,1864,90,2023-11-01,0,2023,167760,11
Grandpa High on Retro,667,91,2025-02-06,0,2025,60697,2
Sprocket,7134,94,2021-08-26,0,2021,670596,8
Nice Day for Fishing,1669,89,2025-05-29,0,2025,148541,5
Skul: The Hero Slayer,9404,92,2021-01-20,0,2021,865168,1
The Baby In Yellow,1611,96,2023-05-25,0,2023,154656,5
Cobalt Core,3039,96,2023-11-08,0,2023,291744,11
Avorion,7742,89,2020-03-09,0,2020,689038,3
House of Legacy,656,95,2025-05-14,0,2025,62320,5
Forspoken,3063,68,2023-01-24,0,2023,208284,1
Castlevania Anniversary Collection,1613,81,2019-05-16,0,2019,130653,5
Midnight Fight Express,1807,91,2022-08-23,0,2022,164437,8
Bongo Cat,16199,97,2025-03-05,0,2025,1571303,3
State of Decay: YOSE,4474,78,2015-04-27,0,2015,348972,4
The Witcher 2: Assassins of Kings Enhanced Edition,25209,88,2012-04-16,0,2012,2218392,4
FATAL FRAME / PROJECT ZERO: Maiden of Black Water,1277,86,2021-10-27,0,2021,109822,10
CRUEL,1372,95,2025-01-09,0,2025,130340,1
Survival: Fountain of Youth,1646,84,2024-05-21,0,2024,138264,5
SpongeBob SquarePants: Battle for Bikini Bottom - Rehydrated,9035,95,2020-06-23,0,2020,858325,6
FATAL FRAME / PROJECT ZERO: Mask of the Lunar Eclipse,1324,91,2023-03-08,0,2023,120484,3
Hollywood Animal,1298,79,2025-04-10,0,2025,102542,4
Xenopurge,178,92,2025-11-20,0,2025,16376,11
The Citadel,1962,94,2020-08-05,0,2020,184428,8
Backyard Baseball '97,1891,97,2024-10-10,0,2024,183427,10
Forgotten Seas,397,76,2025-10-11,0,2025,30172,10
Moving Out 2,309,77,2023-08-15,0,2023,23793,8
Hunter's Moon: A Sovereign Syndicate Adventure,66,95,2025-11-24,0,2025,6270,11
GOD FORSAKEN,1024,70,2025-10-22,0,2025,71680,10
Thief Simulator,10819,88,2018-11-09,0,2018,952072,11
Out and About,217,90,2025-08-11,0,2025,19530,8
Scribblenauts Unlimited,5167,93,2012-11-19,0,2012,480531,11
POOLS,2800,95,2024-04-26,0,2024,266000,4
Dark Deception,7311,88,2018-09-26,0,2018,643368,9
Broken Sword - Shadow of the Templars: Reforged,700,95,2024-09-19,0,2024,66500,9
ContractVille,1923,80,2025-05-26,0,2025,153840,5
RollerCoaster Tycoon® 2: Triple Thrill Pack,3575,90,2014-05-21,0,2014,321750,5
Parkitect,4541,94,2018-11-29,0,2018,426854,11
Company of Heroes,4899,94,2009-10-13,0,2009,460506,10
Rhythm Doctor,6337,98,2021-02-26,0,2021,621026,2
Drill Core,1805,85,2025-07-17,0,2025,153425,7
Orebound,602,75,2024-10-24,0,2024,45150,10
Nordhold,1250,86,2025-03-25,0,2025,107500,3
MARVEL Puzzle Quest,2697,63,2013-12-05,0,2013,169911,12
The Last Spell,6021,93,2023-03-09,0,2023,559953,3
Mr. Prepper,1798,82,2021-03-18,0,2021,147436,3
Cuisineer,1716,77,2023-11-09,0,2023,132132,11
World of Outlaws: Dirt Racing 24 Gold Edition,175,86,2025-02-05,0,2025,15050,2
Streamer Life Simulator 2,1596,77,2025-01-23,0,2025,122892,1
Mandragora: Whispers of the Witch Tree,920,76,2025-04-17,0,2025,69920,4
Dungeons & Dragons Neverwinter Nights 2: Enhanced Edition,1112,45,2025-07-15,0,2025,50040,7
BlazBlue: Cross Tag Battle,2183,83,2019-11-20,0,2019,181189,11
Classified: France '44,652,73,2024-03-05,0,2024,47596,3
The Necromancer's Tale,528,92,2025-07-17,0,2025,48576,7
ヘブンバーンズレッド,523,81,2022-08-10,0,2022,42363,8
HROT,3465,96,2023-05-16,0,2023,332640,5
VEGA Conflict,2218,50,2015-12-14,0,2015,110900,12
Trombone Champ,6841,98,2022-09-15,0,2022,670418,9
Symphony of War: The Nephilim Saga,6844,94,2022-06-10,0,2022,643336,6
"Hold Me Tight All Night, Onii-chan!",208,97,2025-09-12,0,2025,20176,9
Ys vs. Trails in the Sky: Alternative Saga,46,95,2025-10-10,0,2025,4370,10
Brickadia,922,87,2025-07-11,0,2025,80214,7
EARTH DEFENSE FORCE 5,5482,95,2019-07-11,0,2019,520790,7
Sable,3691,86,2021-09-23,0,2021,317426,9
Funko Fusion,573,65,2024-09-13,0,2024,37245,9
Chef Life: A Restaurant Simulator,1881,84,2023-02-23,0,2023,158004,2
Uncle Chop's Rocket Shop,933,86,2024-12-05,0,2024,80238,12
Architect Life: A House Design Simulator,162,48,2025-06-19,0,2025,7776,6
Stay Out,7474,57,2019-11-27,0,2019,426018,11
Kindergarten 3,1387,94,2025-06-18,0,2025,130378,6
Gems of War - Puzzle RPG,4726,75,2014-11-20,0,2014,354450,11
Waltz of the Wizard,754,90,2019-07-10,0,2019,67860,7
Aerofly FS 4 Flight Simulator,1048,88,2022-07-04,0,2022,92224,7
Killer Instinct,2764,88,2017-09-27,0,2017,243232,9
Sephiria,501,96,2025-04-03,0,2025,48096,4
Galaxy Burger,1142,97,2024-08-23,0,2024,110774,8
Dungeon Stalkers,1108,54,2025-10-29,0,2025,59832,10
Gorogoa,5092,95,2017-12-14,0,2017,483740,12
Darkwood,9502,94,2017-08-17,0,2017,893188,8
Settlement Survival,2898,85,2022-10-24,0,2022,246330,10
FTL: Faster Than Light,45521,95,2012-09-14,0,2012,4324495,9
The Berlin Apartment,109,96,2025-11-17,0,2025,10464,11
Bio Goddess : Doomsday Begins,144,90,2025-11-02,0,2025,12960,11
Dune: Spice Wars,7013,79,2023-09-14,0,2023,554027,9
Champions Online,3069,69,2011-06-14,0,2011,211761,6
ShellShock Live,16838,93,2020-05-22,0,2020,1565934,5
Back to the Dawn,1078,95,2025-07-17,0,2025,102410,7
Papa's Freezeria Deluxe,8697,99,2023-03-31,0,2023,861003,3
Heroes® of Might & Magic® III - HD Edition,6472,77,2015-01-28,0,2015,498344,1
Planetary Life,582,94,2025-08-15,0,2025,54708,8
Dokapon Kingdom: Connect,634,88,2023-09-07,0,2023,55792,9
Worms Reloaded,1867,85,2010-08-26,0,2010,158695,8
Tinkerlands,620,88,2025-05-23,0,2025,54560,5
R-Type Delta: HD Boosted,51,78,2025-11-20,0,2025,3978,11
No Sleep For Kaname Date - From AI: THE SOMNIUM FILES,602,83,2025-07-25,0,2025,49966,7
Dead Estate,3774,94,2021-10-19,0,2021,354756,10
Gunsmith Simulator,1475,85,2024-10-04,0,2024,125375,10
Into the Breach,12054,93,2018-02-27,0,2018,1121022,2
Paranormal Cleanup,725,87,2025-05-30,0,2025,63075,5
(the) Gnorp Apologue,6734,95,2023-12-14,0,2023,639730,12
Bounty: Drag Racing,359,84,2024-05-24,0,2024,30156,5
Furnish Master,903,81,2024-02-19,0,2024,73143,2
Virtua Fighter 5 R.E.V.O. World Stage,1571,74,2025-01-27,0,2025,116254,1
Syberia - Remastered,445,65,2025-11-06,0,2025,28925,11
Liftoff®: Micro Drones,974,91,2025-08-04,0,2025,88634,8
Last Train Home,2061,87,2023-11-28,0,2023,179307,11
Democracy 4,3828,84,2022-01-13,0,2022,321552,1
Warfare Legacy Collection,711,92,2025-04-28,0,2025,65412,4
Mega Man Battle Network Legacy Collection Vol. 2,470,86,2023-04-13,0,2023,40420,4
HD Poker: Texas Hold'em,3497,79,2018-09-14,0,2018,276263,9
Contractors Showdown : ExfilZone,1738,67,2024-04-25,0,2024,116446,4
Star of Providence,2529,96,2017-06-07,0,2017,242784,6
Mirror's Edge™ Catalyst,6024,78,2020-06-04,0,2020,469872,6
Etrian Odyssey HD,816,89,2023-06-14,0,2023,72624,6
GUILTY GEAR Xrd REV 2,4526,95,2017-05-31,0,2017,429970,5
"STAR WARS™ Battlefront II (Classic, 2005)",34516,94,2009-07-08,0,2009,3244504,7
Scott Pilgrim vs. The World™: The Game – Complete Edition,1543,70,2023-01-05,0,2023,108010,1
Dystopika,2178,96,2024-06-21,0,2024,209088,6
Shrine's Legacy,94,86,2025-10-07,0,2025,8084,10
Laundering Simulator - Clean Cash and Laundry,159,85,2025-11-04,0,2025,13515,11
Kindergarten 2,4161,98,2019-07-29,0,2019,407778,7
Wreckreation,250,58,2025-10-28,0,2025,14500,10
Assassin's Creed™: Director's Cut Edition,9974,78,2008-04-09,0,2008,777972,4
Winter Memories,513,95,2024-01-05,0,2024,48735,1
Old Market Simulator,646,88,2024-10-03,0,2024,56848,10
NUKITASHI 2,2233,98,2024-02-15,0,2024,218834,2
Crypt Custodian,1320,97,2024-08-27,0,2024,128040,8
Tavern Manager Simulator 🍻,1182,90,2024-08-13,0,2024,106380,8
LEGO® Marvel Super Heroes 2,2720,83,2017-11-14,0,2017,225760,11
KIBORG,908,85,2025-04-30,0,2025,77180,4
Nin Online,1075,76,2025-06-12,0,2025,81700,6
LEGO® The Hobbit™,2099,71,2014-04-08,0,2014,149029,4
Age of History 3,3312,82,2024-10-23,0,2024,271584,10
Idling to Rule the Gods,2000,85,2016-05-27,0,2016,170000,5
Contractors,2932,83,2018-12-14,0,2018,243356,12
Ys X: Nordics,808,84,2024-10-25,0,2024,67872,10
Vietnam War,1088,85,2025-04-25,0,2025,92480,4
Outside the Blocks,113,93,2025-11-04,0,2025,10509,11
Ratopia,917,88,2025-04-30,0,2025,80696,4
Inside the Backrooms,10043,80,2022-06-20,0,2022,803440,6
The Ascent,11941,77,2021-07-29,0,2021,919457,7
Grey Hack,1641,90,2017-12-14,0,2017,147690,12
WORLD OF HORROR,5958,91,2023-10-19,0,2023,542178,10
Friends vs Friends,6853,85,2023-05-30,0,2023,582505,5
Battlefield 4™,27864,83,2020-06-11,0,2020,2312712,6
Trainz Railroad Simulator 2022,907,75,2022-05-30,0,2022,68025,5
Terraforming Mars,3305,70,2018-10-17,0,2018,231350,10
Sonic Colors: Ultimate,1157,67,2023-02-06,0,2023,77519,2
Consume Me,453,93,2025-09-24,0,2025,42129,9
Pirate101,410,81,2023-05-31,0,2023,33210,5
WITCH ON THE HOLY NIGHT,1034,97,2023-12-14,0,2023,100298,12
Nioh 3,,,2026-02-05,0,2026,,2
The Legend of Heroes: Trails of Cold Steel IV,1410,92,2021-04-09,0,2021,129720,4
Injustice: Gods Among Us Ultimate Edition,3781,82,2013-11-12,0,2013,310042,11
Moonlighter,6912,80,2018-05-29,0,2018,552960,5
Miscrits: World of Creatures,1939,91,2025-05-25,0,2025,176449,5
Bit Heroes Quest,1573,75,2017-12-13,0,2017,117975,12
Songs of Syx,4463,95,2020-09-21,0,2020,423985,9
Saloon Simulator,611,92,2025-07-15,0,2025,56212,7
Eden Crafters,1785,85,2024-10-16,0,2024,151725,10
My Dream Setup,2603,89,2023-02-20,0,2023,231667,2
Star Trucker,2888,78,2024-09-03,0,2024,225264,9
Among Us 3D,1717,66,2025-05-06,0,2025,113322,5
Kena: Bridge of Spirits,6290,92,2022-09-26,0,2022,578680,9
Turok 3: Shadow of Oblivion Remastered,496,86,2023-11-30,0,2023,42656,11
Minecraft Legends,1034,57,2023-04-18,0,2023,58938,4
ASTLIBRA Revision,3037,95,2022-10-13,0,2022,288515,10
Tower of Babel: Survivors of Chaos,1045,77,2025-05-19,0,2025,80465,5
Animal Jam,,,2025-01-08,0,2025,,1
Loddlenaut,2352,98,2023-11-16,0,2023,230496,11
The Quinfall,1584,51,2025-01-24,0,2025,80784,1
Yakuza 5 Remastered,3629,92,2021-01-28,0,2021,333868,1
The Coin Game,4602,95,2019-02-22,0,2019,437190,2
鬼谷八荒 Tale of Immortal,3588,78,2023-05-26,0,2023,279864,5
BIRDCAGE,94,94,2025-11-18,0,2025,8836,11
Descenders,9940,95,2019-05-07,0,2019,944300,5
Jacksmith: Weapons and Warriors,1343,97,2025-05-13,0,2025,130271,5
Wizordum,639,92,2025-04-29,0,2025,58788,4
MU: Dark Epoch,185,61,2025-10-16,0,2025,11285,10
Thief Simulator 2,2185,86,2023-10-04,0,2023,187910,10
Demeo,1625,88,2021-05-06,0,2021,143000,5
Microsoft Flight Simulator X: Steam Edition,13904,85,2014-12-18,0,2014,1181840,12
Wagotabi: A Japanese Journey,731,98,2025-08-13,0,2025,71638,8
Supercar Collection Simulator,1243,85,2025-09-08,0,2025,105655,9
Amanda the Adventurer 2,1248,82,2024-10-22,0,2024,102336,10
Brew,94,81,2025-11-06,0,2025,7614,11
Monster Rancher 1 & 2 DX,943,89,2021-12-08,0,2021,83927,12
Drop Pockets,185,82,2025-08-08,0,2025,15170,8
Living With Sister: Monochrome Fantasy,819,94,2024-03-22,0,2024,76986,3
Portal Knights,4734,83,2017-05-18,0,2017,392922,5
Overgrowth,4742,85,2017-10-16,0,2017,403070,10
Dread Delusion,3595,90,2024-05-14,0,2024,323550,5
Zompiercer,889,84,2020-04-03,0,2020,74676,4
Franchise Hockey Manager 12,44,86,2025-10-23,0,2025,3784,10
Fabledom,3124,87,2024-05-13,0,2024,271788,5
Call of Duty® (2003),3317,94,2006-10-13,0,2006,311798,10
Destroy All Humans! 2 - Reprobed,1592,78,2022-08-30,0,2022,124176,8
Avernum 4: Greed and Glory,89,94,2025-10-22,0,2025,8366,10
Sunken Engine,321,92,2025-10-16,0,2025,29532,10
Yakuza 4 Remastered,3460,93,2021-01-28,0,2021,321780,1
Brighter Shores,8419,69,2024-11-06,0,2024,580911,11
LUNAR Remastered Collection,435,91,2025-04-17,0,2025,39585,4
Heroes of Hammerwatch,4581,88,2018-03-01,0,2018,403128,3
REANIMAL,,,2026-02-13,0,2026,,2
Luto,960,84,2025-07-21,0,2025,80640,7
Mini Cozy Room: Lo-Fi,1460,97,2025-03-30,0,2025,141620,3
Dark Quest 4,75,82,2025-11-05,0,2025,6150,11
Viking Rise,759,71,2024-05-21,0,2024,53889,5
Umamusume: Pretty Derby - Party Dash,1026,69,2024-08-29,0,2024,70794,8
Amanda the Adventurer,3884,95,2023-04-25,0,2023,368980,4
Katana ZERO,22006,97,2019-04-18,0,2019,2134582,4
911 Operator,5424,87,2017-02-24,0,2017,471888,2
Granny,3084,93,2018-11-20,0,2018,286812,11
Winter Survival,471,61,2025-11-19,0,2025,28731,11
Class of '09: The Re-Up,3751,97,2023-06-01,0,2023,363847,6
Wheel World,509,88,2025-07-23,0,2025,44792,7
Myth of Empires,3148,72,2024-02-21,0,2024,226656,2
Atelier Sophie 2: The Alchemist of the Mysterious Dream,362,91,2022-02-24,0,2022,32942,2
Dead Island Definitive Edition,8844,81,2016-05-31,0,2016,716364,5
MADiSON,1099,85,2022-07-07,0,2022,93415,7
Paladins®,127491,82,2018-05-08,0,2018,10454262,5
Five Nights at Freddy's: Into the Pit,4912,95,2024-08-07,0,2024,466640,8
Dollmare,1651,94,2024-10-24,0,2024,155194,10
Rick and Morty: Virtual Rick-ality,1795,73,2017-04-20,0,2017,131035,4
Pseudoregalia,12582,97,2023-07-28,0,2023,1220454,7
SamabakeScramble,69,73,2025-04-21,0,2025,5037,4
The Knightling,223,87,2025-08-28,0,2025,19401,8
Cultist Simulator,5083,79,2018-05-31,0,2018,401557,5
Tom Clancy's Splinter Cell Conviction™,2378,68,2010-04-27,0,2010,161704,4
Whispers from the Star,1353,83,2025-08-14,0,2025,112299,8
CrossCode,9602,93,2018-09-20,0,2018,892986,9
Anno 1404 - History Edition,1169,75,2020-06-25,0,2020,87675,6
Backpack Hero,3927,88,2023-11-14,0,2023,345576,11
Eterspire,699,76,2025-09-15,0,2025,53124,9
Fae Farm,1749,77,2023-09-08,0,2023,134673,9
Dice Legends,167,79,2025-10-10,0,2025,13193,10
Kathy Rain 2: Soothsayer,817,96,2025-05-20,0,2025,78432,5
In Sink: A Co-op Escape Adventure,1026,87,2024-11-12,0,2024,89262,11
Stumble Guys,31445,82,2021-10-07,0,2021,2578490,10
Toram Online,3306,79,2021-12-19,0,2021,261174,12
Bendy and the Ink Machine,10392,88,2017-04-27,0,2017,914496,4
Kings of Hell,,,2025-11-26,0,2025,,11
Flesh Made Fear,121,93,2025-10-31,0,2025,11253,10
Royal Quest Online,588,69,2024-12-19,0,2024,40572,12
Get To Work,1789,92,2024-12-02,0,2024,164588,12
A Short Hike,11534,99,2019-07-30,0,2019,1141866,7
Lushfoil Photography Sim,1140,91,2025-04-15,0,2025,103740,4
ONE PIECE ODYSSEY,1329,81,2023-01-12,0,2023,107649,1
Murky Divers,2118,87,2024-12-12,0,2024,184266,12
A.V.A Global,1758,45,2022-08-23,0,2022,79110,8
CURE - A Hospital Simulator,39,82,2025-11-20,0,2025,3198,11
Agatha Christie - Death on the Nile,92,82,2025-09-25,0,2025,7544,9
Ticket to Ride®,770,64,2023-11-14,0,2023,49280,11
Trainatic,661,91,2025-09-08,0,2025,60151,9
BloodRayne: Terminal Cut,1340,90,2020-11-20,0,2020,120600,11
The Dark Pictures Anthology: The Devil in Me,1567,58,2022-11-17,0,2022,90886,11
ENDLESS™ Space 2,9219,83,2017-05-18,0,2017,765177,5
Cloudpunk,7056,86,2020-04-23,0,2020,606816,4
Rise of Nations: Extended Edition,7569,94,2014-06-12,0,2014,711486,6
The Talos Principle: Reawakened,712,91,2025-04-10,0,2025,64792,4
Psycho Patrol R,1884,88,2025-03-23,0,2025,165792,3
Demonic Mahjong,2465,95,2025-07-15,0,2025,234175,7
Build Master: MarsVille,231,40,2023-12-11,0,2023,9240,12
The Evil Within,7211,77,2014-10-13,0,2014,555247,10
Tiny Pasture,964,93,2025-02-17,0,2025,89652,2
Animal Shelter,2190,87,2022-03-23,0,2022,190530,3
Vellum,1113,90,2025-05-02,0,2025,100170,5
Banishers: Ghosts of New Eden,2535,85,2024-02-12,0,2024,215475,2
Your Turn To Die -Death Game By Majority-,1568,98,2023-02-20,0,2023,153664,2
Pacify,10993,87,2019-02-22,0,2019,956391,2
Road 96 🛣️,9208,90,2021-08-16,0,2021,828720,8
Plants vs. Zombies: Battle for Neighborville™,3256,76,2020-06-04,0,2020,247456,6
METAL GEAR SOLID 2: Sons of Liberty - Master Collection Version,1673,88,2023-10-24,0,2023,147224,10
Pax Augusta,521,71,2025-04-17,0,2025,36991,4
BlazBlue Centralfiction,4496,95,2017-04-25,0,2017,427120,4
Atlas Fallen: Reign Of Sand,1176,74,2023-08-09,0,2023,87024,8
The Last Campfire,4768,97,2021-10-07,0,2021,462496,10
CARIMARA: Beneath the forlorn limbs,1164,96,2025-10-06,0,2025,111744,10
Kingdoms and Castles,18935,93,2017-07-20,0,2017,1760955,7
SWORD ART ONLINE Fractured Daydream,1930,63,2024-10-03,0,2024,121590,10
Lunacid,7111,90,2023-10-30,0,2023,639990,10
Alisa's Grimoire,37,83,2025-11-07,0,2025,3071,11
Arco,1816,96,2024-08-15,0,2024,174336,8
MEGA MAN X DiVE Offline,1542,80,2023-08-31,0,2023,123360,8
Ghostwire: Tokyo,4865,84,2022-03-24,0,2022,408660,3
The Legend of Heroes: Trails from Zero,1156,97,2022-09-27,0,2022,112132,9
The Lonesome Guild,119,95,2025-10-23,0,2025,11305,10
Biped 2,218,73,2025-11-05,0,2025,15914,11
HighFleet,3988,87,2021-07-27,0,2021,346956,7
Worldwide Rush,385,79,2025-08-20,0,2025,30415,8
Coromon,2924,86,2022-03-31,0,2022,251464,3
DAVIGO: VR vs. PC,1077,85,2023-11-29,0,2023,91545,11
Void Stranger,2370,91,2023-09-01,0,2023,215670,9
Driving Life,84,71,2025-11-14,0,2025,5964,11
MULLET MADJACK,4347,97,2024-05-15,0,2024,421659,5
Freddi Fish and the Case of the Missing Kelp Seeds,520,97,2014-04-17,0,2014,50440,4
Kingdoms of Amalur: Re-Reckoning,4106,78,2020-09-08,0,2020,320268,9
ANNO: Mutationem,1806,89,2022-03-16,0,2022,160734,3
Destroyer: The U-Boat Hunter,795,75,2023-12-06,0,2023,59625,12
The Executive - Movie Industry Tycoon,885,80,2025-02-11,0,2025,70800,2
Puzzle Pirates,1820,80,2011-08-31,0,2011,145600,8
Metal Garden,1478,97,2025-03-21,0,2025,143366,3
Worms Revolution,2194,83,2012-10-10,0,2012,182102,10
Dragon Song Tavern: Cozy & Adventurous,189,77,2025-09-24,0,2025,14553,9
Super Animal Royale,17566,93,2021-08-26,0,2021,1633638,8
WORLD OF FINAL FANTASY®,1412,74,2017-11-21,0,2017,104488,11
Pixel Starships,1296,74,2023-05-23,0,2023,95904,5
The Legend of Heroes: Trails of Cold Steel III,1773,93,2020-03-23,0,2020,164889,3
STONKS-9800: Stock Market Simulator,1943,96,2023-07-17,0,2023,186528,7
Granado Espada,1326,64,2017-10-15,0,2017,84864,10
This War of Mine,22583,92,2014-11-14,0,2014,2077636,11
Strategic Command: American Civil War,157,82,2022-07-14,0,2022,12874,7
FATE: Reawakened,641,72,2025-03-12,0,2025,46152,3
Amazing Frog?,7386,94,2014-11-21,0,2014,694284,11
Far Cry 3 - Blood Dragon,10386,85,2013-05-01,0,2013,882810,5
Runeborn,157,84,2025-10-09,0,2025,13188,10
Starlight Revolver,332,68,2025-08-27,0,2025,22576,8
Firehawk FPV: Drone Fighter,180,95,2025-08-22,0,2025,17100,8
GoreBox,6596,91,2023-07-21,0,2023,600236,7
Cozy Island,1509,91,2025-09-21,0,2025,137319,9
Dolls Nest,1824,87,2025-04-23,0,2025,158688,4
METAL GEAR SOLID 3: Snake Eater - Master Collection Version,3002,88,2023-10-24,0,2023,264176,10
Quake,9448,96,2007-08-03,0,2007,907008,8
NUKITASHI,2864,96,2023-06-23,0,2023,274944,6
Duck Detective: The Ghost of Glamping,1857,97,2025-05-22,0,2025,180129,5
Metal: Hellsinger,7595,96,2022-09-15,0,2022,729120,9
LEGO® MARVEL's Avengers,1923,84,2016-01-26,0,2016,161532,1
Strange Jigsaws,1727,99,2025-08-07,0,2025,170973,8
Level Devil,705,91,2025-03-25,0,2025,64155,3
STAR WARS™ Knights of the Old Republic™ II - The Sith Lords™,17222,94,2012-08-23,0,2012,1618868,8
SEVERANCE,188,66,2025-10-31,0,2025,12408,10
Laundry Store Simulator,1473,89,2024-12-09,0,2024,131097,12
Beholder: Conductor,346,86,2025-04-23,0,2025,29756,4
The Saboteur™,1111,91,2024-03-07,0,2024,101101,3
Rayman® Origins,2473,93,2012-03-29,0,2012,229989,3
DEAD LETTER DEPT.,1128,96,2025-01-30,0,2025,108288,1
Choo-Choo Charles,10715,92,2022-12-09,0,2022,985780,12
Orcs Must Die! 3,4831,85,2021-07-23,0,2021,410635,7
MADNESS: Project Nexus,8859,96,2021-09-29,0,2021,850464,9
NIMRODS,1562,85,2024-10-28,0,2024,132770,10
Psychopomp GOLD,2612,97,2024-10-24,0,2024,253364,10
The Legend of Heroes: Trails to Azure,826,98,2023-03-14,0,2023,80948,3
Eriksholm: The Stolen Dream,1287,95,2025-07-15,0,2025,122265,7
The Classrooms,1366,91,2022-10-28,0,2022,124306,10
Etrian Odyssey II HD,210,80,2023-06-14,0,2023,16800,6
Grocery Store Simulator,3030,91,2024-11-21,0,2024,275730,11
Naval Action,5474,50,2019-06-13,0,2019,273700,6
SCP: Fragmented Minds,924,92,2025-01-27,0,2025,85008,1
Backrooms: Extractions,421,73,2025-04-30,0,2025,30733,4
Marvel's Guardians of the Galaxy,17892,93,2021-10-26,0,2021,1663956,10
Jujutsu Kaisen Cursed Clash,1938,58,2024-02-01,0,2024,112404,2
Bogos Binted?,382,93,2025-07-24,0,2025,35526,7
Madoka Magica Magia Exedra,839,63,2025-07-16,0,2025,52857,7
Goat Simulator,29821,90,2014-04-01,0,2014,2683890,4
Eventide Matter,351,96,2025-11-05,0,2025,33696,11
Maltese's Fluffy Onsen,1790,93,2025-05-13,0,2025,166470,5
Eternal Strands,1168,87,2025-01-28,0,2025,101616,1
Sid Meier's Civilization IV: Colonization,1196,87,2008-09-23,0,2008,104052,9
Inkshade,511,88,2025-08-14,0,2025,44968,8
Honkai Impact 3rd,4612,74,2021-10-21,0,2021,341288,10
Ultimate Admiral: Dreadnoughts,4091,62,2023-01-25,0,2023,253642,1
Iron Harvest,5898,75,2020-08-31,0,2020,442350,8
Squeakross: Home Squeak Home,1271,98,2025-06-07,0,2025,124558,6
Tower Networking Inc.,171,96,2025-07-30,0,2025,16416,7
Turing Complete,2530,94,2021-10-02,0,2021,237820,10
ORDER 13,971,88,2025-03-10,0,2025,85448,3
Genokids,136,100,2025-10-02,0,2025,13600,10
Arken Age,471,90,2025-01-16,0,2025,42390,1
ABZU,9526,93,2016-08-02,0,2016,885918,8
Metro Gravity,470,94,2025-06-19,0,2025,44180,6
Junji Ito Maniac: An Infinite Gaol,425,79,2025-11-11,0,2025,33575,11
Scorn,5942,75,2022-10-14,0,2022,445650,10
The Operator,2888,90,2024-07-22,0,2024,259920,7
Carmen Sandiego,59,69,2025-03-03,0,2025,4071,3
Idle Slayer,3735,79,2020-12-21,0,2020,295065,12
Ghost Watchers,3029,82,2025-07-24,0,2025,248378,7
Mindustry,8792,95,2019-09-26,0,2019,835240,9
Clue/Cluedo: Classic Edition,2037,87,2018-05-17,0,2018,177219,5
The Surge 2,3002,81,2019-09-23,0,2019,243162,9
SpongeBob SquarePants: The Cosmic Shake,1421,91,2023-01-31,0,2023,129311,1
Station to Station,1132,89,2023-10-03,0,2023,100748,10
Crown and Adventure,1286,61,2025-10-22,0,2025,78446,10
Used Cars Simulator,660,75,2025-04-09,0,2025,49500,4
The House of Tesla,446,58,2025-09-23,0,2025,25868,9
Farming Simulator 19,23848,93,2018-11-19,0,2018,2217864,11
Penny’s Big Breakaway,917,79,2024-02-21,0,2024,72443,2
Darkwater,611,80,2025-04-22,0,2025,48880,4
Clue/Cluedo,364,90,2023-08-23,0,2023,32760,8
STAR WARS™ - The Force Unleashed™ Ultimate Sith Edition,5007,74,2009-12-15,0,2009,370518,12
Bloodstained: Ritual of the Night,10792,93,2019-06-18,0,2019,1003656,6
Stray Gods: The Roleplaying Musical,1817,95,2023-08-09,0,2023,172615,8
Mech Havoc,237,97,2025-10-27,0,2025,22989,10
Day of Dragons,4196,68,2019-12-04,0,2019,285328,12
Spilled!,2408,94,2025-03-26,0,2025,226352,3
AFTERBLAST,17,64,2025-11-26,0,2025,1088,11
As We Descend,723,86,2025-05-28,0,2025,62178,5
Instruments of Destruction,1345,91,2024-05-10,0,2024,122395,5
The Stanley Parable,28036,92,2013-10-17,0,2013,2579312,10
Wizard with a Gun,1678,82,2023-10-17,0,2023,137596,10
BattleBit Remastered,77853,82,2023-06-15,0,2023,6383946,6
Fights in Tight Spaces,2284,92,2021-12-02,0,2021,210128,12
Counter-Strike Nexon,15152,59,2014-10-07,0,2014,893968,10
Girls' Frontline,417,82,2025-11-18,0,2025,34194,11
Relic Guardian - Tower Defense,390,95,2025-10-22,0,2025,37050,10
Fate/EXTELLA,869,91,2017-07-25,0,2017,79079,7
Gedonia 2,647,81,2025-04-09,0,2025,52407,4
Kynseed,2368,82,2022-12-06,0,2022,194176,12
Wargame: Red Dragon,7983,87,2014-04-17,0,2014,694521,4
Who's at the door?,1190,90,2025-07-18,0,2025,107100,7
Ultimate General: Civil War,5416,88,2017-07-14,0,2017,476608,7
We Were Here Too,3402,78,2018-02-02,0,2018,265356,2
Into the Radius VR,7508,94,2020-07-20,0,2020,705752,7
Hello Neighbor 2,1181,76,2022-12-06,0,2022,89756,12
Rail Route,1013,87,2024-02-22,0,2024,88131,2
CHRONO CROSS: THE RADICAL DREAMERS EDITION,1969,62,2022-04-07,0,2022,122078,4
DSS 2: War Industry,98,88,2025-10-28,0,2025,8624,10
Tiny Terraces,250,92,2025-07-31,0,2025,23000,7
EA SPORTS™ Madden NFL 25,4046,54,2024-08-15,0,2024,218484,8
The Invincible,2713,87,2023-11-06,0,2023,236031,11
007 First Light,,,2026-03-27,0,2026,,3
Shadow Empire,1138,85,2020-12-03,0,2020,96730,12
Ultra Street Fighter® IV,4997,89,2014-08-07,0,2014,444733,8
Fire Pro Wrestling World,2417,91,2017-12-18,0,2017,219947,12
SUPERHOT VR,5665,80,2017-05-25,0,2017,453200,5
Dead Rising 3 Apocalypse Edition,5732,75,2014-09-05,0,2014,429900,9
Swords and Sandals 3 Redux,130,91,2025-11-11,0,2025,11830,11
Leaf Blower Revolution - Idle Game,22176,94,2020-12-04,0,2020,2084544,12
Synergy,580,80,2025-04-16,0,2025,46400,4
Final Fantasy IV (3D Remake),1654,84,2014-09-17,0,2014,138936,9
Project: Gorgon,2160,85,2018-03-12,0,2018,183600,3
Outworld Station,414,89,2025-04-22,0,2025,36846,4
Urban Myth Dissolution Center,456,89,2025-02-12,0,2025,40584,2
Battlefield™ V,33580,70,2020-10-22,0,2020,2350600,10
SOUTH PARK: SNOW DAY!,2236,49,2024-03-26,0,2024,109564,3
Dreamcore,1120,87,2025-01-23,0,2025,97440,1
S.T.A.L.K.E.R.: Shadow of Chornobyl - Enhanced Edition,1495,57,2025-05-20,0,2025,85215,5
Let's School,1688,95,2023-07-26,0,2023,160360,7
FULL METAL SCHOOLGIRL,121,66,2025-10-23,0,2025,7986,10
Joe Danger 2: The Movie,89,82,2013-06-24,0,2013,7298,6
LEGO® Jurassic World,3252,89,2015-06-11,0,2015,289428,6
NOBUNAGA'S AMBITION: Awakening,2152,74,2022-07-20,0,2022,159248,7
Cossacks 3,3182,77,2016-09-20,0,2016,245014,9
Metal Bringer,967,88,2025-03-11,0,2025,85096,3
Angry Video Game Nerd 8-bit,74,83,2025-10-22,0,2025,6142,10
Slasher's Keep,1597,82,2020-11-19,0,2020,130954,11
The Exit 8,4241,94,2023-11-29,0,2023,398654,11
Dementium: The Ward,193,91,2025-10-27,0,2025,17563,10
The Song of Saya,2198,88,2019-08-12,0,2019,193424,8
TRYP FPV: Drone Racer Simulator,1089,85,2022-06-30,0,2022,92565,6
Turmoil,5092,92,2016-06-02,0,2016,468464,6
Command & Conquer™ 3: Kane’s Wrath,2562,94,,0,,240828,
Cosmoteer: Starship Architect & Commander,7167,94,2022-10-24,0,2022,673698,10
Atelier Sophie: The Alchemist of the Mysterious Book DX,874,90,2021-04-21,0,2021,78660,4
Menace from the Deep,1924,83,2024-11-11,0,2024,159692,11
EARTH DEFENSE FORCE 4.1 The Shadow of New Despair,5773,96,2016-07-18,0,2016,554208,7
Pipistrello and the Cursed Yoyo,725,98,2025-05-28,0,2025,71050,5
We Love Katamari REROLL+ Royal Reverie,1933,95,2023-06-01,0,2023,183635,6
Assassin's Creed® Revelations,5956,81,2011-11-29,0,2011,482436,11
A Difficult Game About Climbing,3036,88,2024-03-06,0,2024,267168,3
Blade & Soul NEO,867,40,2025-06-04,0,2025,34680,6
Imperator: Rome,12369,67,2019-04-25,0,2019,828723,4
Software Inc.,5343,94,2015-05-01,0,2015,502242,5
The Witcher: Enhanced Edition Director's Cut,19311,85,2008-09-19,0,2008,1641435,9
SAS: Zombie Assault 4,4902,85,2017-10-16,0,2017,416670,10
The Dark Pictures Anthology: Man of Medan,3266,74,2019-08-29,0,2019,241684,8
AMID EVIL,5272,94,2019-06-20,0,2019,495568,6
Papa's Pizzeria Deluxe,2042,98,2024-11-19,0,2024,200116,11
RollerCoaster Tycoon®: Deluxe,5282,94,2014-05-21,0,2014,496508,5
The Last Faith,1426,82,2023-11-15,0,2023,116932,11
Tank Squad,533,70,2025-05-08,0,2025,37310,5
At Dead Of Night,1847,93,2020-11-19,0,2020,171771,11
Chillquarium,4880,94,2023-09-06,0,2023,458720,9
Idol Party 2 - Love Vibe,181,66,2025-10-22,0,2025,11946,10
TRON: Catalyst,83,72,2025-06-17,0,2025,5976,6
Bus Flipper: Renovator Simulator,387,79,2025-07-31,0,2025,30573,7
OMSI 2: Steam Edition,2284,81,2013-12-11,0,2013,185004,12
Ambrosia Sky: Act One,126,92,2025-11-10,0,2025,11592,11
Rising Storm 2: Vietnam,26338,89,2017-05-30,0,2017,2344082,5
The Sapling,1615,90,2019-12-12,0,2019,145350,12
Hotel Architect,627,93,2025-05-20,0,2025,58311,5
The Salesman,459,85,2025-11-13,0,2025,39015,11
Call to Arms,8409,80,2015-07-30,0,2015,672720,7
"Warhammer 40,000: Speed Freeks",284,85,2025-05-22,0,2025,24140,5
Sir Whoopass™: Immortal Death,1272,83,2022-08-18,0,2022,105576,8
Poker Championship,1958,78,2019-09-25,0,2019,152724,9
Skin Deep,1297,94,2025-04-30,0,2025,121918,4
ISLANDERS: New Shores,758,96,2025-07-10,0,2025,72768,7
Immortals of Aveum™,1572,73,2023-08-21,0,2023,114756,8
Renown,1033,60,2025-09-22,0,2025,61980,9
WILD HEARTS™,3906,56,2023-02-16,0,2023,218736,2
Funguys Swarm,633,96,2025-08-21,0,2025,60768,8
TerraScape,1833,89,2024-07-17,0,2024,163137,7
Citizen Sleeper,5713,93,2022-05-05,0,2022,531309,5
DRAMAtical Murder,1748,95,2021-04-06,0,2021,166060,4
VRC PRO,864,87,2015-03-24,0,2015,75168,3
We Were Here Expeditions: The FriendShip,1119,85,2023-09-14,0,2023,95115,9
The Lightkeeper,551,83,2025-09-07,0,2025,45733,9
Beyond the Map,471,77,2025-08-25,0,2025,36267,8
Command & Conquer 3 Tiberium Wars™,4177,88,2007-03-28,0,2007,367576,3
Dishonored - Definitive Edition,,,2013-10-07,0,2013,,10
GUN™,1938,92,2006-10-13,0,2006,178296,10
"Warhammer 40,000: Dawn of War III",7524,47,2017-04-27,0,2017,353628,4
Amazing Cultivation Simulator,1769,91,2020-11-24,0,2020,160979,11
There Is No Game: Wrong Dimension,9040,97,2020-08-06,0,2020,876880,8
The Thaumaturge,1335,82,2024-03-04,0,2024,109470,3
Neva,3124,94,2024-10-15,0,2024,293656,10
POSTAL: Brain Damaged,4783,95,2022-06-09,0,2022,454385,6
Emberward,2154,97,2024-06-25,0,2024,208938,6
No More Room in Hell 2,4686,63,2024-10-22,0,2024,295218,10
FIGHTING EX LAYER,760,84,2018-11-29,0,2018,63840,11
After Inc: Revival,917,79,2025-06-17,0,2025,72443,6
The Anomaly Project,400,81,2024-11-21,0,2024,32400,11
100% Orange Juice,8578,94,2014-05-16,0,2014,806332,5
Worms Rumble,1658,61,2020-12-01,0,2020,101138,12
Caribbean Legend,899,73,2024-02-15,0,2024,65627,2
Destroy All Humans!,6336,93,2020-07-28,0,2020,589248,7
Granny: Escape Together,964,81,2024-12-06,0,2024,78084,12
STAR WARS™: Bounty Hunter™,993,84,2024-07-31,0,2024,83412,7
Into The Grid,117,88,2025-11-10,0,2025,10296,11
Bad North: Jotunn Edition,5099,93,2018-11-16,0,2018,474207,11
River City Girls,1174,83,2019-09-05,0,2019,97442,9
Roadwarden,3480,95,2022-09-12,0,2022,330600,9
Tormented Souls,2328,89,2021-08-26,0,2021,207192,8
Yet Another Zombie Survivors,4139,93,2023-07-13,0,2023,384927,7
Clicker Heroes,28403,88,2015-05-13,0,2015,2499464,5
Zoo 2: Animal Park,1571,77,2020-08-24,0,2020,120967,8
Death's Door,9980,93,2021-07-20,0,2021,928140,7
Galaxy Idle Clicker,1014,74,2025-08-06,0,2025,75036,8
Cat Quest III,1050,95,2024-08-08,0,2024,99750,8
Lost But Found,1883,73,2024-11-25,0,2024,137459,11
Make Way,1202,92,2023-12-04,0,2023,110584,12
Command & Conquer™ Red Alert™ 3,5475,83,2009-01-08,0,2009,454425,1
Earthion,398,95,2025-07-31,0,2025,37810,7
Star Trek: Resurgence,1967,89,2024-05-23,0,2024,175063,5
Railway Empire,3700,80,2018-01-26,0,2018,296000,1
Paddle Paddle Paddle,778,87,2025-07-25,0,2025,67686,7
Best Served Cold,379,89,2025-05-05,0,2025,33731,5
Unrailed!,4509,94,2020-09-23,0,2020,423846,9
"Warhammer 40,000: Warpforge",1531,50,2024-10-03,0,2024,76550,10
STAR WARS™ Battlefront,2465,80,2020-06-11,0,2020,197200,6
Rising Front,2588,89,2023-01-14,0,2023,230332,1
G String,1069,83,2020-10-16,0,2020,88727,10
Utawarerumono: Prelude to the Fallen,1232,93,2021-01-22,0,2021,114576,1
Suck Up!,64,67,2025-10-01,0,2025,4288,10
Tree of Savior (English Ver.),10347,58,2016-03-28,0,2016,600126,3
The Horde Wants You Dead,173,55,2025-10-27,0,2025,9515,10
Bendy and the Dark Revival,7032,92,2022-11-15,0,2022,646944,11
Assassin’s Creed® Rogue,6943,85,2015-03-09,0,2015,590155,3
Öoo,1024,99,2025-08-07,0,2025,101376,8
Monster Sanctuary,4750,93,2020-12-08,0,2020,441750,12
Torchlight II,17225,93,2012-09-20,0,2012,1601925,9
Slyders,40,92,2025-11-24,0,2025,3680,11
Far Cry® 2,9015,78,2008-10-22,0,2008,703170,10
Pih,555,95,2024-08-04,0,2024,52725,8
Donut County,6247,90,2018-08-28,0,2018,562230,8
Armored Warfare,2447,61,2017-11-17,0,2017,149267,11
EverQuest,2288,80,2012-12-13,0,2012,183040,12
Tom Clancy's Splinter Cell Chaos Theory®,3493,92,2009-08-27,0,2009,321356,8
Refate: Echoes of Desire,626,92,2025-10-22,0,2025,57592,10
KinitoPET,8348,93,2024-01-09,0,2024,776364,1
Lost in Random: The Eternal Die,558,85,2025-06-17,0,2025,47430,6
Cryptmaster,1599,94,2024-05-09,0,2024,150306,5
Shadows Over Loathing,2777,96,2022-11-11,0,2022,266592,11
DOOM 64,4665,93,2020-03-19,0,2020,433845,3
Ys VIII: Lacrimosa of DANA,2179,92,2018-04-16,0,2018,200468,4
Vagrus - The Riven Realms,1417,85,2021-10-05,0,2021,120445,10
The August Before,91,98,2025-11-17,0,2025,8918,11
STEINS;GATE,4831,95,2016-09-08,0,2016,458945,9
Arctic Awakening,195,87,2025-09-18,0,2025,16965,9
The Pathless,1694,91,2021-11-16,0,2021,154154,11
Minds Beneath Us,704,95,2024-07-31,0,2024,66880,7
Omelet You Cook,547,99,2025-06-07,0,2025,54153,6
The Chef's Shift,689,97,2025-03-31,0,2025,66833,3
Inn Tycoon,591,77,2025-11-07,0,2025,45507,11
Snoopy & The Great Mystery Club,21,95,2025-10-10,0,2025,1995,10
Ancient Dungeon,1446,95,2021-11-03,0,2021,137370,11
Car Mechanic Simulator 2018,21491,90,2017-07-28,0,2017,1934190,7
Refind Self: The Personality Test Game,1234,91,2023-11-13,0,2023,112294,11
Wild Woods,1143,80,2024-12-09,0,2024,91440,12
Every Day We Fight,299,76,2025-07-10,0,2025,22724,7
The Past Within,3622,94,2022-11-02,0,2022,340468,11
RealFlight Trainer Edition,294,84,2020-08-13,0,2020,24696,8
RAILGRADE,1057,84,2023-10-13,0,2023,88788,10
Astrometica,1353,84,2024-12-10,0,2024,113652,12
A Quiet Place: The Road Ahead,1889,75,2024-10-17,0,2024,141675,10
Double Dragon Revive,108,62,2025-10-22,0,2025,6696,10
Wylde Flowers,1541,96,2022-09-20,0,2022,147936,9
Legend of Heroes: Three Kingdoms,5722,89,2025-03-25,0,2025,509258,3
Anno 2205™,2923,69,2015-11-02,0,2015,201687,11
Watch Dogs®: Legion,4240,58,2023-01-26,0,2023,245920,1
STAR WARS Jedi: Fallen Order Deluxe Edition,78930,88,2019-11-14,0,2019,6945840,11
Incredibox,2551,97,2021-04-30,0,2021,247447,4
Deceive Inc.,3647,85,2023-03-21,0,2023,309995,3
Worms Ultimate Mayhem,1565,86,2011-09-28,0,2011,134590,9
Deceit 2,2715,64,2023-09-14,0,2023,173760,9
MycoRelic,93,91,2025-09-24,0,2025,8463,9
Liquor Store Simulator,339,88,2025-05-02,0,2025,29832,5
Saints Row,2667,60,2023-08-24,0,2023,160020,8
Bum: Revenge,212,64,2025-07-30,0,2025,13568,7
Valkyria Chronicles™,7103,89,2014-11-11,0,2014,632167,11
Rolling Line,1959,96,2018-04-27,0,2018,188064,4
Webbed,6904,97,2021-09-09,0,2021,669688,9
ROMANCE OF THE THREE KINGDOMS XIV,650,63,2020-01-15,0,2020,40950,1
Just Cause 2,18726,91,2010-03-23,0,2010,1704066,3
Drug Dealer Simulator 2,2700,66,2024-06-20,0,2024,178200,6
Terminator: Resistance,9171,91,2019-11-14,0,2019,834561,11
GIGASWORD,49,79,2025-11-13,0,2025,3871,11
WRC 10 FIA World Rally Championship,1820,72,2021-09-02,0,2021,131040,9
Deadside,15799,76,2024-12-05,0,2024,1200724,12
LEGO® Pirates of the Caribbean: The Video Game,1531,87,2014-10-06,0,2014,133197,10
N++ (NPLUSPLUS),2212,95,2016-08-25,0,2016,210140,8
Banker Simulator,395,64,2025-09-22,0,2025,25280,9
Sonic Forces,3763,55,2017-11-07,0,2017,206965,11
Poly Bridge,5908,89,2016-07-12,0,2016,525812,7
Resident Evil Revelations 2,6137,75,2015-02-24,0,2015,460275,2
Blood: Refreshed Supply™,,,2025-12-04,0,2025,,12
DEATH NOTE Killer Within,1259,87,2024-11-05,0,2024,109533,11
The Last Stand: Aftermath,2300,81,2021-11-16,0,2021,186300,11
Puyo Puyo™ Tetris® 2,1118,89,2021-03-23,0,2021,99502,3
Oddsparks: An Automation Adventure,1684,83,2025-05-27,0,2025,139772,5
Insaniquarium Deluxe,4456,97,2006-08-30,0,2006,432232,8
Stone Simulator – Just Be a Rock,763,94,2025-08-19,0,2025,71722,8
Mark of the Ninja: Remastered,2544,96,2018-10-09,0,2018,244224,10
DRAGON QUEST TREASURES,232,76,2023-07-14,0,2023,17632,7
DREADZONE,1012,51,2025-07-17,0,2025,51612,7
Mass Effect™ 3 N7 Digital Deluxe Edition (2012),1333,72,2020-06-11,0,2020,95976,6
Metro 2033 Redux,25651,87,2014-08-25,0,2014,2231637,8
WARRIORS OROCHI 3 Ultimate Definitive Edition,1994,89,2022-07-12,0,2022,177466,7
Pinball FX3,3103,86,2017-09-26,0,2017,266858,9
Lethal League Blaze,3966,97,2018-10-24,0,2018,384702,10
SENRAN KAGURA Peach Ball,736,87,2019-08-14,0,2019,64032,8
Age of Empires II (Retired),36424,95,2013-04-09,0,2013,3460280,4
LET IT DIE,2955,76,2018-09-26,0,2018,224580,9
Operation: Tango,2098,91,2021-06-01,0,2021,190918,6
Kabuto Park,2089,99,2025-05-28,0,2025,206811,5
West of Loathing,8414,98,2017-08-10,0,2017,824572,8
SaGa Frontier 2 Remastered,306,94,2025-03-27,0,2025,28764,3
Sensei! I Like You So Much!,1100,88,2025-08-05,0,2025,96800,8
Sonic Lost World,2333,59,2015-11-02,0,2015,137647,11
HYPERCHARGE: Unboxed,3021,91,2020-04-27,0,2020,274911,4
Planescape: Torment: Enhanced Edition,2577,94,2017-04-11,0,2017,242238,4
Rotwood,2027,92,2024-04-24,0,2024,186484,4
Burnout™ Paradise Remastered,3783,61,2020-06-04,0,2020,230763,6
Kill The Crows,1464,95,2023-08-20,0,2023,139080,8
BloodRayne 2: Terminal Cut,883,78,2020-11-20,0,2020,68874,11
Cat Goes Fishing,6878,94,2015-01-19,0,2015,646532,1
Bounty Star,125,64,2025-10-23,0,2025,8000,10
Sniper Elite V2 Remastered,1260,76,2019-05-13,0,2019,95760,5
Little Goody Two Shoes,1804,95,2023-11-07,0,2023,171380,11
Megaquarium,2209,95,2018-09-13,0,2018,209855,9
Bloomtown: A Different Story,1118,85,2024-09-24,0,2024,95030,9
Tank Force: Online Shooter Game,872,65,2017-10-23,0,2017,56680,10
Forgive Me Father 2,1091,85,2024-10-24,0,2024,92735,10
The Casting of Frank Stone™,2563,64,2024-09-03,0,2024,164032,9
Of Life and Land,248,82,2025-05-16,0,2025,20336,5
Might & Magic® Heroes® VII,2520,52,2015-09-29,0,2015,131040,9
Survival Machine,515,73,2025-05-07,0,2025,37595,5
Spaceflight Simulator,4122,96,2022-02-17,0,2022,395712,2
The Walking Dead: The Final Season,6099,93,2018-08-13,0,2018,567207,8
Die For The Lich,116,86,2025-11-10,0,2025,9976,11
Store Wars: Multiplayer Shop Simulator,77,94,2025-11-10,0,2025,7238,11
BOKURA,4256,95,2023-08-09,0,2023,404320,8
Zaccaria Pinball,1961,81,2025-10-16,0,2025,158841,10
Shantae: Half-Genie Hero Ultimate Edition,829,91,2018-05-08,0,2018,75439,5
King Arthur: Knight's Tale,3170,84,2022-04-26,0,2022,266280,4
Sniper Elite 3,6881,78,2014-06-27,0,2014,536718,6
Dishonored: Death of the Outsider - Deluxe Bundle,,,2017-09-14,0,2017,,9
Beyond Good & Evil - 20th Anniversary Edition,1195,80,2024-06-24,0,2024,95600,6
TOGETHER BnB,444,55,2021-04-09,0,2021,24420,4
AdventureQuest 3D,6692,80,2022-10-28,0,2022,535360,10
RENNSPORT,1120,43,2025-11-10,0,2025,48160,11
Solar Ash,1211,90,2022-12-08,0,2022,108990,12
Sins of a Solar Empire®: Rebellion,7255,94,2012-06-12,0,2012,681970,6
Midnight Murder Club,256,70,2025-08-14,0,2025,17920,8
The Dark Pictures Anthology: Little Hope,2745,70,2020-10-29,0,2020,192150,10
Tom Clancy's Splinter Cell®,2120,87,2008-04-01,0,2008,184440,4
DYSMANTLE,4715,90,2021-11-16,0,2021,424350,11
Garden of Witches,1103,94,2025-05-23,0,2025,103682,5
The Cosmic Wheel Sisterhood,2523,94,2023-08-16,0,2023,237162,8
FAIRY TAIL,1482,74,2020-07-29,0,2020,109668,7
"Your Big, Cute Monster Farm",450,81,2025-11-10,0,2025,36450,11
Need for Speed™ Rivals,3245,75,2020-06-04,0,2020,243375,6
Ion Fury,4292,93,2019-08-15,0,2019,399156,8
Doloc Town,1336,94,2025-05-07,0,2025,125584,5
I'm on Observation Duty 7,343,95,2024-10-22,0,2024,32585,10
Katanaut,217,91,2025-09-10,0,2025,19747,9
Monster Care Simulator,520,94,2025-09-16,0,2025,48880,9
Legacy: Steel & Sorcery,3037,71,2025-02-12,0,2025,215627,2
Command: Modern Operations,1320,84,2019-11-14,0,2019,110880,11
Planet Centauri,926,73,2024-12-12,0,2024,67598,12
Sherlock Holmes: Crimes and Punishments,2195,89,2014-09-29,0,2014,195355,9
Final Fantasy III (3D Remake),1632,80,2014-05-27,0,2014,130560,5
UnderMine 2,600,73,2025-07-22,0,2025,43800,7
NoLimits 2 Roller Coaster Simulation,1459,96,2014-08-21,0,2014,140064,8
Town of Salem 2,7392,71,2023-08-25,0,2023,524832,8
Dice Gambit,785,86,2025-08-14,0,2025,67510,8
Minami Lane,4003,98,2024-02-28,0,2024,392294,2
BERSERK and the Band of the Hawk,1943,82,2017-02-21,0,2017,159326,2
Fretless - The Wrath of Riffson,1059,98,2025-07-17,0,2025,103782,7
Bomber Crew,6380,88,2017-10-19,0,2017,561440,10
Serious Sam 4,4918,82,2020-09-24,0,2020,403276,9
Squad 44,11602,79,2018-08-09,0,2018,916558,8
Psychonauts,8535,95,2006-10-11,0,2006,810825,10
Static Dread: The Lighthouse,928,91,2025-08-06,0,2025,84448,8
Following Seas,39,74,2025-11-21,0,2025,2886,11
Skydance's BEHEMOTH,871,74,2024-12-05,0,2024,64454,12
SUPERHOT: MIND CONTROL DELETE,5396,84,2020-07-16,0,2020,453264,7
Minishoot' Adventures,3265,98,2024-04-02,0,2024,319970,4
Quake II,5259,94,2007-08-03,0,2007,494346,8
Cold Waters,3420,87,2017-06-05,0,2017,297540,6
Exoprimal,1720,79,2023-07-13,0,2023,135880,7
Loop Hero,15650,91,2021-03-04,0,2021,1424150,3
Wall World,3477,89,2023-04-05,0,2023,309453,4
Rogue: Genesia,3766,93,2025-03-07,0,2025,350238,3
Opus Magnum,2980,97,2017-12-07,0,2017,289060,12
Hero's Hour,2374,81,2022-03-01,0,2022,192294,3
Spirit of the North,2256,83,2020-05-07,0,2020,187248,5
Kebab Chefs! - Restaurant Simulator,1378,80,2024-01-19,0,2024,110240,1
Hatred,9219,81,2015-06-01,0,2015,746739,6
LEGO® STAR WARS™: The Force Awakens,2049,78,2016-06-27,0,2016,159822,6
Shard Squad,280,83,2025-11-10,0,2025,23240,11
Colony Survival,5687,91,2017-06-16,0,2017,517517,6
Rana Card,924,90,2025-09-15,0,2025,83160,9
Craftopia,7306,80,2020-09-04,0,2020,584480,9
Astro Colony,1205,82,2022-11-07,0,2022,98810,11
Circuit Superstars,1278,85,2023-10-31,0,2023,108630,10
Milk outside a bag of milk outside a bag of milk,7368,97,2021-12-16,0,2021,714696,12
FINAL FANTASY® XI: Ultimate Collection Seekers Edition,358,89,2013-04-19,0,2013,31862,4
Passant: A Chess Roguelike,273,81,2025-08-11,0,2025,22113,8
Monster Prom,8907,95,2018-04-27,0,2018,846165,4
Hollowbody,1358,86,2024-09-12,0,2024,116788,9
SOVL: Fantasy Warfare,1806,87,2023-06-29,0,2023,157122,6
Deliver At All Costs,224,74,2025-05-22,0,2025,16576,5
Amnesia: The Dark Descent,12483,95,2010-09-08,0,2010,1185885,9
Senren＊Banka,809,95,2020-02-14,0,2020,76855,2
MOBILE SUIT GUNDAM BATTLE OPERATION 2,6544,34,2023-05-30,0,2023,222496,5
Westland Survival,297,62,2025-09-24,0,2025,18414,9
Ultimate Admiral: Age of Sail,1904,78,2021-04-07,0,2021,148512,4
Command & Conquer™ Generals,1660,87,2024-03-07,0,2024,144420,3
PULSAR: Lost Colony,3695,89,2021-06-22,0,2021,328855,6
SPORE™ Creepy & Cute Parts Pack,1937,88,2008-12-19,0,2008,170456,12
NEBULOUS: Fleet Command,2986,82,2022-02-11,0,2022,244852,2
Ships At Sea,1330,65,2024-05-23,0,2024,86450,5
Armello,5392,83,2015-09-01,0,2015,447536,9
Sid Meier's Pirates!,4467,94,2005-07-11,0,2005,419898,7
Wanderer: The Fragments of Fate,78,71,2025-10-23,0,2025,5538,10
Command & Conquer™ Generals Zero Hour,2923,91,2024-03-07,0,2024,265993,3
Command & Conquer™ Tiberian Sun™ and Firestorm™,1072,89,2024-03-07,0,2024,95408,3
Command & Conquer Renegade™,717,84,2024-03-07,0,2024,60228,3
"Command & Conquer Red Alert™, Counterstrike™ and The Aftermath™",317,81,2024-03-07,0,2024,25677,3
DUCKSIDE,1224,73,2024-09-25,0,2024,89352,9
Rogue Legacy 2,7526,91,2022-04-28,0,2022,684866,4
Chicory: A Colorful Tale,2126,97,2021-06-10,0,2021,206222,6
Mighty Morphin Power Rangers: Rita's Rewind,612,61,2024-12-10,0,2024,37332,12
Command & Conquer Red Alert™ 2 and Yuri’s Revenge™,3560,95,2024-03-07,0,2024,338200,3
Radiolight,171,92,2025-10-23,0,2025,15732,10
F.E.A.R.,7597,93,2010-05-21,0,2010,706521,5
Wasteland 2: Director's Cut,3116,81,2014-09-18,0,2014,252396,9
Doomsday: Last Survivors,769,66,2023-06-25,0,2023,50754,6
Soulash 2,1763,84,2023-12-04,0,2023,148092,12
GORN 2,498,86,2025-04-17,0,2025,42828,4
Promise Mascot Agency,1845,96,2025-04-10,0,2025,177120,4
My Friendly Neighborhood,2004,96,2023-07-18,0,2023,192384,7
The NOexistenceN of you AND me,3557,96,2024-12-15,0,2024,341472,12
Duke Nukem 3D: 20th Anniversary World Tour,3003,80,2016-10-11,0,2016,240240,10
Islands & Trains,406,90,2025-05-29,0,2025,36540,5
Summer Pockets REFLECTION BLUE,733,83,2025-06-27,0,2025,60839,6
Expeditions: Rome,2813,87,2022-01-20,0,2022,244731,1
War on the Sea,2217,76,2021-02-02,0,2021,168492,2
Resident Evil Revelations,3592,76,2013-05-20,0,2013,272992,5
Streets of Rogue,8189,96,2019-07-12,0,2019,786144,7
Clone Drone in the Hyperdome,867,91,2024-12-12,0,2024,78897,12
The Survivalists,2907,76,2020-10-09,0,2020,220932,10
Fractal Block World,934,98,2021-10-18,0,2021,91532,10
Monster Prom 3: Monster Roadtrip,2399,98,2022-10-21,0,2022,235102,10
RAGE 2,7039,64,2019-05-13,0,2019,450496,5
Holder of Place,26,96,2025-11-26,0,2025,2496,11
Blackjack 21: Blackjackist,462,74,2025-04-29,0,2025,34188,4
Twelve Minutes,3399,68,2021-08-19,0,2021,231132,8
TROUBLESHOOTER: Abandoned Children,3218,93,2020-04-23,0,2020,299274,4
Lunar Eclipse,427,81,2025-06-04,0,2025,34587,6
"Warhammer 40,000: Dawn of War - Anniversary Edition",5395,94,2007-08-07,0,2007,507130,8
Selaco,3824,93,2024-05-31,0,2024,355632,5
LAST CLOUDIA,955,81,2021-08-30,0,2021,77355,8
Primal Carnage: Extinction,4852,84,2015-04-03,0,2015,407568,4
Cat Cafe Manager,1465,88,2022-04-14,0,2022,128920,4
Heartworm,368,88,2025-07-31,0,2025,32384,7
City of Gangsters,1266,73,2021-08-09,0,2021,92418,8
Quiplash,966,93,2015-06-30,0,2015,89838,6
AI2U: With You 'Til The End,889,90,2025-01-23,0,2025,80010,1
Zuma Deluxe,2364,95,2006-08-30,0,2006,224580,8
Star Trek™: Bridge Crew,2018,75,2017-05-30,0,2017,151350,5
Supraland,4686,95,2019-04-05,0,2019,445170,4
Kentum,105,72,2025-11-06,0,2025,7560,11
Dead Rising® 2,3358,77,2010-09-27,0,2010,258566,9
That Which Gave Chase,743,91,2023-06-23,0,2023,67613,6
Onigiri,1200,71,2019-03-28,0,2019,85200,3
Duck Detective: The Secret Salami,4371,95,2024-05-23,0,2024,415245,5
Heartspell: Horizon Academy,32,96,2025-11-21,0,2025,3072,11
Quake III Arena,1952,95,2007-08-03,0,2007,185440,8
Ostranauts,1898,79,2020-09-10,0,2020,149942,9
The Battle of Polytopia,3036,95,2020-08-04,0,2020,288420,8
Arctic Eggs,3187,96,2024-05-16,0,2024,305952,5
Kindergarten,7208,97,2017-06-15,0,2017,699176,6
Banished,25408,89,2014-02-18,0,2014,2261312,2
Kingdoms Reborn,4309,90,2020-11-02,0,2020,387810,11
暖雪 Warm Snow,1268,94,2022-01-18,0,2022,119192,1
Empire of the Ants,797,72,2024-11-06,0,2024,57384,11
The Binding of Isaac,23001,94,2011-09-28,0,2011,2162094,9
Fish to Dish: Idle Sushi,1289,96,2025-06-16,0,2025,123744,6
The Talos Principle,16741,95,2014-12-11,0,2014,1590395,12
Tyranny,6180,86,2016-11-10,0,2016,531480,11
Shady Knight,776,93,2024-10-09,0,2024,72168,10
Worshippers of Cthulhu,1168,82,2025-05-22,0,2025,95776,5
Tricky Towers,2320,89,2016-08-02,0,2016,206480,8
Metro: Last Light Redux,18601,87,2014-08-25,0,2014,1618287,8
HENPRI,2956,96,2025-03-03,0,2025,283776,3
AWAKEN - Astral Blade,941,83,2024-10-22,0,2024,78103,10
I Am Future: Cozy Apocalypse Survival,1911,85,2024-11-13,0,2024,162435,11
Catan Universe,10753,47,2017-04-25,0,2017,505391,4
Vampire Therapist,734,95,2024-07-18,0,2024,69730,7
shapez,7942,96,2020-06-07,0,2020,762432,6
Little Inferno,5349,95,2012-11-19,0,2012,508155,11
Terrifier: The ARTcade Game,29,58,2025-11-21,0,2025,1682,11
Last Group Out,366,80,2022-02-17,0,2022,29280,2
Sudden Strike 4,1555,79,2017-08-11,0,2017,122845,8
The Room 4: Old Sins,8519,98,2021-02-11,0,2021,834862,2
Frontier Hunter: Erza’s Wheel of Fortune,1696,82,2024-07-26,0,2024,139072,7
Peggle™ Nights,2109,96,2008-10-15,0,2008,202464,10
TerraTech Worlds,1808,63,2024-03-22,0,2024,113904,3
112 Operator,2092,89,2020-04-23,0,2020,186188,4
Ritual of Raven,175,90,2025-08-07,0,2025,15750,8
Starcom: Unknown Space,2863,92,2024-09-02,0,2024,263396,9
Fallout 4: Game of the Year Edition,,,2015-11-10,0,2015,,11
BRUTALISTICK VR,731,95,2024-03-31,0,2024,69445,3
Octodad: Dadliest Catch,6042,94,2014-01-30,0,2014,567948,1
Junkyard Simulator,1914,64,2021-10-13,0,2021,122496,10
UNDECEMBER,4882,53,2022-10-11,0,2022,258746,10
LEGO® Star Wars™ III - The Clone Wars™,3910,94,2011-03-22,0,2011,367540,3
Achilles: Survivor,998,81,2025-07-29,0,2025,80838,7
Legend Bowl,885,87,2021-09-02,0,2021,76995,9
Coffee Talk,4463,94,2020-01-29,0,2020,419522,1
Kart Racing Pro,834,88,2017-07-14,0,2017,73392,7
7 Days to End with You,908,86,2022-02-06,0,2022,78088,2
KeyWe,1531,91,2021-08-31,0,2021,139321,8
OverField,380,79,2025-11-08,0,2025,30020,11
Command & Conquer: Red Alert 3 - Uprising,1449,86,2009-10-06,0,2009,124614,10
Empyrion - Galactic Survival,17648,79,2020-08-05,0,2020,1394192,8
Tribes of Midgard,6672,74,2021-07-27,0,2021,493728,7
Boomerang Fu,1584,97,2020-08-13,0,2020,153648,8
Kingdom Rush Vengeance - Tower Defense,1969,91,2020-10-15,0,2020,179179,10
HYPERBEAT,183,99,2025-10-22,0,2025,18117,10
Age Of Warbots,48,77,2025-10-24,0,2025,3696,10
Hellsweeper VR,461,85,2023-09-21,0,2023,39185,9
Volcanoids,4777,85,2019-01-29,0,2019,406045,1
FINAL FANTASY VIII,4641,85,2013-12-05,0,2013,394485,12
A Webbing Journey,851,98,2025-05-19,0,2025,83398,5
Grand Tactician: The Civil War (1861-1865),1895,75,2021-09-24,0,2021,142125,9
Necromunda: Hired Gun,3750,68,2021-05-31,0,2021,255000,5
Unravel,1543,87,2020-06-04,0,2020,134241,6
Far Cry®,4473,77,2008-04-01,0,2008,344421,4
"Yes, Your Grace 2: Snowfall",1108,74,2025-05-08,0,2025,81992,5
Fill Up The Hole,824,90,2025-07-17,0,2025,74160,7
Marbles on Stream,1446,85,2019-11-06,0,2019,122910,11
Identifile: Desktop Dungeon,30,90,2025-11-24,0,2025,2700,11
Bless Unleashed,7359,63,2021-08-06,0,2021,463617,8
X-Plane 11,8614,92,2017-03-30,0,2017,792488,3
Ropuka's Idle Island,1934,95,2025-01-29,0,2025,183730,1
Tom Clancy's Rainbow Six® Vegas 2,3413,84,2008-04-16,0,2008,286692,4
Ghostbusters: The Video Game Remastered,1807,90,2020-11-17,0,2020,162630,11
Let Them Come: Onslaught,127,89,2025-11-11,0,2025,11303,11
DON'T SCREAM,1717,68,2024-10-28,0,2024,116756,10
Kathana,145,66,2025-08-08,0,2025,9570,8
Townscaper,10450,96,2021-08-26,0,2021,1003200,8
Ragnarok Online,1495,67,2013-10-31,0,2013,100165,10
After the Fall®,1480,77,2021-12-09,0,2021,113960,12
Singularity™,2937,91,2010-06-30,0,2010,267267,6
PIT OF GOBLIN,437,87,2024-12-17,0,2024,38019,12
Ys SEVEN,875,92,2017-08-30,0,2017,80500,8
Ys: Memories of Celceta,879,92,2018-07-25,0,2018,80868,7
Simon the Sorcerer Origins,139,85,2025-10-27,0,2025,11815,10
LEGO® City Undercover,3252,90,2017-04-04,0,2017,292680,4
Our Life: Beginnings & Always,11037,98,2020-11-16,0,2020,1081626,11
KAISERPUNK,664,71,2025-03-21,0,2025,47144,3
Ark Nova,555,93,2025-06-20,0,2025,51615,6
City Bus Manager,840,90,2024-06-25,0,2024,75600,6
Pathologic 2,4378,92,2019-05-23,0,2019,402776,5
Fears to Fathom - Carson House,1215,91,2023-01-09,0,2023,110565,1
Fears to Fathom - Norwood Hitchhike,1453,86,2022-01-06,0,2022,124958,1
Saints Row IV: Re-Elected,23220,84,2013-08-19,0,2013,1950480,8
Ys IX: Monstrum Nox,1642,94,2021-07-06,0,2021,154348,7
INDIKA,2090,89,2024-05-02,0,2024,186010,5
POSTAL 4: No Regerts,6434,71,2022-04-20,0,2022,456814,4
Bubsy in: The Purrfect Collection,145,84,2025-09-09,0,2025,12180,9
Siralim Ultimate,1957,93,2021-12-03,0,2021,182001,12
Those Who Rule,784,89,2025-01-27,0,2025,69776,1
The Evil Within 2,5838,90,2017-10-12,0,2017,525420,10
SimCity™ 3000 Unlimited,614,85,2024-03-07,0,2024,52190,3
Mudborne: Frog Management Sim,713,97,2025-03-20,0,2025,69161,3
Fata Deum - The God Sim,370,58,2025-09-15,0,2025,21460,9
Wurm Online,1739,61,2020-07-24,0,2020,106079,7
Shashingo: Learn Japanese with Photography,570,91,2024-02-27,0,2024,51870,2
Ostriv,2648,92,2020-03-19,0,2020,243616,3
One Step From Eden,3668,94,2020-03-26,0,2020,344792,3
Sker Ritual,3884,85,2024-04-18,0,2024,330140,4
STAR OCEAN THE DIVINE FORCE,1620,67,2022-10-27,0,2022,108540,10
BREAK ARTS III,244,84,2025-09-19,0,2025,20496,9
Marble It Up! Ultra,997,93,2018-11-16,0,2018,92721,11
The Typing of The Dead: Overkill,2162,87,2013-10-29,0,2013,188094,10
In Sound Mind,2850,95,2021-09-28,0,2021,270750,9
Time Flies,209,98,2025-07-31,0,2025,20482,7
Pharaoh™: A New Era,2307,75,2023-02-15,0,2023,173025,2
Children of Morta,7179,88,2019-09-03,0,2019,631752,9
Crush the Industry,330,91,2025-04-16,0,2025,30030,4
UnderRail,4698,87,2015-12-18,0,2015,408726,12
AIR,372,99,2025-03-05,0,2025,36828,3
Half-Life: Opposing Force,12498,95,1999-11-01,0,1999,1187310,11
Rebel Inc: Escalation,2368,82,2021-10-13,0,2021,194176,10
Project Unknown,701,82,2025-10-10,0,2025,57482,10
Marisa!ReturnTheBook!,309,93,2025-11-21,0,2025,28737,11
Double Dragon Gaiden: Rise Of The Dragons,1009,86,2023-07-27,0,2023,86774,7
Spindle,177,98,2025-10-13,0,2025,17346,10
Airport CEO,4509,82,2021-03-04,0,2021,369738,3
The Escapists,9303,89,2015-02-13,0,2015,827967,2
Pompeii: The Legacy,125,84,2025-09-23,0,2025,10500,9
FACEMINER,768,90,2025-02-27,0,2025,69120,2
Street Fighter 30th Anniversary Collection,1229,69,2018-05-29,0,2018,84801,5
Hypnospace Outlaw,4064,96,2019-03-12,0,2019,390144,3
Onmyoji,1813,85,2018-04-18,0,2018,154105,4
Breachway,1122,74,2024-09-26,0,2024,83028,9
Returns Outlet Simulator,364,96,2025-08-15,0,2025,34944,8
Joe Danger,142,80,2013-06-24,0,2013,11360,6
Wonderful Everyday Down the Rabbit-Hole,1970,93,2017-08-30,0,2017,183210,8
Horse Racing Manager,53,90,2025-10-24,0,2025,4770,10
Equinox: Homecoming,578,78,2025-05-08,0,2025,45084,5
HOLE,2254,95,2024-11-28,0,2024,214130,11
From Glory To Goo,1145,96,2024-04-02,0,2024,109920,4
Cattails: Wildwood Story,1289,97,2023-10-20,0,2023,125033,10
Car For Sale Simulator 2023,4363,77,2024-11-01,0,2024,335951,11
So to Speak,97,97,2025-03-31,0,2025,9409,3
Luck be a Landlord,5181,94,2023-01-06,0,2023,487014,1
Lakeburg Legacies,1121,70,2023-07-20,0,2023,78470,7
Dominion,1509,86,2024-02-01,0,2024,129774,2
Katamari Damacy REROLL,3700,93,2018-12-06,0,2018,344100,12
Neon Abyss 2,1556,63,2025-07-17,0,2025,98028,7
DAVY x JONES,329,86,2025-08-28,0,2025,28294,8
A Plague Tale: Innocence,20392,93,2019-05-14,0,2019,1896456,5
Hylics 2,2298,97,2020-06-22,0,2020,222906,6
Gladio Mori,601,84,2024-11-26,0,2024,50484,11
Tetris® Forever,236,72,2024-11-12,0,2024,16992,11
DEAD OR ALIVE 5 Last Round: Core Fighters,3432,67,2015-03-30,0,2015,229944,3
OneShot: World Machine Edition,1710,98,2024-09-30,0,2024,167580,9
Abra-Cooking-Dabra,94,80,2025-11-17,0,2025,7520,11
SpeedRunners,9554,94,2016-04-19,0,2016,898076,4
Duskpunk,46,91,2025-11-19,0,2025,4186,11
Coloring Pixels,5651,96,2018-08-17,0,2018,542496,8
Temtem: Swarm,1838,80,2024-11-13,0,2024,147040,11
Wildfrost,5161,91,2023-04-12,0,2023,469651,4
Lake,2237,87,2021-09-01,0,2021,194619,9
Beastieball,1210,98,2024-11-12,0,2024,118580,11
Wilmot Works It Out,577,97,2024-10-23,0,2024,55969,10
5D Chess With Multiverse Time Travel,6289,96,2020-07-22,0,2020,603744,7
Squirreled Away,696,93,2025-03-28,0,2025,64728,3
Shakes and Fidget,6390,84,2016-02-24,0,2016,536760,2
Dagger Directive,417,84,2025-06-03,0,2025,35028,6
Curiosity: A Cat Climbing Game,187,97,2025-10-08,0,2025,18139,10
Miasma Chronicles,1737,79,2023-05-23,0,2023,137223,5
Somber Echoes,169,82,2025-01-21,0,2025,13858,1
Critter Cove,1528,95,2024-09-10,0,2024,145160,9
Shenmue I & II,1998,90,2018-08-21,0,2018,179820,8
Broforce,20248,96,2015-10-15,0,2015,1943808,10
Roman Triumph: Survival City Builder,645,86,2025-09-16,0,2025,55470,9
Brigador: Up-Armored Edition,3768,95,2016-06-02,0,2016,357960,6
Fireworks Mania - An Explosive Simulator,2686,97,2020-12-17,0,2020,260542,12
A Total War Saga: THRONES OF BRITANNIA,6948,69,2018-05-02,0,2018,479412,5
Borderlands 2 Game of the Year,,,2013-10-08,0,2013,,10
Legend of Mana,1065,78,2021-06-24,0,2021,83070,6
DYNASTY WARRIORS 9 Empires,1626,50,2021-12-22,0,2021,81300,12
Cinnabunny,334,96,2025-02-19,0,2025,32064,2
Who's Lila?,1580,95,2022-02-23,0,2022,150100,2
Ithya: Magic Studies,1352,97,2025-05-07,0,2025,131144,5
Urban Jungle,464,91,2025-03-21,0,2025,42224,3
GreedFall II: The Dying World,470,55,2024-09-24,0,2024,25850,9
Tom Clancy’s Rainbow Six® Extraction,1147,70,2023-06-15,0,2023,80290,6
BioShock® 2,5780,87,2016-09-15,0,2016,502860,9
YOU and ME and HER: A Love Story,1815,95,2020-05-25,0,2020,172425,5
UNSIGHTED,1705,92,2021-09-30,0,2021,156860,9
Battle Talent,1017,76,2023-06-01,0,2023,77292,6
Zombie Graveyard Simulator,452,88,2025-06-05,0,2025,39776,6
Moonscars,1060,82,2022-09-27,0,2022,86920,9
Primal Planet,309,90,2025-07-28,0,2025,27810,7
Patrick's Parabox,1971,99,2022-03-29,0,2022,195129,3
Survive the Nights,1832,68,2017-12-21,0,2017,124576,12
Supreme Commander 2,4866,86,2010-03-01,0,2010,418476,3
The House of Da Vinci,2560,82,2017-11-24,0,2017,209920,11
Deer Hunting Camp,64,82,2025-05-30,0,2025,5248,5
Danganronpa Another Episode: Ultra Despair Girls,2863,81,2017-06-27,0,2017,231903,6
Ascension: Deckbuilding Game,1360,88,2014-12-16,0,2014,119680,12
Master Detective Archives: RAIN CODE Plus,1616,80,2024-07-17,0,2024,129280,7
AK-xolotl: Together,967,74,2023-09-14,0,2023,71558,9
BAD END THEATER,3258,98,2021-10-26,0,2021,319284,10
GlitchSPANKR,176,98,2025-10-15,0,2025,17248,10
Lonely Mountains: Snow Riders,544,90,2025-01-21,0,2025,48960,1
Kingdom Eighties,1275,77,2023-06-26,0,2023,98175,6
Kayak VR: Mirage,944,83,2022-07-12,0,2022,78352,7
DIRT 5,1453,56,2020-11-05,0,2020,81368,11
Alice's World,57,84,2025-11-25,0,2025,4788,11
Occupy Mars: The Game,1108,69,2023-05-10,0,2023,76452,5
Majogami,83,95,2025-11-06,0,2025,7885,11
Steel Seed,252,83,2025-04-22,0,2025,20916,4
Command & Conquer™ and The Covert Operations™,354,74,2024-03-07,0,2024,26196,3
One-armed robber,18313,90,2023-12-15,0,2023,1648170,12
Prominence Poker,3847,81,2016-12-12,0,2016,311607,12
ReCharge RC: High Voltage,238,95,2025-07-18,0,2025,22610,7
The Universim,4975,80,2024-01-22,0,2024,398000,1
Eastward,3496,86,2021-09-16,0,2021,300656,9
Gal*Gun 2,626,85,2018-07-20,0,2018,53210,7
Console Shop Simulator,349,92,2025-07-20,0,2025,32108,7
King of Bones,222,88,2025-11-10,0,2025,19536,11
Vacation Simulator,908,92,2019-04-09,0,2019,83536,4
Dead Reset,434,88,2025-09-11,0,2025,38192,9
Disgaea 5 Complete,1661,89,2018-10-22,0,2018,147829,10
SUCCUBUS,1724,79,2021-10-05,0,2021,136196,10
Monument Valley 3,1088,91,2025-07-22,0,2025,99008,7
30XX,1667,91,2023-08-09,0,2023,151697,8
To The Core,3446,93,2023-08-10,0,2023,320478,8
LEGO® Indiana Jones™: The Original Adventures,1626,85,2009-07-08,0,2009,138210,7
FAR: Changing Tides,1862,92,2022-03-01,0,2022,171304,3
Love Curse: Find Your Soulmate,834,99,2025-04-19,0,2025,82566,4
Lawn Mowing Simulator,1622,74,2021-08-10,0,2021,120028,8
SpiderHeck,2488,94,2022-09-22,0,2022,233872,9
Living with a Little Fox Girl,183,84,2025-10-24,0,2025,15372,10
Towerborne,843,75,2024-09-10,0,2024,63225,9
Ys Origin,1767,93,2012-05-31,0,2012,164331,5
Mage and Monsters II,245,84,2025-09-08,0,2025,20580,9
Cozy Caravan,554,94,2024-05-16,0,2024,52076,5
SD GUNDAM G GENERATION CROSS RAYS,1959,89,2019-11-27,0,2019,174351,11
Project Highrise,2191,85,2016-09-08,0,2016,186235,9
IfSunSets,1817,74,2024-11-04,0,2024,134458,11
Resonance Solstice,205,63,2025-10-29,0,2025,12915,10
Catherine Classic,4003,90,2019-01-10,0,2019,360270,1
Devil Spire Falls,249,95,2025-07-06,0,2025,23655,7
War for the Overworld,3987,86,2015-04-02,0,2015,342882,4
EDENS ZERO,68,85,2025-07-15,0,2025,5780,7
Laika: Aged Through Blood,2875,93,2023-10-19,0,2023,267375,10
Amelie falls over and over again ~ An endless week in Magic Academy,159,84,2025-09-25,0,2025,13356,9
Old Skies,755,93,2025-04-23,0,2025,70215,4
Jazzpunk: Director's Cut,5282,94,2014-02-07,0,2014,496508,2
Hotel Renovator,1000,77,2023-03-07,0,2023,77000,3
Umineko When They Cry - Question Arcs,1633,95,2016-07-08,0,2016,155135,7
GRIS,25770,95,2018-12-13,0,2018,2448150,12
Mind Diver,177,97,2025-09-28,0,2025,17169,9
TY the Tasmanian Tiger,2249,97,2016-12-12,0,2016,218153,12
Dust: An Elysian Tail,9158,94,2013-05-24,0,2013,860852,5
Deus Ex: Mankind Divided,16028,75,2016-08-23,0,2016,1202100,8
Lovers in a Dangerous Spacetime,1815,93,2015-09-09,0,2015,168795,9
While We Wait Here,1881,89,2024-10-23,0,2024,167409,10
DevilConnection,752,99,2025-10-30,0,2025,74448,10
The Bard's Tale Trilogy,1146,95,2018-08-14,0,2018,108870,8
Bootstrap Island,834,84,2024-02-22,0,2024,70056,2
Zero Hour,16443,78,2024-09-09,0,2024,1282554,9
Plains of Pain,443,83,2023-02-17,0,2023,36769,2
Wytchwood,2616,93,2021-12-09,0,2021,243288,12
Metal Slug: Awakening,829,62,2024-07-19,0,2024,51398,7
APE OUT,2342,94,2019-02-28,0,2019,220148,2
Gentoo Rescue,129,100,2025-05-22,0,2025,12900,5
Tap Ninja - Idle game,2596,78,2022-03-17,0,2022,202488,3
SPORE™ Galactic Adventures,3825,90,2009-06-23,0,2009,344250,6
Axis & Allies 1942 Online,4096,78,2021-11-09,0,2021,319488,11
Heads Will Roll: Reforged,1374,84,2023-10-04,0,2023,115416,10
Warface: Clutch,29414,61,2014-07-01,0,2014,1794254,7
Idle Awakening: Mages Path,120,83,2025-09-25,0,2025,9960,9
LORED,169,82,2025-08-29,0,2025,13858,8
Hachishaku,276,87,2025-05-01,0,2025,24012,5
Bulwark: Falconeer Chronicles,1271,85,2024-03-26,0,2024,108035,3
Vampire Hunters,1600,90,2024-10-30,0,2024,144000,10
Lone Fungus: Melody of Spores,120,94,2025-11-07,0,2025,11280,11
The Front,3672,68,2025-10-30,0,2025,249696,10
Copycat,1638,85,2024-09-19,0,2024,139230,9
Cogmind,1458,95,2017-10-16,0,2017,138510,10
Achilles: Legends Untold,1758,78,2023-11-02,0,2023,137124,11
Watchmen: The End is Nigh,829,72,2009-03-04,0,2009,59688,3
Transistor,15951,93,2014-05-20,0,2014,1483443,5
The Black Grimoire: Cursebreaker,730,86,2024-10-27,0,2024,62780,10
Doodle Empires,558,91,2025-05-30,0,2025,50778,5
Obenseuer,1229,94,2018-12-11,0,2018,115526,12
Pistol Whip,2826,93,2019-11-07,0,2019,262818,11
Slackers - Carts of Glory,1765,90,2024-09-18,0,2024,158850,9
Alone in the Dark,1258,78,2024-03-20,0,2024,98124,3
PGA TOUR 2K23,4206,75,2022-10-13,0,2022,315450,10
Republic of Pirates,352,71,2024-06-19,0,2024,24992,6
Star Fire: Eternal Cycle,686,91,2025-09-08,0,2025,62426,9
Book of Yog Idle RPG,1315,60,2022-07-29,0,2022,78900,7
Transformice,8561,85,2015-01-30,0,2015,727685,1
Anger Foot,1890,93,2024-07-11,0,2024,175770,7
Unbridled: That Horse Game,302,85,2025-02-19,0,2025,25670,2
Pit People®,4504,92,2018-03-02,0,2018,414368,3
Trench Tales,379,70,2025-05-06,0,2025,26530,5
Spooky's Jump Scare Mansion: HD Renovation,2413,95,2017-03-01,0,2017,229235,3
FAIRY TAIL 2,142,61,2024-12-11,0,2024,8662,12
All Quiet in the Trenches,775,90,2024-01-17,0,2024,69750,1
Hypermarket Simulator,172,88,2025-08-20,0,2025,15136,8
GRID Legends,1169,75,2022-02-24,0,2022,87675,2
Knight Online,1753,36,2016-01-25,0,2016,63108,1
Salt and Sanctuary,7003,88,2016-05-17,0,2016,616264,5
Hypogea,342,98,2025-11-09,0,2025,33516,11
Life is Strange: Before the Storm,12919,92,2017-08-31,0,2017,1188548,8
Reign of Legends,152,79,2025-08-27,0,2025,12008,8
Capcom Fighting Collection,743,90,2025-05-15,0,2025,66870,5
Mars Attracts,163,93,2025-09-15,0,2025,15159,9
Marisa of Liartop Mountain,227,84,2025-09-18,0,2025,19068,9
Witch of Eclipse,172,88,2025-06-13,0,2025,15136,6
Venba,1899,93,2023-07-31,0,2023,176607,7
Dungeons & Kingdoms,65,40,2025-11-17,0,2025,2600,11
The Cabin Factory,1803,92,2024-12-13,0,2024,165876,12
Sunset Motel,568,79,2025-04-18,0,2025,44872,4
Jump King,4962,91,2019-05-03,0,2019,451542,5
JR EAST Train Simulator,1050,75,2022-11-14,0,2022,78750,11
Magical Girl Celesphonia,261,93,2022-05-06,0,2022,24273,5
Beneath,158,70,2025-10-27,0,2025,11060,10
ROBOBEAT,1574,94,2024-05-14,0,2024,147956,5
Mass Effect (2007),9517,93,2008-12-19,0,2008,885081,12
Gamestonk Simulator: Gone Rogue,78,83,2025-10-20,0,2025,6474,10
PONE,136,76,2025-10-22,0,2025,10336,10
Beltmatic,1790,94,2024-03-29,0,2024,168260,3
Ghost Town,287,95,2025-07-15,0,2025,27265,7
As Dusk Falls,1105,89,2022-07-19,0,2022,98345,7
Fruitbus,827,85,2024-10-28,0,2024,70295,10
Tentacaliens: Making Ends Meet in a New World,37,72,2025-09-26,0,2025,2664,9
Bloons TD 5,7269,94,2014-11-19,0,2014,683286,11
Secret Neighbor: Hello Neighbor Multiplayer,4700,85,2019-10-24,0,2019,399500,10
Rift Wizard 2,635,91,2025-01-31,0,2025,57785,1
Dummynation,1698,87,2022-04-15,0,2022,147726,4
Breathedge,5225,72,2021-02-25,0,2021,376200,2
Digseum,5461,97,2024-12-09,0,2024,529717,12
Lil' Guardsman,977,94,2024-01-23,0,2024,91838,1
Fear the Spotlight,830,97,2024-10-22,0,2024,80510,10
Mist Survival,7105,76,2018-08-14,0,2018,539980,8
THE LONGING,3665,92,2020-03-05,0,2020,337180,3
Crystal of Atlan,194,61,2025-10-30,0,2025,11834,10
Baldur's Gate: Dark Alliance II,588,81,2022-07-20,0,2022,47628,7
KONOSUBA - God's Blessing on this Wonderful World! Love For These Clothes Of Desire!,168,88,2024-02-07,0,2024,14784,2
Ravenous Devils,3669,95,2022-04-29,0,2022,348555,4
Sorry We're Closed,1356,98,2024-11-14,0,2024,132888,11
MY HERO ONE'S JUSTICE 2,1601,88,2020-03-12,0,2020,140888,3
Silent Hill Homecoming,1127,42,2008-11-06,0,2008,47334,11
Harvest Moon®: Home Sweet Home Special Edition,11,54,2025-10-29,0,2025,594,10
League of Angels: Pact,115,46,2023-06-20,0,2023,5290,6
Half-Life: Blue Shift,9365,92,2001-06-01,0,2001,861580,6
The Political Process,1821,95,2019-11-22,0,2019,172995,11
Turok,2336,94,2015-12-17,0,2015,219584,12
Shadow of the Ninja - Reborn,540,72,2024-08-29,0,2024,38880,8
The House in Fata Morgana,1791,94,2016-05-13,0,2016,168354,5
Yu-Gi-Oh! Legacy of the Duelist,2026,81,2016-12-07,0,2016,164106,12
STARIO: Haven Tower,206,92,2025-09-25,0,2025,18952,9
Saints Row 2,8046,74,2009-01-07,0,2009,595404,1
STAR WARS™ Jedi Knight - Jedi Academy™,7075,95,2009-09-16,0,2009,672125,9
DEATH IN UNISON,534,97,2024-08-29,0,2024,51798,8
The Walking Dead: Season Two,12553,95,2013-12-17,0,2013,1192535,12
S.T.A.L.K.E.R.: Call of Prypiat - Enhanced Edition,554,59,2025-05-20,0,2025,32686,5
Animal Revolt Battle Simulator,4609,96,2022-04-15,0,2022,442464,4
LEGO® Batman™: The Videogame,5702,88,2008-09-29,0,2008,501776,9
Disgaea PC,2546,88,2016-02-24,0,2016,224048,2
Teamfight Manager,1135,84,2021-03-01,0,2021,95340,3
Munchkin Digital,1212,77,2023-03-09,0,2023,93324,3
Project Thea,34,82,2025-11-20,0,2025,2788,11
Escape Academy,919,87,2022-07-13,0,2022,79953,7
SENRAN KAGURA SHINOVI VERSUS,1680,94,2016-06-01,0,2016,157920,6
World of Guns: Gun Disassembly,7654,80,2014-05-21,0,2014,612320,5
Capcom Arcade 2nd Stadium,1089,68,2022-07-21,0,2022,74052,7
Men of War II,2193,65,2024-05-15,0,2024,142545,5
Class of '09: The Flip Side,2798,54,2024-09-23,0,2024,151092,9
Lawgivers II,460,73,2023-08-18,0,2023,33580,8
Tank Mechanic Simulator,3199,89,2020-02-20,0,2020,284711,2
Nova: Space Armada,184,49,2024-10-21,0,2024,9016,10
The Forgotten City,6809,96,2021-07-28,0,2021,653664,7
Erannorth Renaissance,108,88,2025-10-06,0,2025,9504,10
"Dwarves: Glory, Death and Loot",1712,82,2023-08-16,0,2023,140384,8
Shardpunk,679,93,2023-04-13,0,2023,63147,4
SHUTEN ORDER,426,79,2025-09-05,0,2025,33654,9
Death Road to Canada,6038,94,2016-07-21,0,2016,567572,7
Touhou Luna Nights,4605,97,2019-02-25,0,2019,446685,2
Dawnsbury Days,728,98,2024-03-08,0,2024,71344,3
Bloons TD Battles 2,23922,83,2021-11-30,0,2021,1985526,11
Atelier Ayesha: The Alchemist of Dusk DX,474,91,2020-01-14,0,2020,43134,1
Rise of Gun,977,85,2024-03-25,0,2024,83045,3
Pioneers of Pagonia,1070,76,2023-12-13,0,2023,81320,12
Techtonica,1897,63,2024-11-07,0,2024,119511,11
Quake 4,1575,85,2011-08-04,0,2011,133875,8
SteamWorld Heist II,1940,93,2024-08-08,0,2024,180420,8
Niche - a genetics survival game,3675,90,2017-09-21,0,2017,330750,9
Emergency Cleanup Co.,262,87,2024-11-12,0,2024,22794,11
Zoo Tycoon: Ultimate Animal Collection,1534,64,2018-09-14,0,2018,98176,9
Star Trek Timelines,1478,66,2017-07-12,0,2017,97548,7
Savara,481,88,2025-05-06,0,2025,42328,5
Not For Broadcast,5087,95,2022-01-25,0,2022,483265,1
Hitman: Blood Money,6188,94,2007-03-15,0,2007,581672,3
Military Conflict: Vietnam,1684,90,2022-12-16,0,2022,151560,12
CastleMiner Z,5649,85,2014-02-03,0,2014,480165,2
Path of Achra,2543,98,2024-05-07,0,2024,249214,5
FAR: Lone Sails,8414,93,2018-05-17,0,2018,782502,5
Swords and Sandals Classic Collection,1422,92,2019-04-18,0,2019,130824,4
Everybody's Gone to the Rapture,1719,68,2016-04-14,0,2016,116892,4
Atomicrops,2450,93,2020-09-17,0,2020,227850,9
Endless Alice,955,90,2025-01-15,0,2025,85950,1
VALKYRIE CONNECT,1119,74,2020-04-02,0,2020,82806,4
Nioh: Complete Edition,8308,80,2017-11-07,0,2017,664640,11
Bejeweled® 3,3593,95,2010-12-07,0,2010,341335,12
AKIBA'S TRIP: Undead ＆ Undressed,1510,85,2015-05-26,0,2015,128350,5
Gothic 1,2603,84,2010-11-05,0,2010,218652,11
POPUCOM,246,95,2025-06-01,0,2025,23370,6
Shieldwall,3192,86,2023-04-18,0,2023,274512,4
Skater XL - The Ultimate Skateboarding Game,12759,83,2020-07-28,0,2020,1058997,7
Super Meat Boy,12933,94,2010-11-30,0,2010,1215702,11
Phoenix Point,2809,71,2020-12-03,0,2020,199439,12
Murders on the Yangtze River,834,97,2024-01-30,0,2024,80898,1
Rocksmith+,1740,17,2024-06-06,0,2024,29580,6
Duck Season,1431,85,2017-09-14,0,2017,121635,9
Tenebris: Terra Incognita,167,87,2024-09-30,0,2024,14529,9
Secret World Legends,6632,66,2017-07-31,0,2017,437712,7
Metal Thunder,343,81,2024-11-01,0,2024,27783,11
Baten Kaitos I & II HD Remaster,194,82,2024-06-17,0,2024,15908,6
PAC-MAN WORLD Re-PAC,1425,92,2022-08-25,0,2022,131100,8
EVERYBODY'S GOLF HOT SHOTS,877,58,2025-09-04,0,2025,50866,9
Zerowake GATES,74,40,2025-11-25,0,2025,2960,11
Agatha Christie - Murder on the Orient Express,855,83,2023-10-19,0,2023,70965,10
Drawful 2,797,91,2016-06-20,0,2016,72527,6
Lyca,763,83,2025-04-07,0,2025,63329,4
Arcane Trigger,159,79,2025-11-12,0,2025,12561,11
Rock Crusher,230,88,2025-08-18,0,2025,20240,8
SHENZHEN I/O,2148,95,2016-11-17,0,2016,204060,11
FATE,3344,96,2013-12-12,0,2013,321024,12
Day of the Tentacle Remastered,1933,97,2016-03-21,0,2016,187501,3
Sid Meier's Civilization®: Beyond Earth™,9908,57,2014-10-23,0,2014,564756,10
SpyParty,1105,78,2018-04-12,0,2018,86190,4
Ys I & II Chronicles+,1711,88,2013-02-14,0,2013,150568,2
REAL BOUT FATAL FURY 2: THE NEWCOMERS,52,84,2025-09-27,0,2025,4368,9
SpellForce: Conquest of Eo,1101,81,2023-02-03,0,2023,89181,2
The Complex: Expedition,1974,89,2025-07-18,0,2025,175686,7
FANTATALE,86,62,2024-12-12,0,2024,5332,12
InfraSpace,1484,82,2023-09-22,0,2023,121688,9
CONSCRIPT,1428,90,2024-07-23,0,2024,128520,7
Voidwrought,680,77,2024-10-24,0,2024,52360,10
A Case of Fraud,156,98,2025-11-10,0,2025,15288,11
STAR WARS™ Republic Commando™,9619,95,2009-07-08,0,2009,913805,7
Highrise,216,85,2025-10-22,0,2025,18360,10
Tails of Iron 2: Whiskers of Winter,1380,79,2025-01-28,0,2025,109020,1
Tennis Elbow 4,739,95,2021-06-04,0,2021,70205,6
Zombieville USA 3D,1937,94,2025-03-07,0,2025,182078,3
The Gretlow Tapes,60,93,2025-10-07,0,2025,5580,10
GeoGuessr Steam Edition,3950,41,2025-05-08,0,2025,161950,5
Hitman: Contracts,1331,84,2014-01-21,0,2014,111804,1
NIGHT STRIKER GEAR,82,89,2025-10-22,0,2025,7298,10
Shipwrecked 64,1914,95,2024-01-01,0,2024,181830,1
BIOMUTANT,8200,70,2021-05-25,0,2021,574000,5
"Yes, Your Grace",4837,86,2020-03-06,0,2020,415982,3
Word Play,803,90,2025-07-14,0,2025,72270,7
The Spike Cross,826,84,2025-09-19,0,2025,69384,9
Supreme Commander: Forged Alliance,5710,96,2011-09-28,0,2011,548160,9
ANTONBLAST,2609,95,2024-12-03,0,2024,247855,12
The Painscreek Killings,2632,89,2017-09-27,0,2017,234248,9
Kingdom Rush  - Tower Defense,4344,96,2014-01-06,0,2014,417024,1
Pale Coins,176,93,2025-10-22,0,2025,16368,10
Distant Worlds 2,2013,70,2022-03-10,0,2022,140910,3
Bionic Bay,435,86,2025-04-16,0,2025,37410,4
FOREWARNED,3505,92,2024-04-25,0,2024,322460,4
DARKEST DAYS,1090,47,2025-04-23,0,2025,51230,4
Stronghold Kingdoms,4267,56,2012-02-27,0,2012,238952,2
Cladun X3,52,92,2025-09-26,0,2025,4784,9
Death Must Die,13500,91,2023-11-14,0,2023,1228500,11
Hyper Light Drifter,10232,93,2016-03-31,0,2016,951576,3
Blade & Soul Heroes,830,64,2025-09-24,0,2025,53120,9
Turok 2: Seeds of Evil,1540,91,2017-03-16,0,2017,140140,3
World of Goo,2460,92,2008-10-13,0,2008,226320,10
Weed Shop 3,3472,94,2022-04-20,0,2022,326368,4
Sayonara Wild Hearts,3482,96,2019-12-12,0,2019,334272,12
NavalArt,1977,90,2018-06-20,0,2018,177930,6
Sol Cesto,1938,94,2025-05-27,0,2025,182172,5
Empire of Sin,2564,51,2020-12-01,0,2020,130764,12
LISA: The Painful,9863,95,2014-12-15,0,2014,936985,12
Airships: Conquer the Skies,4555,96,2018-08-16,0,2018,437280,8
Golden Lap,496,85,2024-09-26,0,2024,42160,9
Survivalist: Invisible Strain,1522,88,2025-04-25,0,2025,133936,4
Mega Man 11,1707,88,2018-10-02,0,2018,150216,10
The Karters 2: Turbo Charged,729,93,2025-07-17,0,2025,67797,7
Gears Tactics,3536,78,2020-04-28,0,2020,275808,4
Great God Grove,1176,99,2024-11-15,0,2024,116424,11
Silent Hope,238,71,2023-10-03,0,2023,16898,10
NEKOPARA Vol. 1,7686,93,2014-12-29,0,2014,714798,12
Fishing: North Atlantic - Enhanced Edition,1442,77,2020-10-16,0,2020,111034,10
Milky Way Idle,1968,42,2025-03-06,0,2025,82656,3
Sands of Salzaar,1954,77,2021-12-15,0,2021,150458,12
Backyard Soccer '98,191,95,2024-11-27,0,2024,18145,11
Midnight Ghost Hunt,3260,81,2024-03-21,0,2024,264060,3
RAGE,6541,73,2011-10-03,0,2011,477493,10
PixARK,3156,69,2019-05-31,0,2019,217764,5
Machinarium,4556,94,2009-10-16,0,2009,428264,10
Idle Clans,1350,73,2023-04-07,0,2023,98550,4
Killer Klowns from Outer Space: The Game,2814,74,2024-06-04,0,2024,208236,6
60 Parsecs!,1030,90,2018-09-18,0,2018,92700,9
FPV Kamikaze Drone,2091,83,2023-12-15,0,2023,173553,12
Sword Art Online: Fatal Bullet,5087,82,2018-02-23,0,2018,417134,2
ShapeHero Factory,859,88,2025-09-17,0,2025,75592,9
Spiritfall,1685,92,2024-02-28,0,2024,155020,2
Tattletail,3316,94,2016-12-28,0,2016,311704,12
Flowers And Favours: Florist Simulator,109,96,2025-08-29,0,2025,10464,8
Parallel Experiment,378,81,2025-06-05,0,2025,30618,6
Knights of Honor II: Sovereign,2007,76,2022-12-06,0,2022,152532,12
The Last Stand Legacy Collection,1756,89,2021-07-15,0,2021,156284,7
Battle Teams 2,774,55,2022-07-20,0,2022,42570,7
Infinite Lagrange,965,56,2021-10-07,0,2021,54040,10
Borderlands 2 VR,1010,60,2019-10-22,0,2019,60600,10
Cozy Organizer,387,70,2025-09-13,0,2025,27090,9
Garten of Banban 8: Anti Devil,1194,88,2025-08-28,0,2025,105072,8
Zexion,186,93,2025-03-21,0,2025,17298,3
Planetary Annihilation: TITANS,7224,86,2015-08-18,0,2015,621264,8
Tiny Rogues,7262,96,2022-09-23,0,2022,697152,9
GUILTY GEAR XX ACCENT CORE PLUS R,3866,97,2015-05-26,0,2015,375002,5
Sentinels of the Multiverse,1161,93,2014-12-22,0,2014,107973,12
Eternights,1416,90,2023-09-11,0,2023,127440,9
Kaizen: A Factory Story,553,93,2025-07-14,0,2025,51429,7
Super Movie Tycoon,195,77,2025-10-30,0,2025,15015,10
Better Mart,561,93,2025-05-16,0,2025,52173,5
Bluey: The Videogame,412,72,2023-11-17,0,2023,29664,11
War Planet Online: Global Conquest,944,63,2017-12-19,0,2017,59472,12
Fatal Claw,67,95,2025-11-18,0,2025,6365,11
Quartet,196,96,2025-08-26,0,2025,18816,8
Axiom Verge,3956,90,2015-05-14,0,2015,356040,5
Elsword,6362,71,2014-07-02,0,2014,451702,7
Monster Prom 2: Monster Camp,4340,97,2020-10-23,0,2020,420980,10
Lost in Random™,2459,89,2021-09-10,0,2021,218851,9
Ni no Kuni™ II: Revenant Kingdom,4208,82,2018-03-23,0,2018,345056,3
NosTale - Anime MMORPG,678,62,2017-09-18,0,2017,42036,9
Overlord II,1759,85,2009-06-23,0,2009,149515,6
Lorn's Lure,1835,88,2024-09-20,0,2024,161480,9
Maestro,383,96,2024-10-22,0,2024,36768,10
STAR WARS™: The Force Unleashed™ II,3094,59,2010-10-26,0,2010,182546,10
Little Problems: A Cozy Detective Game,170,91,2025-09-09,0,2025,15470,9
Bloodshed,1189,86,2025-05-22,0,2025,102254,5
Atelier Lydie & Suelle: The Alchemists and the Mysterious Paintings DX,365,91,2021-04-21,0,2021,33215,4
ANIWARS: Call of the Void,43,97,2025-11-17,0,2025,4171,11
"STAR WARS™ Battlefront (Classic, 2004)",2772,96,2019-05-01,0,2019,266112,5
Sonic & All-Stars Racing Transformed Collection,6535,93,2013-01-31,0,2013,607755,1
Scribblenauts Unmasked: A DC Comics Adventure,1880,80,2013-09-24,0,2013,150400,9
The Great War: Western Front™,1768,66,2023-03-30,0,2023,116688,3
Garden Life: A Cozy Simulator,746,78,2024-02-22,0,2024,58188,2
Beholder,2965,81,2016-11-09,0,2016,240165,11
Secret of Mana,1390,70,2018-02-15,0,2018,97300,2
Harvest Moon: The Winds of Anthos,356,75,2023-09-27,0,2023,26700,9
Atelier Escha & Logy: Alchemists of the Dusk Sky DX,335,89,2020-01-14,0,2020,29815,1
KILL KNIGHT,1588,94,2024-10-02,0,2024,149272,10
S.E.M.I. – Side Effects May Include...,13,53,2025-11-20,0,2025,689,11
Fuga: Melodies of Steel,1087,93,2021-07-28,0,2021,101091,7
The Slormancer,3036,87,2025-05-13,0,2025,264132,5
Hypnosis Knight-Princess,101,84,2025-08-22,0,2025,8484,8
Victoria II,8997,92,2010-08-30,0,2010,827724,8
Bus Simulator 21 Next Stop,1087,72,2021-09-07,0,2021,78264,9
Screencheat,832,91,2014-10-21,0,2014,75712,10
Nucleares,851,82,2023-03-13,0,2023,69782,3
Max Manos 2,73,73,2025-11-13,0,2025,5329,11
Severed Steel,4165,95,2021-09-17,0,2021,395675,9
The RPG,535,86,2025-08-07,0,2025,46010,8
Age of Wonders: Planetfall,2733,79,2019-08-06,0,2019,215907,8
Dicealot,163,81,2025-10-09,0,2025,13203,10
The Room,13775,97,2014-07-28,0,2014,1336175,7
Forgive Me Father,1880,86,2022-04-07,0,2022,161680,4
Summoners War: Chronicles,4123,76,2022-11-09,0,2022,313348,11
Somerville,1592,70,2022-11-14,0,2022,111440,11
NARUTO SHIPPUDEN: Ultimate Ninja STORM 3 Full Burst HD,3418,89,2013-10-24,0,2013,304202,10
Heretical,693,88,2024-10-30,0,2024,60984,10
Coffee Talk Episode 2: Hibiscus & Butterfly,974,97,2023-04-20,0,2023,94478,4
Disgaea 4 Complete+,719,89,2020-09-10,0,2020,63991,9
SKALD: Against the Black Priory,2635,94,2024-05-30,0,2024,247690,5
Remember Me,4806,80,2013-06-03,0,2013,384480,6
Labyrinth of Galleria: The Moon Society,463,84,2023-02-14,0,2023,38892,2
Dungeons 3,4907,92,2017-10-13,0,2017,451444,10
Super Mega Baseball™ 4,1034,77,2023-06-02,0,2023,79618,6
Witch It,3357,92,2020-10-22,0,2020,308844,10
除邪(CHUXIE),800,80,2024-07-28,0,2024,64000,7
Cargo Simulator,165,75,2025-09-30,0,2025,12375,9
Mutant Football League 2,84,82,2024-05-31,0,2024,6888,5
The Apothecary of Trubiz,208,96,2025-11-06,0,2025,19968,11
The Wild at Heart,604,95,2021-05-19,0,2021,57380,5
Tales of Zestiria,3519,78,2015-10-19,0,2015,274482,10
Skyformer,33,93,2025-11-10,0,2025,3069,11
ZONE OF THE ENDERS THE 2nd RUNNER : M∀RS / アヌビス ゾーン・オブ・エンダーズ : マーズ,970,71,2018-09-04,0,2018,68870,9
Piñata Go Boom,421,93,2025-09-15,0,2025,39153,9
Darksiders Genesis,3312,84,2019-12-05,0,2019,278208,12
Planet of Lana,2878,93,2023-05-23,0,2023,267654,5
Electrician Simulator,974,73,2022-09-21,0,2022,71102,9
Dark Deity,1797,74,2021-06-15,0,2021,132978,6
Fate/Samurai Remnant,1178,91,2023-09-28,0,2023,107198,9
King's Quest™ Collection,305,86,2009-07-23,0,2009,26230,7
DEAD RISING®,3930,91,2016-09-12,0,2016,357630,9
Duke Nukem Forever,3704,66,2011-06-13,0,2011,244464,6
Team Fortress Classic,4092,86,1999-04-01,0,1999,351912,4
Exposed Livestream,357,80,2025-04-11,0,2025,28560,4
Ultros,617,80,2024-02-13,0,2024,49360,2
LUMINES REMASTERED,641,95,2018-06-26,0,2018,60895,6
Icewind Dale: Enhanced Edition,1859,90,2014-10-30,0,2014,167310,10
Amerzone - The Explorer's Legacy,331,92,2025-04-24,0,2025,30452,4
Slender: The Arrival,3437,86,2013-10-28,0,2013,295582,10
DYNASTY WARRIORS 7: Xtreme Legends Definitive Edition,1433,83,2018-12-05,0,2018,118939,12
Atelier Rorona ~The Alchemist of Arland~ DX,638,91,2018-12-03,0,2018,58058,12
Kandagawa Jet Girls,367,84,2020-08-25,0,2020,30828,8
Replicat,92,98,2025-11-18,0,2025,9016,11
Nodebuster,9782,97,2024-08-13,0,2024,948854,8
Yakuza Kiwami 3 & Dark Ties,,,2026-02-11,0,2026,,2
Sailwind,1922,90,2021-10-18,0,2021,172980,10
Escape From Mystwood Mansion,663,93,2023-09-27,0,2023,61659,9
Homefront®: The Revolution,4951,68,2016-05-17,0,2016,336668,5
NOBUNAGA'S AMBITION: Sphere of Influence,558,83,2015-09-01,0,2015,46314,9
GEX Trilogy,237,71,2025-06-16,0,2025,16827,6
inbento,863,96,2021-07-30,0,2021,82848,7
Shotgun King: The Final Checkmate,3506,94,2022-05-12,0,2022,329564,5
The Last Plague: Blight,1071,90,2024-10-03,0,2024,96390,10
Zero Escape: The Nonary Games,3680,94,2017-03-24,0,2017,345920,3
Star Valor,2068,89,2022-08-03,0,2022,184052,8
Idle Colony,483,82,2024-12-16,0,2024,39606,12
"Love, Ghostie",461,97,2024-08-14,0,2024,44717,8
The Troop,696,85,2023-10-18,0,2023,59160,10
DYNASTY WARRIORS 8 Empires,1399,67,2015-02-26,0,2015,93733,2
Praey for the Gods,1200,81,2021-12-14,0,2021,97200,12
The Dark Queen of Mortholme,1784,79,2025-08-15,0,2025,140936,8
Wolfpack,1765,89,2019-03-15,0,2019,157085,3
Roguebook,1779,85,2021-06-17,0,2021,151215,6
Red Faction Guerrilla Re-Mars-tered,1982,80,2018-07-03,0,2018,158560,7
WRC Generations – The FIA WRC Official Game,899,67,2022-11-03,0,2022,60233,11
Lost in Vivo,2818,92,2018-11-05,0,2018,259256,11
Synth Riders,1294,92,2019-10-31,0,2019,119048,10
Anonymous Hacker Simulator,623,85,2024-04-03,0,2024,52955,4
ENDLESS™ Legend,9159,85,2014-09-18,0,2014,778515,9
SaGa Frontier Remastered,529,92,2021-04-15,0,2021,48668,4
Nancy Drew®: Mystery of the Seven Keys™,259,55,2024-06-20,0,2024,14245,6
Wrestling Empire,2408,94,2021-07-02,0,2021,226352,7
Atelier Lulua ~The Scion of Arland~,491,89,2019-05-20,0,2019,43699,5
Magicka 2,3038,74,2015-05-26,0,2015,224812,5
A World of Keflings,343,99,2025-07-29,0,2025,33957,7
killer7,2545,92,2018-11-15,0,2018,234140,11
Partisans 1941,1642,77,2020-10-14,0,2020,126434,10
Demon Hunt,336,80,2025-07-30,0,2025,26880,7
The Walking Dead: A New Frontier,5736,76,2016-12-20,0,2016,435936,12
Approaching Infinity,638,95,2025-04-29,0,2025,60610,4
Unbox the Room,86,82,2025-10-17,0,2025,7052,10
Zoochosis,1153,60,2024-09-30,0,2024,69180,9
Symphonia,222,92,2024-12-05,0,2024,20424,12
Anno 1701 History Edition,151,84,2024-04-22,0,2024,12684,4
Glyphica: Typing Survival,1413,89,2024-10-09,0,2024,125757,10
Stay Out of the House,1472,94,2022-10-13,0,2022,138368,10
Punch Club 2: Fast Forward,1117,80,2023-07-20,0,2023,89360,7
Lost Eidolons,1616,70,2022-10-13,0,2022,113120,10
SENRAN KAGURA Reflexions,477,86,2019-06-24,0,2019,41022,6
As Long As You're Here,219,99,2025-10-28,0,2025,21681,10
Totally Reliable Delivery Service,1486,80,2021-04-01,0,2021,118880,4
Anode Heart: Layer Null,103,94,2025-11-19,0,2025,9682,11
Second Sun,68,77,2025-11-05,0,2025,5236,11
Chorus,2151,82,2021-12-03,0,2021,176382,12
Heroes of Might & Magic V,1271,85,2008-05-13,0,2008,108035,5
20 Minutes Till Dawn,12391,92,2023-06-08,0,2023,1139972,6
Amenti,1661,79,2025-01-05,0,2025,131219,1
Rocket Rats,1352,96,2024-12-17,0,2024,129792,12
Yorda's Quest: A Lighthearted Magic Fantasy RPG,36,94,2025-10-31,0,2025,3384,10
Solium Infernum,1454,88,2024-02-22,0,2024,127952,2
The Last Hero of Nostalgaia,1809,79,2022-10-19,0,2022,142911,10
Macabre,70,61,2025-09-26,0,2025,4270,9
Noobs Are Coming,676,91,2025-07-15,0,2025,61516,7
GWENT: The Witcher Card Game,7802,85,2020-05-19,0,2020,663170,5
Replicube,485,97,2025-04-24,0,2025,47045,4
9 Days,1605,68,2024-03-08,0,2024,109140,3
School 666,420,83,2025-06-11,0,2025,34860,6
Cornerpond,1409,97,2025-04-21,0,2025,136673,4
NEW MONOPOLY®,256,37,2024-09-26,0,2024,9472,9
Furi,6778,91,2016-07-05,0,2016,616798,7
Sushi Ben,166,81,2025-09-17,0,2025,13446,9
Supremacy: Call of War 1942,2152,64,2017-10-21,0,2017,137728,10
Manifold Garden,4142,95,2020-10-20,0,2020,393490,10
Little Sim World,533,81,2025-05-01,0,2025,43173,5
Marvel vs. Capcom: Infinite,1367,65,2017-09-19,0,2017,88855,9
Mr.Mine,6780,88,2020-09-30,0,2020,596640,9
Hellsplit: Arena,3062,84,2019-09-09,0,2019,257208,9
Mass Effect 2 (2010) Edition,246,74,2023-05-15,0,2023,18204,5
The Callisto Protocol™,15889,66,2022-12-01,0,2022,1048674,12
No Case Should Remain Unsolved,1235,98,2024-01-17,0,2024,121030,1
Grunn,903,97,2024-10-04,0,2024,87591,10
Catto's Post Office,855,97,2025-08-04,0,2025,82935,8
Pro Basketball Manager 2026,31,87,2025-11-17,0,2025,2697,11
A Plague Tale Bundle,,,2022-12-05,0,2022,,12
NARUTO SHIPPUDEN: Ultimate Ninja STORM 2,942,89,2017-08-25,0,2017,83838,8
Utawarerumono: Mask of Deception,1253,92,2020-01-23,0,2020,115276,1
Fallout Classic Collection,,,,0,,,
Clank!,426,92,2024-10-21,0,2024,39192,10
Craft The World,4487,82,2014-11-24,0,2014,367934,11
Snail Simulator,1077,97,2023-11-20,0,2023,104469,11
Cinema Simulator 2025,461,79,2025-02-17,0,2025,36419,2
TT Isle Of Man: Ride on the Edge 3,448,75,2023-05-11,0,2023,33600,5
CleanFall,287,94,2025-08-08,0,2025,26978,8
Ultimate Fishing® Simulator,2420,89,2018-08-30,0,2018,215380,8
Border Pioneer,1370,87,2025-02-06,0,2025,119190,2
PAW Patrol World,97,89,2023-09-29,0,2023,8633,9
"Warhammer 40,000: Space Marine - Master Crafted Edition",195,45,2025-06-10,0,2025,8775,6
MAVRIX by Matt Jones,576,79,2025-07-24,0,2025,45504,7
Super Monkey Ball Banana Mania,1217,83,2021-10-04,0,2021,101011,10
Changed,7707,84,2018-04-04,0,2018,647388,4
Nova Drift,8888,96,2024-08-12,0,2024,853248,8
Do No Harm,730,73,2025-03-06,0,2025,53290,3
Goofy Gorillas,428,91,2023-12-01,0,2023,38948,12
Bugaboo Pocket,246,88,2025-04-02,0,2025,21648,4
Slitterhead,974,79,2024-11-08,0,2024,76946,11
Disney Infinity 3.0: Gold Edition,970,88,2016-12-09,0,2016,85360,12
Mega Man X Legacy Collection,1556,77,2018-07-24,0,2018,119812,7
Soul Dossier,467,49,2021-03-29,0,2021,22883,3
Age of Darkness: Final Stand,5141,77,2025-01-15,0,2025,395857,1
INFRA,2323,87,2016-01-15,0,2016,202101,1
Battlefield 3™,4784,68,2020-06-11,0,2020,325312,6
Return to Monkey Island,4761,90,2022-09-19,0,2022,428490,9
Dead Wells: The Devil Fragment,15,73,2025-11-21,0,2025,1095,11
Whimel Academy,147,84,2025-10-24,0,2025,12348,10
City Tales - Medieval Era,195,90,2025-05-22,0,2025,17550,5
Human Resource Machine,1414,93,2015-10-15,0,2015,131502,10
Tomba! Special Edition,568,89,2024-07-31,0,2024,50552,7
Prince of Persia®: The Sands of Time,2171,83,2008-11-21,0,2008,180193,11
.hack//G.U. Last Recode,2207,87,2017-11-03,0,2017,192009,11
Finnish Cottage Simulator,777,93,2024-11-15,0,2024,72261,11
Kitty Powers' Matchmaker,1645,96,2015-04-22,0,2015,157920,4
MOBILE SUIT GUNDAM SEED BATTLE DESTINY REMASTERED,632,78,2025-05-21,0,2025,49296,5
RIDE 4,2619,81,2020-10-08,0,2020,212139,10
Kingdom: New Lands,4026,85,2016-08-09,0,2016,342210,8
Rogue Command,451,91,2024-11-18,0,2024,41041,11
Strike Force Heroes,1288,89,2023-11-10,0,2023,114632,11
Wander Stars,101,95,2025-09-19,0,2025,9595,9
My Little Life,876,89,2025-01-31,0,2025,77964,1
Freestyle 2: Street Basketball,6937,70,2015-04-01,0,2015,485590,4
Runes of Magic,1462,68,2018-08-29,0,2018,99416,8
Century: Age of Ashes,8138,73,2021-12-02,0,2021,594074,12
Eyes of Hellfire,99,83,2025-08-27,0,2025,8217,8
Wolfenstein 3D,2269,92,2007-08-03,0,2007,208748,8
Business Simulator 2026,114,85,2025-11-10,0,2025,9690,11
To the Moon,18841,95,2012-09-07,0,2012,1789895,9
Age of Water,1278,79,2025-01-16,0,2025,100962,1
Uncharted Waters Origin,1707,45,2023-03-05,0,2023,76815,3
WAKFU,3965,67,2014-09-18,0,2014,265655,9
Lucky Tower Ultimate,1443,93,2024-09-13,0,2024,134199,9
Last Train Outta' Wormtown,1349,95,2025-01-17,0,2025,128155,1
Deus Ex: Human Revolution - Director's Cut,12981,91,2013-10-25,0,2013,1181271,10
Dungeons of Blood and Dream,945,94,2024-11-11,0,2024,88830,11
IRON REBELLION,634,84,2024-12-12,0,2024,53256,12
PARANORMASIGHT: The Seven Mysteries of Honjo,1557,95,2023-03-08,0,2023,147915,3
Dying Breed,164,71,2025-10-07,0,2025,11644,10
The Room Three,5791,95,2018-11-13,0,2018,550145,11
"Invisible, Inc.",3480,90,2015-05-12,0,2015,313200,5
Bug Fables: The Everlasting Sapling,4257,97,2019-11-21,0,2019,412929,11
Ooblets,1327,91,2023-10-05,0,2023,120757,10
The LEGO® Movie - Videogame,1729,84,2014-02-07,0,2014,145236,2
Asgard's Fall — Viking Survivors,1031,81,2025-04-09,0,2025,83511,4
Farmer Against Potatoes Idle,4365,95,2024-09-05,0,2024,414675,9
Sherlock Holmes: The Devil's Daughter,2763,78,2016-06-10,0,2016,215514,6
Once Upon a Galaxy,477,84,2025-07-29,0,2025,40068,7
Trover Saves the Universe,2300,90,2019-06-04,0,2019,207000,6
Bramble: The Mountain King,2898,94,2023-04-27,0,2023,272412,4
Atelier Shallie: Alchemists of the Dusk Sea DX,228,88,2020-01-14,0,2020,20064,1
USAC: Code Breach,982,92,2022-10-26,0,2022,90344,10
"Don't Die, Collect Loot",100,93,2025-09-19,0,2025,9300,9
Airport X-Ray Simulator,191,84,2024-12-12,0,2024,16044,12
Chronicon,3261,94,2020-08-21,0,2020,306534,8
Is this Game Trying to Kill Me?,1261,95,2024-11-12,0,2024,119795,11
Hylics,5081,98,2015-10-02,0,2015,497938,10
我打不过漂亮的她们,782,95,2025-09-25,0,2025,74290,9
MotoGP™25,308,67,2025-04-30,0,2025,20636,4
Shantae and the Pirate's Curse,1763,94,2015-04-23,0,2015,165722,4
Dungeon Tycoon,1253,78,2024-09-25,0,2024,97734,9
Soul Mates,46,97,2025-10-10,0,2025,4462,10
Violent Horror Stories 2,80,87,2025-11-18,0,2025,6960,11
Dawn of Defiance,1460,77,2024-08-15,0,2024,112420,8
Scrutinized,1227,88,2020-08-05,0,2020,107976,8
Wizard of Legend,7202,91,2018-05-15,0,2018,655382,5
Rule the Waves 3,771,88,2023-05-18,0,2023,67848,5
Dollhouse of Dead,63,82,2025-11-06,0,2025,5166,11
Airborne Empire,537,89,2025-01-13,0,2025,47793,1
WRC 9 FIA World Rally Championship,372,81,2021-09-16,0,2021,30132,9
Charlie Murder,1462,96,2017-05-12,0,2017,140352,5
Utawarerumono: Mask of Truth,1370,96,2020-01-23,0,2020,131520,1
TouHou Makuka Sai ~ Fantastic Danmaku Festival Part III,1012,89,2025-09-24,0,2025,90068,9
Last Report,1470,89,2025-07-11,0,2025,130830,7
How to Train Your Cock,691,95,2025-10-27,0,2025,65645,10
Milling machine simulator,117,89,2022-02-22,0,2022,10413,2
Pyre,5443,90,2017-07-25,0,2017,489870,7
LIMBO,12295,91,2011-08-02,0,2011,1118845,8
Shelter 2,1873,87,2015-03-09,0,2015,162951,3
XENOTILT: HOSTILE PINBALL ACTION,662,96,2024-11-12,0,2024,63552,11
Cyclopean: The Great Abyss,103,91,2025-07-17,0,2025,9373,7
Seed of the Dead: Sweet Home,433,87,2021-08-27,0,2021,37671,8
SAND LAND,943,87,2024-04-25,0,2024,82041,4
Brigandine The Legend of Runersia,1126,86,2022-05-10,0,2022,96836,5
Lost Planet™: Extreme Condition,1701,80,2007-06-26,0,2007,136080,6
Tall Trails,433,99,2025-08-04,0,2025,42867,8
Digger: Galactic Treasures,396,87,2025-07-18,0,2025,34452,7
STAR WARS™: Dark Forces Remaster,1079,90,2024-02-28,0,2024,97110,2
BAPBAP,2048,84,2025-08-19,0,2025,172032,8
KARMA: The Dark World,631,90,2025-03-27,0,2025,56790,3
纸房子,7088,94,2025-08-18,0,2025,666272,8
Jitter,100,86,2025-11-06,0,2025,8600,11
Atelier Marie Remake: The Alchemist of Salburg,285,89,2023-07-12,0,2023,25365,7
Cat Quest II,1868,94,2019-09-24,0,2019,175592,9
Beacon Pines,2202,97,2022-09-22,0,2022,213594,9
Stuck Together,44,90,2025-11-17,0,2025,3960,11
Citadelum,782,82,2024-10-17,0,2024,64124,10
EverQuest II,2421,80,2011-12-07,0,2011,193680,12
A Space for the Unbound,3978,98,2023-01-19,0,2023,389844,1
Sip Fisher,355,96,2025-08-27,0,2025,34080,8
Age of History II,8973,86,2018-11-21,0,2018,771678,11
DuckTales: Remastered,3266,86,2013-08-13,0,2013,280876,8
FlatOut 2,3939,95,2011-12-13,0,2011,374205,12
SYNTHETIK 2,1952,80,2021-11-11,0,2021,156160,11
Mad Games Tycoon 2,2067,93,2023-05-31,0,2023,192231,5
Lil Gator Game,3670,99,2022-12-14,0,2022,363330,12
ROMANCE OF THE THREE KINGDOMS 8 REMAKE,318,70,2024-10-23,0,2024,22260,10
Unheard - Voices of Crime,2687,91,2019-03-28,0,2019,244517,3
BACKROOMS: APPREHENSION,449,79,2025-08-14,0,2025,35471,8
Draw & Guess,329,75,2021-03-12,0,2021,24675,3
Grim Fandango Remastered,3622,88,2015-01-26,0,2015,318736,1
Ultimate General: American Revolution,836,52,2024-12-20,0,2024,43472,12
下一站江湖Ⅱ,7575,71,2024-04-17,0,2024,537825,4
Oblivity - Find your perfect Sensitivity,1318,82,2022-03-24,0,2022,108076,3
Observer: System Redux,1119,84,2020-11-10,0,2020,93996,11
Super Mining Mechs,686,88,2024-10-25,0,2024,60368,10
Creeper World 4,3678,95,2020-12-03,0,2020,349410,12
Nexomon: Extinction,1472,88,2020-08-28,0,2020,129536,8
To Pixelia,1005,73,2025-05-01,0,2025,73365,5
Mega Man Zero/ZX Legacy Collection,1117,80,2020-02-25,0,2020,89360,2
HOT WHEELS UNLEASHED™ 2 - Turbocharged,732,76,2023-10-19,0,2023,55632,10
GOD EATER 3,3064,86,2019-02-07,0,2019,263504,2
Locomoto,464,90,2025-04-08,0,2025,41760,4
Wandersong,1843,96,2018-09-27,0,2018,176928,9
SAMURAI WARRIORS 4 DX,404,86,2024-05-13,0,2024,34744,5
F1® 24,6127,72,2024-05-31,0,2024,441144,5
Heroes of Science and Fiction,451,92,2024-09-30,0,2024,41492,9
Airline Manager,1506,71,2021-06-23,0,2021,106926,6
Fly Corp,1706,86,2023-05-18,0,2023,146716,5
Geometry Wars™ 3: Dimensions Evolved,1241,90,2014-11-25,0,2014,111690,11
Vanguard Galaxy,64,96,2025-10-30,0,2025,6144,10
Quake Live,2505,88,2014-09-17,0,2014,220440,9
Captain Blood,179,80,2025-05-06,0,2025,14320,5
Feign,238,82,2025-11-22,0,2025,19516,11
Plastic Battlegrounds,179,90,2025-07-10,0,2025,16110,7
Cattle Country,258,87,2025-05-27,0,2025,22446,5
Parkasaurus,1894,93,2020-08-12,0,2020,176142,8
Executive Assault 2,1424,83,2023-10-18,0,2023,118192,10
PAYDAY™ The Heist,8565,92,2011-10-20,0,2011,787980,10
Kill It With Fire,2564,96,2020-08-13,0,2020,246144,8
eSail Sailing Simulator,692,93,2019-03-26,0,2019,64356,3
Potion Tycoon,589,70,2024-10-04,0,2024,41230,10
Infinite Tournament Paintball,419,83,2020-08-02,0,2020,34777,8
Journey of Realm：Dawn Dew,1601,97,2025-08-13,0,2025,155297,8
PHOGS!,1015,78,2020-12-03,0,2020,79170,12
"Cute, Broke, and Dungeon Bound",79,93,2025-09-04,0,2025,7347,9
Gloomy Eyes,81,93,2025-09-12,0,2025,7533,9
West Hunt,1467,86,2023-03-23,0,2023,126162,3
Pode,443,90,2020-04-03,0,2020,39870,4
Corner Kitchen Fast Food Simulator,339,86,2025-03-04,0,2025,29154,3
Aquarist,847,82,2024-03-29,0,2024,69454,3
FUNKYHEART,81,93,2025-10-22,0,2025,7533,10
House Builder,815,76,2024-01-15,0,2024,61940,1
Secret Agent Wizard Boy and the International Crime Syndicate,748,97,2025-03-06,0,2025,72556,3
The Crazy Hyper-Dungeon Chronicles,143,83,2025-10-23,0,2025,11869,10
The Surge,4230,76,2017-05-15,0,2017,321480,5
SchoolBoy Runaway,1370,92,2024-12-07,0,2024,126040,12
Passpartout 2: The Lost Artist,1127,95,2023-04-04,0,2023,107065,4
Pizza Bandit,156,83,2025-08-25,0,2025,12948,8
Tom Clancy's Rainbow Six® Vegas,1457,80,2008-04-09,0,2008,116560,4
World War Armies,871,61,2024-05-02,0,2024,53131,5
Dark Messiah of Might & Magic,4595,89,2006-10-25,0,2006,408955,10
Boxes: Lost Fragments,1457,91,2024-02-01,0,2024,132587,2
METAL SLUG,1020,86,2015-06-25,0,2015,87720,6
Risk of Rain (2013),14825,93,2013-11-08,0,2013,1378725,11
Depth,9945,90,2014-11-03,0,2014,895050,11
Cabin Crew Life Simulator,388,72,2025-02-19,0,2025,27936,2
Nidhogg,4037,91,2014-01-13,0,2014,367367,1
Farm Together,4652,93,2018-10-11,0,2018,432636,10
Surgeon Simulator,8333,83,2013-04-19,0,2013,691639,4
Tales of Berseria™,6227,91,2017-01-26,0,2017,566657,1
Crimson Desert,,,2026-03-19,0,2026,,3
SubwaySim 2,604,83,2025-04-29,0,2025,50132,4
Chronoquartz,168,100,2025-10-01,0,2025,16800,10
Supraland Six Inches Under,1511,95,2022-01-14,0,2022,143545,1
Prodeus,4001,92,2022-09-23,0,2022,368092,9
The 7th Guest VR,392,93,2023-10-19,0,2023,36456,10
Little Witch Nobeta,2851,94,2022-09-28,0,2022,267994,9
Last Command,447,96,2022-10-25,0,2022,42912,10
Intruder,3784,89,2019-03-01,0,2019,336776,3
LEGO® The Incredibles,1355,89,2018-06-15,0,2018,120595,6
Slice & Dice,1746,96,2024-03-20,0,2024,167616,3
Grow: Song of the Evertree,1721,83,2021-11-16,0,2021,142843,11
Fable - The Lost Chapters,4166,90,2011-12-19,0,2011,374940,12
Astronomics,548,90,2025-02-10,0,2025,49320,2
Star Traders: Frontiers,3159,84,2018-07-31,0,2018,265356,7
The Ditzy Demons Are in Love With Me,1456,96,2018-10-26,0,2018,139776,10
Arzette: The Jewel of Faramore,735,97,2024-02-13,0,2024,71295,2
Are You Smarter Than A 5th Grader,71,61,2022-08-23,0,2022,4331,8
The Matchless Kungfu,1262,87,2024-11-05,0,2024,109794,11
Bastion,17430,96,2011-08-16,0,2011,1673280,8
The Unfinished Swan,1718,84,2020-09-10,0,2020,144312,9
Burger Bots Inc.,71,94,2025-09-02,0,2025,6674,9
Havendock,1372,83,2025-04-22,0,2025,113876,4
Super Auto Pets,24509,91,2021-09-24,0,2021,2230319,9
Microtopia,728,86,2025-02-18,0,2025,62608,2
Thief,7294,67,2014-02-27,0,2014,488698,2
Atelier Meruru ~The Apprentice of Arland~ DX,295,94,2018-12-03,0,2018,27730,12
TETRIS® THE GRAND MASTER 4 -ABSOLUTE EYE-,505,87,2025-04-03,0,2025,43935,4
Atelier Totori ~The Adventurer of Arland~ DX,348,80,2018-12-03,0,2018,27840,12
Gnomes,1289,95,2025-04-04,0,2025,122455,4
In Silence,4718,73,2021-10-29,0,2021,344414,10
"Badlands Crew - Drive, Command, Conquer",978,80,2025-04-28,0,2025,78240,4
Terraformers,1667,89,2023-03-09,0,2023,148363,3
Freddi Fish 2: The Case of the Haunted Schoolhouse,216,98,2014-05-01,0,2014,21168,5
Tower Factory,907,87,2024-11-07,0,2024,78909,11
INTO EVIL,67,94,2025-11-07,0,2025,6298,11
Hex of Steel,695,95,2020-08-31,0,2020,66025,8
NAIAD,399,96,2024-12-10,0,2024,38304,12
Evil Genius 2: World Domination,7347,68,2021-03-30,0,2021,499596,3
Killing Time: Resurrected,280,93,2024-10-17,0,2024,26040,10
of the Devil,1444,99,2025-02-06,0,2025,142956,2
Greedland,452,84,2025-09-15,0,2025,37968,9
Unity of Command II,1857,80,2019-11-12,0,2019,148560,11
The Beginner's Guide,14903,88,2015-10-01,0,2015,1311464,10
City Transport Simulator®,1269,66,2025-01-28,0,2025,83754,1
KALPA: Cosmic Symphony,475,82,2025-10-01,0,2025,38950,10
Swords & Souls: Neverseen,2597,92,2019-07-22,0,2019,238924,7
Lilialette's Hustle: Getting My Hands Dirty to Save My Guild,56,53,2025-10-10,0,2025,2968,10
Farmagia,51,47,2024-11-01,0,2024,2397,11
Magical Girl Konoha,268,82,2025-03-07,0,2025,21976,3
Puffin Planes,319,96,2024-09-04,0,2024,30624,9
Voor De Kroon,346,88,2022-12-09,0,2022,30448,12
Supreme Commander,1200,88,2011-09-28,0,2011,105600,9
Vault of the Void,1359,93,2022-10-04,0,2022,126387,10
Rift Riff,311,96,2025-05-09,0,2025,29856,5
Chernobylite Complete Edition,5291,83,2021-07-28,0,2021,439153,7
Of Lies and Rain,91,90,2025-11-04,0,2025,8190,11
Kingdom Rush Origins - Tower Defense,1573,94,2018-10-17,0,2018,147862,10
Dream Daddy: A Dad Dating Simulator,4610,92,2017-07-20,0,2017,424120,7
Nickelodeon All-Star Brawl 2,916,81,2023-11-07,0,2023,74196,11
Tin Can,989,85,2022-05-12,0,2022,84065,5
Town of Salem,24450,88,2014-12-15,0,2014,2151600,12
Node Math,32,81,2025-10-27,0,2025,2592,10
Cult of the Child Eater,17,76,2025-11-20,0,2025,1292,11
Ruined King: A League of Legends Story™,4334,89,2021-11-16,0,2021,385726,11
Onimusha: Warlords,1256,94,2019-01-15,0,2019,118064,1
Space Haven,5028,85,2020-05-21,0,2020,427380,5
CRYMACHINA,610,86,2023-10-24,0,2023,52460,10
Dungreed,2453,93,2018-02-14,0,2018,228129,2
Legend of Grimrock 2,1982,89,2014-10-15,0,2014,176398,10
Twisted Gallery 异馆,242,84,2025-07-23,0,2025,20328,7
Kingdom Rush Frontiers - Tower Defense,2354,94,2016-07-25,0,2016,221276,7
s.p.l.i.t,1711,93,2025-07-24,0,2025,159123,7
Medal of Honor™: Above and Beyond,1779,62,2020-12-10,0,2020,110298,12
Nicktoons & The Dice of Destiny,24,91,2025-09-30,0,2025,2184,9
Deus Ex: Game of the Year Edition,10072,95,2007-03-29,0,2007,956840,3
Umineko When They Cry - Answer Arcs,1261,95,2017-11-17,0,2017,119795,11
Purrrifiers: Cleaning Chaos – Cats & Goofylike Co-op,45,64,2025-11-04,0,2025,2880,11
Prince of Persia: The Two Thrones™,1085,78,2008-11-21,0,2008,84630,11
Heaven's Vault,1808,86,2019-04-16,0,2019,155488,4
Beloved Rapture,195,84,2024-10-07,0,2024,16380,10
Ys: The Oath in Felghana,1816,93,2012-03-19,0,2012,168888,3
RESONANCE OF FATE™/END OF ETERNITY™ 4K/HD EDITION,891,80,2018-10-17,0,2018,71280,10
Do Not Feed the Monkeys,2140,91,2018-10-23,0,2018,194740,10
LEGO® Batman™ 2: DC Super Heroes,3464,94,2012-06-22,0,2012,325616,6
STEINS;GATE 0,1461,94,2018-05-08,0,2018,137334,5
God Of Weapons,2116,85,2023-09-12,0,2023,179860,9
Exogate Initiative,618,75,2025-01-28,0,2025,46350,1
Politics The Game,1611,94,2025-10-22,0,2025,151434,10
World of Warplanes,2347,71,2022-02-10,0,2022,166637,2
Platform 8,966,87,2024-05-31,0,2024,84042,5
Ascend From Nine Mountains,81,95,2025-10-01,0,2025,7695,10
Unpossess: Exorcism Simulator,342,72,2025-03-21,0,2025,24624,3
Chinese Parents,1546,92,2018-09-28,0,2018,142232,9
Dungeons & Dragons: Chronicles of Mystara,1415,81,2013-06-18,0,2013,114615,6
JudgeSim,1107,84,2024-07-16,0,2024,92988,7
Dread Dawn,1944,72,2024-09-30,0,2024,139968,9
Idle Skilling,1723,69,2022-09-15,0,2022,118887,9
KartKraft™,1551,71,2018-11-01,0,2018,110121,11
60 Seconds!,3491,81,2015-05-25,0,2015,282771,5
Successor,36,66,2025-10-24,0,2025,2376,10
Prince of Persia: Warrior Within™,1585,80,2008-11-21,0,2008,126800,11
Darksiders II Deathinitive Edition,4658,75,2015-11-05,0,2015,349350,11
Valiant Hearts: The Great War™ / Soldats Inconnus : Mémoires de la Grande Guerre™,7169,93,2014-06-25,0,2014,666717,6
GRIME,2077,90,2021-08-02,0,2021,186930,8
Nuclear Throne,9182,96,2015-12-05,0,2015,881472,12
Welcome to the Game II,1825,81,2018-04-03,0,2018,147825,4
Firefighting Simulator - The Squad,2270,81,2020-11-17,0,2020,183870,11
A Better World,22,72,2025-11-17,0,2025,1584,11
TY the Tasmanian Tiger 2,739,94,2017-12-12,0,2017,69466,12
The Bus,1503,67,2021-03-25,0,2021,100701,3
Ni no Kuni Wrath of the White Witch™ Remastered,2309,84,2019-09-19,0,2019,193956,9
Etheria: Restart,150,54,2025-10-23,0,2025,8100,10
Metal Slug Tactics,1047,77,2024-11-05,0,2024,80619,11
Critter Café,186,73,2024-11-26,0,2024,13578,11
Love is All Around 2,3307,82,2025-07-16,0,2025,271174,7
The Boss Gangsters : Nightlife,74,83,2025-10-31,0,2025,6142,10
Xanadu Next,728,91,2016-11-03,0,2016,66248,11
Tales of Symphonia,2742,84,2016-02-01,0,2016,230328,2
Gal*Gun Returns,210,86,2021-02-12,0,2021,18060,2
Verdun,17397,88,2015-04-28,0,2015,1530936,4
Night Club Simulator,201,62,2025-07-30,0,2025,12462,7
WWE 2K24,3922,73,2024-03-07,0,2024,286306,3
CONVRGENCE,1059,85,2024-04-22,0,2024,90015,4
Distance,4077,93,2018-09-18,0,2018,379161,9
PUMP IT UP RISE,532,78,2025-07-14,0,2025,41496,7
Degrees of Separation,914,80,2019-02-13,0,2019,73120,2
Stella of The End,299,97,2023-09-25,0,2023,29003,9
UMAMI,29,100,2025-11-17,0,2025,2900,11
Gestalt: Steam & Cinder,1588,80,2024-07-16,0,2024,127040,7
Click and Conquer,1487,94,2025-06-25,0,2025,139778,6
Mining Mechs,1100,90,2023-10-27,0,2023,99000,10
Avakin Life,673,64,2025-08-13,0,2025,43072,8
Darksiders™,3045,87,2010-09-23,0,2010,264915,9
Power Rangers: Battle for the Grid,1380,82,2019-09-24,0,2019,113160,9
Bewitching Sinners,374,96,2024-05-02,0,2024,35904,5
A Building Full of Cats 2,804,97,2025-06-16,0,2025,77988,6
Taiwan Love Story⁵,795,84,2024-12-18,0,2024,66780,12
Citystate II,1023,73,2021-09-23,0,2021,74679,9
Dead Take,607,88,2025-07-31,0,2025,53416,7
VORON: Raven’s Story,118,92,2025-11-10,0,2025,10856,11
Demon Turf: Queens Edition,493,85,2021-11-04,0,2021,41905,11
The House of Da Vinci 3,1198,89,2022-12-22,0,2022,106622,12
The Use of Life,437,89,2025-11-26,0,2025,38893,11
FPV LOGIC,573,89,2023-06-30,0,2023,50997,6
Desktop Survivors 98,1078,95,2025-05-20,0,2025,102410,5
Hidden Deep,1750,77,2022-01-24,0,2022,134750,1
Romance of the Three Kingdoms XIII,862,68,2017-02-15,0,2017,58616,2
Atelier Firis: The Alchemist and the Mysterious Journey DX,414,73,2021-04-21,0,2021,30222,4
MASH VP! Re:VISION,376,84,2025-03-21,0,2025,31584,3
Torment: Tides of Numenera,1463,71,2017-02-27,0,2017,103873,2
DEEEER Simulator: Your Average Everyday Deer Game,1891,94,2021-11-23,0,2021,177754,11
Syberia: The World Before,1189,86,2022-03-18,0,2022,102254,3
Battle Tanks: World War II,1512,66,2019-02-21,0,2019,99792,2
Nancy Drew®: Ghost of Thornton Hall,293,92,2013-05-14,0,2013,26956,5
SUNLESS SEA,5574,83,2015-02-06,0,2015,462642,2
Exploding Kittens® 2,245,76,2024-08-12,0,2024,18620,8
Dread Flats,1042,84,2025-07-10,0,2025,87528,7
Garden Story,1314,89,2021-08-11,0,2021,116946,8
Trine 5: A Clockwork Conspiracy,746,91,2023-08-31,0,2023,67886,8
Scythe: Digital Edition,2144,90,2018-09-05,0,2018,192960,9
Gori: Cuddly Carnage,1188,96,2024-08-29,0,2024,114048,8
Ghostbusters: Spirits Unleashed Ecto Edition,1039,90,2023-10-19,0,2023,93510,10
Calico,2647,89,2020-12-15,0,2020,235583,12
Secrets of Grindea,3424,87,2024-02-29,0,2024,297888,2
Fahrenheit: Indigo Prophecy Remastered,2091,74,2015-01-28,0,2015,154734,1
港詭實錄ParanormalHK,409,76,2020-01-06,0,2020,31084,1
Inkbound,2686,87,2024-04-09,0,2024,233682,4
Carefully Stamped,66,75,2025-11-15,0,2025,4950,11
Quantum Odyssey,74,95,2025-01-29,0,2025,7030,1
Clustertruck,9466,93,2016-09-27,0,2016,880338,9
"Knowledge, or know Lady",1058,95,2024-03-28,0,2024,100510,3
AI: THE SOMNIUM FILES - nirvanA Initiative,1763,86,2022-06-24,0,2022,151618,6
Islets,1436,96,2022-08-24,0,2022,137856,8
[Chilla's Art] The Closing Shift | 閉店事件,1749,90,2022-03-18,0,2022,157410,3
Tails of Iron,3690,88,2021-09-17,0,2021,324720,9
Surviving the Aftermath,1788,72,2021-11-16,0,2021,128736,11
Oppidum,110,71,2025-04-23,0,2025,7810,4
Endorphin Vice,1149,53,2022-02-17,0,2022,60897,2
FOUNTAINS,329,87,2024-12-20,0,2024,28623,12
S.T.A.L.K.E.R.: Clear Sky - Enhanced Edition,1894,54,2025-05-20,0,2025,102276,5
The Tenants,3586,79,2022-10-20,0,2022,283294,10
Attack on Titan / A.O.T. Wings of Freedom,1980,82,2016-08-26,0,2016,162360,8
Ys VI: The Ark of Napishtim,1276,89,2015-04-28,0,2015,113564,4
SAMURAI SHODOWN,1580,81,2021-06-14,0,2021,127980,6
SUPER PEOPLE,4542,56,2022-10-08,0,2022,254352,10
Disgaea 2 PC,1447,91,2017-01-30,0,2017,131677,1
I Am Fish,916,74,2021-09-16,0,2021,67784,9
The Fruit of Grisaia,988,92,2015-05-29,0,2015,90896,5
Aztecs: The Last Sun,56,73,2025-09-23,0,2025,4088,9
Looking Up I See Only A Ceiling,1068,92,2023-03-09,0,2023,98256,3
Noun Town Language Learning,545,88,2023-11-02,0,2023,47960,11
Spirittea,620,85,2023-11-13,0,2023,52700,11
Loan Shark,411,83,2025-08-08,0,2025,34113,8
Birth,2204,97,2023-02-17,0,2023,213788,2
Rez Infinite,1104,91,2017-08-09,0,2017,100464,8
Nitroplus Blasterz: Heroines Infinite Duel,954,90,2016-12-08,0,2016,85860,12
Shattered Pixel Dungeon,1748,95,2022-03-23,0,2022,166060,3
Heroes of Valor,1032,91,2025-06-12,0,2025,93912,6
Brush Burial,155,87,2023-12-01,0,2023,13485,12
Bō: Path of the Teal Lotus,1115,81,2024-07-17,0,2024,90315,7
Into Black,77,89,2025-08-27,0,2025,6853,8
Demon Slayer -Kimetsu no Yaiba- Sweep the Board!,76,84,2024-07-16,0,2024,6384,7
Finding Frankie,1558,89,2024-10-25,0,2024,138662,10
Flyout,1854,82,2023-11-17,0,2023,152028,11
Animation Throwdown: The Quest for Cards,2384,71,2017-05-05,0,2017,169264,5
Mosa Lina,1780,95,2023-10-17,0,2023,169100,10
Airborne Kingdom,1991,87,2022-03-07,0,2022,173217,3
Farming Simulator 17,6885,92,2016-10-24,0,2016,633420,10
TowerFall Ascension,1702,94,2014-03-11,0,2014,159988,3
觅长生,367,94,2023-01-12,0,2023,34498,1
LEGO® Bricktales,1515,84,2022-10-12,0,2022,127260,10
Bank Simulator,265,72,2025-06-06,0,2025,19080,6
I Expect You To Die,1660,95,2017-04-25,0,2017,157700,4
Shadow Labyrinth,232,56,2025-07-17,0,2025,12992,7
Vegas Casino & Slots: Slottist,131,63,2025-08-05,0,2025,8253,8
Project Winter,4731,86,2019-05-23,0,2019,406866,5
Monster Energy Supercross 25 - The Official Video Game,197,47,2025-04-10,0,2025,9259,4
Trolddom,73,93,2025-11-05,0,2025,6789,11
Alien Hominid HD,519,95,2023-11-01,0,2023,49305,11
Heave Ho,1910,91,2019-08-29,0,2019,173810,8
Warside,448,67,2025-04-14,0,2025,30016,4
Graviteam Tactics: Mius-Front,1041,89,2016-03-04,0,2016,92649,3
oneway.exe: Module 1.0,59,83,2025-10-22,0,2025,4897,10
The Room Two,9862,97,2016-07-05,0,2016,956614,7
The Brew Barons,759,77,2024-03-01,0,2024,58443,3
Deep Sleep: Labyrinth of the Forsaken,408,94,2025-08-21,0,2025,38352,8
STAR WARS™ Galactic Battlegrounds Saga,2478,92,2016-03-01,0,2016,227976,3
Armored Brigade II,104,87,2025-04-08,0,2025,9048,4
Enigma of Fear,208,91,2024-11-28,0,2024,18928,11
NEKOPARA Vol. 2,2913,96,2016-02-19,0,2016,279648,2
Quern - Undying Thoughts,2406,90,2016-11-28,0,2016,216540,11
SimplePlanes,6758,93,2015-12-17,0,2015,628494,12
Turbo Dismount® 2,432,96,2025-01-23,0,2025,41472,1
9 Years of Shadows,1982,79,2023-03-27,0,2023,156578,3
Blood Bowl 2,4789,77,2017-09-05,0,2017,368753,9
Withering Rooms,1016,96,2024-04-05,0,2024,97536,4
Terminus: Zombie Survivors,1645,94,2024-08-19,0,2024,154630,8
The Break-In,1976,88,2025-05-29,0,2025,173888,5
Jade Empire™: Special Edition,1786,75,2007-02-27,0,2007,133950,2
Growing Up,2131,87,2021-10-13,0,2021,185397,10
Sugardew Island - Your cozy farm shop,249,75,2025-03-07,0,2025,18675,3
TopSpin 2K25,1761,57,2024-04-25,0,2024,100377,4
MMORPG Tycoon 2,1540,85,2020-01-06,0,2020,130900,1
Songs of Silence,1968,79,2024-11-13,0,2024,155472,11
I Am Cat,357,69,2024-12-05,0,2024,24633,12
Lunch Lady,5776,87,2021-04-15,0,2021,502512,4
Ib,1438,99,2022-04-11,0,2022,142362,4
Afterimage,1222,86,2023-04-24,0,2023,105092,4
ZeroRanger,1840,95,2018-09-28,0,2018,174800,9
Aliens: Colonial Marines Collection,4173,57,2012-05-01,0,2012,237861,5
My Little Farmies,595,54,2018-02-27,0,2018,32130,2
Reach,152,63,2025-10-16,0,2025,9576,10
BLADECHIMERA,1088,88,2025-01-15,0,2025,95744,1
Sushi Cat Legacy Collection,83,100,2025-11-10,0,2025,8300,11
Crawl,3843,95,2017-04-11,0,2017,365085,4
Void Bastards,2701,87,2019-05-28,0,2019,234987,5
Gourdlets,1757,93,2024-08-15,0,2024,163401,8
Yellow Taxi Goes Vroom,1326,97,2024-04-09,0,2024,128622,4
Tobacco Shop Simulator,635,90,2025-06-22,0,2025,57150,6
Cat Quest,3375,95,2017-08-08,0,2017,320625,8
Slave Zero X,368,78,2024-02-21,0,2024,28704,2
Chuzzle Deluxe,1259,93,2006-08-30,0,2006,117087,8
Mortal Kombat 11 Ultimate,,,2020-11-17,0,2020,,11
Disciples: Liberation,869,71,2021-10-21,0,2021,61699,10
Into The Flames,1407,83,2023-01-10,0,2023,116781,1
Terminull Brigade™,2492,48,2025-07-29,0,2025,119616,7
Anno 1602 History Edition,191,75,2024-04-22,0,2024,14325,4
The Great Rebellion,517,97,2024-02-01,0,2024,50149,2
Hymer 2000,620,95,2025-11-12,0,2025,58900,11
Cozy Grove,3690,90,2021-04-07,0,2021,332100,4
Ai & the Demon & the Curse of Lust,34,97,2025-10-02,0,2025,3298,10
Wizardry: Proving Grounds of the Mad Overlord,1007,79,2024-05-23,0,2024,79553,5
7 Billion Humans,1780,93,2018-08-23,0,2018,165540,8
Echo Generation: Midnight Edition,82,91,2024-06-19,0,2024,7462,6
Jusant,2155,93,2023-10-31,0,2023,200415,10
Shatterland,19,89,2025-11-14,0,2025,1691,11
Beholder 2,1001,82,2018-12-04,0,2018,82082,12
Iron Lung,6457,92,2022-03-09,0,2022,594044,3
Rise of the Triad: Ludicrous Edition,636,94,2023-07-31,0,2023,59784,7
Realm Grinder,4001,86,2017-06-15,0,2017,344086,6
FEAR Complete Pack,,,2012-07-12,0,2012,,7
King Of The Castle,1310,91,2023-03-02,0,2023,119210,3
Zombie Army Trilogy,4947,85,2015-03-06,0,2015,420495,3
Demons Roots,1862,94,2023-01-13,0,2023,175028,1
Ashen Empires,428,76,2022-09-02,0,2022,32528,9
Corpse Party,1219,89,2016-04-25,0,2016,108491,4
Idle Wizard,1678,86,2019-01-24,0,2019,144308,1
Underground Blossom,1293,97,2023-09-27,0,2023,125421,9
The Secret of Monkey Island: Special Edition,2959,95,2009-07-15,0,2009,281105,7
Anno 2070™,6809,54,2011-11-17,0,2011,367686,11
Mundaun,1266,93,2021-03-16,0,2021,117738,3
Raging Loop,721,90,2017-08-23,0,2017,64890,8
Trine 4: The Nightmare Prince,2824,93,2019-10-08,0,2019,262632,10
Lost Lullabies: The Orphanage Chronicles,384,72,2025-10-27,0,2025,27648,10
The Plucky Squire,955,81,2024-09-17,0,2024,77355,9
Motel Manager Simulator,1335,85,2024-08-26,0,2024,113475,8
Sucker for Love: First Date,2030,98,2022-01-20,0,2022,198940,1
WARRIORS ALL-STARS,682,71,2017-08-29,0,2017,48422,8
The Red Lantern,812,84,2021-12-08,0,2021,68208,12
Sonic Generations Collection,12463,93,2011-11-03,0,2011,1159059,11
Cube Escape Collection,1723,97,2020-10-14,0,2020,167131,10
THRESHOLD,928,86,2024-11-19,0,2024,79808,11
Sovereign Syndicate,424,80,2024-01-15,0,2024,33920,1
Max Payne 2: The Fall of Max Payne,4871,94,2008-01-04,0,2008,457874,1
VALKYRIE DRIVE -BHIKKHUNI-,1133,84,2017-06-20,0,2017,95172,6
Aragami 2,1441,75,2021-09-17,0,2021,108075,9
NO-SKIN,1002,96,2025-02-16,0,2025,96192,2
Skopje '83,110,64,2025-11-07,0,2025,7040,11
An Elder Scrolls Legend: Battlespire,142,69,2022-04-26,0,2022,9798,4
"Poker Master - Texas Hold'em, Roulette, Blackjack, Baccarat, Omaha, Slots, Teen Patti",402,66,2020-09-23,0,2020,26532,9
Klonoa Phantasy Reverie Series,1652,94,2022-07-07,0,2022,155288,7
UNYIELDER,101,60,2025-09-29,0,2025,6060,9
Overlord™: Raising Hell,1847,92,2008-02-28,0,2008,169924,2
Ghost Song,917,84,2022-11-03,0,2022,77028,11
The Falconeer: Revolution Remaster,380,81,2020-11-10,0,2020,30780,11
Bakery Cafe Simulator,242,74,2025-07-08,0,2025,17908,7
HOTEL BARCELONA,169,58,2025-09-26,0,2025,9802,9
Barn Finders,1443,84,2020-06-15,0,2020,121212,6
THE KING OF FIGHTERS XIV STEAM EDITION,622,82,2017-06-15,0,2017,51004,6
Vertigo 2,2081,96,2023-03-30,0,2023,199776,3
Mortal Kombat XL,,,,0,,,
Heroes of Might & Magic V: Tribes of the East,894,91,2008-10-10,0,2008,81354,10
Embers Adrift,154,72,2025-04-29,0,2025,11088,4
Hitman: Codename 47,1819,63,2007-03-15,0,2007,114597,3
The Walking Dead: Saints & Sinners - Chapter 2: Retribution,1425,64,2023-03-21,0,2023,91200,3
Anima Gate of Memories: I&II Remaster,28,92,2025-11-07,0,2025,2576,11
"Bang Average Football – Play, Manage, Create",263,97,2024-05-10,0,2024,25511,5
DEFCON,2677,88,2012-04-24,0,2012,235576,4
FINAL FANTASY TYPE-0™ HD,1461,60,2015-08-18,0,2015,87660,8
BallisticNG,1814,95,2018-12-14,0,2018,172330,12
I'm on Observation Duty 6,593,94,2023-09-01,0,2023,55742,9
Borderlands Game of the Year Enhanced,12040,79,2009-10-26,0,2009,951160,10
Haydee 3,275,85,2025-02-28,0,2025,23375,2
Factory Town,2371,91,2021-11-17,0,2021,215761,11
Happy Game,1126,88,2021-10-28,0,2021,99088,10
Shooty Shooty Robot Invasion,149,97,2025-07-10,0,2025,14453,7
Moving Out,1520,82,2020-04-28,0,2020,124640,4
Unboxing the Cryptic Killer,1970,90,2023-04-27,0,2023,177300,4
Turnip Boy Robs a Bank,1743,95,2024-01-18,0,2024,165585,1
SimRail - The Railway Simulator,856,80,2024-12-13,0,2024,68480,12
Red Matter 2,596,93,2022-08-18,0,2022,55428,8
Strategic Command WWII: War in the Pacific,81,85,2024-07-18,0,2024,6885,7
Vampire: The Masquerade — Night Road,659,90,2020-09-24,0,2020,59310,9
Alien Hominid Invasion,1532,88,2023-11-01,0,2023,134816,11
Crab God,221,82,2024-06-20,0,2024,18122,6
Kind Words 2 (lofi city pop),535,92,2024-10-07,0,2024,49220,10
Merge Adventure: Magic Dragons,220,78,2023-08-27,0,2023,17160,8
DRAGON BALL XENOVERSE,6822,85,2015-02-26,0,2015,579870,2
Fear Effect,58,86,2025-08-29,0,2025,4988,8
Shadow Man Remastered,1263,94,2021-04-15,0,2021,118722,4
Sani Yang's Laboratory,292,99,2025-09-29,0,2025,28908,9
Preserve,573,92,2025-05-15,0,2025,52716,5
En Garde!,2201,92,2023-08-16,0,2023,202492,8
Scene Investigators,824,75,2023-10-24,0,2023,61800,10
Castle Craft,299,87,2025-04-28,0,2025,26013,4
Three Kingdoms Mushouden,1603,73,2025-06-16,0,2025,117019,6
PARANOIA PLACE,1187,88,2025-04-09,0,2025,104456,4
Styx: Shards of Darkness,2049,83,2017-03-14,0,2017,170067,3
Marble World,1151,90,2022-09-30,0,2022,103590,9
NEKOPARA After,907,91,2025-06-30,0,2025,82537,6
AI: The Somnium Files,4215,91,2019-09-17,0,2019,383565,9
DeadPoly,3705,78,2022-01-12,0,2022,288990,1
Knock on the Coffin Lid,1249,81,2024-08-08,0,2024,101169,8
I Wani Hug that Gator!,3188,98,2024-02-14,0,2024,312424,2
Rebellion GODSOUL: Awakening,2105,84,2025-05-01,0,2025,176820,5
TAIMA MIKO,79,79,2025-09-19,0,2025,6241,9
Europa,611,86,2024-10-11,0,2024,52546,10
UBERMOSH,1760,90,2015-08-13,0,2015,158400,8
Gravity Circuit,1936,95,2023-07-13,0,2023,183920,7
Mineko's Night Market,285,77,2023-09-26,0,2023,21945,9
Disgaea 7: Vows of the Virtueless,864,76,2023-10-03,0,2023,65664,10
Regiments,1528,87,2022-08-16,0,2022,132936,8
BLEACH Brave Souls,5490,86,2020-08-17,0,2020,472140,8
Manhunt,2676,66,2008-01-04,0,2008,176616,1
TY the Tasmanian Tiger 3,230,81,2018-12-17,0,2018,18630,12
Mega Man Legacy Collection,2111,87,2015-08-24,0,2015,183657,8
SpellRogue,1433,86,2025-04-24,0,2025,123238,4
Everhood,8067,95,2021-03-04,0,2021,766365,3
LEGO® Builder's Journey,2289,81,2021-06-22,0,2021,185409,6
Resident Evil Deluxe Origins Bundle / Biohazard Deluxe Origins Bundle,,,2016-01-19,0,2016,,1
Coffee Caravan,1245,92,2024-05-20,0,2024,114540,5
The Darkness II,3463,89,2012-02-09,0,2012,308207,2
Zombie Gunship Survival,771,55,2021-09-22,0,2021,42405,9
Mutant Year Zero: Road to Eden,6358,89,2018-12-04,0,2018,565862,12
Overthrown,195,70,2024-12-05,0,2024,13650,12
Hard Time III,746,84,2024-09-09,0,2024,62664,9
Hunter: The Reckoning — A Time of Monsters,43,90,2025-11-13,0,2025,3870,11
Urge,413,90,2021-11-15,0,2021,37170,11
Love n Life: Happy Student,451,83,2025-07-18,0,2025,37433,7
Onigiri Shop Simulator,254,97,2025-09-04,0,2025,24638,9
Squirrel Stapler,1722,96,2023-09-11,0,2023,165312,9
Ghost Exile,1041,86,2022-01-07,0,2022,89526,1
Steelrising,1489,74,2022-09-08,0,2022,110186,9
Pikuniku,3516,95,2019-01-24,0,2019,334020,1
Bloons TD Battles,21173,90,2016-04-20,0,2016,1905570,4
Nidhogg 2,980,81,2017-08-15,0,2017,79380,8
Juice Galaxy,518,98,2023-11-22,0,2023,50764,11
IMMORTALITY,1628,84,2022-08-30,0,2022,136752,8
The Medium,3741,88,2021-01-28,0,2021,329208,1
Click To Continue,252,91,2025-05-15,0,2025,22932,5
Wolf Mate,405,91,2025-08-18,0,2025,36855,8
Warhammer The Horus Heresy: Legions,1426,59,2019-03-28,0,2019,84134,3
Voxel Project VR,206,88,2025-02-14,0,2025,18128,2
NARUTO: Ultimate Ninja STORM,1864,76,2017-08-25,0,2017,141664,8
ShipCrafter,70,97,2025-10-31,0,2025,6790,10
Lake of Creatures,171,91,2024-11-15,0,2024,15561,11
JUMP KING QUEST,594,86,2025-02-12,0,2025,51084,2
Crystal Project,2048,92,2022-03-31,0,2022,188416,3
Wedding Witch,1775,92,2023-11-03,0,2023,163300,11
Without a Dawn,396,95,2025-05-19,0,2025,37620,5
Tribal Wars,795,71,2020-11-12,0,2020,56445,11
Fischer's Fishing Journey,935,92,2025-08-07,0,2025,86020,8
Clock Tower: Rewind,400,88,2024-10-28,0,2024,35200,10
Wizardry: The Five Ordeals,494,85,2023-10-26,0,2023,41990,10
Haydee 2,1557,88,2020-11-23,0,2020,137016,11
The Iron Oath,722,77,2023-11-02,0,2023,55594,11
Fisher Online,527,81,2019-10-27,0,2019,42687,10
Gem Defender: Soyjak Survivors,564,95,2023-10-23,0,2023,53580,10
Kiosk,1800,88,2025-01-29,0,2025,158400,1
美女，请别影响我成仙,2743,94,2025-06-19,0,2025,257842,6
We Need To Go Deeper,2702,86,2019-08-01,0,2019,232372,8
Brothers: A Tale of Two Sons Remake,729,69,2024-02-28,0,2024,50301,2
SMASH LEGENDS,2834,66,2021-04-12,0,2021,187044,4
Voidigo,2518,96,2023-06-08,0,2023,241728,6
Brothers in Arms: Earned in Blood™,1025,86,2009-07-17,0,2009,88150,7
Kathy Rain: Director's Cut,1021,93,2021-10-26,0,2021,94953,10
Titan Isles,23,86,2025-09-25,0,2025,1978,9
Pizza Possum,1562,93,2023-09-28,0,2023,145266,9
Pro Wrestling Sim,552,96,2021-03-29,0,2021,52992,3
Drill Bird,126,98,2025-11-09,0,2025,12348,11
Romancing SaGa -Minstrel Song- Remastered,292,86,2022-12-01,0,2022,25112,12
Rise Of The White Sun - 白日升,662,86,2023-09-21,0,2023,56932,9
Windward Horizon,335,80,2025-05-22,0,2025,26800,5
Kokoro Kitchen,25,100,2025-10-17,0,2025,2500,10
TimeShift™,1076,80,2009-07-23,0,2009,86080,7
3dSen PC,482,91,2025-06-19,0,2025,43862,6
V-Racer Hoverbike,280,90,2025-06-30,0,2025,25200,6
Eastshade,3391,89,2019-02-13,0,2019,301799,2
Stardeus,1356,87,2022-10-12,0,2022,117972,10
Goodbye Volcano High,1557,89,2023-08-29,0,2023,138573,8
The Drone Racing League Simulator,2001,92,2017-11-01,0,2017,184092,11
Henry Halfhead,116,99,2025-09-16,0,2025,11484,9
Call of the Sea,2171,87,2020-12-08,0,2020,188877,12
The Room VR: A Dark Matter,2387,97,2020-03-26,0,2020,231539,3
WRC 7 FIA World Rally Championship,1333,74,2017-09-15,0,2017,98642,9
Urbek City Builder,1569,90,2022-07-13,0,2022,141210,7
SteamWorld Dig 2,2865,95,2017-09-22,0,2017,272175,9
Just Crow Things,269,94,2024-08-15,0,2024,25286,8
UnderMine,4314,90,2020-08-06,0,2020,388260,8
Hacker Simulator,1088,76,2021-10-20,0,2021,82688,10
Toziuha Night: Order of the Alchemists,66,84,2025-10-27,0,2025,5544,10
Forsaken Frontiers,334,82,2025-05-25,0,2025,27388,5
Nobody Saves the World,2127,92,2022-01-18,0,2022,195684,1
Scourge Of War - Remastered,138,92,2024-09-06,0,2024,12696,9
Fish Game,525,93,2023-10-26,0,2023,48825,10
HOT WHEELS UNLEASHED™,2910,76,2021-09-30,0,2021,221160,9
This Is the Police,2818,73,2016-08-02,0,2016,205714,8
Small Saga,1670,95,2023-11-16,0,2023,158650,11
Slot & Dungeons,191,83,2025-10-30,0,2025,15853,10
Star Conflict,6136,69,2013-02-27,0,2013,423384,2
Planetbase,5533,77,2015-10-15,0,2015,426041,10
Serious Sam: Siberian Mayhem,1452,91,2022-01-25,0,2022,132132,1
Return to Castle Wolfenstein,3967,91,2007-08-03,0,2007,360997,8
Sickly Days and Summer Traces,974,93,2025-06-20,0,2025,90582,6
Dice Dice Baby,43,90,2025-11-05,0,2025,3870,11
Smushi Come Home,1839,99,2023-06-10,0,2023,182061,6
Unspottable,633,90,2020-10-22,0,2020,56970,10
Nightmare Knight ~Sacred Maiden & Fallen Magic~,453,86,2024-11-01,0,2024,38958,11
Receiver 2,2366,90,2020-04-14,0,2020,212940,4
Sapiens,1947,83,2022-07-26,0,2022,161601,7
GeckoShop,238,84,2025-04-24,0,2025,19992,4
BEYBLADE X XONE,139,77,2024-11-13,0,2024,10703,11
Midori no Kaori,363,96,2025-10-21,0,2025,34848,10
Monster Jam™ Showdown,144,75,2024-08-29,0,2024,10800,8
Talisman: Digital 5th Edition,177,69,2024-11-14,0,2024,12213,11
Alex Hill: Whispers at White Oak Inn,314,96,2025-03-07,0,2025,30144,3
Project Castaway,1362,67,2024-09-23,0,2024,91254,9
The Elder Scrolls Adventures: Redguard,167,67,2022-04-26,0,2022,11189,4
ELEX II,1391,71,2022-03-01,0,2022,98761,3
Your Chronicle,1347,80,2021-04-04,0,2021,107760,4
Bright Memory: Infinite,4595,85,2021-11-11,0,2021,390575,11
Mercury Abbey,666,93,2024-11-21,0,2024,61938,11
HIVESWAP: ACT 2,963,87,2020-11-25,0,2020,83781,11
VALKYRIE ELYSIUM,966,60,2022-11-11,0,2022,57960,11
Chippy,1031,90,2019-06-14,0,2019,92790,6
Stash: A Card Looter,140,82,2025-09-21,0,2025,11480,9
Bullet Witch,650,70,2018-04-25,0,2018,45500,4
Hob,1864,89,2017-09-26,0,2017,165896,9
SaGa Emerald Beyond,281,72,2024-04-25,0,2024,20232,4
Atomic Picnic,415,71,2024-11-07,0,2024,29465,11
Touhou Fuujinroku ~ Mountain of Faith.,1354,98,2020-06-05,0,2020,132692,6
One Piece Burning Blood,885,78,2016-09-01,0,2016,69030,9
Full Throttle Remastered,1219,91,2017-04-18,0,2017,110929,4
Legendary Tales,2055,75,2024-02-08,0,2024,154125,2
Spin Rhythm XD,2347,97,2023-03-14,0,2023,227659,3
CashGrab: Refunded,164,89,2025-06-20,0,2025,14596,6
One Hour One Life,2853,79,2018-11-08,0,2018,225387,11
Darksiders III,4216,76,2018-11-27,0,2018,320416,11
The Boba Teashop,713,95,2025-04-20,0,2025,67735,4
SUMMERHOUSE,1328,93,2024-03-08,0,2024,123504,3
Cloud Gardens,1304,95,2021-09-01,0,2021,123880,9
Monster: Titan's Playground,170,92,2025-07-24,0,2025,15640,7
Dark Moon,119,54,2025-10-29,0,2025,6426,10
Multi Turret Academy,1362,95,2024-01-18,0,2024,129390,1
Sid Meier's Civilization® III Complete,3882,91,2006-10-25,0,2006,353262,10
LoveChoice,2233,90,2021-11-15,0,2021,200970,11
Death by Scrolling,134,79,2025-10-28,0,2025,10586,10
LEGO® Worlds,7511,76,2017-03-07,0,2017,570836,3
Medieval Blacksmith,529,81,2025-04-14,0,2025,42849,4
Age of Wonders III,4540,82,2014-03-31,0,2014,372280,3
Echocalypse: The Scarlet Covenant,437,52,2024-06-07,0,2024,22724,6
Dice With Death,426,92,2025-05-07,0,2025,39192,5
I Expect You To Die 3: Cog in the Machine,553,92,2023-09-28,0,2023,50876,9
Tiny Auto Knights,128,83,2025-11-07,0,2025,10624,11
Trinity Trigger,83,62,2023-04-25,0,2023,5146,4
Painted In Blood,68,88,2025-10-23,0,2025,5984,10
Mega Man X Legacy Collection 2,1860,77,2018-07-24,0,2018,143220,7
Castlevania: Lords of Shadow – Mirror of Fate HD,1993,84,2014-03-27,0,2014,167412,3
Fantasy Online 2,115,83,2025-01-06,0,2025,9545,1
Overlord™,2184,91,2007-10-26,0,2007,198744,10
Quiplash 2 InterLASHional,324,92,2020-04-08,0,2020,29808,4
MEMORIAPOLIS,1595,76,2025-04-30,0,2025,121220,4
Red Chaos - The Strict Order,39,76,2025-09-26,0,2025,2964,9
Disney Infinity 1.0: Gold Edition,441,89,2016-12-09,0,2016,39249,12
Backroom Company,361,74,2025-07-29,0,2025,26714,7
Sector Unknown,107,89,2025-07-16,0,2025,9523,7
Homeworld: Deserts of Kharak,5190,78,2016-01-20,0,2016,404820,1
Damned 2,76,84,2025-08-07,0,2025,6384,8
THE KING OF FIGHTERS 2002 UNLIMITED MATCH,954,96,2015-02-27,0,2015,91584,2
"The Legend of Heroes: Kai no Kiseki -Farewell, O Zemuria-",644,77,2025-01-22,0,2025,49588,1
Ex-Zodiac,820,94,2022-07-21,0,2022,77080,7
Pip My Dice,113,88,2025-07-25,0,2025,9944,7
dotAGE,1757,94,2023-10-04,0,2023,165158,10
WW2 Rebuilder,1328,85,2023-01-16,0,2023,112880,1
Baldur's Gate: Dark Alliance,897,82,2021-12-17,0,2021,73554,12
Monument Valley,1652,97,2022-07-12,0,2022,160244,7
Space Warlord Organ Trading Simulator,753,92,2021-12-07,0,2021,69276,12
Natsu no Sagashimono ~What We Found That Summer~,847,88,2024-09-27,0,2024,74536,9
Heartbeat in Thailand,1435,98,2025-09-18,0,2025,140630,9
State of Survival,437,56,2023-08-02,0,2023,24472,8
Guns of Fury,660,87,2025-02-13,0,2025,57420,2
Railroads Online,4199,76,2024-12-05,0,2024,319124,12
ZAKO NO AHIRU,138,91,2025-11-21,0,2025,12558,11
DOKAPON! Sword of Fury,272,86,2025-01-21,0,2025,23392,1
Sucker for Love: Date to Die For,1061,94,2024-04-23,0,2024,99734,4
WHITE ALBUM: Memories like Falling Snow,723,94,2023-08-03,0,2023,67962,8
Generation Exile,24,91,2025-11-04,0,2025,2184,11
Dream Tactics,485,92,2024-04-15,0,2024,44620,4
Heretic's Fork,1764,86,2023-09-13,0,2023,151704,9
Rusty Lake Paradise,1117,93,2018-01-11,0,2018,103881,1
SuchArt: Genius Artist Simulator,1940,98,2022-10-13,0,2022,190120,10
The Fable: Manga Build Roguelike,151,93,2025-11-05,0,2025,14043,11
Saints Row: Gat out of Hell,3335,73,2015-01-20,0,2015,243455,1
Among the Sleep - Enhanced Edition,2941,88,2014-05-29,0,2014,258808,5
Rusted Warfare - RTS,2598,97,2017-07-14,0,2017,252006,7
Record of Lodoss War-Deedlit in Wonder Labyrinth-,2895,93,2021-03-27,0,2021,269235,3
Zoombinis,1065,94,2015-10-28,0,2015,100110,10
Corpse Party: Book of Shadows,446,86,2018-10-29,0,2018,38356,10
SYNTHETIK: Legion Rising,7636,95,2018-03-15,0,2018,725420,3
Prince of Persia®,1745,78,2008-12-10,0,2008,136110,12
Contra Anniversary Collection,1099,76,2019-06-11,0,2019,83524,6
Bulletstorm: Full Clip Edition,3323,85,2017-04-07,0,2017,282455,4
SWAT Commander,345,78,2025-07-31,0,2025,26910,7
Maid of Salvation,113,92,2025-10-22,0,2025,10396,10
Legend of Mortal,443,91,2024-06-14,0,2024,40313,6
HUNTDOWN,1811,94,2021-05-12,0,2021,170234,5
Riddlewood Manor,81,92,2025-10-22,0,2025,7452,10
You’ve Got a Package,84,82,2025-10-20,0,2025,6888,10
Windowkill,2273,96,2024-02-23,0,2024,218208,2
Journey to Incrementalia,808,88,2024-10-23,0,2024,71104,10
Kristala,221,78,2024-06-06,0,2024,17238,6
Dungeons of Sundaria,1467,75,2023-12-12,0,2023,110025,12
Anno 1503 History Edition,92,72,2024-04-22,0,2024,6624,4
Dragonhold,57,68,2025-11-10,0,2025,3876,11
MySims™: Cozy Bundle,,,2025-03-18,0,2025,,3
TRON 2.0,671,90,2014-10-10,0,2014,60390,10
Rumble Fighter: Unleashed,407,56,2016-12-16,0,2016,22792,12
Kitaria Fables,1178,73,2021-09-01,0,2021,85994,9
Minutescape,431,76,2025-04-15,0,2025,32756,4
Monomyth,497,92,2024-10-03,0,2024,45724,10
Cut That Wire,229,85,2025-10-22,0,2025,19465,10
Sniper Ghost Warrior Contracts,3444,76,2019-11-22,0,2019,261744,11
Out of Sight,607,94,2025-05-22,0,2025,57058,5
9-Bit Armies: A Bit Too Far,874,81,2024-08-26,0,2024,70794,8
Caesar™ 3,1974,92,2016-08-29,0,2016,181608,8
Outlanders,411,90,2023-03-07,0,2023,36990,3
Tom Clancy's Ghost Recon: Future Soldier™,2383,66,2012-06-26,0,2012,157278,6
Ghost Master: Resurrection,199,86,2025-10-30,0,2025,17114,10
PowerSlave Exhumed,701,90,2022-02-10,0,2022,63090,2
Mega Man Legacy Collection 2,1389,85,2017-08-08,0,2017,118065,8
Interstellar Space: Genesis,675,83,2019-07-25,0,2019,56025,7
MADiSON VR,170,77,2024-05-02,0,2024,13090,5
Chonkers,402,85,2024-12-11,0,2024,34170,12
Geometry Wars: Retro Evolved,978,91,2007-06-18,0,2007,88998,6
Farewell North,472,95,2024-08-16,0,2024,44840,8
Master of Magic,943,71,2022-12-13,0,2022,66953,12
Ghost of a Tale,1932,90,2018-03-13,0,2018,173880,3
Worldless,1290,94,2023-11-20,0,2023,121260,11
Everholm,250,75,2024-11-11,0,2024,18750,11
Weird West: Definitive Edition,1618,81,2022-03-31,0,2022,131058,3
Darfall,436,77,2025-05-08,0,2025,33572,5
Godfall Ultimate Edition,1611,64,2022-04-07,0,2022,103104,4
Love Craft,54,98,2025-10-24,0,2025,5292,10
Cheese Rolling,2597,96,2025-08-19,0,2025,249312,8
Little Friends: Puppy Island,187,95,2023-06-27,0,2023,17765,6
Plant Nursery Simulator,213,96,2025-06-16,0,2025,20448,6
最强祖师,61,57,2024-07-17,0,2024,3477,7
Little-Known Galaxy,641,89,2024-05-20,0,2024,57049,5
Dicey Dungeons,6046,90,2019-08-13,0,2019,544140,8
Roulette Hero,198,95,2025-10-23,0,2025,18810,10
NEKOPARA Vol. 3,2215,97,2017-05-25,0,2017,214855,5
Duckoleon,75,100,2025-11-21,0,2025,7500,11
A Merchant's Promise,109,88,2025-03-21,0,2025,9592,3
Exo One,3087,90,2021-11-18,0,2021,277830,11
Nientum - Op.ZERO,53,100,2025-11-24,0,2025,5300,11
Boat Crew,363,89,2022-08-01,0,2022,32307,8
UNDER NIGHT IN-BIRTH Exe:Late[cl-r],2100,94,2018-08-20,0,2018,197400,8
ATOM RPG: Post-apocalyptic indie game,3357,83,2018-12-19,0,2018,278631,12
The Walking Dead: No Man's Land,804,74,2024-07-30,0,2024,59496,7
SENRAN KAGURA Bon Appétit! - Full Course,966,92,2016-11-10,0,2016,88872,11
Project Gunship,760,78,2022-08-31,0,2022,59280,8
Ghosts 'n Goblins Resurrection,964,77,2021-05-31,0,2021,74228,5
VLADiK BRUTAL,1869,88,2024-08-09,0,2024,164472,8
Endzone 2,776,67,2025-07-24,0,2025,51992,7
Onward,7178,68,2025-03-25,0,2025,488104,3
Batman™: Arkham VR,1637,64,2017-04-25,0,2017,104768,4
The Settlers: New Allies,1017,47,2024-03-26,0,2024,47799,3
Heroes of Might & Magic V: Hammers of Fate,353,87,2008-10-10,0,2008,30711,10
Crownbound - Fantasy Kingdom Sim,53,52,2025-11-16,0,2025,2756,11
The Horror at Highrook,363,90,2025-05-01,0,2025,32670,5
Flashpoint Campaigns: Southern Storm,74,86,2023-04-20,0,2023,6364,4
Internet Cafe Simulator 2,2050,71,2022-01-07,0,2022,145550,1
Urban Strife,304,75,2024-12-10,0,2024,22800,12
BROK the InvestiGator,915,97,2022-08-26,0,2022,88755,8
Antivirus PROTOCOL,177,85,2025-09-17,0,2025,15045,9
Rubber Bandits,957,87,2021-12-02,0,2021,83259,12
"Warhammer 40,000: Shootas, Blood & Teef",1310,87,2022-10-20,0,2022,113970,10
CraftCraft: Fantasy Merchant Simulator,402,77,2025-05-29,0,2025,30954,5
I am an Air Traffic Controller 4,521,80,2020-10-15,0,2020,41680,10
Backrooms Cleanup Crew,294,87,2025-04-16,0,2025,25578,4
Figure Shop Simulator,143,93,2025-08-04,0,2025,13299,8
Call of Cthulhu®,4578,76,2018-10-29,0,2018,347928,10
I am Setsuna,1430,71,2016-07-19,0,2016,101530,7
Hacknet,7410,94,2015-08-12,0,2015,696540,8
HYPER DEMON,2535,94,2022-09-19,0,2022,238290,9
Tick Tock: A Tale for Two,3370,90,2019-03-07,0,2019,303300,3
The Beekeeper's Picnic - A Sherlockian Adventure,328,97,2025-03-26,0,2025,31816,3
Sonic & SEGA All-Stars Racing,1510,88,2010-03-03,0,2010,132880,3
Shadows of the Damned: Hella Remastered,422,89,2024-10-30,0,2024,37558,10
Platypus Reclayed,435,99,2025-09-17,0,2025,43065,9
Pinball M,882,80,2023-11-30,0,2023,70560,11
Bang-On Balls: Chronicles,1473,95,2023-10-05,0,2023,139935,10
Barrel Roll,119,99,2025-10-23,0,2025,11781,10
PropHunter,782,81,2021-08-06,0,2021,63342,8
to a T,158,87,2025-05-28,0,2025,13746,5
Butcher's Creek,1239,94,2025-01-23,0,2025,116466,1
BUSTAFELLOWS season2,36,86,2025-07-17,0,2025,3096,7
Explosive Odds,33,100,2025-09-24,0,2025,3300,9
Royal Revolt Survivors,101,87,2025-10-15,0,2025,8787,10
Beach Invasion 1944,943,84,2022-12-02,0,2022,79212,12
Neyyah,142,84,2025-09-02,0,2025,11928,9
Fish Stick Protocol,88,81,2025-11-05,0,2025,7128,11
Everdream Valley,659,71,2023-05-30,0,2023,46789,5
PolyPine,271,95,2025-03-31,0,2025,25745,3
The Thrill of the Fight - VR Boxing,3072,95,2019-10-24,0,2019,291840,10
I'm on Observation Duty 5,714,96,2022-05-13,0,2022,68544,5
Aokana - Four Rhythms Across the Blue,803,97,2019-09-27,0,2019,77891,9
Murder House,1999,95,2020-10-22,0,2020,189905,10
Zuma's Revenge!,1318,94,2009-09-15,0,2009,123892,9
PILGRIM,2227,73,2024-05-31,0,2024,162571,5
Layers of Fear,1189,79,2023-06-15,0,2023,93931,6
STAR WARS™ Jedi Knight II - Jedi Outcast™,2674,91,2009-09-16,0,2009,243334,9
BOKURA: planet,1115,73,2025-04-24,0,2025,81395,4
LEGO® Indiana Jones™ 2: The Adventure Continues,1157,82,2010-02-18,0,2010,94874,2
Motorcycle Mechanic Simulator 2021,1420,70,2021-11-17,0,2021,99400,11
Magicka,8552,83,2011-01-25,0,2011,709816,1
Bullet Girls Phantasia,689,82,2020-01-16,0,2020,56498,1
STAR WARS™: Episode I: Jedi Power Battles™,292,77,2025-01-23,0,2025,22484,1
LEGO® Harry Potter: Years 1-4,2997,83,2010-06-25,0,2010,248751,6
Commandos: Behind Enemy Lines,1194,90,2007-03-15,0,2007,107460,3
Wild Bastards,508,76,2024-09-12,0,2024,38608,9
Tales of Kenzera™: ZAU,797,82,2024-04-23,0,2024,65354,4
Milk inside a bag of milk inside a bag of milk,13522,96,2020-08-26,0,2020,1298112,8
Home Sweet Homecoming,11,100,2025-11-17,0,2025,1100,11
RUMBLE,2723,88,2022-09-23,0,2022,239624,9
Idle Pixel Fantasy,552,80,2025-09-22,0,2025,44160,9
Breachers™,1268,84,2023-04-13,0,2023,106512,4
The Excavation of Hob's Barrow,1726,93,2022-09-28,0,2022,160518,9
Dawn Apart,200,71,2025-07-14,0,2025,14200,7
Torchlight,3355,91,2009-10-27,0,2009,305305,10
Liminalcore,546,83,2024-10-28,0,2024,45318,10
Rogue Tower,4227,80,2022-01-28,0,2022,338160,1
Antichamber,9988,95,2013-01-31,0,2013,948860,1
Autopsy Simulator,1141,47,2024-06-06,0,2024,53627,6
Garden Paws,1869,90,2018-12-18,0,2018,168210,12
Batman™: Arkham Origins Blackgate - Deluxe Edition,1548,44,2014-04-01,0,2014,68112,4
Dragon Ruins II,149,89,2025-01-16,0,2025,13261,1
The Greatest Penguin Heist of All Time,1658,91,2021-07-02,0,2021,150878,7
Picayune Dreams,2852,98,2023-12-04,0,2023,279496,12
Little Busters! English Edition,937,98,2017-11-01,0,2017,91826,11
PROXIMATE,697,92,2024-11-08,0,2024,64124,11
Arcanum: Of Steamworks and Magick Obscura,1693,89,2016-08-29,0,2016,150677,8
NITRO GEN OMEGA,213,89,2025-06-17,0,2025,18957,6
EXOME,244,81,2022-12-16,0,2022,19764,12
Sword and Fairy 7,913,87,2021-10-21,0,2021,79431,10
Disgaea 6 Complete,369,62,2022-06-28,0,2022,22878,6
Whimside,295,92,2025-08-07,0,2025,27140,8
Stronghold Crusader HD (2012),6023,97,2013-10-21,0,2013,584231,10
Microcivilization,1202,82,2023-11-13,0,2023,98564,11
Duncrush,104,79,2025-11-11,0,2025,8216,11
Prehistoric Hunt,516,83,2020-12-01,0,2020,42828,12
Farmer's Life,570,87,2023-10-20,0,2023,49590,10
The Hungry Lamb: Traveling in the Late Ming Dynasty,641,93,2024-04-22,0,2024,59613,4
Dead Rising 4,1570,61,2017-03-14,0,2017,95770,3
Denizen,784,75,2024-04-29,0,2024,58800,4
Machick 2,479,88,2025-09-10,0,2025,42152,9
Artis Impact,1802,84,2025-08-07,0,2025,151368,8
Project Entropy,185,55,2024-04-16,0,2024,10175,4
Fuel Harvest Together,685,72,2025-08-01,0,2025,49320,8
Topple Tactics,1291,89,2023-10-20,0,2023,114899,10
"Don't FOOL ME, Beauties!",208,86,2025-07-07,0,2025,17888,7
THE HOUSE OF THE DEAD 2: Remake,407,41,2025-08-07,0,2025,16687,8
Sit-Back Attack,20,80,2025-11-24,0,2025,1600,11
Chip ‘n Clawz vs. The Brainioids,59,84,2025-08-26,0,2025,4956,8
The Trolley Solution,378,79,2025-09-12,0,2025,29862,9
Coin Pusher Casino,790,84,2024-02-29,0,2024,66360,2
Everdell,504,90,2022-07-28,0,2022,45360,7
Detention,2684,96,2017-01-12,0,2017,257664,1
Cyber Rats,99,92,2025-10-27,0,2025,9108,10
METAL GEAR SOLID V: GROUND ZEROES,7498,83,2014-12-18,0,2014,622334,12
Mordheim: City of the Damned,4619,71,2015-11-19,0,2015,327949,11
Vampire: The Masquerade - Redemption,897,88,2017-04-18,0,2017,78936,4
Smack Studio,468,85,2024-07-31,0,2024,39780,7
EXAPUNKS,1312,96,2018-10-22,0,2018,125952,10
and Roger,678,95,2025-07-23,0,2025,64410,7
The Home County,32,96,2025-09-22,0,2025,3072,9
Dusk City,231,91,2024-07-25,0,2024,21021,7
despelote,441,97,2025-05-01,0,2025,42777,5
The Crimson Diamond,562,97,2024-08-15,0,2024,54514,8
BloodRayne Betrayal: Fresh Bites,106,63,2021-09-08,0,2021,6678,9
Megaloot,1508,63,2024-08-30,0,2024,95004,8
Puzzle Quest: Immortal Edition,379,73,2025-09-18,0,2025,27667,9
Succubus Affection,1156,91,2020-10-22,0,2020,105196,10
Rusty Lake: Roots,1631,96,2016-10-20,0,2016,156576,10
Disney Infinity 2.0: Gold Edition,341,92,2016-12-09,0,2016,31372,12
Battle Chef Brigade Deluxe,1536,95,2017-11-20,0,2017,145920,11
Juno: New Origins,1885,89,2023-01-26,0,2023,167765,1
Overboard!,519,91,2021-06-02,0,2021,47229,6
Stellar Warfare,283,83,2021-08-04,0,2021,23489,8
[Chilla's Art] Parasocial | パラソーシャル,1374,94,2023-08-25,0,2023,129156,8
Torchlight III,4863,51,2020-10-13,0,2020,248013,10
The Bridge Curse 2: The Extrication,2152,93,2024-05-09,0,2024,200136,5
Neon Abyss,3268,86,2020-07-14,0,2020,281048,7
Fishing: Barents Sea,1164,77,2018-02-07,0,2018,89628,2
Multiverse Loot Hunter,2333,82,2025-08-15,0,2025,191306,8
Sam & Max: The Devil's Playhouse,328,99,2024-08-14,0,2024,32472,8
Everafter Falls,387,87,2024-06-20,0,2024,33669,6
Iron Meat,854,96,2024-09-25,0,2024,81984,9
Halo: Spartan Strike,1534,80,2015-04-16,0,2015,122720,4
Tell Me Why,7624,80,2020-08-27,0,2020,609920,8
Order of Battle: World War II,1866,78,2015-04-30,0,2015,145548,4
Crown Wars: The Black Prince,378,59,2024-05-23,0,2024,22302,5
Combat Arms: the Classic,686,55,2020-07-14,0,2020,37730,7
Seeds of Calamity,137,90,2025-05-28,0,2025,12330,5
Shooting Range Simulator,121,86,2025-09-03,0,2025,10406,9
Cavalry Girls,1739,88,2023-10-20,0,2023,153032,10
Axiom Verge 2,699,79,2022-08-11,0,2022,55221,8
Screeps: World,1860,87,2016-11-16,0,2016,161820,11
Card Survival: Tropical Island,678,94,2022-09-16,0,2022,63732,9
Dead Signal,923,88,2023-10-20,0,2023,81224,10
"YEAH! YOU WANT ""THOSE GAMES,"" RIGHT? SO HERE YOU GO! NOW, LET'S SEE YOU CLEAR THEM!",1189,72,2023-07-19,0,2023,85608,7
Nancy Drew®: Midnight in Salem,1029,54,2019-12-03,0,2019,55566,12
Frost Survival VR,108,89,2025-08-14,0,2025,9612,8
Sons of Valhalla,742,67,2024-04-05,0,2024,49714,4
Mika and The Witch's Mountain,500,87,2025-01-22,0,2025,43500,1
The Messenger,4555,92,2018-08-30,0,2018,419060,8
Reflex Unit : Strike Ops,38,97,2025-07-30,0,2025,3686,7
My Free Zoo,693,62,2017-11-28,0,2017,42966,11
Toy Soldiers: Complete,949,77,2016-02-17,0,2016,73073,2
Tales of Vesperia: Definitive Edition,1696,84,2019-01-10,0,2019,142464,1
Malys,126,88,2025-10-23,0,2025,11088,10
Phobies,1291,86,2022-03-07,0,2022,111026,3
ScooterFlow,1338,94,2021-11-29,0,2021,125772,11
STAR OCEAN™ - THE LAST HOPE -™ 4K & Full HD Remaster,1493,69,2017-11-28,0,2017,103017,11
Retro Gadgets,422,90,2022-11-30,0,2022,37980,11
Storm Chasers,2301,89,2019-06-28,0,2019,204789,6
CATO: Buttered Cat,320,99,2024-09-05,0,2024,31680,9
Sam & Max Save the World,1493,93,2020-12-02,0,2020,138849,12
MORSE,37,89,2025-11-11,0,2025,3293,11
Netherworld Covenant,309,84,2025-06-18,0,2025,25956,6
"Braid, Anniversary Edition",1458,94,2024-05-14,0,2024,137052,5
ToHeart,224,92,2025-06-25,0,2025,20608,6
Periapsis: Eclipse,32,96,2025-10-08,0,2025,3072,10
Nine-Ball Roulette,1129,87,2025-01-13,0,2025,98223,1
Pathologic Classic HD,1739,87,2015-10-29,0,2015,151293,10
Cepheus Protocol,1779,79,2020-05-15,0,2020,140541,5
The Four Kings Casino and Slots,2701,66,2015-06-01,0,2015,178266,6
Zeus + Poseidon,1789,96,2016-12-15,0,2016,171744,12
Putt-Putt® Goes to the Moon,171,94,2014-05-05,0,2014,16074,5
STANDBOX,1921,93,2023-08-14,0,2023,178653,8
Remnant Records,409,80,2024-01-23,0,2024,32720,1
Age of Mythology: Extended Edition,14035,91,2014-05-08,0,2014,1277185,5
Be My Horde,1489,86,2024-06-18,0,2024,128054,6
The Last Alchemist,128,75,2024-07-12,0,2024,9600,7
NEKOPARA Vol. 4,1623,97,2020-11-26,0,2020,157431,11
Will To Live Online,3960,66,2018-04-05,0,2018,261360,4
My Little Spider,200,96,2025-11-07,0,2025,19200,11
Mail Time,997,86,2023-04-27,0,2023,85742,4
Aim Assault,17,94,2025-11-21,0,2025,1598,11
Homeworld Remastered Collection,7606,87,2015-02-25,0,2015,661722,2
Not Monday Cafe,415,95,2025-06-22,0,2025,39425,6
Island Notes,399,84,2025-08-21,0,2025,33516,8
Oddworld: Stranger's Wrath HD,1451,87,2010-12-20,0,2010,126237,12
Thriving City: Song,2854,81,2024-05-29,0,2024,231174,5
Lost in the World of Succubi,33,78,2025-09-12,0,2025,2574,9
Fernbus Simulator,1361,65,2016-08-25,0,2016,88465,8
Worship,157,80,2025-07-16,0,2025,12560,7
TOEM: A Photo Adventure,2590,99,2021-09-17,0,2021,256410,9
Tyrant's Realm,893,84,2025-01-16,0,2025,75012,1
SAEKO: Giantess Dating Sim,537,87,2025-05-29,0,2025,46719,5
Prison Simulator,668,82,2021-11-04,0,2021,54776,11
RAIDBORN,301,75,2023-03-29,0,2023,22575,3
[Chilla's Art] Shinkansen 0 | 新幹線 0号,979,86,2024-03-22,0,2024,84194,3
Stubbs the Zombie in Rebel Without a Pulse,1625,90,2021-03-16,0,2021,146250,3
Littlewood,5063,93,2020-08-04,0,2020,470859,8
EA SPORTS™ PGA TOUR™,1915,55,2023-04-06,0,2023,105325,4
The Saint Wife's Newlywed Trials,23,65,2025-11-14,0,2025,1495,11
Lost in Play,1532,97,2022-08-10,0,2022,148604,8
R-Type Final 2,638,75,2021-04-30,0,2021,47850,4
XCOM®: Chimera Squad,12711,74,2020-04-23,0,2020,940614,4
Talisman: Digital Classic Edition,3397,78,2014-02-25,0,2014,264966,2
Endless Monday: Dreams and Deadlines,1648,98,2023-05-04,0,2023,161504,5
Cubic Cosmos,496,92,2025-09-16,0,2025,45632,9
Crying Suns,1871,84,2019-09-18,0,2019,157164,9
Turnip Boy Commits Tax Evasion,6763,95,2021-04-22,0,2021,642485,4
Child of Light,5436,88,2014-04-29,0,2014,478368,4
Shiren the Wanderer: The Tower of Fortune and the Dice of Fate,816,75,2020-12-02,0,2020,61200,12
Warnament,212,87,2025-08-07,0,2025,18444,8
Maid Cafe on Electric Street,526,83,2024-11-17,0,2024,43658,11
DEFRAG,119,97,2025-11-12,0,2025,11543,11
Talented,1338,92,2024-12-20,0,2024,123096,12
Later Alligator,2274,96,2019-09-18,0,2019,218304,9
ENA: Dream BBQ,20054,98,2025-03-26,0,2025,1965292,3
The DioField Chronicle,663,49,2022-09-22,0,2022,32487,9
The Elephant Collection,633,96,2023-11-06,0,2023,60768,11
Call of Juarez: Gunslinger,9560,94,2013-05-22,0,2013,898640,5
Siegeturtle,86,94,2025-11-10,0,2025,8084,11
Deathless. The Hero Quest,771,86,2024-12-12,0,2024,66306,12
RollScape,350,87,2024-05-22,0,2024,30450,5
King's Orders,197,75,2024-10-25,0,2024,14775,10
Clutchtime™: Basketball Deckbuilder,144,80,2025-07-24,0,2025,11520,7
Amnesia: Rebirth,4224,75,2020-10-20,0,2020,316800,10
Pony Island,7760,94,2016-01-04,0,2016,729440,1
DISSIDIA FINAL FANTASY NT Free Edition,1941,42,2019-03-12,0,2019,81522,3
Burden of Command™,492,83,2025-04-08,0,2025,40836,4
Expelled!,152,94,2025-03-12,0,2025,14288,3
ΔV: Rings of Saturn,2177,94,2023-07-21,0,2023,204638,7
Pogostuck: Rage With Your Friends,3822,85,2019-02-28,0,2019,324870,2
The Entropy Centre,1865,88,2022-11-03,0,2022,164120,11
魔女的夜宴,8202,98,2023-07-21,0,2023,803796,7
Noble Fates,1304,82,2021-12-14,0,2021,106928,12
Yohane the Parhelion - NUMAZU in the MIRAGE -,586,91,2024-02-21,0,2024,53326,2
RUNNING WITH RIFLES,4999,89,2015-04-02,0,2015,444911,4
Retrace the Light,87,87,2025-11-20,0,2025,7569,11
The Bathhouse | 地獄銭湯 Restored Edition,1042,90,2024-08-09,0,2024,93780,8
Fresh Start Cleaning Simulator,1824,87,2022-12-20,0,2022,158688,12
Touhou: Lost Branch of Legend,1766,93,2022-08-17,0,2022,164238,8
Wonder Boy: The Dragon's Trap,1890,86,2017-06-08,0,2017,162540,6
Gary Grigsby's War in the East 2,247,90,2021-12-10,0,2021,22230,12
Total Tank Simulator,3003,81,2020-05-20,0,2020,243243,5
"Cozy Keep: Farm, Craft, Manage",262,93,2024-10-01,0,2024,24366,10
Monmusu Girls: Autobattler,331,52,2025-08-25,0,2025,17212,8
Battle Realms: Zen Edition,2393,86,2025-01-27,0,2025,205798,1
Moss: Book II,659,99,2022-10-20,0,2022,65241,10
Vox Machinae,1151,88,2022-05-13,0,2022,101288,5
Depersonalization,281,82,2024-08-08,0,2024,23042,8
Force of Warships: Battleship Games,640,71,2022-08-09,0,2022,45440,8
Reign of Guilds,991,62,2025-11-26,0,2025,61442,11
The Darkside Detective: A Fumble in the Dark,1474,95,2021-04-15,0,2021,140030,4
The Many Pieces of Mr. Coo,820,85,2023-09-06,0,2023,69700,9
City Defense Z,192,76,2025-08-25,0,2025,14592,8
Bendy: Lone Wolf,1308,85,2025-08-15,0,2025,111180,8
Star Chef 2: Cooking Game,527,70,2021-08-09,0,2021,36890,8
Stick RPG 2: Director's Cut,909,87,2014-06-16,0,2014,79083,6
Monochrome Mobius: Rights and Wrongs Forgotten,675,80,2022-11-16,0,2022,54000,11
Trapper: Drug Dealing RPG,68,86,2022-04-28,0,2022,5848,4
Summer Pockets,647,96,2020-02-05,0,2020,62112,2
Tiny Bunny,689,92,2021-04-16,0,2021,63388,4
I Expect You To Die 2: The Spy and the Liar,1132,96,2021-08-24,0,2021,108672,8
BLACKTAIL,1767,84,2022-12-15,0,2022,148428,12
Lumberjacked,536,84,2025-04-18,0,2025,45024,4
NOBUNAGA'S AMBITION: Sphere of Influence - Ascension,786,73,2016-03-23,0,2016,57378,3
KeeperRL,1603,83,2024-02-29,0,2024,133049,2
Post Void,7626,97,2020-08-06,0,2020,739722,8
Loafing Town,262,83,2025-11-06,0,2025,21746,11
Eiyuden Chronicle: Rising,1932,85,2022-05-10,0,2022,164220,5
Flick Shot Rogues,186,87,2025-09-17,0,2025,16182,9
The Bridge Curse Road to Salvation,2670,89,2022-08-24,0,2022,237630,8
Hatsune Miku Logic Paint S+,120,91,2025-07-23,0,2025,10920,7
Nancy Drew®: The Silent Spy,158,90,2017-04-03,0,2017,14220,4
OTXO,1708,94,2023-04-20,0,2023,160552,4
Granny: Chapter Two,1589,95,2019-12-30,0,2019,150955,12
Ranch Farm and Store Simulator,160,83,2025-06-24,0,2025,13280,6
Carcassonne - Tiles & Tactics,1762,85,2017-11-29,0,2017,149770,11
TROLEU,379,93,2025-09-15,0,2025,35247,9
Strategic Command: World War I,336,91,2019-12-05,0,2019,30576,12
Dawnfolk,454,96,2025-02-13,0,2025,43584,2
Bridge Constructor Portal,2367,90,2017-12-20,0,2017,213030,12
Treasure 'n Trio,172,100,2025-10-09,0,2025,17200,10
Stephen's Sausage Roll,1399,96,2016-04-17,0,2016,134304,4
Lucius,2967,79,2012-10-26,0,2012,234393,10
River Tails: Stronger Together,155,80,2023-12-14,0,2023,12400,12
MoteMancer,177,93,2025-07-14,0,2025,16461,7
Endling - Extinction is Forever,1334,94,2022-07-19,0,2022,125396,7
Dead Island: Riptide Definitive Edition,2339,74,2016-05-31,0,2016,173086,5
Trials Fusion™,1440,64,2014-04-24,0,2014,92160,4
The Nameless: Slay Dragon,1767,91,2024-09-26,0,2024,160797,9
Immortal Life,860,90,2024-01-17,0,2024,77400,1
Uktena 64 - Ultimate,28,92,2025-11-24,0,2025,2576,11
moon: Remix RPG Adventure,289,94,2021-12-15,0,2021,27166,12
Trine Enchanted Edition,4544,94,2009-07-02,0,2009,427136,7
AutoForge,408,87,2024-03-27,0,2024,35496,3
Quest Master,319,98,2024-05-29,0,2024,31262,5
Whisker Squadron: Survivor,440,80,2025-02-21,0,2025,35200,2
Scramble: Battle of Britain,182,89,2024-10-30,0,2024,16198,10
Heat Death: Survival Train,581,80,2024-12-12,0,2024,46480,12
Knightica,984,73,2025-08-21,0,2025,71832,8
Kitchen Sync: Aloha!,132,99,2025-04-07,0,2025,13068,4
Element TD 2 - Tower Defense,1583,90,2021-04-02,0,2021,142470,4
Genital Jousting,4738,92,2018-01-18,0,2018,435896,1
Sunless Skies: Sovereign Edition,2251,84,2019-01-31,0,2019,189084,1
Warpips,1934,89,2022-04-21,0,2022,172126,4
New Tales from the Borderlands,1579,30,2022-10-20,0,2022,47370,10
Settlements Rising,364,81,2025-01-20,0,2025,29484,1
Hitman 2: Silent Assassin,1662,78,2007-03-15,0,2007,129636,3
Hasbro's BATTLESHIP,713,82,2018-08-14,0,2018,58466,8
Midnight Crane,46,93,2025-10-28,0,2025,4278,10
PAC-MAN™ Championship Edition DX+,3023,95,2013-09-24,0,2013,287185,9
Space Simulation Toolkit,398,78,2020-06-05,0,2020,31044,6
King Arthur: Legends Rise,727,62,2025-01-21,0,2025,45074,1
Stygian: Outer Gods,386,83,2025-04-14,0,2025,32038,4
LockYourDoor,68,86,2025-11-17,0,2025,5848,11
MotionRec,180,100,2025-10-27,0,2025,18000,10
LoveBeat,1652,75,2016-01-13,0,2016,123900,1
Serious Sam 3: BFE,5770,86,2011-11-22,0,2011,496220,11
1998: The Toll Keeper Story,200,91,2025-10-28,0,2025,18200,10
The Banner Saga,7671,88,2014-01-14,0,2014,675048,1
The House of Da Vinci 2,1904,91,2020-05-28,0,2020,173264,5
Her Story,4880,88,2015-06-24,0,2015,429440,6
Legends of Amberland II: The Song of Trees,136,97,2023-12-05,0,2023,13192,12
Everhood 2,1630,72,2025-03-04,0,2025,117360,3
Pajama Sam: No Need to Hide When It's Dark Outside,1012,98,2014-04-17,0,2014,99176,4
Tiny Life,304,88,2023-05-03,0,2023,26752,5
PROJECT: PLAYTIME,26860,77,2022-12-12,0,2022,2068220,12
Airship: Kingdoms Adrift,817,75,2023-09-21,0,2023,61275,9
AI Roguelite,503,83,2023-10-25,0,2023,41749,10
Costume Quest 2,741,88,2014-10-07,0,2014,65208,10
TheoTown,1079,91,2019-06-05,0,2019,98189,6
Shin chan: Shiro and the Coal Town,583,95,2024-10-23,0,2024,55385,10
RetroMania Wrestling,237,81,2021-02-25,0,2021,19197,2
Nancy Drew®: Shadow at the Water's Edge,382,81,2011-09-15,0,2011,30942,9
Skaldsong,50,66,2025-09-24,0,2025,3300,9
Adventure Escape Mysteries,1036,86,2020-05-05,0,2020,89096,5
Sketchy's Contract,970,83,2024-04-09,0,2024,80510,4
Sharks and Minnows,248,94,2025-04-14,0,2025,23312,4
Last Call BBS,1146,94,2022-08-03,0,2022,107724,8
Yooka-Laylee and the Impossible Lair,818,84,2019-10-08,0,2019,68712,10
Trainz Railroad Simulator 2019,1473,81,2019-01-07,0,2019,119313,1
Star Knightess Aura,158,89,2025-02-07,0,2025,14062,2
Time Break Chronicles,266,90,2020-09-01,0,2020,23940,9
Phantasmagoria,304,89,2016-08-29,0,2016,27056,8
Red Orchestra 2: Heroes of Stalingrad with Rising Storm,11238,93,2011-09-13,0,2011,1045134,9
Gujian3(古剑奇谭三),1671,84,2018-12-14,0,2018,140364,12
TRANSFORMERS: BATTLEGROUNDS,117,77,2020-10-22,0,2020,9009,10
Nancy Drew®: Warnings at Waverly Academy,304,89,2010-01-13,0,2010,27056,1
Combat Mission Shock Force 2,598,80,2020-08-31,0,2020,47840,8
OVIS LOOP,868,89,2025-08-14,0,2025,77252,8
FINAL FANTASY IV: THE AFTER YEARS,559,61,2015-05-11,0,2015,34099,5
Revenge on gold diggers,472,85,2025-06-19,0,2025,40120,6
Azure Striker Gunvolt Trilogy Enhanced,158,75,2025-07-23,0,2025,11850,7
Sundered®: Eldritch Edition,2188,82,2017-07-28,0,2017,179416,7
Gold Gold Adventure Gold,194,80,2025-07-31,0,2025,15520,7
Omega Crafter,492,78,2025-05-14,0,2025,38376,5
Green Ember: Helmer in the Dragon Tomb,13,100,2025-11-18,0,2025,1300,11
The Royal Writ,332,82,2025-08-07,0,2025,27224,8
RATSHAKER™,2117,94,2024-10-31,0,2024,198998,10
The Lacerator,91,98,2025-10-09,0,2025,8918,10
El Shaddai ASCENSION OF THE METATRON HD Remaster,380,86,2021-09-01,0,2021,32680,9
Pharaoh + Cleopatra,1536,91,2016-12-15,0,2016,139776,12
Bad Cheese,390,72,2025-09-01,0,2025,28080,9
No Plan B,724,87,2024-04-03,0,2024,62988,4
Startup Company,2847,80,2020-04-10,0,2020,227760,4
Parking Garage Rally Circuit,1245,96,2024-09-20,0,2024,119520,9
TIS-100,2475,97,2015-07-20,0,2015,240075,7
Dead Rising 2: Off the Record,1699,77,2011-10-11,0,2011,130823,10
The Darkest Files,361,95,2025-03-25,0,2025,34295,3
Broken Age,3437,82,2014-01-28,0,2014,281834,1
Class of Heroes 3 Remaster,40,77,2025-09-18,0,2025,3080,9
Hello Neighbor: Hide and Seek,895,87,2019-12-10,0,2019,77865,12
Crysis Warhead®,1437,84,2008-09-17,0,2008,120708,9
Shadow Tactics: Blades of the Shogun,8888,95,2016-12-06,0,2016,844360,12
Putt-Putt® Saves The Zoo,565,97,2014-07-03,0,2014,54805,7
Motorsport Manager,5018,90,2016-11-09,0,2016,451620,11
A Highland Song,450,89,2023-12-05,0,2023,40050,12
The Last Flame,1163,91,2025-01-09,0,2025,105833,1
Nancy Drew®: Last Train to Blue Moon Canyon,353,96,2009-10-10,0,2009,33888,10
Blood™ Fresh Supply,4680,94,2019-05-09,0,2019,439920,5
Stellar Reach,26,76,2025-10-22,0,2025,1976,10
In Other Waters,1929,89,2020-04-03,0,2020,171681,4
The House of Da Vinci VR,98,93,2024-12-04,0,2024,9114,12
Black Geyser: Couriers of Darkness,842,74,2022-03-17,0,2022,62308,3
Rabi-Ribi,2596,95,2016-01-28,0,2016,246620,1
Bigfoot Life,34,85,2025-11-03,0,2025,2890,11
Hello Love: 18 Again,1784,91,2025-01-07,0,2025,162344,1
King's Quest,2218,89,2015-07-28,0,2015,197402,7
Boo Men,1562,89,2022-09-15,0,2022,139018,9
The Witch's House MV,908,94,2018-10-30,0,2018,85352,10
Touhou Kinjoukyou ～ Fossilized Wonders.,690,91,2025-08-16,0,2025,62790,8
Northwind,51,86,2025-09-22,0,2025,4386,9
Animalia Survival,1814,62,2021-09-09,0,2021,112468,9
Shantae Advance: Risky Revolution,220,82,2025-08-19,0,2025,18040,8
FlatOut: Ultimate Carnage Collector's Edition,1934,87,2008-08-26,0,2008,168258,8
Nova Lands,1067,90,2023-06-22,0,2023,96030,6
Florence,3947,93,2020-02-13,0,2020,367071,2
One Man´s Trash,248,86,2025-07-23,0,2025,21328,7
Tom Clancy's Ghost Recon®,1483,92,2008-07-15,0,2008,136436,7
GORN,6394,94,2019-07-18,0,2019,601036,7
Alpha Protocol™,2541,84,2010-06-01,0,2010,213444,6
Rayman Raving Rabbids™,1706,84,2008-06-13,0,2008,143304,6
Gord,726,53,2023-08-17,0,2023,38478,8
Battlefield Commander WWII,27,70,2025-04-07,0,2025,1890,4
Ideology in Friction,1604,86,2019-06-13,0,2019,137944,6
TEVI,740,93,2023-11-29,0,2023,68820,11
Cubetory,18,100,2025-11-17,0,2025,1800,11
I'm on Observation Duty,1944,95,2019-04-03,0,2019,184680,4
Split/Second,1553,80,2014-10-06,0,2014,124240,10
Coridden,359,89,2025-01-29,0,2025,31951,1
Paradiddle,601,91,2022-11-02,0,2022,54691,11
The Life and Suffering of Sir Brante,2573,89,2021-03-04,0,2021,228997,3
Proverbs,1041,97,2024-11-07,0,2024,100977,11
Grit and Valor - 1949,250,76,2025-03-26,0,2025,19000,3
Mutant Football League,667,93,2017-10-31,0,2017,62031,10
Disillusion ST,349,95,2024-10-26,0,2024,33155,10
Blair Witch,2825,77,2019-08-30,0,2019,217525,8
The Gunk,1408,86,2022-04-29,0,2022,121088,4
CHAOS;HEAD NOAH,1450,88,2022-10-07,0,2022,127600,10
Annihilate The Spance,289,92,2025-01-14,0,2025,26588,1
Faire Trade,38,81,2025-10-16,0,2025,3078,10
My Friend Pedro,11001,95,2019-06-20,0,2019,1045095,6
The Spirit and the Mouse,615,97,2022-09-26,0,2022,59655,9
Sniper Elite,1287,70,2009-07-16,0,2009,90090,7
Swords and Sandals Immortals,1036,84,2023-03-09,0,2023,87024,3
Shadow Fight Arena,934,59,2025-10-29,0,2025,55106,10
Disney Princess: Enchanted Journey,479,92,2014-10-10,0,2014,44068,10
Night of the Dead,3117,77,2024-05-31,0,2024,240009,5
Snakecremental,312,85,2025-04-22,0,2025,26520,4
FISH FEAR ME,187,85,2025-02-21,0,2025,15895,2
Daymare Town,85,100,2025-09-15,0,2025,8500,9
STEINS;GATE ELITE,1484,90,2019-02-19,0,2019,133560,2
Per Aspera,2440,76,2020-12-03,0,2020,185440,12
Iron Brigade,853,85,2012-08-13,0,2012,72505,8
Unknown Tapes,360,78,2024-12-04,0,2024,28080,12
Feeding Frenzy 2 Deluxe,1087,97,2006-08-30,0,2006,105439,8
Space Chef,68,70,2025-10-28,0,2025,4760,10
Boat Together,85,96,2025-11-15,0,2025,8160,11
Muv-Luv,1606,93,2018-02-28,0,2018,149358,2
Cropia,39,94,2025-10-28,0,2025,3666,10
The Cave,1353,84,2013-01-23,0,2013,113652,1
Off The Grid,1656,55,2025-07-17,0,2025,91080,7
Nelke & the Legendary Alchemists ~Ateliers of the New World~,227,75,2019-03-25,0,2019,17025,3
ARCADE GAME SERIES: GALAGA,773,91,2016-04-19,0,2016,70343,4
Sailing Era,353,84,2023-01-11,0,2023,29652,1
Steam Engine Simulator,6695,98,2023-06-07,0,2023,656110,6
Dokimon: Quest,230,76,2024-11-22,0,2024,17480,11
Falcon 4.0,257,85,2016-01-08,0,2016,21845,1
GUNTOUCHABLES,210,71,2025-08-07,0,2025,14910,8
La Pucelle: Ragnarok,76,90,2022-08-30,0,2022,6840,8
Tron: Identity,262,80,2023-04-11,0,2023,20960,4
your wife,793,97,2024-11-28,0,2024,76921,11
Wizard of Legend 2,1772,57,2025-06-12,0,2025,101004,6
Stories from Sol: The Gun-Dog,704,90,2025-02-19,0,2025,63360,2
Strayed,247,77,2024-04-19,0,2024,19019,4
The Legend of Nayuta: Boundless Trails,142,93,2021-12-10,0,2021,13206,12
Karate Survivor,844,90,2024-10-30,0,2024,75960,10
WitchSpring3 Re:Fine - The Story of Eirudy -,1148,93,2021-11-01,0,2021,106764,11
While the Iron's Hot,169,80,2023-12-05,0,2023,13520,12
Dream Garden,32,84,2025-11-03,0,2025,2688,11
Bravery and Greed,579,77,2022-11-15,0,2022,44583,11
Chicken Run: Eggstraction,17,100,2025-10-24,0,2025,1700,10
Sonny Legacy Collection,272,93,2024-09-30,0,2024,25296,9
Puzzle Quest 3,806,51,2023-05-30,0,2023,41106,5
Xenonauts,2624,86,2014-06-16,0,2014,225664,6
SENTRY,740,83,2024-03-25,0,2024,61420,3
Eternium,1429,78,2023-08-21,0,2023,111462,8
No Time to Relax,785,92,2019-08-21,0,2019,72220,8
Pocket Mirror ~ GoldenerTraum,1337,93,2023-05-19,0,2023,124341,5
Arcade Paradise,1075,88,2022-08-11,0,2022,94600,8
Creaks,1789,95,2020-07-22,0,2020,169955,7
Pocky & Rocky Reshrined,214,87,2023-02-24,0,2023,18618,2
while True: learn(),3060,88,2019-01-17,0,2019,269280,1
Master of Orion,4646,75,2016-08-25,0,2016,348450,8
Disney Epic Mickey 2:  The Power of Two,902,79,2014-10-06,0,2014,71258,10
Sid Meier's Alpha Centauri™ Planetary Pack,500,91,2024-03-07,0,2024,45500,3
Nancy Drew®: Sea of Darkness,194,92,2017-02-02,0,2017,17848,2
The Doors of Trithius,735,94,2021-08-15,0,2021,69090,8
ONE PIECE World Seeker,2054,79,2019-03-14,0,2019,162266,3
Claire a la Mode,24,95,2025-11-17,0,2025,2280,11
Space Quest™ Collection,312,84,2009-07-23,0,2009,26208,7
Knights in Tight Spaces,663,70,2025-03-04,0,2025,46410,3
Desynced,1306,82,2023-08-15,0,2023,107092,8
Movies Tycoon,430,71,2024-10-24,0,2024,30530,10
Day of Defeat: Source,7269,90,2010-07-12,0,2010,654210,7
Islands of Insight,1529,75,2024-02-13,0,2024,114675,2
Romance of the Three Kingdoms XI with Power Up Kit,255,87,2018-01-16,0,2018,22185,1
Galactic Glitch,547,86,2025-06-03,0,2025,47042,6
Brave Alchemist Colette,893,89,2020-04-27,0,2020,79477,4
Tropico 4,4914,91,2011-09-01,0,2011,447174,9
The Walking Dead: Michonne - A Telltale Miniseries,2279,76,2016-02-23,0,2016,173204,2
Feed the Cups,4099,74,2024-02-20,0,2024,303326,2
Bloobs Adventure Idle,425,87,2024-07-15,0,2024,36975,7
THRASHER,26,96,2025-11-07,0,2025,2496,11
Granny Simulator,2242,90,2019-04-17,0,2019,201780,4
Arms Trade Tycoon: Tanks,824,73,2024-02-06,0,2024,60152,2
Finding Paradise,4887,98,2017-12-14,0,2017,478926,12
Disney•Pixar Cars,1766,89,2015-02-24,0,2015,157174,2
Don't Escape: 4 Days to Survive,1974,98,2019-03-11,0,2019,193452,3
Underspace,373,80,2024-04-10,0,2024,29840,4
Goblin Buster: Incremental Tower Defense,118,79,2025-10-31,0,2025,9322,10
İblis3:Phenomena,127,51,2025-10-27,0,2025,6477,10
Automobilista,1657,89,2016-08-24,0,2016,147473,8
"Horticular: Build a Garden, Attract Wildlife",351,90,2024-07-11,0,2024,31590,7
Enishia and the Binding Brand,767,85,2024-05-10,0,2024,65195,5
Demeo Battles,64,70,2023-11-09,0,2023,4480,11
Screw Drivers,3001,87,2024-06-20,0,2024,261087,6
Doors: Paradox,1309,91,2022-11-04,0,2022,119119,11
Idle Cave Miner,928,80,2023-12-07,0,2023,74240,12
Dungeon Warfare 3,573,77,2025-08-29,0,2025,44121,8
Summoners War: RUSH,113,48,2025-09-11,0,2025,5424,9
City 20,126,76,2024-09-23,0,2024,9576,9
King of the Bridge,1342,95,2024-03-08,0,2024,127490,3
Elroy and the Aliens,327,96,2025-04-02,0,2025,31392,4
Rip Current,54,85,2025-09-23,0,2025,4590,9
Gal*Gun: Double Peace,1821,86,2016-09-27,0,2016,156606,9
Stronghold Legends: Steam Edition,1008,87,2016-09-15,0,2016,87696,9
Thirsty Suitors,196,96,2023-11-02,0,2023,18816,11
Buggos,1086,87,2022-03-17,0,2022,94482,3
OlliOlli World,858,93,2022-02-07,0,2022,79794,2
LurkBait Twitch Fishing,432,94,2024-02-21,0,2024,40608,2
Ire: A Prologue,40,77,2025-10-28,0,2025,3080,10
Brutal Orchestra,1717,98,2021-12-17,0,2021,168266,12
Corpse Party: Sweet Sachiko's Hysteric Birthday Bash,181,86,2019-04-10,0,2019,15566,4
Umigame,18,83,2025-11-24,0,2025,1494,11
Graffism VR - Graffiti Simulator,32,93,2025-09-26,0,2025,2976,9
Mad Father,2342,97,2016-09-22,0,2016,227174,9
Fuga: Melodies of Steel 2,323,96,2023-05-10,0,2023,31008,5
SpyFall,55,83,2025-02-11,0,2025,4565,2
Mix Universe,85,96,2023-07-27,0,2023,8160,7
Screeps: Arena,93,86,2025-11-01,0,2025,7998,11
Galacticare,550,86,2024-05-23,0,2024,47300,5
Silica,3373,76,2023-05-03,0,2023,256348,5
60 Minutes to Extinction: Escape Room,81,82,2025-10-07,0,2025,6642,10
Super Lesbian Animal RPG,1315,99,2022-12-20,0,2022,130185,12
The Happyhills Homicide 2: Out For Blood,544,95,2025-04-03,0,2025,51680,4
Prison Boss Prohibition,79,86,2025-07-10,0,2025,6794,7
Minion Masters,24519,87,2019-05-24,0,2019,2133153,5
Thimbleweed Park™,2149,91,2017-03-30,0,2017,195559,3
Swords & Souls Legacy Collection,209,95,2025-07-22,0,2025,19855,7
Infernax,1964,93,2022-02-14,0,2022,182652,2
Godsworn,674,93,2024-03-28,0,2024,62682,3
The Girl from Arkanya,103,96,2025-08-21,0,2025,9888,8
SteamWorld Build,1659,82,2023-12-01,0,2023,136038,12
Thymesia,3330,82,2022-08-18,0,2022,273060,8
BUSTAFELLOWS,895,87,2021-07-30,0,2021,77865,7
Nature,14,78,2025-11-05,0,2025,1092,11
Try To Drive,104,76,2025-09-11,0,2025,7904,9
Mount & Blade: With Fire & Sword,3212,82,2011-05-03,0,2011,263384,5
The Curse of Monkey Island,1546,97,2018-03-22,0,2018,149962,3
Aragami,4438,89,2016-10-04,0,2016,394982,10
Prince of Persia: The Forgotten Sands™,1257,70,2010-06-08,0,2010,87990,6
Agent A: A puzzle in disguise,1790,95,2019-08-29,0,2019,170050,8
NightClub Simulator,610,92,2024-02-26,0,2024,56120,2
eden*,600,93,2015-01-30,0,2015,55800,1
Worms Clan Wars,1665,77,2013-08-15,0,2013,128205,8
Wavetale,1791,88,2022-12-12,0,2022,157608,12
This Land Is My Land,2596,67,2021-10-20,0,2021,173932,10
Alba: A Wildlife Adventure,2838,97,2020-12-11,0,2020,275286,12
Punch Club,3465,72,2016-01-08,0,2016,249480,1
Cube Escape: Paradox,3023,95,2018-09-20,0,2018,287185,9
THE KING OF FIGHTERS '98 ULTIMATE MATCH FINAL EDITION,662,92,2014-12-16,0,2014,60904,12
Pesterquest,1277,92,2019-09-04,0,2019,117484,9
GRANDIA HD Remaster,1536,90,2019-10-15,0,2019,138240,10
Crysis 2 - Maximum Edition,3222,82,2011-03-22,0,2011,264204,3
Just a To the Moon Series Beach Episode,1090,98,2024-09-20,0,2024,106820,9
Magic Research 2,546,93,2024-05-21,0,2024,50778,5
Wallace & Gromit’s Grand Adventures,273,90,2009-03-23,0,2009,24570,3
College Bowl,239,84,2024-06-20,0,2024,20076,6
Pinball Spire,332,85,2024-10-02,0,2024,28220,10
Corpse Party: Blood Drive,339,75,2019-10-10,0,2019,25425,10
The Age of Decadence,2318,80,2015-10-14,0,2015,185440,10
Warspear Online,383,58,2017-11-02,0,2017,22214,11
Arx Fatalis,1129,84,2007-04-03,0,2007,94836,4
Find or be Found,75,72,2025-06-24,0,2025,5400,6
Deadeye Deepfake Simulacrum,704,99,2025-09-18,0,2025,69696,9
Star Renegades,1561,81,2020-09-08,0,2020,126441,9
Dordogne,758,93,2023-06-13,0,2023,70494,6
AI War 2,1097,87,2019-10-22,0,2019,95439,10
Lakeside Bar,523,85,2025-07-30,0,2025,44455,7
QANGA,469,73,2024-09-02,0,2024,34237,9
Carto,1603,95,2020-10-27,0,2020,152285,10
Soulworker,4284,70,2021-05-12,0,2021,299880,5
Café Stella and the Reaper's Butterflies,325,96,2022-03-25,0,2022,31200,3
Redout 2,1026,81,2022-06-16,0,2022,83106,6
Zeepkist,1490,97,2021-01-28,0,2021,144530,1
Front Office Football Nine,154,79,2023-10-31,0,2023,12166,10
Mizi NO!,905,98,2024-08-22,0,2024,88690,8
Field of Glory II: Medieval,402,86,2021-02-04,0,2021,34572,2
The Hex,2244,94,2018-10-16,0,2018,210936,10
"Please, Don’t Touch Anything",2310,87,2015-03-26,0,2015,200970,3
EMOTIONLESS : The Last Ticket,114,85,2025-10-07,0,2025,9690,10
NIMBY Rails,1165,88,2021-01-26,0,2021,102520,1
Pyramids and Aliens: Escape Room,143,83,2024-12-05,0,2024,11869,12
Starless Abyss,246,83,2025-04-25,0,2025,20418,4
Swordhaven: Iron Conspiracy,255,83,2024-12-11,0,2024,21165,12
GOD EATER 2 Rage Burst,1773,85,2016-08-29,0,2016,150705,8
Myths are 100% True,72,100,2025-11-18,0,2025,7200,11
20XX,2638,92,2017-08-16,0,2017,242696,8
Ashes of the Singularity: Escalation,1844,79,2016-11-10,0,2016,145676,11
Pray Game,530,90,2023-09-22,0,2023,47700,9
Cattails | Become a Cat!,2122,96,2017-12-01,0,2017,203712,12
Moral Dilemma: The Interview,724,87,2025-01-31,0,2025,62988,1
CORPUS EDAX,211,76,2024-09-05,0,2024,16036,9
Chronicles of the Wolf,337,83,2025-06-19,0,2025,27971,6
CRUMB Circuit Simulator,644,78,2022-11-18,0,2022,50232,11
This Isn't Just Tower Defense,80,60,2025-10-23,0,2025,4800,10
House,1862,96,2020-10-30,0,2020,178752,10
SAMURAI WARRIORS 5,1278,82,2021-07-26,0,2021,104796,7
Outpath,1495,94,2023-10-16,0,2023,140530,10
Earth vs Mars,43,90,2025-10-29,0,2025,3870,10
FRONT MISSION 1st: Remake,557,78,2023-06-30,0,2023,43446,6
Chinese Online Game,6398,82,2024-07-18,0,2024,524636,7
Mortal Shell,3742,70,2021-08-18,0,2021,261940,8
Burgie's cozy kitchen,243,97,2025-02-10,0,2025,23571,2
Togainu no Chi ~Lost Blood~,517,96,2020-02-25,0,2020,49632,2
CAPTURED,424,96,2024-10-15,0,2024,40704,10
Haydee,1893,84,2016-09-26,0,2016,159012,9
Anthology Of The Killer,407,98,2024-10-08,0,2024,39886,10
Nancy Drew®: Curse of Blackmoor Manor,381,88,2009-10-10,0,2009,33528,10
The Eternal Cylinder,943,89,2022-10-13,0,2022,83927,10
Styx: Master of Shadows,4025,81,2014-10-07,0,2014,326025,10
Love Is All Around,1488,93,2023-10-17,0,2023,138384,10
Dungeon Keeper™ 2,1062,93,2024-03-07,0,2024,98766,3
Caput Mortum,208,95,2025-08-27,0,2025,19760,8
DRAGON BALL: THE BREAKERS,2422,54,2022-10-13,0,2022,130788,10
Disney•Pixar Toy Story 3: The Video Game,1346,71,2014-10-06,0,2014,95566,10
FEZ,6147,91,2013-05-01,0,2013,559377,5
ServiceIT: You can do IT,427,61,2025-09-15,0,2025,26047,9
Army of Ruin,1303,89,2023-06-08,0,2023,115967,6
Space Prison,223,85,2024-07-18,0,2024,18955,7
Raji: An Ancient Epic,1523,90,2020-10-15,0,2020,137070,10
Outcast - A New Beginning,1020,77,2024-03-15,0,2024,78540,3
Super Robot Wars 30,1498,94,2021-10-27,0,2021,140812,10
LOST EMBER - VR Edition,77,44,2022-07-12,0,2022,3388,7
Epic Battle Fantasy 5,2703,98,2018-11-30,0,2018,264894,11
Empire Builder - Europe,11,90,2025-11-20,0,2025,990,11
Knights of the Crusades,127,78,2025-09-06,0,2025,9906,9
Dialtown: Phone Dating Sim,1901,99,2022-02-14,0,2022,188199,2
OZMAFIA!!,594,81,2016-04-29,0,2016,48114,4
Botany Manor,762,94,2024-04-09,0,2024,71628,4
Virtual Villagers: A New Home,164,89,2008-05-12,0,2008,14596,5
Tinykin,1189,97,2022-08-30,0,2022,115333,8
aerofly RC 10 - RC Flight Simulator,116,75,2023-11-01,0,2023,8700,11
King of Retail 2,166,72,2025-05-22,0,2025,11952,5
Advent NEON®,229,99,2025-07-18,0,2025,22671,7
BPM: BULLETS PER MINUTE,5984,91,2020-09-15,0,2020,544544,9
Mobile Dungeon,191,71,2024-08-08,0,2024,13561,8
Bang Bang Barrage,478,94,2025-08-07,0,2025,44932,8
The Artful Escape,1595,91,2021-09-09,0,2021,145145,9
COLLECTION of SaGa FINAL FANTASY LEGEND,158,79,2021-10-21,0,2021,12482,10
Magical Princess Lily,24,62,2025-11-07,0,2025,1488,11
Mount & Blade,2005,91,2008-11-03,0,2008,182455,11
Westworld Awakening,397,79,2019-08-20,0,2019,31363,8
Bugtopia,645,93,2025-05-21,0,2025,59985,5
Tchia,438,88,2024-03-21,0,2024,38544,3
Sam & Max: Beyond Time and Space,405,99,2021-12-08,0,2021,40095,12
My Little Universe,1257,91,2023-10-05,0,2023,114387,10
Beyond Hanwell,626,76,2024-09-26,0,2024,47576,9
Viractal: World of Viractalia,66,87,2025-09-19,0,2025,5742,9
Pic-Me!,277,83,2024-12-16,0,2024,22991,12
Call of Duty®: Modern Warfare® III,7993,35,2023-11-10,0,2023,279755,11
A Shelter Full of Cats,857,97,2024-12-09,0,2024,83129,12
Harvester,1296,91,2014-04-04,0,2014,117936,4
Freedom Planet 2,1474,96,2022-09-13,0,2022,141504,9
Witchy Life Story,873,82,2022-09-30,0,2022,71586,9
Hidden Through Time,909,92,2020-03-12,0,2020,83628,3
EXFIL,265,67,2024-12-11,0,2024,17755,12
Orcs Must Die! 2,5974,91,2012-07-30,0,2012,543634,7
Silent Still 2,277,64,2025-07-24,0,2025,17728,7
Snow Plowing Simulator,229,66,2025-06-16,0,2025,15114,6
AKIBA'S TRIP: Hellbound & Debriefed,268,79,2021-07-20,0,2021,21172,7
Tom Clancy's EndWar™,976,81,2009-02-25,0,2009,79056,2
DISCOPUP,198,98,2025-07-25,0,2025,19404,7
Subsistence,6765,70,2016-10-25,0,2016,473550,10
Global City,1282,70,2021-11-30,0,2021,89740,11
Dice & Fold,1174,83,2024-06-24,0,2024,97442,6
Tower of Kalemonvo,368,83,2025-03-28,0,2025,30544,3
Voice of Cards: The Isle Dragon Roars,1228,79,2021-10-28,0,2021,97012,10
SNK VS. CAPCOM SVC CHAOS,339,86,2024-07-20,0,2024,29154,7
The White Door,1469,89,2020-01-09,0,2020,130741,1
The LEGO® NINJAGO® Movie Video Game,1585,87,2017-09-22,0,2017,137895,9
Jigsaw Puzzle Dreams,1110,94,2021-12-01,0,2021,104340,12
Faeland,215,90,2023-12-05,0,2023,19350,12
YOU DON'T KNOW JACK Vol. 2,66,92,2013-11-05,0,2013,6072,11
NanoApostle,950,95,2024-09-12,0,2024,90250,9
RWBY: Arrowfell,269,71,2022-11-15,0,2022,19099,11
RWBY: Grimm Eclipse,5900,79,2016-07-05,0,2016,466100,7
Disneyland Adventures,623,90,2018-09-14,0,2018,56070,9
Pile Up!,860,76,2025-07-23,0,2025,65360,7
Ova Magica,432,93,2024-07-23,0,2024,40176,7
Axis Football 2026,69,76,2025-09-08,0,2025,5244,9
Ambrosia,2522,94,2021-01-29,0,2021,237068,1
Umineko: Golden Fantasia,441,91,2017-12-08,0,2017,40131,12
WorldNeverland - Daily Life in the Elnea Kingdom - Another Life Adventure,72,79,2025-01-14,0,2025,5688,1
NBA 2K Playgrounds 2,1416,80,2018-10-15,0,2018,113280,10
New Arc Line,570,78,2024-11-26,0,2024,44460,11
Hidden Cats in Spooky Village,50,100,2025-10-23,0,2025,5000,10
Stickman Trenches,1509,81,2023-03-01,0,2023,122229,3
Ikaruga,1170,95,2014-02-18,0,2014,111150,2
Far Fishing,714,98,2025-06-26,0,2025,69972,6
Hotdog: The Videogame,28,75,2025-10-23,0,2025,2100,10
Stronghold 2: Steam Edition,2078,90,,0,,187020,
ASYLUM,357,85,2025-03-13,0,2025,30345,3
Trainz Plus,117,76,2022-05-30,0,2022,8892,5
LEGO® 2K Drive,707,66,2023-05-18,0,2023,46662,5
Auto Rogue,648,93,2025-05-23,0,2025,60264,5
Crashlands,1568,87,2016-01-21,0,2016,136416,1
Heat Signature,6061,94,2017-09-21,0,2017,569734,9
Rebel Galaxy,5154,86,2015-10-20,0,2015,443244,10
Tropico 5,4738,76,2014-05-23,0,2014,360088,5
Cairn: Mathair's Curse,38,89,2025-10-09,0,2025,3382,10
Princess&Blade,1334,82,2025-01-26,0,2025,109388,1
SONG OF HORROR COMPLETE EDITION,1855,80,2019-10-31,0,2019,148400,10
I'm on Observation Duty 4,737,97,2021-12-22,0,2021,71489,12
Towers of Aghasba,1823,68,2024-11-19,0,2024,123964,11
Maestro's Cold War 2,69,97,2025-04-03,0,2025,6693,4
Brothers in Arms: Hell's Highway™,1166,89,2008-10-08,0,2008,103774,10
Rusty Lake Hotel,1951,93,2016-01-29,0,2016,181443,1
Police Stories,2333,82,2019-09-19,0,2019,191306,9
Trackmania United Forever,1412,95,2008-04-16,0,2008,134140,4
The Darkside Detective,1928,94,2017-07-27,0,2017,181232,7
The Stronghold Collection,2078,90,2009-10-27,0,2009,187020,10
ANOTHER EDEN,1933,68,2021-03-30,0,2021,131444,3
Deadlink,1943,91,2023-07-27,0,2023,176813,7
Star Vortex,90,83,2025-07-28,0,2025,7470,7
Andromeda Six,36,97,2025-09-04,0,2025,3492,9
Granny 3,1038,92,2021-08-22,0,2021,95496,8
Deep Space Exploitation,57,100,2025-11-06,0,2025,5700,11
Berserk Boy,287,88,2024-03-06,0,2024,25256,3
Alisa,1224,89,2021-10-22,0,2021,108936,10
Pizza Restaurant Together,10,100,2025-11-21,0,2025,1000,11
Healed To Death,141,83,2025-04-08,0,2025,11703,4
Tankenstein,20,95,2025-11-13,0,2025,1900,11
Oxenfree,6695,92,2016-01-14,0,2016,615940,1
Granny Remake,1345,83,2023-07-19,0,2023,111635,7
Lootun,892,93,2024-05-14,0,2024,82956,5
Cornucopia®,362,89,2023-07-31,0,2023,32218,7
It Steals,1952,98,2020-07-22,0,2020,191296,7
Cooking Simulator VR,1418,79,2021-07-29,0,2021,112022,7
Sniper Ghost Warrior 3,4277,67,2017-04-24,0,2017,286559,4
Orwell: Keeping an Eye On You,4722,90,2016-10-27,0,2016,424980,10
Death and Taxes,3747,86,2020-02-20,0,2020,322242,2
Merge Maestro,329,95,2025-06-19,0,2025,31255,6
ATRI -My Dear Moments-,880,97,2020-06-18,0,2020,85360,6
Peaceful Days,200,85,2025-11-06,0,2025,17000,11
Slapshot: Rebound,8689,82,2024-04-11,0,2024,712498,4
Pixel Combat: Zombie Shooter,100,82,2025-11-11,0,2025,8200,11
Noelle Does Her Best!,400,85,2022-08-12,0,2022,34000,8
Angry Video Game Nerd I & II Deluxe,687,95,2020-10-29,0,2020,65265,10
Welcome to Maison Chichigami,313,92,2025-02-07,0,2025,28796,2
Total War: Empire - Definitive Edition,,,,0,,,
The Enjenir: The Engineering Physics Building Simulator,643,91,2023-12-18,0,2023,58513,12
Caravan SandWitch,1270,89,2024-09-12,0,2024,113030,9
Harem in Another World,111,94,2023-10-18,0,2023,10434,10
Tannenberg,3595,86,2017-11-16,0,2017,309170,11
Backrooms Rec.,1319,69,2024-03-06,0,2024,91011,3
Melon Journey: Bittersweet Memories,231,89,2023-04-06,0,2023,20559,4
METAL GEAR SOLID: MASTER COLLECTION Vol.1,,,2023-10-24,0,2023,,10
Psychonauts in the Rhombus of Ruin,501,87,2018-04-19,0,2018,43587,4
Paper Trail,457,95,2024-05-21,0,2024,43415,5
Necroking,731,81,2024-09-04,0,2024,59211,9
After Us,323,84,2023-05-23,0,2023,27132,5
Trine 2: Complete Story,5676,95,2013-06-06,0,2013,539220,6
ReCore: Definitive Edition,1313,61,2018-09-14,0,2018,80093,9
Occlude,260,86,2025-07-10,0,2025,22360,7
DEVIL BLADE REBOOT,738,98,2024-05-23,0,2024,72324,5
Survive the Fall,518,67,2025-05-22,0,2025,34706,5
Intravenous,1433,90,2021-07-26,0,2021,128970,7
Widget Inc.,692,85,2024-10-31,0,2024,58820,10
Arcadia Fallen,402,94,2021-11-17,0,2021,37788,11
Battlefleet Gothic: Armada,3493,67,2016-04-21,0,2016,234031,4
Bleak Faith: Forsaken,1803,75,2023-03-10,0,2023,135225,3
hololive Holo's Hanafuda,133,84,2025-07-30,0,2025,11172,7
Children of the Sun,1735,92,2024-04-09,0,2024,159620,4
SpaceBourne,751,76,2020-07-18,0,2020,57076,7
Card-en-Ciel,745,91,2024-10-23,0,2024,67795,10
I Hate My Waifu Streamer,426,93,2025-09-18,0,2025,39618,9
Line War,1024,80,2022-05-05,0,2022,81920,5
Shotgun Farmers,7804,93,2019-03-08,0,2019,725772,3
Blood Strike,1280,66,2023-05-07,0,2023,84480,5
Zwei: The Ilvard Insurrection,498,95,2017-10-31,0,2017,47310,10
SteamWorld Heist,2294,94,2016-06-07,0,2016,215636,6
DRAPLINE,1165,96,2025-06-29,0,2025,111840,6
Lost In The Open,120,75,2025-09-26,0,2025,9000,9
Captain Tsubasa: Rise of New Champions,1163,71,2020-09-28,0,2020,82573,9
Inertial Drift,1232,84,2020-09-11,0,2020,103488,9
"Live Hard, Die Hard",50,90,2025-11-19,0,2025,4500,11
Yard Sale Simulator,36,94,2023-11-29,0,2023,3384,11
Free For Fall,21,95,2025-11-07,0,2025,1995,11
Kentucky Route Zero: PC Edition,2369,82,2013-02-22,0,2013,194258,2
Click Mage,1259,90,2025-01-06,0,2025,113310,1
Blood Bar Tycoon,693,79,2025-02-04,0,2025,54747,2
Fae Tactics,1098,86,2020-07-31,0,2020,94428,7
Driftwood,1112,92,2025-08-01,0,2025,102304,8
RetroRealms Arcade,101,82,2024-10-18,0,2024,8282,10
Nancy Drew®: Ghost Dogs of Moon Lake,259,92,2009-10-10,0,2009,23828,10
Dungeon Siege III,1947,54,2011-06-20,0,2011,105138,6
PAC-MAN MUSEUM+,404,90,2022-06-27,0,2022,36360,6
Arizona Sunshine®,5083,78,2016-12-06,0,2016,396474,12
Ziggurat 2,1243,91,2021-10-28,0,2021,113113,10
Primitive Society Simulator,537,82,2024-02-26,0,2024,44034,2
Rudolph the Red-Nosed Reindeer,14,78,2025-09-26,0,2025,1092,9
Myst: Masterpiece Edition,906,85,2011-02-02,0,2011,77010,2
Leila,394,89,2025-04-07,0,2025,35066,4
3dSen VR,151,91,2025-06-19,0,2025,13741,6
Beach Invasion 1945 - Pacific,208,79,2023-12-19,0,2023,16432,12
Space Reign,263,79,2023-06-12,0,2023,20777,6
Tainted Grail: Conquest,4112,89,2021-05-27,0,2021,365968,5
FLAM EVAW,1414,97,2025-10-17,0,2025,137158,10
New Super Lucky's Tale,523,95,2020-08-21,0,2020,49685,8
Higurashi When They Cry Hou - Ch.2 Watanagashi,1390,97,2015-11-13,0,2015,134830,11
Freedom Fighters,1390,94,2020-09-21,0,2020,130660,9
A Tower Full of Cats,1209,99,2024-05-20,0,2024,119691,5
Samorost 3,1510,94,2016-03-24,0,2016,141940,3
Super Video Golf,230,96,2023-02-02,0,2023,22080,2
HIVESWAP: ACT 1,2651,94,2017-09-14,0,2017,249194,9
AirportSim,1243,68,2023-10-19,0,2023,84524,10
Bee Island,1393,86,2023-08-25,0,2023,119798,8
Infinifactory,1758,95,2015-06-30,0,2015,167010,6
Deadcam,33,75,2025-11-05,0,2025,2475,11
Utopia Must Fall,890,95,2024-09-09,0,2024,84550,9
Kingdom Come: Deliverance Royal Edition,,,2019-05-28,0,2019,,5
Ragnarock,1817,94,2021-07-15,0,2021,170798,7
DK Online,715,48,2019-03-05,0,2019,34320,3
Touhou Hero of Ice Fairy,1066,98,2024-04-03,0,2024,104468,4
Jumping Jazz Cats,71,73,2025-05-20,0,2025,5183,5
Folklore Hunter,1018,76,2020-02-24,0,2020,77368,2
Tiny Town VR,1100,92,2017-08-02,0,2017,101200,8
Bloons Adventure Time TD,2688,86,2019-01-16,0,2019,231168,1
Necrophosis,521,90,2025-04-25,0,2025,46890,4
月圆之夜 (Night of Full Moon),1116,80,2019-07-25,0,2019,89280,7
LONESTAR,1984,91,2025-04-03,0,2025,180544,4
Death's Gambit: Afterlife,2060,80,2018-08-13,0,2018,164800,8
Deliver Us Mars,1156,73,2023-02-02,0,2023,84388,2
All Hands on Deck,36,83,2025-11-11,0,2025,2988,11
Happy's Humble Burger Farm,1516,93,2021-12-03,0,2021,140988,12
Garfield Kart - Furious Racing,7347,89,2019-11-06,0,2019,653883,11
EMERGENCY 20,1973,84,2017-10-31,0,2017,165732,10
Imperiums: Greek Wars,437,84,2020-07-30,0,2020,36708,7
Door Kickers,3600,93,2014-10-20,0,2014,334800,10
Legends of Gems,98,84,2025-11-21,0,2025,8232,11
Higurashi When They Cry Hou - Ch. 5 Meakashi,812,97,2017-04-28,0,2017,78764,4
Cartel Tycoon,1229,72,2022-07-26,0,2022,88488,7
Combat Mission Battle for Normandy,134,76,2023-03-28,0,2023,10184,3
4D Golf,713,98,2024-03-22,0,2024,69874,3
Mirage Feathers,388,96,2024-09-06,0,2024,37248,9
Shadows of Forbidden Gods,957,92,2023-07-15,0,2023,88044,7
Tiny Lands 2,77,98,2025-11-06,0,2025,7546,11
Kriophobia,48,95,2025-11-20,0,2025,4560,11
Fun with Ragdolls: The Game,3854,90,2019-09-17,0,2019,346860,9
Total War: MEDIEVAL II - Definitive Edition,,,2007-11-27,0,2007,,11
Trials® Rising,1498,63,2019-02-26,0,2019,94374,2
Out Of Hands,1145,94,2025-04-21,0,2025,107630,4
Shinobi Warfare,299,63,2022-06-14,0,2022,18837,6
Atomic Exile,77,83,2025-06-16,0,2025,6391,6
Tunguska: The Visitation - Enhanced Edition,1407,87,2021-06-04,0,2021,122409,6
F.I.S.T.: Forged In Shadow Torch,676,86,2021-10-02,0,2021,58136,10
Labyrinth of Refrain: Coven of Dusk,1217,79,2018-09-18,0,2018,96143,9
Political Arena,53,73,2025-09-02,0,2025,3869,9
TRACE Definitive Edition,43,97,2025-11-07,0,2025,4171,11
Emily is Away <3,4566,92,2021-04-16,0,2021,420072,4
Beneath Oresa,1047,78,2023-09-27,0,2023,81666,9
Dark Hunting Ground,661,93,2025-09-06,0,2025,61473,9
"Guns, Gore and Cannoli 2",1036,95,2018-03-02,0,2018,98420,3
Gaming Cafe Simulator,328,85,2025-05-28,0,2025,27880,5
"Dude, Stop",1804,87,2018-06-01,0,2018,156948,6
Until You Fall,2226,94,2020-10-27,0,2020,209244,10
Insurgency,35624,92,2014-01-22,0,2014,3277408,1
Muv-Luv Alternative,904,94,2018-02-28,0,2018,84976,2
Llamasoft: The Jeff Minter Story,73,90,2024-03-13,0,2024,6570,3
Serious Sam HD: The First Encounter,2347,91,2009-11-24,0,2009,213577,11
Layers of Fear (2016),4969,87,2016-02-15,0,2016,432303,2
EVERSPACE™,4996,77,2017-05-25,0,2017,384692,5
Idol Party,602,73,2024-08-15,0,2024,43946,8
Wolfenstein: The Two Pack,,,2015-05-04,0,2015,,5
Antimatter Dimensions,2994,91,2022-12-17,0,2022,272454,12
Harold Halibut,972,83,2024-04-16,0,2024,80676,4
ATOM RPG Trudograd,932,88,2021-09-13,0,2021,82016,9
Gladiator Guild Manager,1494,81,2024-06-22,0,2024,121014,6
Winkeltje: The Little Shop,1571,89,2022-04-22,0,2022,139819,4
Hotel Galactic,302,47,2025-07-24,0,2025,14194,7
START AGAIN: a prologue,524,96,2021-08-18,0,2021,50304,8
Shujinkou,18,94,2025-02-13,0,2025,1692,2
SD GUNDAM BATTLE ALLIANCE,978,79,2022-08-24,0,2022,77262,8
Monkey Island™ 2 Special Edition: LeChuck’s Revenge™,1438,94,2010-07-07,0,2010,135172,7
Sid Meier's Railroads!,1736,71,2007-05-04,0,2007,123256,5
Ruffy and the Riverside,140,87,2025-06-26,0,2025,12180,6
Dungeon Defenders: Awakened,2247,67,2020-05-28,0,2020,150549,5
Mushihimesama,1347,96,2015-11-05,0,2015,129312,11
Threefold Recital,4207,98,2025-01-13,0,2025,412286,1
Endoparasitic 2,546,86,2024-10-01,0,2024,46956,10
Paradise Killer,2422,94,2020-09-04,0,2020,227668,9
The Disney Afternoon Collection,805,88,2017-04-18,0,2017,70840,4
Shamania,93,77,2025-09-01,0,2025,7161,9
Sid Meier's Civilization® IV,1840,92,2006-10-25,0,2006,169280,10
METAL GEAR SOLID V: The Definitive Experience,,,,0,,,
JOY OF PROGRAMMING - Software Engineering Simulator,317,77,2025-01-18,0,2025,24409,1
All Aboard! The Train Defense Express,312,86,2025-06-26,0,2025,26832,6
RAM: Random Access Mayhem,538,98,2025-09-15,0,2025,52724,9
Little Fighter 2 Remastered,1565,76,2025-07-18,0,2025,118940,7
Saihate Station,1627,97,2025-03-07,0,2025,157819,3
ATLAS,19871,47,2018-12-22,0,2018,933937,12
Legends of Amberland: The Forgotten Crown,253,94,2019-08-01,0,2019,23782,8
Kao the Kangaroo,771,77,2022-05-27,0,2022,59367,5
Behind the Frame: The Finest Scenery,1650,93,2021-08-25,0,2021,153450,8
Reality Break,595,82,2025-02-10,0,2025,48790,2
Kamaeru: A Frog Refuge,193,88,2024-06-08,0,2024,16984,6
Black Book,1010,89,2021-08-10,0,2021,89890,8
Hospital 666,1085,71,2024-03-05,0,2024,77035,3
Remote Reaper: FPV Drone,144,94,2025-04-04,0,2025,13536,4
Megaton Rainfall,1962,71,2017-11-17,0,2017,139302,11
Splitgate 2 Beta,16307,60,2025-05-22,0,2025,978420,5
The Last Starship,596,80,2023-02-15,0,2023,47680,2
Moss,1744,94,2018-06-07,0,2018,163936,6
Anode Heart,400,90,2023-11-17,0,2023,36000,11
The Procession to Calvary,1070,97,2020-04-09,0,2020,103790,4
Freeways,1971,89,2018-02-06,0,2018,175419,2
MX vs. ATV Reflex,1677,88,2010-11-26,0,2010,147576,11
Bounty of One,1763,89,2023-09-08,0,2023,156907,9
Impostor Factory,3318,94,2021-09-30,0,2021,311892,9
Game of Grass,219,84,2025-07-31,0,2025,18396,7
Dustland Delivery,1057,88,2024-11-05,0,2024,93016,11
Thumper,3025,92,2016-10-10,0,2016,278300,10
Hand Simulator,9921,83,2017-07-18,0,2017,823443,7
"Warhammer 40,000: Battle Sister",538,70,2022-03-08,0,2022,37660,3
POPULATION: ONE,1851,84,2020-10-22,0,2020,155484,10
Hyper Light Breaker,2671,62,2025-01-14,0,2025,165602,1
Christmas Story,38,89,2025-11-19,0,2025,3382,11
vROVpilot: TITANIC,136,89,2024-12-31,0,2024,12104,12
Pro Cycling Manager 25,354,73,2025-06-05,0,2025,25842,6
[Chilla's Art] The Convenience Store | 夜勤事件,1740,84,2020-02-17,0,2020,146160,2
Skigill,80,76,2025-10-31,0,2025,6080,10
Endoparasitic,1668,93,2022-10-24,0,2022,155124,10
Egypt Frontiers,26,84,2025-11-12,0,2025,2184,11
Detective Araka,18,77,2025-10-17,0,2025,1386,10
Gungrave G.O.R.E,629,72,2022-11-22,0,2022,45288,11
Sniper Elite VR,729,57,2021-07-08,0,2021,41553,7
Tales Of Glory,982,81,2020-05-30,0,2020,79542,5
Nordic Ashes: Survivors of Ragnarok,1845,89,2024-04-26,0,2024,164205,4
Warsim: The Realm of Aslona,1888,96,2022-12-20,0,2022,181248,12
The Vanishing of Ethan Carter,4104,86,2014-09-25,0,2014,352944,9
Staffer Case: A Supernatural Mystery Adventure,3420,94,2023-04-30,0,2023,321480,4
Disney•Pixar WALL-E,956,96,2015-02-24,0,2015,91776,2
Splintered,257,91,2025-10-23,0,2025,23387,10
Cyber Manhunt 2: New World - The Hacking Simulator,305,93,2025-01-20,0,2025,28365,1
Myst III: Exile,421,93,2018-09-24,0,2018,39153,9
The Banner Saga 2,1741,90,2016-04-19,0,2016,156690,4
Serious Sam II,3211,87,2012-01-31,0,2012,279357,1
Phantom Squad,296,77,2025-07-18,0,2025,22792,7
Leap Year,721,96,2024-06-13,0,2024,69216,6
Farming Simulator 15,4159,90,2014-10-30,0,2014,374310,10
Headquarters: World War II,448,75,2024-04-11,0,2024,33600,4
Submachine: Legacy,1197,98,2023-10-13,0,2023,117306,10
Tiny Terry's Turbo Trip,1236,95,2024-05-30,0,2024,117420,5
Nancy Drew®: Message in a Haunted Mansion,255,85,2017-05-01,0,2017,21675,5
GUILTY GEAR Xrd -SIGN-,1041,92,2015-12-09,0,2015,95772,12
Yuppie Psycho: Executive Edition,2021,94,2019-04-25,0,2019,189974,4
Perennial Order,575,93,2024-09-05,0,2024,53475,9
The Infected,3542,84,2020-08-06,0,2020,297528,8
Infinity Strash: DRAGON QUEST The Adventure of Dai,290,46,2023-10-12,0,2023,13340,10
The Walking Dead: Destinies,590,43,2023-12-01,0,2023,25370,12
Dreamscaper,1312,91,2021-08-05,0,2021,119392,8
Werewolf: The Apocalypse — The Book of Hungry Names,205,92,2024-04-25,0,2024,18860,4
Creeper World IXE,755,70,2024-12-12,0,2024,52850,12
Glass Masquerade 4: Constellations,270,90,2025-09-18,0,2025,24300,9
Idle Fishing,1717,83,2024-05-24,0,2024,142511,5
Shenmue III,988,76,2020-11-19,0,2020,75088,11
Kitsune Tails,786,95,2024-08-01,0,2024,74670,8
Metal Wolf Chaos XD,730,83,2019-08-06,0,2019,60590,8
Death of the Reprobate,566,96,2024-11-07,0,2024,54336,11
NORCO,1586,93,2022-03-24,0,2022,147498,3
Neighbours from Hell Compilation,538,96,2013-11-07,0,2013,51648,11
CHANGE: A Homeless Survival Experience,1386,92,2020-05-01,0,2020,127512,5
Sniper Killer,543,85,2024-10-17,0,2024,46155,10
Chicken Police: Into the HIVE!,274,82,2024-11-07,0,2024,22468,11
Zup! S,2839,96,2018-11-15,0,2018,272544,11
Neptunia Game Maker R:Evolution,71,78,2025-08-26,0,2025,5538,8
Yog-Sothoth’s Yard,231,85,2023-10-19,0,2023,19635,10
ART IS RIFLE,39,76,2025-02-27,0,2025,2964,2
Yars Rising,144,90,2024-09-09,0,2024,12960,9
Crime Detective: Red Flags,155,65,2025-10-21,0,2025,10075,10
Sonic the Hedgehog 4 - Episode II,1570,78,2012-05-15,0,2012,122460,5
Mini Airways - ATC simulator,1128,93,2024-07-30,0,2024,104904,7
Mushroom Musume,171,97,2025-06-20,0,2025,16587,6
Adventure Time: Pirates of the Enchiridion,791,90,2018-07-17,0,2018,71190,7
Mamorukun ReCurse!,43,95,2025-09-24,0,2025,4085,9
ROGUE LIGHT DECK BUILDER,679,96,2025-03-17,0,2025,65184,3
Beyond a Steel Sky,1215,88,2020-07-16,0,2020,106920,7
Chains of Freedom,382,79,2025-04-15,0,2025,30178,4
The Inn-Sanity,1323,96,2025-01-09,0,2025,127008,1
Hunter Roulette,445,86,2025-06-26,0,2025,38270,6
Momodora: Moonlit Farewell,1090,93,2024-01-11,0,2024,101370,1
Capcom Beat 'Em Up Bundle,1056,87,2018-10-10,0,2018,91872,10
Curse of the Dead Gods,3655,84,2021-02-23,0,2021,307020,2
Tunnel Escape,371,76,2024-08-22,0,2024,28196,8
Mind Over Magnet,1217,88,2024-11-13,0,2024,107096,11
Werewolf: The Apocalypse - Earthblood,1207,70,2022-02-07,0,2022,84490,2
Hyper Chess,229,93,2025-08-06,0,2025,21297,8
Nancy Drew®: The Secret of Shadow Ranch,187,88,2017-01-09,0,2017,16456,1
"Haiku, the Robot",1468,92,2022-04-28,0,2022,135056,4
The Captain,285,92,2021-12-03,0,2021,26220,12
planetarian HD,375,97,2017-05-08,0,2017,36375,5
RUINSMAGUS,178,79,2022-07-07,0,2022,14062,7
Tricky Madness,300,96,2024-11-15,0,2024,28800,11
Epistory - Typing Chronicles,2174,95,2016-03-30,0,2016,206530,3
Mech Engineer,821,75,2024-05-21,0,2024,61575,5
Higurashi When They Cry Hou - Ch.7 Minagoroshi,569,96,2019-07-18,0,2019,54624,7
"Love, Elections, and Chocolate",237,91,2025-03-28,0,2025,21567,3
Habbo Hotel: Origins,949,58,2025-10-15,0,2025,55042,10
PianoGlow 🎹,72,100,2025-03-10,0,2025,7200,3
Wilmot's Warehouse,485,96,2019-08-29,0,2019,46560,8
Maiden And Lord,752,87,2025-03-28,0,2025,65424,3
Nancy Drew®: Danger on Deception Island,261,92,2009-10-10,0,2009,24012,10
Oblivion Game of the Year Deluxe,,,2009-06-16,0,2009,,6
Cooking Craze,270,75,2024-03-20,0,2024,20250,3
The Sexy Brutale,2001,89,2017-04-11,0,2017,178089,4
Spellcaster University,1309,81,2021-06-15,0,2021,106029,6
A Castle Full of Cats,2207,99,2022-11-09,0,2022,218493,11
Fuga: Melodies of Steel 3,169,91,2025-05-28,0,2025,15379,5
GP Bikes,402,94,2021-12-17,0,2021,37788,12
Karting Superstars,312,82,2023-09-13,0,2023,25584,9
No Time,1683,97,2019-04-14,0,2019,163251,4
Winter Resort Simulator 2,1123,84,2020-11-26,0,2020,94332,11
Nocturnals,772,88,2024-09-13,0,2024,67936,9
New Cycle,1201,83,2024-01-18,0,2024,99683,1
Cosmic Coop,17,82,2025-11-06,0,2025,1394,11
Anomaly Exit,898,89,2024-03-31,0,2024,79922,3
THE LEGEND OF HEROES: HAJIMARI NO KISEKI,877,83,2021-08-25,0,2021,72791,8
Obscure II (Obscure: The Aftermath),1381,81,2014-03-10,0,2014,111861,3
Lords of Ravage,110,73,2025-10-15,0,2025,8030,10
No One Survived,2215,66,2023-01-14,0,2023,146190,1
"Spy Fox 2 ""Some Assembly Required""",164,94,2014-05-01,0,2014,15416,5
Bloons Monkey City,5135,91,2020-04-10,0,2020,467285,4
Hammerwatch Anniversary Edition,178,80,2023-08-15,0,2023,14240,8
Turbo Dismount™,4198,93,2014-05-21,0,2014,390414,5
Sunday Rivals,290,91,2022-05-16,0,2022,26390,5
Asterigos: Curse of the Stars,1000,79,2022-10-11,0,2022,79000,10
Dungeon Keeper Gold™,514,93,2024-03-07,0,2024,47802,3
Nebuchadnezzar,1369,79,2021-02-17,0,2021,108151,2
PRIM,372,93,2024-10-23,0,2024,34596,10
LES MILLS XR BODYCOMBAT,64,85,2025-04-14,0,2025,5440,4
Jeff The Killer: Horror Game,52,86,2025-10-31,0,2025,4472,10
Rogue Company,12273,74,2021-07-20,0,2021,908202,7
SpaceCorp: 2025-2300AD,53,83,2025-08-20,0,2025,4399,8
The Devourer: Hunted Souls,485,80,2023-10-26,0,2023,38800,10
Monument Valley 2,678,94,2022-07-12,0,2022,63732,7
Spelunky,10126,92,2013-08-08,0,2013,931592,8
Hookah Haze,1072,92,2024-07-10,0,2024,98624,7
Shadowrun: Hong Kong - Extended Edition,2727,87,2015-08-20,0,2015,237249,8
Total Annihilation,2419,96,2015-12-18,0,2015,232224,12
Nanomon Virtual Pet,95,88,2025-06-24,0,2025,8360,6
Nancy Drew®: The Captive Curse,210,89,2011-07-25,0,2011,18690,7
Vermillion - VR Painting,611,96,2021-07-26,0,2021,58656,7
Dungeon of the ENDLESS™,6519,87,2014-10-27,0,2014,567153,10
DUNGEON ENCOUNTERS,460,70,2021-10-14,0,2021,32200,10
CaseCracker,2945,90,2022-12-19,0,2022,265050,12
"Honey, I Joined a Cult",1331,74,2022-11-03,0,2022,98494,11
GraalOnline Era,630,69,2024-02-16,0,2024,43470,2
Max Manos,443,93,2025-03-06,0,2025,41199,3
Maniac,1561,91,2024-03-28,0,2024,142051,3
Nancy Drew®: The Deadly Device,82,91,2012-10-23,0,2012,7462,10
Rosewater,297,91,2025-03-27,0,2025,27027,3
CosmicBreak Universal,1355,56,2021-04-06,0,2021,75880,4
Rising Star 2,620,94,2020-08-12,0,2020,58280,8
C.A.S.T. (CHERNOZEM ANOMALY STRIKE TEAM),575,89,2025-07-14,0,2025,51175,7
Flower,1843,79,2019-02-14,0,2019,145597,2
Ethereal Sunder,57,84,2025-08-08,0,2025,4788,8
Sandwich Simulator,166,74,2025-05-26,0,2025,12284,5
Flock,211,95,2024-07-16,0,2024,20045,7
Jalopy,3921,76,2018-03-28,0,2018,297996,3
Cat God Ranch,1697,93,2024-09-12,0,2024,157821,9
Trans-Siberian Railway Simulator,1527,91,2024-05-30,0,2024,138957,5
Cardboard Town,1787,81,2023-08-18,0,2023,144747,8
Railbound,1704,94,2022-09-06,0,2022,160176,9
Ecosystem,534,76,2024-11-08,0,2024,40584,11
cyubeVR,1045,91,2018-01-26,0,2018,95095,1
Arranger: A Role-Puzzling Adventure,294,92,2024-07-25,0,2024,27048,7
Casino Simulator,718,82,2024-05-23,0,2024,58876,5
Hell Pie,1003,91,2022-07-21,0,2022,91273,7
Tomb Raider: Anniversary,2540,79,2007-06-05,0,2007,200660,6
Hakoniwa Explorer Plus,526,82,2018-06-06,0,2018,43132,6
SUPER BOMBERMAN R 2,133,53,2023-09-13,0,2023,7049,9
Atlantica Global,988,64,2020-05-14,0,2020,63232,5
Descenders Next,279,79,2025-07-21,0,2025,22041,7
Jurassic Park Classic Games Collection,98,72,2023-11-22,0,2023,7056,11
Fibbage XL,245,95,2016-03-24,0,2016,23275,3
Martha Is Dead,1010,75,2022-02-24,0,2022,75750,2
Skill Legends Royale,555,72,2024-11-04,0,2024,39960,11
Yaoling: Mythical Journey,383,94,2025-06-19,0,2025,36002,6
Learn Japanese RPG: Hiragana Forbidden Speech,237,98,2023-12-14,0,2023,23226,12
Creed: Rise to Glory™,1614,74,2018-09-25,0,2018,119436,9
Necrosmith 2,1182,78,2024-03-27,0,2024,92196,3
MotoGP™24,842,82,2024-05-02,0,2024,69044,5
Desktop Fishes,74,91,2025-11-13,0,2025,6734,11
Touhou: New World,239,78,2023-07-13,0,2023,18642,7
Sarah's Adventure: Time Travel,468,54,2024-06-25,0,2024,25272,6
The Shell Part I: Inferno,1065,91,2023-07-27,0,2023,96915,7
A Game of Thrones: The Board Game - Digital Edition,1646,70,2020-10-06,0,2020,115220,10
Infinite Rails,43,97,2025-06-20,0,2025,4171,6
Wargroove,2359,82,2019-02-01,0,2019,193438,2
STAR WARS™ Episode I Racer,1344,85,2018-11-16,0,2018,114240,11
Hyperdimension Neptunia Re;Birth1,5668,93,2015-01-29,0,2015,527124,1
Matchmaking Inc.,4639,86,2025-01-20,0,2025,398954,1
Aquarium Designer,1012,85,2021-10-21,0,2021,86020,10
ICBM,1613,92,2020-11-17,0,2020,148396,11
This Grand Life 2,252,90,2025-08-08,0,2025,22680,8
Trench Face,319,96,2025-09-02,0,2025,30624,9
Creeper World 3: Arc Eternal,3176,96,2014-03-27,0,2014,304896,3
The Testament of Sherlock Holmes,1132,75,2012-09-25,0,2012,84900,9
A Solitaire Mystery,213,90,2025-07-09,0,2025,19170,7
Move or Die,3252,85,2016-01-21,0,2016,276420,1
Space Pirate Trainer,2249,95,2017-10-12,0,2017,213655,10
Hard West 2,1247,81,2022-08-04,0,2022,101007,8
愚人船 NARRENSCHIFF,105,96,2025-10-28,0,2025,10080,10
Sweet Transit,1054,69,2024-04-22,0,2024,72726,4
YGGDRA REFRAIN,72,80,2025-11-17,0,2025,5760,11
Paper Animal Adventure,123,98,2025-08-07,0,2025,12054,8
UpGun,2264,83,2021-08-13,0,2021,187912,8
Card Shark,875,88,2022-06-02,0,2022,77000,6
Attack on Toys,1043,93,2021-09-24,0,2021,96999,9
Silent Hunter® III,1429,86,2008-06-13,0,2008,122894,6
Bronzebeard's Tavern,2875,93,2023-11-30,0,2023,267375,11
Tattoo Tycoon,25,76,2025-10-24,0,2025,1900,10
Incremental Epic Hero 2,1524,71,2025-01-02,0,2025,108204,1
Never Second in Rome,406,80,2025-02-18,0,2025,32480,2
Nancy Drew®: Legend of the Crystal Skull,197,91,2009-07-17,0,2009,17927,7
Blade Runner: Enhanced Edition,530,73,2022-06-23,0,2022,38690,6
Sea of Solitude,1047,82,2020-06-04,0,2020,85854,6
RUINER,4461,90,2017-09-26,0,2017,401490,9
Horizon's Gate,1156,94,2020-03-09,0,2020,108664,3
Pro Strategy Football 2026,15,93,2025-09-15,0,2025,1395,9
American Arcadia,1564,93,2023-11-15,0,2023,145452,11
Pro Soccer Online,3723,81,2021-11-15,0,2021,301563,11
Tangle Tower,2457,96,2019-10-22,0,2019,235872,10
Sol-Rui -after mini-,247,92,2025-01-10,0,2025,22724,1
Tracks - The Train Set Game,1133,93,2019-11-14,0,2019,105369,11
Type-NOISE: Shonen Shojo,91,83,2025-09-16,0,2025,7553,9
Super Loco World - Cozy Train Automation,239,76,2025-07-14,0,2025,18164,7
Hexarchy,934,84,2023-10-19,0,2023,78456,10
HUNTER×HUNTER NEN×IMPACT,198,64,2025-07-16,0,2025,12672,7
Dragonkin: The Banished,666,62,2025-03-06,0,2025,41292,3
Chernobylite 2: Exclusion Zone,445,61,2025-03-06,0,2025,27145,3
MX vs ATV All Out,1313,81,2018-03-27,0,2018,106353,3
Welcome to the Game,1578,82,2016-06-15,0,2016,129396,6
No Place Like Home,2804,79,2022-03-17,0,2022,221516,3
Low Magic Age,1101,88,2017-01-10,0,2017,96888,1
Actraiser Renaissance,648,75,2021-09-23,0,2021,48600,9
Underground Garage,507,73,2024-11-07,0,2024,37011,11
Thrillville®: Off the Rails™,773,93,2009-07-08,0,2009,71889,7
My Child Lebensborn Remastered,1045,96,2023-07-18,0,2023,100320,7
Noctuary,2024,95,2023-11-28,0,2023,192280,11
Higurashi When They Cry Hou - Ch.3 Tatarigoroshi,983,98,2016-06-17,0,2016,96334,6
Axon TD: Uprising - Tower Defense,626,87,2024-09-27,0,2024,54462,9
True Fear: Forsaken Souls Part 3,516,93,2025-04-21,0,2025,47988,4
Clash: Artifacts of Chaos,977,92,2023-03-09,0,2023,89884,3
B-17 Flying Fortress : The Mighty 8th Redux,283,64,2024-01-25,0,2024,18112,1
Vigil: The Longest Night,1286,86,2020-10-14,0,2020,110596,10
Port Royale 4,1294,57,2020-09-25,0,2020,73758,9
Trivia Tricks,203,93,2024-10-08,0,2024,18879,10
Despot's Game: Dystopian Battle Simulator,1257,82,2022-09-29,0,2022,103074,9
BLUE REVOLVER,742,98,2016-10-11,0,2016,72716,10
Primal Fray,12,100,2025-11-24,0,2025,1200,11
War Selection,7202,84,2019-10-08,0,2019,604968,10
The Dungeon Of Naheulbeuk: The Amulet Of Chaos,2117,83,2020-09-17,0,2020,175711,9
The Last Clockwinder,694,96,2022-06-02,0,2022,66624,6
Higurashi When They Cry Hou+,121,87,2023-11-09,0,2023,10527,11
LOK Digital,364,98,2024-12-11,0,2024,35672,12
Moduwar,84,90,2025-06-03,0,2025,7560,6
Railroad Corporation 2,259,72,2024-10-21,0,2024,18648,10
Zero Escape: Zero Time Dilemma,2600,82,2016-06-29,0,2016,213200,6
Eleven Table Tennis,2044,95,2016-09-22,0,2016,194180,9
Touge Shakai,967,84,2023-01-07,0,2023,81228,1
The Dishwasher: Vampire Smile,1577,95,2017-05-12,0,2017,149815,5
KIZUNA ENCOUNTER: SUPER TAG BATTLE,29,79,2025-10-11,0,2025,2291,10
Cricket 24,2235,78,2023-10-04,0,2023,174330,10
Storage Hustle,1397,71,2023-11-08,0,2023,99187,11
Lost Castle / 失落城堡,1388,79,2016-08-31,0,2016,109652,8
NEO Scavenger,3594,89,2014-12-15,0,2014,319866,12
Espresso Tycoon,1043,86,2023-06-07,0,2023,89698,6
Othercide,2365,83,2020-07-27,0,2020,196295,7
Panzer Knights,1783,79,2021-05-19,0,2021,140857,5
Assemble with Care,4280,90,2020-03-26,0,2020,385200,3
ISLANDERS,10137,95,2019-04-04,0,2019,963015,4
City Game Studio: Your Game Dev Adventure Begins,1587,91,2021-08-24,0,2021,144417,8
Scratchers,393,62,2025-06-16,0,2025,24366,6
Superball,307,70,2025-10-28,0,2025,21490,10
Pure Rock Crawling,1221,83,2024-10-28,0,2024,101343,10
Griftlands,5157,93,2021-06-01,0,2021,479601,6
Jupiter Hell Classic,178,97,2025-08-13,0,2025,17266,8
Nancy Drew®: Tomb of the Lost Queen,115,87,2012-05-16,0,2012,10005,5
Happy Sheepies,447,85,2024-07-08,0,2024,37995,7
The Zachtronics Solitaire Collection,764,98,2022-09-06,0,2022,74872,9
Just Act Natural,4165,86,2022-03-25,0,2022,358190,3
COMPOUND,1824,97,2022-07-19,0,2022,176928,7
Academia : School Simulator,1496,86,2021-01-28,0,2021,128656,1
The Lamplighters League,640,71,2023-10-03,0,2023,45440,10
Touhou: Scarlet Curiosity,1167,92,2018-07-11,0,2018,107364,7
Tiny Garden,87,88,2025-04-08,0,2025,7656,4
A Monster's Expedition,1351,94,2020-09-10,0,2020,126994,9
Little Aviary,65,96,2025-11-17,0,2025,6240,11
Mosaic of The Pharaohs,145,95,2025-03-28,0,2025,13775,3
Cataclysm: Dark Days Ahead,469,91,2023-03-31,0,2023,42679,3
Puyo Puyo™Tetris®,2148,89,2018-02-27,0,2018,191172,2
Luckyest,113,79,2025-09-23,0,2025,8927,9
Slender Threads,430,91,2025-02-07,0,2025,39130,2
Cascadia,162,99,2025-02-19,0,2025,16038,2
Night Shift Nurses,475,85,2024-12-16,0,2024,40375,12
Bellfortis,97,92,2025-06-19,0,2025,8924,6
System Shock: Enhanced Edition,1710,91,2015-10-22,0,2015,155610,10
EARTH DEFENSE FORCE: WORLD BROTHERS 2,152,90,2024-09-26,0,2024,13680,9
Alan Wake's American Nightmare,3248,75,2012-05-22,0,2012,243600,5
CUCKOLD SIMULATOR: Life as a Beta Male Cuck,1604,93,2025-11-16,0,2025,149172,11
Dragon Conqueror,163,92,2025-07-11,0,2025,14996,7
Nightmare Hunter,128,87,2022-08-19,0,2022,11136,8
Road Redemption,5542,84,2017-10-04,0,2017,465528,10
Absolver,7326,73,2017-08-29,0,2017,534798,8
閃攻機人アスラ - ASURA THE STRIKER -,96,94,2025-04-23,0,2025,9024,4
Legacy of Defense,288,77,2025-09-14,0,2025,22176,9
Void Sols,309,95,2024-11-12,0,2024,29355,11
APICO,1484,91,2022-05-20,0,2022,135044,5
"Cook, Serve, Delicious! 3?!",1708,93,2020-10-14,0,2020,158844,10
Combat Mission: Red Thunder,65,83,2023-06-15,0,2023,5395,6
HYKE:Northern Light(s),199,72,2025-09-18,0,2025,14328,9
Drunken Wrestlers 2,70,82,2019-04-01,0,2019,5740,4
Tlatoani: Aztec Cities,95,85,2024-10-31,0,2024,8075,10
Good Boy,21,85,2025-11-14,0,2025,1785,11
MUSYNX,1089,84,2018-12-04,0,2018,91476,12
No Straight Roads: Encore Edition,1689,89,2021-10-21,0,2021,150321,10
Way of the Samurai 3,752,77,2016-03-23,0,2016,57904,3
Fell Seal: Arbiter's Mark,3339,89,2019-04-30,0,2019,297171,4
House Builder 2,68,50,2025-10-22,0,2025,3400,10
From The Darkness,1135,88,2021-03-30,0,2021,99880,3
Field of Glory: Kingdoms,249,81,2024-06-04,0,2024,20169,6
Nancy Drew®: Alibi in Ashes,255,90,2011-11-02,0,2011,22950,11
Futamata Ren'ai: Two Times the Trouble,173,90,2025-07-25,0,2025,15570,7
Hatoful Boyfriend,4171,94,2014-09-04,0,2014,392074,9
Organ Trail: Director's Cut,2150,89,2013-03-19,0,2013,191350,3
Chess Ultra,1733,76,2017-06-21,0,2017,131708,6
Door Kickers: Action Squad,1969,93,2018-09-10,0,2018,183117,9
River City Girls Zero,157,70,2022-09-21,0,2022,10990,9
Dino Path Trail,180,80,2025-05-09,0,2025,14400,5
Soulstice,1592,77,2022-09-19,0,2022,122584,9
WAVESHAPER,1847,88,2017-05-03,0,2017,162536,5
Poptropica,175,68,2022-05-25,0,2022,11900,5
Blanc,721,76,2023-02-14,0,2023,54796,2
Kingdom Under Fire: The Crusaders,1009,91,2020-02-28,0,2020,91819,2
Kane & Lynch 2: Dog Days,2674,70,2010-08-17,0,2010,187180,8
Crisis in the Kremlin: The Cold War,512,87,2025-07-11,0,2025,44544,7
Higurashi When They Cry Hou - Ch.6 Tsumihoroboshi,754,99,2018-06-14,0,2018,74646,6
Red Matter,956,90,2018-11-10,0,2018,86040,11
Zork Anthology,104,94,2017-04-18,0,2017,9776,4
Vegas Craps by Pokerist,23,69,2025-06-23,0,2025,1587,6
Between Horizons – A Sci-Fi Detective Adventure,320,90,2024-03-25,0,2024,28800,3
House of the Dying Sun,1850,89,2016-11-01,0,2016,164650,11
Apocalypse Party,683,87,2023-11-30,0,2023,59421,11
Shadowrun Returns,6663,89,2013-07-25,0,2013,593007,7
Aeterna Noctis,1512,76,2021-12-14,0,2021,114912,12
Golden Chambers,117,92,2025-05-12,0,2025,10764,5
Team Sonic Racing™,1515,70,2019-05-21,0,2019,106050,5
Strategic Command WWII: World at War,480,84,2018-12-06,0,2018,40320,12
Cyber Manhunt,766,81,2021-02-02,0,2021,62046,2
Buddy Simulator 1984,3089,94,2021-02-18,0,2021,290366,2
Absolute Drift,1546,89,2015-07-29,0,2015,137594,7
If Found...,1493,93,2020-05-19,0,2020,138849,5
How to Survive,4610,76,2014-08-29,0,2014,350360,8
Melty Blood Actress Again Current Code,1676,94,2016-04-19,0,2016,157544,4
WHAT THE GOLF?,2018,92,2020-10-22,0,2020,185656,10
Scoot,1309,90,2020-12-28,0,2020,117810,12
MergeCrafter,858,72,2022-08-23,0,2022,61776,8
Sea Fantasy,503,86,2025-01-07,0,2025,43258,1
Sky Rogue,1019,92,2017-08-24,0,2017,93748,8
Pieces of the Past,31,77,2025-11-17,0,2025,2387,11
On Your Tail,218,89,2024-12-16,0,2024,19402,12
Astral Throne,242,84,2025-02-07,0,2025,20328,2
Into the Necrovale,536,85,2024-09-30,0,2024,45560,9
Seablip,939,82,2024-05-17,0,2024,76998,5
EMERGENCY 4 Deluxe,1888,93,2018-04-24,0,2018,175584,4
BAIONLENJA,227,99,2025-05-20,0,2025,22473,5
METAL SLUG 3,2449,88,2015-09-14,0,2015,215512,9
NFL Pro Era II,77,61,2023-10-16,0,2023,4697,10
SACRIFICE VILLAINS,89,86,2025-01-20,0,2025,7654,1
Genome Guardian,659,92,2024-05-07,0,2024,60628,5
Sid Meier's Colonization (Classic),970,96,2014-10-09,0,2014,93120,10
FATAL FRAME II: Crimson Butterfly REMAKE,,,2026-03-11,0,2026,,3
Train Valley 2,1117,90,2019-04-15,0,2019,100530,4
Goddess of Fate: Waifu RPG,81,87,2025-09-19,0,2025,7047,9
Sanatorium - A Mental Asylum Simulator,149,63,2025-11-06,0,2025,9387,11
Project Arrhythmia,1591,96,2019-06-14,0,2019,152736,6
Tribal Hunter,1323,97,2022-08-21,0,2022,128331,8
Supremacy: 1914,1197,68,2019-07-16,0,2019,81396,7
Gerda: A Flame in Winter,389,95,2022-09-01,0,2022,36955,9
Corpse Party 2: Dead Patient,352,70,2019-10-23,0,2019,24640,10
Yomawari: Lost in the Dark,301,87,2022-10-25,0,2022,26187,10
Jianghu Survivor,1072,87,2023-05-31,0,2023,93264,5
Realms of Madness,24,87,2025-11-03,0,2025,2088,11
SNØ: Ultimate Freeriding,559,97,2025-02-17,0,2025,54223,2
Blacksad: Under the Skin,1629,79,2019-11-14,0,2019,128691,11
Sam & Max Hit the Road,826,95,2018-11-16,0,2018,78470,11
Forgotten Realms: The Archives - Collection Two,234,90,2022-03-29,0,2022,21060,3
Parisian Brasserie Simulator,180,93,2025-08-24,0,2025,16740,8
Tales of Monkey Island: Complete Season,634,88,2009-07-07,0,2009,55792,7
Tom Clancy's Rainbow Six® 3 Gold,1833,91,2008-09-25,0,2008,166803,9
POSTAL Redux,2981,92,2016-05-20,0,2016,274252,5
Bloodwash,1156,92,2021-09-16,0,2021,106352,9
Angels Fall First,2244,81,2015-10-01,0,2015,181764,10
Wargame: Airland Battle,2309,86,2013-05-29,0,2013,198574,5
Vagante,2489,89,2018-02-21,0,2018,221521,2
ibb & obb,1210,91,2014-05-26,0,2014,110110,5
Apex Point,1784,87,2023-03-04,0,2023,155208,3
The Void Rains Upon Her Heart,1445,99,2018-02-14,0,2018,143055,2
Shadowrun: Dragonfall - Director's Cut,4073,90,2014-09-18,0,2014,366570,9
Mecha Knights: Nightmare,1490,91,2021-08-30,0,2021,135590,8
Hunting Simulator 2,709,69,2020-07-16,0,2020,48921,7
Vigor,2533,44,2024-09-18,0,2024,111452,9
HEART of CROWN Online,303,82,2024-04-23,0,2024,24846,4
Just Another Night Shift,726,92,2024-03-28,0,2024,66792,3
Ashen,1593,67,2019-12-09,0,2019,106731,12
Elsewhere,45,95,2025-10-24,0,2025,4275,10
The Bard's Tale ARPG: Remastered and Resnarkled,937,77,2009-12-11,0,2009,72149,12
Tales & Tactics,1532,80,2024-08-15,0,2024,122560,8
Gal Guardians: Demon Purge,1208,80,2023-02-23,0,2023,96640,2
Flintlock: The Siege of Dawn,1038,74,2024-07-17,0,2024,76812,7
Assassin's Creed Freedom Cry,1047,74,2014-02-25,0,2014,77478,2
Under A New Sun,301,77,2023-11-13,0,2023,23177,11
Hidden Folks,3131,96,2017-02-15,0,2017,300576,2
River Towns,135,91,2025-03-24,0,2025,12285,3
Blood and Bacon,12933,96,2016-02-01,0,2016,1241568,2
Pajama Sam 4: Life Is Rough When You Lose Your Stuff!,130,43,2014-05-29,0,2014,5590,5
Lakeview Cabin 2,523,96,2023-10-19,0,2023,50208,10
The House in Fata Morgana: A Requiem for Innocence,1471,97,2018-05-17,0,2018,142687,5
The Shell Part II: Purgatorio,457,96,2024-04-18,0,2024,43872,4
Trials of Innocence,908,93,2025-03-25,0,2025,84444,3
ASTRA: Knights of Veda,1053,55,2024-04-01,0,2024,57915,4
Iratus: Lord of the Dead,2876,84,2020-04-23,0,2020,241584,4
The Ouroboros King,415,82,2023-02-27,0,2023,34030,2
Among Us 3D: VR,1836,75,2022-11-10,0,2022,137700,11
SURV1V3,1619,82,2021-06-20,0,2021,132758,6
Celtic Heroes,148,54,2025-03-05,0,2025,7992,3
Dust Fleet,156,75,2023-08-23,0,2023,11700,8
Phantom Breaker: Battle Grounds Ultimate,148,85,2025-04-17,0,2025,12580,4
Fe,440,82,2020-06-04,0,2020,36080,6
Slipways,1738,93,2021-06-03,0,2021,161634,6
Forsaken Remastered,226,89,2018-07-31,0,2018,20114,7
AI Learns To Drive,140,96,2025-01-26,0,2025,13440,1
FRONT MISSION 2: Remake,258,58,2024-04-30,0,2024,14964,4
Arctic Motel Simulator,396,89,2025-02-11,0,2025,35244,2
HUMANITY,452,94,2023-05-15,0,2023,42488,5
Angel at Dusk,1509,98,2024-01-12,0,2024,147882,1
Aokana - Four Rhythms Across the Blue - EXTRA2,1269,99,2022-12-16,0,2022,125631,12
Vending Dokan!: Kozy Kiosk,109,93,2025-06-07,0,2025,10137,6
Quilts and Cats of Calico,375,93,2024-03-05,0,2024,34875,3
Big Farm Story,1139,79,2021-08-02,0,2021,89981,8
Farm Manager World,484,70,2025-04-21,0,2025,33880,4
Last Term,52,94,2025-10-07,0,2025,4888,10
The Shell Part III: Paradiso,442,97,2025-01-21,0,2025,42874,1
Tokyo Xanadu eX+,1267,86,2017-12-08,0,2017,108962,12
The Silver Case,854,88,2016-10-06,0,2016,75152,10
The Legend of Bum-Bo,3529,78,2019-11-12,0,2019,275262,11
Such a guy,340,95,2025-10-14,0,2025,32300,10
DORAEMON STORY OF SEASONS: Friends of the Great Kingdom,294,90,2022-11-01,0,2022,26460,11
The Holiday Story,41,75,2025-11-15,0,2025,3075,11
Rise of Industry 2,123,58,2025-06-03,0,2025,7134,6
嗜血印 Bloody Spell,2314,86,2022-01-26,0,2022,199004,1
Autonauts,1988,90,2019-10-17,0,2019,178920,10
Into the Restless Ruins,100,83,2025-05-15,0,2025,8300,5
Ship Explorer,79,78,2025-07-30,0,2025,6162,7
Stone Story RPG,859,90,2023-07-26,0,2023,77310,7
Corn Kidz 64,1516,94,2023-10-16,0,2023,142504,10
Hand of Fate 2,2022,83,2017-11-07,0,2017,167826,11
Twilight Struggle,1368,86,2016-04-13,0,2016,117648,4
BRUTAL JOHN 2,305,94,2025-07-22,0,2025,28670,7
Bunhouse,386,93,2021-10-19,0,2021,35898,10
Heaven Will Be Mine,635,92,2018-07-25,0,2018,58420,7
Croakoloco,414,91,2024-05-06,0,2024,37674,5
Smile For Me,1994,98,2019-05-31,0,2019,195412,5
Creepy Shift: House For Sale,202,93,2025-04-14,0,2025,18786,4
Spirit X Strike,341,81,2025-06-19,0,2025,27621,6
Devil Daggers,5540,96,2016-02-18,0,2016,531840,2
Holoidle,284,82,2025-06-05,0,2025,23288,6
The Quintessential Quintuplets - Five Memories Spent With You,277,97,2024-05-23,0,2024,26869,5
Athenian Rhapsody,309,92,2024-05-14,0,2024,28428,5
Warlord: Britannia,1738,88,2022-05-24,0,2022,152944,5
Slayers X: Terminal Aftermath: Vengance of the Slayer,1188,97,2023-06-01,0,2023,115236,6
Hydroponics Farm & Store Simulator,231,80,2025-04-25,0,2025,18480,4
Abnormality,95,70,2024-10-28,0,2024,6650,10
Cossacks: Back to War,696,88,2010-09-02,0,2010,61248,9
Banner of the Maid,568,82,2019-05-27,0,2019,46576,5
Sandboxels,496,93,2025-05-16,0,2025,46128,5
Super Jigsaw Puzzle: Generations,1073,94,2019-04-04,0,2019,100862,4
Park Beyond,772,63,2023-06-15,0,2023,48636,6
Wee Tanks!,501,91,2023-05-16,0,2023,45591,5
Whispers of a Machine,1313,93,2019-04-17,0,2019,122109,4
Nightmare of Decay,2737,96,2022-05-03,0,2022,262752,5
Drops of Death,71,91,2025-08-07,0,2025,6461,8
What The Dub?!,339,93,2021-04-08,0,2021,31527,4
CIPHER ZERO,110,96,2025-07-22,0,2025,10560,7
Two Strikes,195,92,2025-05-23,0,2025,17940,5
Indivisible,1234,72,2019-10-08,0,2019,88848,10
WASD : The Adventure of Tori,435,85,2025-10-02,0,2025,36975,10
Phantom Fury,664,62,2024-04-23,0,2024,41168,4
Land Of Idyllic Beauty,158,89,2024-08-17,0,2024,14062,8
Amairo Chocolate 3,45,100,2025-11-10,0,2025,4500,11
Utter a Name,127,94,2025-02-19,0,2025,11938,2
Mighty Switch Force! Collection,112,90,2019-07-25,0,2019,10080,7
Necromunda: Underhive Wars,2002,55,2020-09-07,0,2020,110110,9
Ereban: Shadow Legacy,240,86,2024-04-10,0,2024,20640,4
Freedom Planet,2460,95,2014-07-21,0,2014,233700,7
Aground,1710,94,2020-04-17,0,2020,160740,4
Sonic the Hedgehog 4 - Episode I,1540,37,2012-01-19,0,2012,56980,1
Ocean's Heart,1315,82,2021-01-21,0,2021,107830,1
Sword Art Online: Integral Factor,1045,67,2023-08-21,0,2023,70015,8
Colt Canyon,1428,90,2020-06-16,0,2020,128520,6
Lynked: Banner of the Spark,336,81,2025-05-22,0,2025,27216,5
Garten of Banban 7,1425,84,2024-05-10,0,2024,119700,5
FATE: The Traitor Soul,514,93,2014-08-27,0,2014,47802,8
First Cut: Samurai Duel,1631,89,2024-01-17,0,2024,145159,1
Check Inn,139,87,2025-10-16,0,2025,12093,10
Lone Fungus,678,87,2023-04-07,0,2023,58986,4
Gone Home,10701,77,2013-08-15,0,2013,823977,8
The Upturned,2025,99,2022-03-23,0,2022,200475,3
Pixel Dungeon VR,194,86,2025-05-27,0,2025,16684,5
The Eden of Grisaia,106,93,2017-04-28,0,2017,9858,4
"Welcome Back, Commander",192,81,2025-02-06,0,2025,15552,2
One Deck Dungeon,748,81,2018-05-18,0,2018,60588,5
Ruins Seeker,673,92,2020-05-28,0,2020,61916,5
Embr,1288,87,2021-09-23,0,2021,112056,9
UFO ROBOT GRENDIZER – The Feast of the Wolves,487,85,2023-11-14,0,2023,41395,11
Homefront,2061,62,2011-03-14,0,2011,127782,3
Quest for Glory 1-5,373,95,2016-08-29,0,2016,35435,8
Mini Ninjas,1392,88,2009-09-08,0,2009,122496,9
Sonicomi,518,89,2016-07-01,0,2016,46102,7
Hiveswap Friendsim,1205,93,2018-04-13,0,2018,112065,4
Drug Dealer Simulator,9380,85,2020-04-16,0,2020,797300,4
LumineNight,314,88,2024-11-28,0,2024,27632,11
Samurai Vandalism,410,78,2023-08-25,0,2023,31980,8
Evil Tonight,455,87,2021-10-14,0,2021,39585,10
TY the Tasmanian Tiger 4,242,78,2015-09-17,0,2015,18876,9
Touhou Chireiden ~ Subterranean Animism.,696,97,2020-06-05,0,2020,67512,6
Wanderer,799,84,2022-01-27,0,2022,67116,1
Makai Kingdom: Reclaimed and Rebound,137,88,2022-05-10,0,2022,12056,5
Stellar Tactics,1434,80,2016-09-22,0,2016,114720,9
Red Faction,1540,85,2009-08-05,0,2009,130900,8
Trinity Fusion,619,87,2023-12-15,0,2023,53853,12
Ben and Ed - Blood Party,435,82,2018-02-13,0,2018,35670,2
Super Fancy Pants Adventure,1874,93,2017-09-20,0,2017,174282,9
Stronghold Crusader 2,4178,68,2014-09-22,0,2014,284104,9
The Diner at the End of the Galaxy,20,90,2025-11-18,0,2025,1800,11
Monster Mop Up,155,61,2025-08-14,0,2025,9455,8
White Shadows,1330,81,2021-12-07,0,2021,107730,12
Ancient Warfare 3,2037,95,2024-01-26,0,2024,193515,1
Yield! Fall of Rome,186,71,2025-08-11,0,2025,13206,8
Casebook 1899 - The Leipzig Murders,52,84,2025-09-04,0,2025,4368,9
Forgotten Realms: The Archives - Collection One,244,92,2022-03-29,0,2022,22448,3
Indiana Jones® and the Fate of Atlantis™,1321,93,2009-07-08,0,2009,122853,7
Tennis Manager 25,57,73,2025-05-15,0,2025,4161,5
Owlboy,2348,85,2016-11-01,0,2016,199580,11
Nancy Drew®: The Final Scene,151,81,2017-04-18,0,2017,12231,4
Garden Galaxy,1370,97,2022-12-14,0,2022,132890,12
Rewind Or Die,375,93,2023-04-14,0,2023,34875,4
MXGP 2021 - The Official Motocross Videogame,1030,84,2021-11-30,0,2021,86520,11
Splendor,944,81,2015-09-17,0,2015,76464,9
Might & Magic: Clash of Heroes - Definitive Edition,346,78,2023-07-20,0,2023,26988,7
The Pale Beyond,1666,90,2023-02-24,0,2023,149940,2
Might & Magic: Heroes VI,3843,37,2011-10-13,0,2011,142191,10
Chinese Frontiers,336,71,2025-06-19,0,2025,23856,6
Boyfriend Dungeon,1995,91,2021-08-11,0,2021,181545,8
Holy Shoot,99,83,2025-07-30,0,2025,8217,7
INAYAH - Life after Gods,179,76,2025-03-27,0,2025,13604,3
Blade of Darkness,693,89,2021-10-07,0,2021,61677,10
Black Skylands,1243,81,2023-08-15,0,2023,100683,8
The WILDS,514,76,2022-02-15,0,2022,39064,2
Vampire: The Masquerade — Parliament of Knives,293,95,2021-10-28,0,2021,27835,10
Kong: Survivor Instinct,275,72,2024-10-22,0,2024,19800,10
Furry Feet,725,85,2021-08-10,0,2021,61625,8
Mafia II: Definitive Edition,,,2020-05-19,0,2020,,5
Subside,424,98,2024-09-17,0,2024,41552,9
The Plague Doctor of Wippra,316,89,2022-10-05,0,2022,28124,10
Zwei: The Arges Adventure,343,88,2018-01-24,0,2018,30184,1
Night At the Gates of Hell,751,89,2022-09-14,0,2022,66839,9
Nancy Drew®: The Haunting of Castle Malloy,189,80,2009-07-17,0,2009,15120,7
Geneforge 2 - Infestation,115,98,2024-03-27,0,2024,11270,3
LOST PLANET® 3,1927,64,2013-08-26,0,2013,123328,8
Faith in Despair,35,100,2025-11-11,0,2025,3500,11
Death Trash,2582,93,2021-08-05,0,2021,240126,8
More Sushi!,79,86,2025-10-24,0,2025,6794,10
Ruined Nurse,483,82,2024-12-02,0,2024,39606,12
Arcane Rush,369,64,2025-02-10,0,2025,23616,2
Dino Run DX,1079,95,2015-09-29,0,2015,102505,9
Pepper Grinder,970,85,2024-03-28,0,2024,82450,3
FREEDOM WARS Remastered,1139,68,2025-01-09,0,2025,77452,1
Harpoon Classic '97,42,83,2025-08-24,0,2025,3486,8
Bio Inc. Redemption,976,86,2018-03-08,0,2018,83936,3
TOP DOG,241,88,2025-01-29,0,2025,21208,1
Riddle Joker,476,97,2020-12-18,0,2020,46172,12
Romancing SaGa 3™,460,77,2019-11-11,0,2019,35420,11
GRANDIA II HD Remaster,1354,85,2015-08-24,0,2015,115090,8
Blackjack Championship,1644,65,2020-08-25,0,2020,106860,8
NEEDY STREAMER OVERLOAD: Typing of The Net,639,70,2025-01-20,0,2025,44730,1
Slaves of Magic,24,75,2025-11-02,0,2025,1800,11
First Class Trouble,1799,77,2021-11-01,0,2021,138523,11
Murdered: Soul Suspect,4135,82,2014-06-03,0,2014,339070,6
Teenage Mutant Ninja Turtles: Tactical Takedown,131,89,2025-05-22,0,2025,11659,5
Sheryl ~The Alchemist of the Island Ruins~,204,80,2024-04-19,0,2024,16320,4
AccuRC 2,410,86,2017-07-12,0,2017,35260,7
Voice of Cards: The Beasts of Burden,149,77,2022-09-13,0,2022,11473,9
Noctropolis,89,80,2015-09-03,0,2015,7120,9
Star Realms,1529,86,2016-03-08,0,2016,131494,3
DEMON'S TILT,902,94,2019-12-13,0,2019,84788,12
Subterrain: Mines of Titan,601,75,2024-03-12,0,2024,45075,3
Yi Xian: The Cultivation Card Game,804,89,2024-01-21,0,2024,71556,1
How 2 Escape: Lost Submarine,126,85,2025-06-24,0,2025,10710,6
Zefyr: A Thief's Melody,110,99,2025-06-02,0,2025,10890,6
Everything,2269,84,2017-04-21,0,2017,190596,4
GUILTY GEAR 2 -OVERTURE-,371,76,2016-03-31,0,2016,28196,3
Boneraiser Minions,3921,96,2023-03-09,0,2023,376416,3
Chocolate Factory Simulator,304,76,2025-01-07,0,2025,23104,1
Tomoyo After ~It's a Wonderful Life~ English Edition,640,90,2016-07-01,0,2016,57600,7
INMOST,1634,86,2020-08-21,0,2020,140524,8
420BLAZEIT 2: GAME OF THE YEAR -=Dank Dreams and Goated Memes=- [#wow/11 Like and Subscribe] Poggerz Edition,1352,98,2024-11-14,0,2024,132496,11
Aero GPX,701,97,2024-08-06,0,2024,67997,8
Shady Part of Me,600,91,2020-12-10,0,2020,54600,12
Overload,1574,94,2018-05-31,0,2018,147956,5
Escape First Alchemist ⚗️,670,83,2023-03-02,0,2023,55610,3
Thrive,1408,92,2021-11-26,0,2021,129536,11
Crush the Castle Legacy Collection,268,86,2022-03-29,0,2022,23048,3
FIND ALL 9: Fantasy,96,91,2025-10-13,0,2025,8736,10
Nuclear Gladiators 3000,38,94,2025-10-30,0,2025,3572,10
X-Morph: Defense,1100,92,2017-08-30,0,2017,101200,8
Aoi Tori,137,98,2024-06-26,0,2024,13426,6
Creatures of Ava,250,86,2024-08-07,0,2024,21500,8
The Final Earth 2,323,96,2022-07-15,0,2022,31008,7
Dead Finger Dice,131,81,2025-10-24,0,2025,10611,10
Elements Divided,82,91,2025-04-23,0,2025,7462,4
SpellForce 3 Reforced,2763,75,2017-12-07,0,2017,207225,12
LEGO® Harry Potter: Years 5-7,955,87,2012-01-05,0,2012,83085,1
Mycopsychosys: Remastered,129,99,2025-08-07,0,2025,12771,8
Obduction,2332,77,2016-08-24,0,2016,179564,8
Nova Empire,271,54,2022-05-26,0,2022,14634,5
Spooky Express,45,100,2025-10-21,0,2025,4500,10
Nancy Drew®: The Phantom of Venice,188,90,2009-07-17,0,2009,16920,7
Entropy Survivors,339,81,2024-12-04,0,2024,27459,12
THE KING OF FIGHTERS XIII GLOBAL MATCH,421,46,2025-02-19,0,2025,19366,2
Old School Rally,1334,90,2024-07-18,0,2024,120060,7
Warrior Maiden Lecia and the Lost Fortress,126,84,2025-05-23,0,2025,10584,5
Final Vendetta,317,82,2022-06-16,0,2022,25994,6
The Symbiant,724,95,2023-02-02,0,2023,68780,2
Misao - 2024 HD Remaster,1300,95,2017-10-25,0,2017,123500,10
Passpartout: The Starving Artist,2593,87,2017-06-06,0,2017,225591,6
WitchHand,545,91,2024-02-07,0,2024,49595,2
Recettear: An Item Shop's Tale,5418,96,2010-09-10,0,2010,520128,9
Ancestors Legacy,2099,77,2018-05-22,0,2018,161623,5
Click to Civ,25,88,2025-11-05,0,2025,2200,11
Firework,531,92,2021-02-03,0,2021,48852,2
Shining Resonance Refrain,885,72,2018-07-09,0,2018,63720,7
The Coma 2: Vicious Sisters,402,93,2020-01-28,0,2020,37386,1
SUFFOCATE,157,79,2025-10-23,0,2025,12403,10
MageQuit,984,94,2019-10-10,0,2019,92496,10
Barbie Project Friendship™,25,80,2024-10-25,0,2024,2000,10
Mini Settlers,509,86,2025-05-06,0,2025,43774,5
Knights And Bikes,462,87,2019-08-26,0,2019,40194,8
Isles of Sea and Sky,1154,93,2024-05-22,0,2024,107322,5
ODDADA,295,96,2024-08-15,0,2024,28320,8
Villages & Dungeons,761,91,2025-05-19,0,2025,69251,5
Obscure,1006,94,2014-03-10,0,2014,94564,3
DEADBOLT,3147,95,2016-03-14,0,2016,298965,3
Strongblade - Puzzle Quest and Match-3 Adventure,640,82,2023-09-14,0,2023,52480,9
ARMA: Cold War Assault,991,89,2011-07-13,0,2011,88199,7
NEKOPARA Extra,893,95,2018-07-26,0,2018,84835,7
STAR WARS™ - X-Wing Alliance™,392,83,2015-04-28,0,2015,32536,4
Dakar Desert Rally,1312,57,2022-10-04,0,2022,74784,10
"Spy Fox in ""Dry Cereal""",540,95,2014-04-17,0,2014,51300,4
Home Design 3D,1082,73,2015-11-20,0,2015,78986,11
Lethal League,2385,96,2014-08-27,0,2014,228960,8
Moncage,595,87,2021-11-15,0,2021,51765,11
Eternal Card Game,4659,79,2018-11-15,0,2018,368061,11
Warhammer Age of Sigmar: Realms of Ruin,1761,56,2023-11-17,0,2023,98616,11
Strongest☆Angel Zerachiel!,70,90,2025-03-28,0,2025,6300,3
"Guns, Gore & Cannoli",986,89,2015-04-30,0,2015,87754,4
Rogue Hex,218,88,2025-08-09,0,2025,19184,8
Dōkyūsei: Bangin' Summer,1763,93,2022-04-14,0,2022,163959,4
SAMURAI SHODOWN NEOGEO COLLECTION,333,82,2020-06-18,0,2020,27306,6
JETRUNNER,87,96,2025-09-04,0,2025,8352,9
DPS IDLE 2,461,50,2024-09-23,0,2024,23050,9
Fida Puti Samurai,506,91,2024-03-21,0,2024,46046,3
Everdeep Aurora,147,89,2025-07-10,0,2025,13083,7
Mindlock - The Apartment,548,95,2024-11-26,0,2024,52060,11
Star Crafter,78,71,2025-09-26,0,2025,5538,9
ROGUE FLIGHT,209,97,2024-10-24,0,2024,20273,10
Horizon Chase Turbo,1314,90,2018-05-15,0,2018,118260,5
Mafia,2151,86,2002-08-28,0,2002,184986,8
Ben and Ed,1171,81,2015-12-08,0,2015,94851,12
THE GAME OF LIFE,1479,73,2015-11-03,0,2015,107967,11
A Park Full of Cats,1806,97,2024-09-09,0,2024,175182,9
Lingo,674,93,2021-12-12,0,2021,62682,12
Puzzle Depot,25,100,2025-11-06,0,2025,2500,11
The Magical Mixture Mill,525,82,2024-03-27,0,2024,43050,3
Arma 2: Operation Arrowhead,8712,92,2010-06-29,0,2010,801504,6
Dandelion - Wishes brought to you -,636,85,2014-09-29,0,2014,54060,9
Haven Park,818,95,2021-08-05,0,2021,77710,8
Arise: A Simple Story,745,91,2020-12-03,0,2020,67795,12
GemCraft - Chasing Shadows,2514,95,2015-04-30,0,2015,238830,4
Long Live The Queen,4672,94,2013-11-08,0,2013,439168,11
Reignbreaker,369,76,2025-03-18,0,2025,28044,3
Disney G-Force,557,95,2014-10-06,0,2014,52915,10
Farm Frenzy Collection,467,95,2015-08-21,0,2015,44365,8
Petit Game Collection vol.1,551,87,2024-01-19,0,2024,47937,1
Toree Saturn,254,94,2025-08-08,0,2025,23876,8
INDUSTRIA,1312,74,2021-09-30,0,2021,97088,9
STRIDER™ / ストライダー飛竜®,1342,83,2014-02-19,0,2014,111386,2
Dynasty Protocol,19,84,2025-10-21,0,2025,1596,10
Block Factory,215,78,2025-07-11,0,2025,16770,7
Villagers and Heroes,1728,58,2014-04-17,0,2014,100224,4
Coin Push RPG,539,76,2025-05-22,0,2025,40964,5
Higurashi When They Cry Hou - Ch.8 Matsuribayashi,650,94,2020-05-14,0,2020,61100,5
Dream Life in the Country Side,68,85,2025-03-07,0,2025,5780,3
Audiosurf 2,3374,80,2015-05-26,0,2015,269920,5
REVEIL,625,86,2024-03-06,0,2024,53750,3
Two Worlds II HD,2109,54,2011-02-03,0,2011,113886,2
Abathor,279,89,2024-07-25,0,2024,24831,7
sweet pool,378,89,2018-12-19,0,2018,33642,12
Nancy Drew®: The Haunted Carousel,222,93,2009-10-10,0,2009,20646,10
Coastal Kitchen Simulator,59,83,2025-06-19,0,2025,4897,6
FIND ALL: Halloween,75,98,2025-10-25,0,2025,7350,10
Nancy Drew®: Labyrinth of Lies,96,71,2017-02-13,0,2017,6816,2
AMID EVIL VR,242,89,2023-04-20,0,2023,21538,4
Marc Eckō's Getting Up: Contents Under Pressure,755,84,2013-12-13,0,2013,63420,12
WHAT THE CAR?,682,85,2024-09-09,0,2024,57970,9
E.Y.E: Divine Cybermancy,4860,85,2011-07-29,0,2011,413100,7
Goblin Goopmaxxing,75,98,2025-10-31,0,2025,7350,10
我的26岁女房客：在云端(My 26-Year-Old Female Tenant),490,48,2025-11-12,0,2025,23520,11
Escape Memoirs: Mansion Heist,452,86,2022-06-16,0,2022,38872,6
F.E.A.R. 3,3040,62,2011-06-21,0,2011,188480,6
Langrisser I & II,813,72,2020-03-10,0,2020,58536,3
Firefly Village,83,86,2025-08-11,0,2025,7138,8
DRAINUS,981,96,2022-05-22,0,2022,94176,5
"El Paso, Elsewhere",1274,90,2023-09-26,0,2023,114660,9
Garage: Bad Dream Adventure,324,96,2022-07-07,0,2022,31104,7
GLADIABOTS - AI Combat Arena,816,88,2019-05-22,0,2019,71808,5
Master Key,203,91,2024-05-17,0,2024,18473,5
Train Valley Origins,199,81,2025-06-12,0,2025,16119,6
It Takes a War,152,92,2025-11-06,0,2025,13984,11
Sniper Fury,1027,44,2017-06-13,0,2017,45188,6
Deadly Days,1316,86,2019-09-19,0,2019,113176,9
Potato Flowers in Full Bloom,537,95,2022-03-10,0,2022,51015,3
Cats Organized Neatly,2157,97,2020-10-12,0,2020,209229,10
The Silent Kingdom,241,100,2025-02-18,0,2025,24100,2
Living with my Little Sister,330,70,2025-06-06,0,2025,23100,6
Fargone,459,70,2022-12-23,0,2022,32130,12
FATE: The Cursed King,469,93,2014-11-19,0,2014,43617,11
JIANGHU CHRONICLES,1901,72,2025-11-05,0,2025,136872,11
Snezhinka:Sentinel Girls2,516,98,2024-08-26,0,2024,50568,8
Lamplight City,724,89,2018-09-13,0,2018,64436,9
Duskers,1909,89,2016-05-18,0,2016,169901,5
Hakuoki: Edo Blossoms,855,95,2018-03-13,0,2018,81225,3
Bastard Bonds,763,88,2016-06-15,0,2016,67144,6
Hauntii,321,90,2024-05-23,0,2024,28890,5
Rock of Ages 2: Bigger & Boulder™,1023,89,2017-08-28,0,2017,91047,8
Backyard Digger,31,87,2025-09-30,0,2025,2697,9
Everybody Wants My Girl,24,62,2025-10-03,0,2025,1488,10
Zoria: Age of Shattering,491,76,2024-03-07,0,2024,37316,3
The Cat Lady,2543,92,2013-12-04,0,2013,233956,12
Phantom Brave PC,561,85,2016-07-25,0,2016,47685,7
Banners of Ruin,1228,79,2021-07-29,0,2021,97012,7
The Banner Saga 3,1266,79,2018-07-26,0,2018,100014,7
The Light Brigade,1034,89,2023-02-22,0,2023,92026,2
We Escaped a Twisted Game,65,100,2025-10-24,0,2025,6500,10
FPV SkyDive : FPV Drone Simulator,1488,84,2021-05-31,0,2021,124992,5
Premium Bowling,447,93,2019-10-18,0,2019,41571,10
LunarLux,263,95,2023-09-25,0,2023,24985,9
None Shall Intrude,760,73,2025-01-21,0,2025,55480,1
Awesomenauts,6981,84,2012-08-01,0,2012,586404,8
Hockey Legacy Manager 26,32,93,2025-09-05,0,2025,2976,9
Unseen,17,88,2025-11-21,0,2025,1496,11
Blazing Chrome,1239,89,2019-07-11,0,2019,110271,7
Gunship Battle Total Warfare,151,74,2025-01-15,0,2025,11174,1
飄流幻境M,205,74,2024-06-25,0,2024,15170,6
EcoGnomix,199,75,2024-09-30,0,2024,14925,9
