steamId,name,unreleased,firstReleaseDate,earlyAccess,copiesSold,price,revenue,reviewScore,publisherClass,publishers,developers,headerUrl,steamUrl
1172470,Apex Legends™,False,2020-11-04T05:00:00.000Z,False,73120117,0,1531911591,67,AAA,Electronic Arts,Respawn,https://shared.akamai.steamstatic.com/store_item_assets/steam/apps/1172470/6ae90b012e725a93622c3694d9d866b886cfd0f8/header.jpg?t=1762457261,https://store.steampowered.com/app/1172470
1086940,Baldur's Gate 3,False,2020-10-06T04:00:00.000Z,False,15431751,59.99,756241033,97,AAA,Larian Studios,Larian Studios,https://shared.akamai.steamstatic.com/store_item_assets/steam/apps/1086940/48a2fcbda8565bb45025e98fd8ebde8a7203f6a0/header.jpg?t=1759825106,https://store.steampowered.com/app/1086940
1091500,Cyberpunk 2077,False,2020-12-09T05:00:00.000Z,False,21415338,59.99,744203414,86,AAA,CD PROJEKT RED,CD PROJEKT RED,https://shared.akamai.steamstatic.com/store_item_assets/steam/apps/1091500/e9047d8ec47ae3d94bb8b464fb0fc9e9972b4ac7/header.jpg?t=1756209867,https://store.steampowered.com/app/1091500
1172620,Sea of Thieves: 2025 Edition,False,2020-06-03T04:00:00.000Z,False,12132753,39.99,273647625,89,AAA,Xbox Game Studios,Rare Ltd,https://shared.akamai.steamstatic.com/store_item_assets/steam/apps/1172620/header.jpg?t=1755260861,https://store.steampowered.com/app/1172620
739630,Phasmophobia,False,2020-09-18T04:00:00.000Z,True,21368718,19.99,246460503,96,AA,Kinetic Games,Kinetic Games,https://shared.akamai.steamstatic.com/store_item_assets/steam/apps/739630/c227a2855aba60f3657bc0c3a46515b8c41fb2b6/header.jpg?t=1763980860,https://store.steampowered.com/app/739630
261550,Mount & Blade II: Bannerlord,False,2020-03-30T04:00:00.000Z,False,6672317,49.99,234557001,88,AA,TaleWorlds Entertainment,TaleWorlds Entertainment,https://shared.akamai.steamstatic.com/store_item_assets/steam/apps/261550/header.jpg?t=1764100216,https://store.steampowered.com/app/261550
526870,Satisfactory,False,2020-06-08T00:00:00.000Z,False,7198812,39.99,170527866,97,AAA,Coffee Stain Publishing,Coffee Stain Studios,https://shared.akamai.steamstatic.com/store_item_assets/steam/apps/526870/header.jpg?t=1749717464,https://store.steampowered.com/app/526870
782330,DOOM Eternal,False,2020-03-19T04:00:00.000Z,False,6087471,39.99,169809262,91,AAA,Bethesda Softworks,id Software,https://shared.akamai.steamstatic.com/store_item_assets/steam/apps/782330/header.jpg?t=1755109910,https://store.steampowered.com/app/782330
1222670,The Sims™ 4,False,2020-06-18T04:00:00.000Z,False,24506288,0,159524696,87,AAA,Electronic Arts,Maxis,https://shared.akamai.steamstatic.com/store_item_assets/steam/apps/1222670/header.jpg?t=1763056950,https://store.steampowered.com/app/1222670
1158310,Crusader Kings III,False,2020-09-01T04:00:00.000Z,False,5116811,49.99,152838251,91,AAA,Paradox Interactive,Paradox Development Studio,https://shared.akamai.steamstatic.com/store_item_assets/steam/apps/1158310/76c895ee1bf12666d2b76b86b8e6cf9515a8b6db/header_alt_assets_11.jpg?t=1764085178,https://store.steampowered.com/app/1158310
397540,Borderlands 3,False,2020-03-13T04:00:00.000Z,False,8943311,59.99,143681302,81,AAA,2K,Gearbox Software,https://shared.akamai.steamstatic.com/store_item_assets/steam/apps/397540/header.jpg?t=1750802377,https://store.steampowered.com/app/397540
962130,Grounded,False,2020-07-28T04:00:00.000Z,False,4644612,39.99,121331922,90,AAA,Xbox Game Studios,Obsidian Entertainment,https://shared.akamai.steamstatic.com/store_item_assets/steam/apps/962130/header.jpg?t=1727719725,https://store.steampowered.com/app/962130
1286830,STAR WARS™: The Old Republic™,False,2020-07-21T04:00:00.000Z,False,5711233,0,119540368,90,AAA,Electronic Arts,Broadsword,https://shared.akamai.steamstatic.com/store_item_assets/steam/apps/1286830/header.jpg?t=1764088482,https://store.steampowered.com/app/1286830
546560,Half-Life: Alyx,False,2020-03-23T04:00:00.000Z,False,2892227,59.99,117361697,98,AAA,Valve,Valve,https://shared.akamai.steamstatic.com/store_item_assets/steam/apps/546560/header.jpg?t=1762986588,https://store.steampowered.com/app/546560
1238810,Battlefield™ V,False,2020-06-01T00:00:00.000Z,False,16120717,49.99,112843008,71,AAA,Electronic Arts,DICE,https://shared.akamai.steamstatic.com/store_item_assets/steam/apps/1238810/header.jpg?t=1747167586,https://store.steampowered.com/app/1238810
1151340,Fallout 76,False,2020-04-14T04:00:00.000Z,False,4991737,39.99,101218360,73,AAA,Bethesda Softworks,Bethesda Game Studios,https://shared.akamai.steamstatic.com/store_item_assets/steam/apps/1151340/a85a6d8e2f6444297f829f22fe6b6bbc2fb8e590/header.jpg?t=1756832490,https://store.steampowered.com/app/1151340
1222140,Detroit: Become Human,False,2020-06-18T04:00:00.000Z,False,6226511,39.99,98482630,96,AA,Quantic Dream,Quantic Dream,https://shared.akamai.steamstatic.com/store_item_assets/steam/apps/1222140/header.jpg?t=1667468479,https://store.steampowered.com/app/1222140
1222680,Need for Speed™ Heat,False,2020-06-04T04:00:00.000Z,False,7958130,69.99,87999002,84,AAA,Electronic Arts,Ghost Games,https://shared.akamai.steamstatic.com/store_item_assets/steam/apps/1222680/header.jpg?t=1716831270,https://store.steampowered.com/app/1222680
1250410,Microsoft Flight Simulator (2020) 40th Anniversary Edition,False,2020-08-17T04:00:00.000Z,False,1796304,59.99,86884565,79,AAA,Xbox Game Studios,Asobo Studio,https://shared.akamai.steamstatic.com/store_item_assets/steam/apps/1250410/header.jpg?t=1748576233,https://store.steampowered.com/app/1250410
1049590,Eternal Return,False,2020-10-14T04:00:00.000Z,False,5641368,0,80607929,76,AA,"Nimble Neuron,SapStaR Games",Nimble Neuron,https://shared.akamai.steamstatic.com/store_item_assets/steam/apps/1049590/498a7f1fb5a340503ec32612ed232b2a3e392a45/header.jpg?t=1762996107,https://store.steampowered.com/app/1049590
1057090,Ori and the Will of the Wisps,False,2020-03-10T04:00:00.000Z,False,5394795,29.99,77186670,97,AAA,Xbox Game Studios,Moon Studios GmbH,https://shared.akamai.steamstatic.com/store_item_assets/steam/apps/1057090/header.jpg?t=1759530749,https://store.steampowered.com/app/1057090
1237970,Titanfall® 2,False,2020-06-18T04:00:00.000Z,False,12401338,29.99,61576773,96,AAA,Electronic Arts,Respawn Entertainment,https://shared.akamai.steamstatic.com/store_item_assets/steam/apps/1237970/header.jpg?t=1726160226,https://store.steampowered.com/app/1237970
1056640,Phantasy Star Online 2 New Genesis,False,2020-08-05T04:00:00.000Z,False,2401759,0,61460921,70,AAA,SEGA,SEGA,https://shared.akamai.steamstatic.com/store_item_assets/steam/apps/1056640/header.jpg?t=1761745433,https://store.steampowered.com/app/1056640
495420,State of Decay 2: Juggernaut Edition,False,2020-03-13T04:00:00.000Z,False,3819607,29.99,57669579,83,AAA,Xbox Game Studios,Undead Labs,https://shared.akamai.steamstatic.com/store_item_assets/steam/apps/495420/header.jpg?t=1741378867,https://store.steampowered.com/app/495420
1238840,Battlefield™ 1,False,2020-06-11T04:00:00.000Z,False,11672711,39.99,57051552,87,AAA,Electronic Arts,DICE,https://shared.akamai.steamstatic.com/store_item_assets/steam/apps/1238840/header.jpg?t=1747168268,https://store.steampowered.com/app/1238840
1217060,Gunfire Reborn,False,2020-05-05T04:00:00.000Z,False,4744915,19.99,54113965,93,AA,Duoyi Games,Duoyi Games,https://shared.akamai.steamstatic.com/store_item_assets/steam/apps/1217060/dd6c1906d262c38c183ccd711f192db187b5103f/header.jpg?t=1763455761,https://store.steampowered.com/app/1217060
1343400,RuneScape ®,False,2020-10-14T04:00:00.000Z,False,3897446,0,52538791,82,AA,Jagex Ltd,Jagex Ltd,https://shared.akamai.steamstatic.com/store_item_assets/steam/apps/1343400/2354f470ed43dbcf63e168dc2b256285434ea52c/header.jpg?t=1750692577,https://store.steampowered.com/app/1343400
1167630,Teardown,False,2020-10-29T04:00:00.000Z,False,2901191,29.99,52489136,96,AA,Tuxedo Labs,Tuxedo Labs,https://shared.akamai.steamstatic.com/store_item_assets/steam/apps/1167630/header.jpg?t=1763977691,https://store.steampowered.com/app/1167630
1129580,Medieval Dynasty,False,2020-09-17T04:00:00.000Z,False,2197254,34.99,51628202,91,AA,Toplitz Productions,Render Cube,https://shared.akamai.steamstatic.com/store_item_assets/steam/apps/1129580/header.jpg?t=1763375266,https://store.steampowered.com/app/1129580
1139900,Ghostrunner,False,2020-10-27T04:00:00.000Z,False,2780059,29.99,50718336,91,AA,505 Games,"One More Level,3D Realms,Slipgate Ironworks™,All in! Games",https://shared.akamai.steamstatic.com/store_item_assets/steam/apps/1139900/header.jpg?t=1727712844,https://store.steampowered.com/app/1139900
851850,DRAGON BALL Z: KAKAROT,False,2020-01-16T05:00:00.000Z,False,1788027,19.99,50055663,93,AA,Bandai Namco Entertainment Inc.,CyberConnect2 Co. Ltd.,https://shared.akamai.steamstatic.com/store_item_assets/steam/apps/851850/header.jpg?t=1753237971,https://store.steampowered.com/app/851850
1229490,ULTRAKILL,False,2020-01-29T05:00:00.000Z,True,2356135,24.99,44874437,98,AA,New Blood Interactive,"Arsi ""Hakita"" Patala",https://shared.akamai.steamstatic.com/store_item_assets/steam/apps/1229490/header.jpg?t=1759394270,https://store.steampowered.com/app/1229490
753640,Outer Wilds,False,2020-06-18T04:00:00.000Z,False,2763567,24.99,42274299,96,AA,Annapurna Interactive,Mobius Digital,https://shared.akamai.steamstatic.com/store_item_assets/steam/apps/753640/header.jpg?t=1729097431,https://store.steampowered.com/app/753640
745920,Temtem,False,2020-01-21T05:00:00.000Z,False,1316230,44.99,41559670,82,AA,Humble Games,Crema,https://shared.akamai.steamstatic.com/store_item_assets/steam/apps/745920/header.jpg?t=1745480798,https://store.steampowered.com/app/745920
1030840,Mafia: Definitive Edition,False,2020-09-24T04:00:00.000Z,False,3947549,39.99,40357776,87,AAA,2K,Hangar 13,https://shared.akamai.steamstatic.com/store_item_assets/steam/apps/1030840/header.jpg?t=1759852929,https://store.steampowered.com/app/1030840
1151640,Horizon Zero Dawn™ Complete Edition,False,2020-08-07T04:00:00.000Z,False,5498520,0,37302365,88,AAA,PlayStation Publishing LLC,Guerrilla,https://shared.akamai.steamstatic.com/store_item_assets/steam/apps/1151640/header.jpg?t=1750105817,https://store.steampowered.com/app/1151640
952060,Resident Evil 3,False,2020-04-01T00:00:00.000Z,False,3171904,59.99,37238630,82,AAA,"CAPCOM Co., Ltd.","CAPCOM Co., Ltd.",https://shared.akamai.steamstatic.com/store_item_assets/steam/apps/952060/header.jpg?t=1728438347,https://store.steampowered.com/app/952060
870780,Control Ultimate Edition,False,2020-08-27T04:00:00.000Z,False,2501640,39.99,36388573,87,AA,Remedy Entertainment,Remedy Entertainment,https://shared.akamai.steamstatic.com/store_item_assets/steam/apps/870780/header.jpg?t=1755611834,https://store.steampowered.com/app/870780
1237950,STAR WARS™ Battlefront™ II,False,2020-06-11T04:00:00.000Z,False,3701933,39.99,34837120,88,AAA,Electronic Arts,DICE,https://shared.akamai.steamstatic.com/store_item_assets/steam/apps/1237950/header.jpg?t=1749220869,https://store.steampowered.com/app/1237950
1235140,Yakuza: Like a Dragon,False,2020-11-10T05:00:00.000Z,False,1269974,19.99,32202764,94,AAA,SEGA,Ryu Ga Gotoku Studio,https://shared.akamai.steamstatic.com/store_item_assets/steam/apps/1235140/header.jpg?t=1763642826,https://store.steampowered.com/app/1235140
1222730,STAR WARS™: Squadrons,False,2020-10-01T04:00:00.000Z,False,1582771,39.99,31161358,65,AAA,Electronic Arts,MOTIVE,https://shared.akamai.steamstatic.com/store_item_assets/steam/apps/1222730/header.jpg?t=1748950120,https://store.steampowered.com/app/1222730
719040,Wasteland 3,False,2020-08-27T04:00:00.000Z,False,890291,39.99,30199779,85,Indie,inXile Entertainment,inXile Entertainment,https://shared.akamai.steamstatic.com/store_item_assets/steam/apps/719040/header.jpg?t=1763578952,https://store.steampowered.com/app/719040
1258080,Shop Titans,False,2020-05-05T04:00:00.000Z,False,3155154,0,30087261,78,Indie,"Kabam Games, Inc.","Kabam Games, Inc.",https://shared.akamai.steamstatic.com/store_item_assets/steam/apps/1258080/8c0601da3ee8fc826c62193888e77554b7934795/header.jpg?t=1754432193,https://store.steampowered.com/app/1258080
1222700,A Way Out,False,2020-06-18T04:00:00.000Z,False,4794498,29.99,29899949,88,AAA,Electronic Arts,Hazelight Studios,https://shared.akamai.steamstatic.com/store_item_assets/steam/apps/1222700/header.jpg?t=1730912036,https://store.steampowered.com/app/1222700
1113000,Persona 4 Golden,False,2020-06-13T04:00:00.000Z,False,1953162,19.99,29801540,97,AAA,SEGA,ATLUS,https://shared.akamai.steamstatic.com/store_item_assets/steam/apps/1113000/header.jpg?t=1763530422,https://store.steampowered.com/app/1113000
578650,The Outer Worlds,False,2020-10-23T04:00:00.000Z,False,1347133,29.99,27133882,83,AA,Private Division,Obsidian Entertainment,https://shared.akamai.steamstatic.com/store_item_assets/steam/apps/578650/header.jpg?t=1738037605,https://store.steampowered.com/app/578650
1335200,Action Taimanin,False,2020-10-05T04:00:00.000Z,False,2327018,0,25117022,83,Indie,Infini-Brain inc.,LiLith,https://shared.akamai.steamstatic.com/store_item_assets/steam/apps/1335200/b4451d6a49308f7f76dd11436a6eb027009c62dd/header.jpg?t=1754155148,https://store.steampowered.com/app/1335200
1404210,Red Dead Online,False,2020-12-01T05:00:00.000Z,False,2473418,19.99,24433860,83,AAA,Rockstar Games,Rockstar Games,https://shared.akamai.steamstatic.com/store_item_assets/steam/apps/1404210/header.jpg?t=1759502979,https://store.steampowered.com/app/1404210
1147560,Skul: The Hero Slayer,False,2020-02-18T05:00:00.000Z,False,2351748,19.99,24283641,93,AA,NEOWIZ,SOUTHPAW GAMES,https://shared.akamai.steamstatic.com/store_item_assets/steam/apps/1147560/header.jpg?t=1762483568,https://store.steampowered.com/app/1147560
1307550,Craftopia,False,2020-09-04T04:00:00.000Z,True,1229666,24.99,22981349,77,AA,Pocketpair,Pocketpair,https://shared.akamai.steamstatic.com/store_item_assets/steam/apps/1307550/header.jpg?t=1756801282,https://store.steampowered.com/app/1307550
1238860,Battlefield 4™,False,2020-06-11T04:00:00.000Z,False,3674195,39.99,22387819,85,AAA,Electronic Arts,DICE,https://shared.akamai.steamstatic.com/store_item_assets/steam/apps/1238860/header.jpg?t=1734376923,https://store.steampowered.com/app/1238860
1213210,Command & Conquer™ Remastered Collection,False,2020-06-05T04:00:00.000Z,False,1784297,19.99,21922374,91,AAA,Electronic Arts,"Petroglyph,Lemon Sky Studios",https://shared.akamai.steamstatic.com/store_item_assets/steam/apps/1213210/header.jpg?t=1659021785,https://store.steampowered.com/app/1213210
837470,Untitled Goose Game,False,2020-09-23T04:00:00.000Z,False,2143666,19.99,21605550,96,Indie,Panic,House House,https://shared.akamai.steamstatic.com/store_item_assets/steam/apps/837470/header.jpg?t=1699052664,https://store.steampowered.com/app/837470
1377580,Soulworker,False,2020-10-01T00:00:00.000Z,False,1413401,0,21391156,71,Indie,G・O・P,VALOFE,https://shared.akamai.steamstatic.com/store_item_assets/steam/apps/1377580/header.jpg?t=1746809881,https://store.steampowered.com/app/1377580
972660,Spiritfarer®: Farewell Edition,False,2020-08-18T04:00:00.000Z,False,2248962,29.99,21091010,95,Indie,Thunder Lotus,Thunder Lotus,https://shared.akamai.steamstatic.com/store_item_assets/steam/apps/972660/header.jpg?t=1752503178,https://store.steampowered.com/app/972660
1089090,ONE PIECE: PIRATE WARRIORS 4,False,2020-03-26T04:00:00.000Z,False,1144320,39.99,20119248,92,AA,BANDAI NAMCO Entertainment,Koei Tecmo,https://shared.akamai.steamstatic.com/store_item_assets/steam/apps/1089090/header.jpg?t=1763698599,https://store.steampowered.com/app/1089090
1102190,Monster Train,False,2020-05-21T04:00:00.000Z,False,1452615,24.99,20097880,96,AA,Good Shepherd Entertainment,Shiny Shoe,https://shared.akamai.steamstatic.com/store_item_assets/steam/apps/1102190/header.jpg?t=1761065288,https://store.steampowered.com/app/1102190
933110,Age of Empires III: Definitive Edition,False,2020-10-15T04:00:00.000Z,False,6570003,0,19741602,85,AAA,Xbox Game Studios,"World's Edge,Tantalus Media,Forgotten Empires",https://shared.akamai.steamstatic.com/store_item_assets/steam/apps/933110/header.jpg?t=1756156214,https://store.steampowered.com/app/933110
916840,The Walking Dead: Saints & Sinners,False,2020-01-23T05:00:00.000Z,False,634281,19.99,19666684,86,Indie,Skydance Interactive,Skydance Interactive,https://shared.akamai.steamstatic.com/store_item_assets/steam/apps/916840/header.jpg?t=1744761535,https://store.steampowered.com/app/916840
1150690,OMORI,False,2020-12-25T05:00:00.000Z,False,1346096,19.99,19638836,97,Indie,"OMOCAT, LLC","OMOCAT, LLC",https://shared.akamai.steamstatic.com/store_item_assets/steam/apps/1150690/header.jpg?t=1671584768,https://store.steampowered.com/app/1150690
872410,ROMANCE OF THE THREE KINGDOMS XIV,False,2020-01-15T05:00:00.000Z,False,534468,59.99,19572174,63,AA,"KOEI TECMO GAMES CO., LTD.","KOEI TECMO GAMES CO., LTD.",https://shared.akamai.steamstatic.com/store_item_assets/steam/apps/872410/header.jpg?t=1760590145,https://store.steampowered.com/app/872410
1144400,Senren＊Banka,False,2020-02-14T05:00:00.000Z,False,1024468,34.99,18365427,99,Indie,"HIKARI FIELD,NekoNyan Ltd.",YUZUSOFT,https://shared.akamai.steamstatic.com/store_item_assets/steam/apps/1144400/header.jpg?t=1752128014,https://store.steampowered.com/app/1144400
895400,Deadside,False,2020-04-14T04:00:00.000Z,False,1251886,24.99,17996427,76,Indie,"Bad Pixel,tinyBuild",Bad Pixel,https://shared.akamai.steamstatic.com/store_item_assets/steam/apps/895400/a633c16be8afd5e2c4b6f74f06fea7c4c493f9c7/header.jpg?t=1763647682,https://store.steampowered.com/app/895400
1030830,Mafia II: Definitive Edition,False,2020-05-19T04:00:00.000Z,False,1509406,29.99,17175451,73,AAA,2K,"Hangar 13,D3T",https://shared.akamai.steamstatic.com/store_item_assets/steam/apps/1030830/header.jpg?t=1759852951,https://store.steampowered.com/app/1030830
1253920,Rogue Legacy 2,False,2020-08-18T04:00:00.000Z,False,1019626,24.99,16349907,91,Indie,Cellar Door Games,Cellar Door Games,https://shared.akamai.steamstatic.com/store_item_assets/steam/apps/1253920/header.jpg?t=1710829748,https://store.steampowered.com/app/1253920
1211630,The Jackbox Party Pack 7,False,2020-10-14T04:00:00.000Z,False,649651,29.99,15878023,96,AA,"Jackbox Games, Inc.","Jackbox Games, Inc.",https://shared.akamai.steamstatic.com/store_item_assets/steam/apps/1211630/header.jpg?t=1728584652,https://store.steampowered.com/app/1211630
1049410,Superliminal,False,2020-11-05T05:00:00.000Z,False,1390653,19.99,15668069,95,Indie,Pillow Castle,Pillow Castle,https://shared.akamai.steamstatic.com/store_item_assets/steam/apps/1049410/header.jpg?t=1755294276,https://store.steampowered.com/app/1049410
1449690,The Walking Dead: The Telltale Definitive Series,False,2020-10-29T04:00:00.000Z,False,1544329,49.99,15532234,97,AA,Skybound Games,Skybound Games,https://shared.akamai.steamstatic.com/store_item_assets/steam/apps/1449690/header.jpg?t=1760651835,https://store.steampowered.com/app/1449690
1295510,DRAGON QUEST® XI S: Echoes of an Elusive Age™ - Definitive Edition,False,2020-12-04T05:00:00.000Z,False,593343,39.99,15489537,93,AA,Square Enix,Square Enix,https://shared.akamai.steamstatic.com/store_item_assets/steam/apps/1295510/header.jpg?t=1727228467,https://store.steampowered.com/app/1295510
692890,Roboquest,False,2020-08-20T04:00:00.000Z,False,879020,24.99,15478631,95,Indie,"RyseUp Studios,Starbreeze Entertainment",RyseUp Studios,https://shared.akamai.steamstatic.com/store_item_assets/steam/apps/692890/header.jpg?t=1763992816,https://store.steampowered.com/app/692890
1161580,Hardspace: Shipbreaker,False,2020-06-16T04:00:00.000Z,False,837024,34.99,15394383,89,Indie,Blackbird Interactive,Blackbird Interactive,https://shared.akamai.steamstatic.com/store_item_assets/steam/apps/1161580/header.jpg?t=1756496436,https://store.steampowered.com/app/1161580
969990,SpongeBob SquarePants: Battle for Bikini Bottom - Rehydrated,False,2020-06-23T04:00:00.000Z,False,862012,29.99,15231217,94,AA,THQ Nordic,Purple Lamp,https://shared.akamai.steamstatic.com/store_item_assets/steam/apps/969990/header.jpg?t=1754079607,https://store.steampowered.com/app/969990
1126320,Being a DIK - Season 1,False,2020-02-13T05:00:00.000Z,False,1374132,13.99,14819427,96,Indie,Dr PinkCake,Dr PinkCake,https://shared.akamai.steamstatic.com/store_item_assets/steam/apps/1126320/header.jpg?t=1723920705,https://store.steampowered.com/app/1126320
1090630,Granblue Fantasy: Versus,False,2020-03-13T04:00:00.000Z,False,919542,19.99,14769398,83,AA,"XSEED Games,Marvelous USA, Inc.","Cygames, Inc.,Arc System Works",https://shared.akamai.steamstatic.com/store_item_assets/steam/apps/1090630/header.jpg?t=1750851915,https://store.steampowered.com/app/1090630
803330,Destroy All Humans!,False,2020-07-28T04:00:00.000Z,False,747642,29.99,14655473,92,AA,THQ Nordic,"Black Forest Games,Pandemic Studios",https://shared.akamai.steamstatic.com/store_item_assets/steam/apps/803330/header.jpg?t=1696424223,https://store.steampowered.com/app/803330
1227890,Summer Memories,False,2020-06-14T04:00:00.000Z,False,2134292,19.99,14121983,93,AA,Kagura Games,Dojin Otome,https://shared.akamai.steamstatic.com/store_item_assets/steam/apps/1227890/header.jpg?t=1749385653,https://store.steampowered.com/app/1227890
610370,Desperados III,False,2020-06-16T04:00:00.000Z,False,665457,39.99,14033144,96,AA,THQ Nordic,Mimimi Games,https://shared.akamai.steamstatic.com/store_item_assets/steam/apps/610370/header.jpg?t=1725010859,https://store.steampowered.com/app/610370
1089980,The Henry Stickmin Collection,False,2020-08-07T04:00:00.000Z,False,1331561,14.99,13712537,99,AA,Innersloth,PuffballsUnited,https://shared.akamai.steamstatic.com/store_item_assets/steam/apps/1089980/header.jpg?t=1619212064,https://store.steampowered.com/app/1089980
1041720,Kingdoms of Amalur: Re-Reckoning,False,2020-09-08T04:00:00.000Z,False,534210,39.99,13215287,77,AA,THQ Nordic,"KAIKO,Big Huge Games,38 Studios",https://shared.akamai.steamstatic.com/store_item_assets/steam/apps/1041720/header.jpg?t=1725013769,https://store.steampowered.com/app/1041720
1256670,Library Of Ruina,False,2020-05-15T04:00:00.000Z,False,856499,29.99,13003655,94,AA,ProjectMoon,ProjectMoon,https://shared.akamai.steamstatic.com/store_item_assets/steam/apps/1256670/header.jpg?t=1670980516,https://store.steampowered.com/app/1256670
1239080,Door Kickers 2: Task Force North,False,2020-11-03T05:00:00.000Z,False,641371,24.99,12648064,96,Indie,KillHouse Games,KillHouse Games,https://shared.akamai.steamstatic.com/store_item_assets/steam/apps/1239080/9a6301deb0dd6483c4c43667c6f989b7cc062bd9/header.jpg?t=1757581897,https://store.steampowered.com/app/1239080
1359090,Zero Hour,False,2020-08-12T04:00:00.000Z,False,1783432,9.99,12307599,78,Indie,AttritoM7 Productions,AttritoM7 Productions,https://shared.akamai.steamstatic.com/store_item_assets/steam/apps/1359090/header.jpg?t=1759214865,https://store.steampowered.com/app/1359090
1066890,Automobilista 2,False,2020-03-31T04:00:00.000Z,False,621692,39.99,12125072,92,Indie,Reiza Studios,Reiza Studios,https://shared.akamai.steamstatic.com/store_item_assets/steam/apps/1066890/4ec180b6bc16ce430f12bfbc88f420c93cb48313/header.jpg?t=1761935130,https://store.steampowered.com/app/1066890
257420,Serious Sam 4,False,2020-09-24T04:00:00.000Z,False,611461,39.99,11921412,83,AA,Devolver Digital,Croteam,https://shared.akamai.steamstatic.com/store_item_assets/steam/apps/257420/header.jpg?t=1761593267,https://store.steampowered.com/app/257420
1259980,RIDE 4,False,2020-10-08T04:00:00.000Z,False,905923,39.99,11821972,82,AA,Milestone S.r.l.,Milestone S.r.l.,https://shared.akamai.steamstatic.com/store_item_assets/steam/apps/1259980/header.jpg?t=1763029644,https://store.steampowered.com/app/1259980
1222690,Dragon Age™ Inquisition,False,2020-06-04T04:00:00.000Z,False,1347817,39.99,11666825,76,AAA,Electronic Arts,BioWare,https://shared.akamai.steamstatic.com/store_item_assets/steam/apps/1222690/header.jpg?t=1726253375,https://store.steampowered.com/app/1222690
1094520,Sands of Salzaar,False,2020-01-02T05:00:00.000Z,False,1392344,14.99,11584340,82,AA,XD,汉家松鼠Han-Squirrel Studio,https://shared.akamai.steamstatic.com/store_item_assets/steam/apps/1094520/header.jpg?t=1726626882,https://store.steampowered.com/app/1094520
953490,CARRION,False,2020-07-23T04:00:00.000Z,False,1007660,19.99,11111474,95,AA,Devolver Digital,Phobia Game Studio,https://shared.akamai.steamstatic.com/store_item_assets/steam/apps/953490/header.jpg?t=1760015957,https://store.steampowered.com/app/953490
625960,Stoneshard,False,2020-02-06T05:00:00.000Z,True,848570,24.99,10789036,74,AA,HypeTrain Digital,Ink Stains Games,https://shared.akamai.steamstatic.com/store_item_assets/steam/apps/625960/1a754c2d0729690dba97c5c55fb3d34868ac8792/header.jpg?t=1758566731,https://store.steampowered.com/app/625960
418530,Spelunky 2,False,2020-09-29T04:00:00.000Z,False,708502,19.99,10773642,93,Indie,Mossmouth,"Mossmouth,BlitWorks",https://shared.akamai.steamstatic.com/store_item_assets/steam/apps/418530/header.jpg?t=1663719294,https://store.steampowered.com/app/418530
1096530,Solasta: Crown of the Magister,False,2020-10-20T04:00:00.000Z,False,698495,29.99,10728431,87,Indie,Tactical Adventures,Tactical Adventures,https://shared.akamai.steamstatic.com/store_item_assets/steam/apps/1096530/header.jpg?t=1746538410,https://store.steampowered.com/app/1096530
895870,Project Wingman,False,2020-12-01T05:00:00.000Z,False,571122,24.99,10652012,94,Indie,"Sector D2,Humble Games",Sector D2,https://shared.akamai.steamstatic.com/store_item_assets/steam/apps/895870/header.jpg?t=1625008344,https://store.steampowered.com/app/895870
903950,Last Oasis,False,2020-03-26T04:00:00.000Z,True,480030,29.99,10605838,62,Indie,"Donkey Crew,Snail Games USA",Donkey Crew,https://shared.akamai.steamstatic.com/store_item_assets/steam/apps/903950/header.jpg?t=1743622020,https://store.steampowered.com/app/903950
1211020,Wobbly Life,False,2020-07-08T04:00:00.000Z,False,750516,24.99,10281159,97,Indie,RubberBandGames,RubberBandGames,https://shared.akamai.steamstatic.com/store_item_assets/steam/apps/1211020/86c3e16dfbfec027053c733d929a61ecfd15278a/header.jpg?t=1761037189,https://store.steampowered.com/app/1211020
536270,Ancestors: The Humankind Odyssey,False,2020-08-27T04:00:00.000Z,False,766392,39.99,10116879,78,AA,Private Division,Panache Digital Games,https://shared.akamai.steamstatic.com/store_item_assets/steam/apps/536270/header.jpg?t=1738037514,https://store.steampowered.com/app/536270
1483870,Draw & Guess,False,2020-12-27T05:00:00.000Z,False,4866301,2.99,9907633,84,Indie,Acureus,Acureus,https://shared.akamai.steamstatic.com/store_item_assets/steam/apps/1483870/header.jpg?t=1750853008,https://store.steampowered.com/app/1483870
1106840,Hydroneer,False,2020-05-08T04:00:00.000Z,False,1039713,14.99,9861321,86,Indie,Foulball Hangover,Foulball Hangover,https://shared.akamai.steamstatic.com/store_item_assets/steam/apps/1106840/header.jpg?t=1750162352,https://store.steampowered.com/app/1106840
1139980,Travellers Rest,False,2020-07-28T04:00:00.000Z,True,858299,17.99,9850826,88,Indie,"Isolated Games,IndieArk",Isolated Games,https://shared.akamai.steamstatic.com/store_item_assets/steam/apps/1139980/4f7daf4884589291ef49f35248d41f76e9b4d967/header.jpg?t=1762874014,https://store.steampowered.com/app/1139980
1167450,DAEMON X MACHINA,False,2020-02-13T05:00:00.000Z,False,289933,49.99,9734781,85,AA,"XSEED Games,Marvelous USA, Inc.,Marvelous Europe",Marvelous Inc.,https://shared.akamai.steamstatic.com/store_item_assets/steam/apps/1167450/header.jpg?t=1752000237,https://store.steampowered.com/app/1167450
1333350,Angel Legion,False,2020-08-14T04:00:00.000Z,False,523774,0,9647035,80,Indie,Shanghai SilverMoon Network Technology Co.Ltd,Shanghai SilverMoon Network Technology Co.Ltd,https://shared.akamai.steamstatic.com/store_item_assets/steam/apps/1333350/6a2141cc71490f02b50e4c8eea0430021be0276c/header.jpg?t=1763973402,https://store.steampowered.com/app/1333350
1262240,Plants vs. Zombies: Battle for Neighborville™,False,2020-06-04T04:00:00.000Z,False,1179911,29.99,9509714,71,AAA,Electronic Arts,PopCap,https://shared.akamai.steamstatic.com/store_item_assets/steam/apps/1262240/header.jpg?t=1747167474,https://store.steampowered.com/app/1262240
960990,Beyond: Two Souls,False,2020-06-18T04:00:00.000Z,False,1584379,19.99,9442274,88,AA,Quantic Dream,Quantic Dream,https://shared.akamai.steamstatic.com/store_item_assets/steam/apps/960990/header.jpg?t=1667468566,https://store.steampowered.com/app/960990
601840,Griftlands,False,2020-06-14T04:00:00.000Z,False,843972,19.99,9414532,94,AA,Klei Entertainment,Klei Entertainment,https://shared.akamai.steamstatic.com/store_item_assets/steam/apps/601840/header.jpg?t=1750107777,https://store.steampowered.com/app/601840
1377380,Night of the Dead,False,2020-08-27T04:00:00.000Z,False,538028,29.99,9341006,77,Indie,Jackto Studios,Jackto Studios,https://shared.akamai.steamstatic.com/store_item_assets/steam/apps/1377380/header.jpg?t=1760364619,https://store.steampowered.com/app/1377380
979110,Space Haven,False,2020-05-21T04:00:00.000Z,True,636642,22.99,9272822,86,Indie,Bugbyte Ltd.,Bugbyte Ltd.,https://shared.akamai.steamstatic.com/store_item_assets/steam/apps/979110/header.jpg?t=1763560926,https://store.steampowered.com/app/979110
682990,Drug Dealer Simulator,False,2020-04-16T04:00:00.000Z,False,997847,19.99,9120130,87,Indie,Movie Games S.A.,Byterunners,https://shared.akamai.steamstatic.com/store_item_assets/steam/apps/682990/header.jpg?t=1762946545,https://store.steampowered.com/app/682990
638230,Journey,False,2020-06-11T04:00:00.000Z,False,1375685,14.99,9107647,94,AA,Annapurna Interactive,thatgamecompany,https://shared.akamai.steamstatic.com/store_item_assets/steam/apps/638230/header.jpg?t=1729099361,https://store.steampowered.com/app/638230
1262580,Need for Speed™ Payback,False,2020-06-18T04:00:00.000Z,False,1581231,29.99,9016912,86,AAA,Electronic Arts,Ghost Games,https://shared.akamai.steamstatic.com/store_item_assets/steam/apps/1262580/header.jpg?t=1692306558,https://store.steampowered.com/app/1262580
1178490,港詭實錄ParanormalHK,False,2020-01-06T05:00:00.000Z,False,1331366,12.99,8919909,90,Indie,"Ghostpie Studio,Gamera Games",Ghostpie Studio,https://shared.akamai.steamstatic.com/store_item_assets/steam/apps/1178490/header.jpg?t=1661250615,https://store.steampowered.com/app/1178490
1038250,DIRT 5,False,2020-11-05T05:00:00.000Z,False,262299,59.99,8914412,54,Indie,"Codemasters,Electronic Arts",Codemasters,https://shared.akamai.steamstatic.com/store_item_assets/steam/apps/1038250/header.jpg?t=1663755334,https://store.steampowered.com/app/1038250
1367550,Kingdom Rush Vengeance - Tower Defense,False,2020-10-15T04:00:00.000Z,False,672902,19.99,8726195,94,Indie,Ironhide Game Studio,Ironhide Game Studio,https://shared.akamai.steamstatic.com/store_item_assets/steam/apps/1367550/header.jpg?t=1739448279,https://store.steampowered.com/app/1367550
1054490,Wingspan,False,2020-09-17T04:00:00.000Z,False,715365,19.99,8688932,94,Indie,"Monster Couch,Stonemaier Games,indienova",Monster Couch,https://shared.akamai.steamstatic.com/store_item_assets/steam/apps/1054490/header.jpg?t=1758794206,https://store.steampowered.com/app/1054490
1307890,Kingdoms Reborn,False,2020-11-02T05:00:00.000Z,True,532062,19.99,8616243,91,Indie,Earthshine,Earthshine,https://shared.akamai.steamstatic.com/store_item_assets/steam/apps/1307890/header.jpg?t=1710049664,https://store.steampowered.com/app/1307890
1071870,Biped,False,2020-03-26T04:00:00.000Z,False,1361701,14.99,8313821,86,Indie,"NEXT Studios,META Publishing",NEXT Studios,https://shared.akamai.steamstatic.com/store_item_assets/steam/apps/1071870/e4534c085670f0ec4a2c4fab343e1342c81ca035/header.jpg?t=1763536739,https://store.steampowered.com/app/1071870
1262540,Need for Speed™,False,2020-06-04T04:00:00.000Z,False,1019636,29.99,8311098,70,AAA,Electronic Arts,Ghost Games,https://shared.akamai.steamstatic.com/store_item_assets/steam/apps/1262540/header.jpg?t=1716834386,https://store.steampowered.com/app/1262540
1194630,The Dark Pictures Anthology: Little Hope,False,2020-10-29T04:00:00.000Z,False,562608,19.99,8147810,74,Indie,BANDAI NAMCO Entertainment Europe,Supermassive Games,https://shared.akamai.steamstatic.com/store_item_assets/steam/apps/1194630/header.jpg?t=1731918218,https://store.steampowered.com/app/1194630
1302240,Labyrinthine,False,2020-10-28T04:00:00.000Z,False,1187557,9.99,8120755,85,Indie,Valko Game Studios,Valko Game Studios,https://shared.akamai.steamstatic.com/store_item_assets/steam/apps/1302240/header.jpg?t=1764093777,https://store.steampowered.com/app/1302240
1184050,Gears Tactics,False,2020-04-28T04:00:00.000Z,False,244605,29.99,8108330,75,AAA,Xbox Game Studios,"Splash Damage,The Coalition",https://shared.akamai.steamstatic.com/store_item_assets/steam/apps/1184050/header.jpg?t=1694616448,https://store.steampowered.com/app/1184050
1267910,Melvor Idle,False,2020-11-19T05:00:00.000Z,False,1243739,9.99,8017871,90,AA,Jagex Ltd,Games by Malcs,https://shared.akamai.steamstatic.com/store_item_assets/steam/apps/1267910/header.jpg?t=1718290779,https://store.steampowered.com/app/1267910
1030210,Torchlight III,False,2020-06-13T04:00:00.000Z,False,360296,39.99,7912628,47,AA,Arc Games,Echtra Inc.,https://shared.akamai.steamstatic.com/store_item_assets/steam/apps/1030210/header.jpg?t=1729616511,https://store.steampowered.com/app/1030210
985890,Streets of Rage 4,False,2020-04-30T04:00:00.000Z,False,539005,24.99,7695677,93,Indie,Dotemu,"Dotemu,Guard Crush,Lizardcube",https://shared.akamai.steamstatic.com/store_item_assets/steam/apps/985890/header.jpg?t=1763718423,https://store.steampowered.com/app/985890
1062160,Poly Bridge 2,False,2020-05-28T04:00:00.000Z,False,975728,14.99,7507434,95,Indie,Dry Cactus,Dry Cactus,https://shared.akamai.steamstatic.com/store_item_assets/steam/apps/1062160/header.jpg?t=1751450422,https://store.steampowered.com/app/1062160
933820,Endzone - A World Apart,False,2020-04-02T04:00:00.000Z,False,810526,24.99,7374447,77,Indie,"Assemble Entertainment,WhisperGames",Gentlymad Studios,https://shared.akamai.steamstatic.com/store_item_assets/steam/apps/933820/header.jpg?t=1743596048,https://store.steampowered.com/app/933820
1286350,BPM: BULLETS PER MINUTE,False,2020-09-15T04:00:00.000Z,False,554731,19.99,7268709,91,Indie,Awe Interactive,Awe Interactive,https://shared.akamai.steamstatic.com/store_item_assets/steam/apps/1286350/header.jpg?t=1667228772,https://store.steampowered.com/app/1286350
1128810,RISK: Global Domination,False,2020-02-19T05:00:00.000Z,False,8723049,0,7240060,80,Indie,SMG Studio,SMG Studio,https://shared.akamai.steamstatic.com/store_item_assets/steam/apps/1128810/header.jpg?t=1761095871,https://store.steampowered.com/app/1128810
960690,One Step From Eden,False,2020-03-26T04:00:00.000Z,False,463733,19.99,7138711,93,AA,"Humble Games,Maple Whispering Limited",Thomas Moon Kang,https://shared.akamai.steamstatic.com/store_item_assets/steam/apps/960690/header.jpg?t=1726343045,https://store.steampowered.com/app/960690
1292630,3on3 FreeStyle: Rebound,False,2020-07-14T04:00:00.000Z,False,761199,0,7114249,63,Indie,Joycity,Joycity,https://shared.akamai.steamstatic.com/store_item_assets/steam/apps/1292630/1405a0c7ea35089d664fbe4d1007093f96eff99b/header.jpg?t=1762331749,https://store.steampowered.com/app/1292630
924980,Trials of Mana,False,2020-04-24T04:00:00.000Z,False,199142,49.99,7098846,92,AA,Square Enix,Square Enix,https://shared.akamai.steamstatic.com/store_item_assets/steam/apps/924980/header.jpg?t=1751008867,https://store.steampowered.com/app/924980
1201240,BLEACH Brave Souls,False,2020-08-17T04:00:00.000Z,False,1492558,0,7095509,88,Indie,KLab Inc.,KLab Inc.,https://shared.akamai.steamstatic.com/store_item_assets/steam/apps/1201240/47ada608b783000b765a9d9cf9892423e879941f/header_alt_assets_3.jpg?t=1763027104,https://store.steampowered.com/app/1201240
1284410,GWENT: The Witcher Card Game,False,2020-05-19T04:00:00.000Z,False,2503543,0,7016830,86,AAA,CD PROJEKT RED,CD PROJEKT RED,https://shared.akamai.steamstatic.com/store_item_assets/steam/apps/1284410/header.jpg?t=1749200860,https://store.steampowered.com/app/1284410
1238000,Mass Effect™: Andromeda Deluxe Edition,False,2020-06-11T04:00:00.000Z,False,838781,39.99,6917333,74,AAA,Electronic Arts,BioWare,https://shared.akamai.steamstatic.com/store_item_assets/steam/apps/1238000/8c7ff2de01854469c5202e522d8f8c00ab6ad052/header.jpg?t=1756158782,https://store.steampowered.com/app/1238000
1361000,In Silence,False,2020-10-16T04:00:00.000Z,False,1059800,9.99,6879697,75,Indie,Ravenhood Games,Ravenhood Games,https://shared.akamai.steamstatic.com/store_item_assets/steam/apps/1361000/header.jpg?t=1639062908,https://store.steampowered.com/app/1361000
1150080,Azur Lane Crosswave,False,2020-02-13T05:00:00.000Z,False,240130,39.99,6695911,69,Indie,Idea Factory International,"IDEA FACTORY,COMPILE HEART,FELISTELLA",https://shared.akamai.steamstatic.com/store_item_assets/steam/apps/1150080/header.jpg?t=1730833361,https://store.steampowered.com/app/1150080
746850,Cloudpunk,False,2020-04-23T04:00:00.000Z,False,604216,19.99,6565654,88,Indie,"ION LANDS,Maple Whispering Limited",ION LANDS,https://shared.akamai.steamstatic.com/store_item_assets/steam/apps/746850/header.jpg?t=1729027817,https://store.steampowered.com/app/746850
882100,XCOM®: Chimera Squad,False,2020-04-23T04:00:00.000Z,False,781547,19.99,6552687,71,AAA,2K,Firaxis Games,https://shared.akamai.steamstatic.com/store_item_assets/steam/apps/882100/header.jpg?t=1603903072,https://store.steampowered.com/app/882100
897450,The Survivalists,False,2020-10-09T04:00:00.000Z,False,1131878,32.99,6544296,77,AA,Team17,Team17,https://shared.akamai.steamstatic.com/store_item_assets/steam/apps/897450/header.jpg?t=1762940967,https://store.steampowered.com/app/897450
1123770,Curse of the Dead Gods,False,2020-03-03T05:00:00.000Z,False,713441,19.99,6508936,84,AAA,Focus Entertainment,Passtech Games,https://shared.akamai.steamstatic.com/store_item_assets/steam/apps/1123770/header.jpg?t=1727864458,https://store.steampowered.com/app/1123770
1223750,Cloud Meadow,False,2020-03-03T05:00:00.000Z,True,401938,19.99,6506886,86,Indie,TinyHat Studios,Team Nimbus,https://shared.akamai.steamstatic.com/store_item_assets/steam/apps/1223750/header.jpg?t=1761261187,https://store.steampowered.com/app/1223750
970830,The Dungeon Of Naheulbeuk: The Amulet Of Chaos,False,2020-09-17T04:00:00.000Z,False,305644,34.99,6474632,87,Indie,"Dear Villagers,E-Home Entertainment",Artefacts Studio,https://shared.akamai.steamstatic.com/store_item_assets/steam/apps/970830/header.jpg?t=1721835298,https://store.steampowered.com/app/970830
965580,Root,False,2020-08-20T04:00:00.000Z,False,645052,14.99,6446241,90,Indie,Dire Wolf,Dire Wolf,https://shared.akamai.steamstatic.com/store_item_assets/steam/apps/965580/header.jpg?t=1761609363,https://store.steampowered.com/app/965580
960910,Heavy Rain,False,2020-06-18T04:00:00.000Z,False,1111543,19.99,6426937,85,AA,Quantic Dream,Quantic Dream,https://shared.akamai.steamstatic.com/store_item_assets/steam/apps/960910/header.jpg?t=1675271942,https://store.steampowered.com/app/960910
1328660,Need for Speed™ Hot Pursuit Remastered,False,2020-11-06T05:00:00.000Z,False,778704,29.99,6385255,81,AAA,Electronic Arts,Stellar Entertainment Limited,https://shared.akamai.steamstatic.com/store_item_assets/steam/apps/1328660/header.jpg?t=1667318486,https://store.steampowered.com/app/1328660
1150640,Yu-Gi-Oh! Legacy of the Duelist : Link Evolution,False,2020-03-24T04:00:00.000Z,False,300570,39.99,6259583,82,AAA,KONAMI,Other Ocean Emeryville,https://shared.akamai.steamstatic.com/store_item_assets/steam/apps/1150640/header.jpg?t=1737488349,https://store.steampowered.com/app/1150640
420560,Firefighting Simulator - The Squad,False,2020-11-17T05:00:00.000Z,False,325717,24.99,6241630,81,AA,astragon Entertainment,Chronos Unterhaltungssoftware,https://shared.akamai.steamstatic.com/store_item_assets/steam/apps/420560/header.jpg?t=1741101935,https://store.steampowered.com/app/420560
604540,Empire of Sin,False,2020-12-01T05:00:00.000Z,False,207150,39.99,6134209,48,AAA,Paradox Interactive,Romero Games,https://shared.akamai.steamstatic.com/store_item_assets/steam/apps/604540/header.jpg?t=1750273519,https://store.steampowered.com/app/604540
1166860,Rival Stars Horse Racing: Desktop Edition,False,2020-06-24T04:00:00.000Z,False,200332,39.99,6046107,93,Indie,PikPok,PikPok,https://shared.akamai.steamstatic.com/store_item_assets/steam/apps/1166860/3a916dd8a000ab822baccba6aa4f76638382d0af/header.jpg?t=1763610353,https://store.steampowered.com/app/1166860
839770,Phoenix Point,False,2020-12-03T05:00:00.000Z,False,283288,24.99,6020196,73,Indie,Snapshot Games Inc.,Snapshot Games Inc.,https://shared.akamai.steamstatic.com/store_item_assets/steam/apps/839770/header.jpg?t=1663608331,https://store.steampowered.com/app/839770
1009290,SWORD ART ONLINE Alicization Lycoris,False,2020-07-09T04:00:00.000Z,False,168127,59.99,5970793,61,AA,BANDAI NAMCO Entertainment,"AQURIA Co., Ltd.",https://shared.akamai.steamstatic.com/store_item_assets/steam/apps/1009290/header.jpg?t=1750782350,https://store.steampowered.com/app/1009290
1058650,Beyond The Wire,False,2020-10-21T04:00:00.000Z,False,258177,9.99,5956025,63,AA,Offworld,Redstone Interactive,https://shared.akamai.steamstatic.com/store_item_assets/steam/apps/1058650/header.jpg?t=1707462227,https://store.steampowered.com/app/1058650
773790,Ostriv,False,2020-03-19T04:00:00.000Z,True,255738,24.99,5857885,95,Indie,yevhen8,yevhen8,https://shared.akamai.steamstatic.com/store_item_assets/steam/apps/773790/header.jpg?t=1731437983,https://store.steampowered.com/app/773790
1213740,She Will Punish Them,False,2020-04-29T04:00:00.000Z,True,480606,15.99,5714734,87,Indie,L2 Games,L2 Games,https://shared.akamai.steamstatic.com/store_item_assets/steam/apps/1213740/header.jpg?t=1664250316,https://store.steampowered.com/app/1213740
1291340,Townscaper,False,2020-06-30T04:00:00.000Z,False,1406997,5.99,5689747,95,AA,Raw Fury,Oskar Stålberg,https://shared.akamai.steamstatic.com/store_item_assets/steam/apps/1291340/header.jpg?t=1759220266,https://store.steampowered.com/app/1291340
848480,Creeper World 4,False,2020-12-03T05:00:00.000Z,False,317622,24.99,5652487,95,Indie,Knuckle Cracker,Knuckle Cracker,https://shared.akamai.steamstatic.com/store_item_assets/steam/apps/848480/header.jpg?t=1688931316,https://store.steampowered.com/app/848480
1262560,Need for Speed™ Most Wanted,False,2020-06-18T04:00:00.000Z,False,1298388,19.99,5565242,77,AAA,Electronic Arts,Criterion Games,https://shared.akamai.steamstatic.com/store_item_assets/steam/apps/1262560/header.jpg?t=1605151411,https://store.steampowered.com/app/1262560
913740,WORLD OF HORROR,False,2020-02-20T05:00:00.000Z,False,401577,19.99,5542362,90,Indie,"Ysbryd Games,PLAYISM",panstasz,https://shared.akamai.steamstatic.com/store_item_assets/steam/apps/913740/header.jpg?t=1730740660,https://store.steampowered.com/app/913740
1227530,Partisans 1941,False,2020-10-14T04:00:00.000Z,False,443694,29.99,5533593,82,AA,Daedalic Entertainment,Alter Games,https://shared.akamai.steamstatic.com/store_item_assets/steam/apps/1227530/header.jpg?t=1762364961,https://store.steampowered.com/app/1227530
1410710,Democracy 4,False,2020-10-06T04:00:00.000Z,False,364759,29.99,5491421,82,Indie,Positech Games,Positech Games,https://shared.akamai.steamstatic.com/store_item_assets/steam/apps/1410710/header.jpg?t=1679835311,https://store.steampowered.com/app/1410710
1240210,There Is No Game: Wrong Dimension,False,2020-08-06T04:00:00.000Z,False,597352,12.99,5466478,98,Indie,Draw Me A Pixel,Draw Me A Pixel,https://shared.akamai.steamstatic.com/store_item_assets/steam/apps/1240210/header.jpg?t=1728289933,https://store.steampowered.com/app/1240210
1238060,Dead Space™ 3,False,2020-06-18T04:00:00.000Z,False,837940,19.99,5430540,73,AAA,Electronic Arts,Visceral Games,https://shared.akamai.steamstatic.com/store_item_assets/steam/apps/1238060/header.jpg?t=1614938992,https://store.steampowered.com/app/1238060
1230140,ATRI -My Dear Moments-,False,2020-06-18T04:00:00.000Z,False,498213,20.99,5419037,99,Indie,ANIPLEX.EXE,"Frontwing,枕",https://shared.akamai.steamstatic.com/store_item_assets/steam/apps/1230140/header.jpg?t=1761759369,https://store.steampowered.com/app/1230140
793460,112 Operator,False,2020-04-23T04:00:00.000Z,False,501695,24.99,5353602,90,Indie,Games Operators,Jutsu Games,https://shared.akamai.steamstatic.com/store_item_assets/steam/apps/793460/70a6ea2dae4c05cc1760189e87004608f1bc2f93/header.jpg?t=1761821094,https://store.steampowered.com/app/793460
1115690,"Yes, Your Grace",False,2020-03-06T05:00:00.000Z,False,573270,19.99,5348662,87,Indie,No More Robots,Brave At Night,https://shared.akamai.steamstatic.com/store_item_assets/steam/apps/1115690/header.jpg?t=1746714206,https://store.steampowered.com/app/1115690
1101190,Dungeon Defenders: Awakened,False,2020-02-21T05:00:00.000Z,False,191117,29.99,5142562,66,Indie,Chromatic Games,Chromatic Games,https://shared.akamai.steamstatic.com/store_item_assets/steam/apps/1101190/header.jpg?t=1730826043,https://store.steampowered.com/app/1101190
803050,Per Aspera,False,2020-12-03T05:00:00.000Z,False,259675,29.99,5131096,76,AA,Raw Fury,Tlön Industries,https://shared.akamai.steamstatic.com/store_item_assets/steam/apps/803050/header.jpg?t=1733496904,https://store.steampowered.com/app/803050
1163550,Captain Tsubasa: Rise of New Champions,False,2020-08-01T00:00:00.000Z,False,216163,39.99,5126035,71,AA,BANDAI NAMCO Entertainment,TAMSOFT CORPORATION,https://shared.akamai.steamstatic.com/store_item_assets/steam/apps/1163550/header.jpg?t=1718965999,https://store.steampowered.com/app/1163550
846770,DYSMANTLE,False,2020-11-06T05:00:00.000Z,False,505759,19.99,5088334,91,Indie,10tons Ltd,10tons Ltd,https://shared.akamai.steamstatic.com/store_item_assets/steam/apps/846770/header.jpg?t=1730985288,https://store.steampowered.com/app/846770
684450,Surviving the Aftermath,False,2020-10-22T04:00:00.000Z,False,277695,29.99,4985110,71,AAA,Paradox Interactive,Iceflake Studios,https://shared.akamai.steamstatic.com/store_item_assets/steam/apps/684450/header.jpg?t=1726498077,https://store.steampowered.com/app/684450
1238820,Battlefield 3™,False,2020-06-11T04:00:00.000Z,False,930706,39.99,4950992,71,AAA,Electronic Arts,DICE,https://shared.akamai.steamstatic.com/store_item_assets/steam/apps/1238820/header.jpg?t=1734373919,https://store.steampowered.com/app/1238820
1024650,Port Royale 4,False,2020-09-25T04:00:00.000Z,False,160576,39.99,4853046,58,AA,Kalypso Media,Gaming Minds,https://shared.akamai.steamstatic.com/store_item_assets/steam/apps/1024650/header.jpg?t=1730300483,https://store.steampowered.com/app/1024650
674500,Total Tank Simulator,False,2020-05-20T04:00:00.000Z,False,385204,19.99,4828641,79,AA,505 Games,Noobz from Poland,https://shared.akamai.steamstatic.com/store_item_assets/steam/apps/674500/header.jpg?t=1696602077,https://store.steampowered.com/app/674500
798490,Othercide,False,2020-07-27T04:00:00.000Z,False,292665,29.99,4821521,82,AAA,Focus Entertainment,Lightbulb Crew,https://shared.akamai.steamstatic.com/store_item_assets/steam/apps/798490/header.jpg?t=1748892649,https://store.steampowered.com/app/798490
978520,Legend of Keepers: Career of a Dungeon Manager,False,2020-03-19T04:00:00.000Z,False,411976,19.99,4780273,79,Indie,Goblinz Publishing,Goblinz Studio,https://shared.akamai.steamstatic.com/store_item_assets/steam/apps/978520/header.jpg?t=1735919228,https://store.steampowered.com/app/978520
1294760,HARD BULLET,False,2020-10-22T04:00:00.000Z,True,270119,19.99,4756870,84,Indie,GexagonVR,GexagonVR,https://shared.akamai.steamstatic.com/store_item_assets/steam/apps/1294760/header.jpg?t=1761949495,https://store.steampowered.com/app/1294760
1147550,Not For Broadcast,False,2020-01-30T05:00:00.000Z,False,527787,24.99,4731037,94,AA,tinyBuild,NotGames,https://shared.akamai.steamstatic.com/store_item_assets/steam/apps/1147550/header.jpg?t=1763649177,https://store.steampowered.com/app/1147550
1356670,Sakuna: Of Rice and Ruin,False,2020-11-10T05:00:00.000Z,False,216384,29.99,4675676,92,AA,"XSEED Games,Marvelous USA, Inc.",Edelweiss,https://shared.akamai.steamstatic.com/store_item_assets/steam/apps/1356670/header.jpg?t=1751321976,https://store.steampowered.com/app/1356670
1189630,Path Of Wuxia,False,2020-04-30T04:00:00.000Z,False,455465,34.99,4649721,78,Indie,香港商河洛互動娛樂股份有限公司,香港商河洛互動娛樂股份有限公司,https://shared.akamai.steamstatic.com/store_item_assets/steam/apps/1189630/header.jpg?t=1668483186,https://store.steampowered.com/app/1189630
999220,Amnesia: Rebirth,False,2020-10-20T04:00:00.000Z,False,323242,29.99,4582219,77,Indie,Frictional Games,Frictional Games,https://shared.akamai.steamstatic.com/store_item_assets/steam/apps/999220/header.jpg?t=1752056337,https://store.steampowered.com/app/999220
1196310,Fantasy Grounds VTT,False,2020-08-27T04:00:00.000Z,False,56891,0,4582200,82,Indie,"SmiteWorks USA, LLC","SmiteWorks USA, LLC",https://shared.akamai.steamstatic.com/store_item_assets/steam/apps/1196310/header.jpg?t=1762540742,https://store.steampowered.com/app/1196310
978780,STORY OF SEASONS: Friends of Mineral Town,False,2020-07-14T04:00:00.000Z,False,166613,39.99,4555539,94,AA,"XSEED Games,Marvelous USA, Inc.,Marvelous Europe",Marvelous Inc.,https://shared.akamai.steamstatic.com/store_item_assets/steam/apps/978780/header.jpg?t=1743091853,https://store.steampowered.com/app/978780
1225570,Unravel Two,False,2020-06-04T04:00:00.000Z,False,1082101,19.99,4525339,79,AAA,Electronic Arts,Coldwood Interactive,https://shared.akamai.steamstatic.com/store_item_assets/steam/apps/1225570/header.jpg?t=1721053654,https://store.steampowered.com/app/1225570
1266840,The Last Stand: Aftermath,False,2020-05-01T04:00:00.000Z,False,292464,24.99,4521497,81,Indie,Armor Games Studios,Con Artist Games,https://shared.akamai.steamstatic.com/store_item_assets/steam/apps/1266840/header.jpg?t=1745855903,https://store.steampowered.com/app/1266840
1250650,AI＊Shoujo/AI＊少女,False,2020-03-16T04:00:00.000Z,False,81527,69.99,4389561,76,AA,ILLUSION,ILLUSION,https://shared.akamai.steamstatic.com/store_item_assets/steam/apps/1250650/header.jpg?t=1666085923,https://store.steampowered.com/app/1250650
1434480,Maitetsu:Last Run!!,False,2020-10-30T04:00:00.000Z,False,261164,34.99,4262361,98,Indie,HIKARI FIELD,Lose,https://shared.akamai.steamstatic.com/store_item_assets/steam/apps/1434480/header.jpg?t=1725090956,https://store.steampowered.com/app/1434480
1368820,RollerCoaster Tycoon® 3: Complete Edition,False,2020-09-24T04:00:00.000Z,False,375076,19.99,4071736,88,Indie,"Atari,Aspyr (Mac)","Frontier Developments,Aspyr (Mac)",https://shared.akamai.steamstatic.com/store_item_assets/steam/apps/1368820/header.jpg?t=1736279639,https://store.steampowered.com/app/1368820
1233570,Mirror's Edge™ Catalyst,False,2020-06-04T04:00:00.000Z,False,993083,19.99,4050422,80,AAA,Electronic Arts,DICE,https://shared.akamai.steamstatic.com/store_item_assets/steam/apps/1233570/header.jpg?t=1725569207,https://store.steampowered.com/app/1233570
1261040,Streamer Life Simulator,False,2020-08-21T04:00:00.000Z,False,413654,19.99,4044956,77,Indie,Cheesecake Dev,Cheesecake Dev,https://shared.akamai.steamstatic.com/store_item_assets/steam/apps/1261040/header.jpg?t=1751967988,https://store.steampowered.com/app/1261040
1158940,Blazing Sails,False,2020-09-09T04:00:00.000Z,False,420974,14.99,3978981,87,Indie,Iceberg Interactive,"Get Up Games,Iceberg Interactive",https://shared.akamai.steamstatic.com/store_item_assets/steam/apps/1158940/header.jpg?t=1744285471,https://store.steampowered.com/app/1158940
753650,Due Process,False,2020-10-27T04:00:00.000Z,True,451370,9.99,3970181,82,Indie,Giant Enemy Crab,Giant Enemy Crab,https://shared.akamai.steamstatic.com/store_item_assets/steam/apps/753650/header.jpg?t=1762035429,https://store.steampowered.com/app/753650
1349230,5D Chess With Multiverse Time Travel,False,2020-07-22T04:00:00.000Z,False,447087,11.99,3966244,97,Indie,"Conor Petersen,Thunkspace, LLC","Conor Petersen,Thunkspace, LLC",https://shared.akamai.steamstatic.com/store_item_assets/steam/apps/1349230/header.jpg?t=1666987040,https://store.steampowered.com/app/1349230
407130,Tank Mechanic Simulator,False,2020-02-20T05:00:00.000Z,False,393329,19.99,3954272,88,AA,PlayWay S.A.,DeGenerals S.A.,https://shared.akamai.steamstatic.com/store_item_assets/steam/apps/407130/header.jpg?t=1758640282,https://store.steampowered.com/app/407130
1162750,Songs of Syx,False,2020-09-21T04:00:00.000Z,True,177018,24.99,3935322,96,Indie,Gamatron AB,Gamatron AB,https://shared.akamai.steamstatic.com/store_item_assets/steam/apps/1162750/header.jpg?t=1764065026,https://store.steampowered.com/app/1162750
1000010,Crown Trick,False,2020-10-16T04:00:00.000Z,False,263871,19.99,3831009,85,AA,"Team17,NEXT Studios",NEXT Studios,https://shared.akamai.steamstatic.com/store_item_assets/steam/apps/1000010/header.jpg?t=1761833006,https://store.steampowered.com/app/1000010
1455630,THE GAME OF LIFE 2,False,2020-12-11T05:00:00.000Z,False,552601,12.49,3727502,79,Indie,Marmalade Game Studio Ltd,Marmalade Game Studio Ltd,https://shared.akamai.steamstatic.com/store_item_assets/steam/apps/1455630/7e459241dc9cdd601baa81e8d576bc563cd5765b/header.jpg?t=1758628712,https://store.steampowered.com/app/1455630
486860,MMORPG Tycoon 2,False,2020-01-06T05:00:00.000Z,True,160986,24.99,3670883,86,Indie,VectorStorm Pty Ltd,VectorStorm Pty Ltd,https://shared.akamai.steamstatic.com/store_item_assets/steam/apps/486860/header.jpg?t=1728020671,https://store.steampowered.com/app/486860
1199030,Tainted Grail: Conquest,False,2020-06-18T04:00:00.000Z,False,372834,19.99,3661820,90,Indie,Awaken Realms,Questline,https://shared.akamai.steamstatic.com/store_item_assets/steam/apps/1199030/header.jpg?t=1748103885,https://store.steampowered.com/app/1199030
1468260,Leaf Blower Revolution - Idle Game,False,2020-12-04T05:00:00.000Z,False,2061165,0,3631871,94,Indie,Humble North,Humble North,https://shared.akamai.steamstatic.com/store_item_assets/steam/apps/1468260/header.jpg?t=1724051263,https://store.steampowered.com/app/1468260
520950,DRIFT CE,False,2020-05-07T04:00:00.000Z,False,201419,29.99,3596682,72,AA,505 Games,ECC GAMES,https://shared.akamai.steamstatic.com/store_item_assets/steam/apps/520950/header.jpg?t=1758622969,https://store.steampowered.com/app/520950
1324780,Easy Red 2,False,2020-11-10T05:00:00.000Z,False,584213,8.99,3594773,90,Indie,Corvostudio di Amadei Marco,Marco Amadei,https://shared.akamai.steamstatic.com/store_item_assets/steam/apps/1324780/header.jpg?t=1763031987,https://store.steampowered.com/app/1324780
1318690,shapez,False,2020-05-24T04:00:00.000Z,False,1205227,9.99,3573471,96,Indie,"tobspr Games,Doyoyo Games",Tobias Springer,https://shared.akamai.steamstatic.com/store_item_assets/steam/apps/1318690/header.jpg?t=1756389491,https://store.steampowered.com/app/1318690
550320,art of rally,False,2020-09-23T04:00:00.000Z,False,223168,24.99,3567013,93,Indie,Funselektor Labs Inc.,Funselektor Labs Inc.,https://shared.akamai.steamstatic.com/store_item_assets/steam/apps/550320/header.jpg?t=1738502268,https://store.steampowered.com/app/550320
1281630,Anno 1404 - History Edition,False,2020-06-25T04:00:00.000Z,False,482176,14.99,3545864,82,AAA,Ubisoft,Ubisoft Mainz,https://shared.akamai.steamstatic.com/store_item_assets/steam/apps/1281630/header.jpg?t=1690900415,https://store.steampowered.com/app/1281630
964800,Prodeus,False,2020-11-09T05:00:00.000Z,False,170162,24.99,3461634,93,AA,Humble Games,Bounding Box Software Inc.,https://shared.akamai.steamstatic.com/store_item_assets/steam/apps/964800/header.jpg?t=1663951674,https://store.steampowered.com/app/964800
874390,The Battle of Polytopia,False,2020-08-04T04:00:00.000Z,False,365691,14.99,3402153,94,Indie,Midjiwan AB,Midjiwan AB,https://shared.akamai.steamstatic.com/store_item_assets/steam/apps/874390/header.jpg?t=1761752973,https://store.steampowered.com/app/874390
991170,Barn Finders,False,2020-06-15T04:00:00.000Z,False,264173,19.99,3359814,82,Indie,"Duality Games,PlayWay S.A.,HeartBeat Games",Duality Games,https://shared.akamai.steamstatic.com/store_item_assets/steam/apps/991170/45663467b76bf10a2e84fe80f8417723acaa11ab/header_alt_assets_1.jpg?t=1763292341,https://store.steampowered.com/app/991170
996770,Moving Out,False,2020-04-28T04:00:00.000Z,False,276301,24.99,3344491,80,AA,Team17,"SMG Studio,Devm Games",https://shared.akamai.steamstatic.com/store_item_assets/steam/apps/996770/header.jpg?t=1764006160,https://store.steampowered.com/app/996770
1182020,WGT Golf,False,2020-04-13T04:00:00.000Z,True,570721,0,3287002,62,Indie,"World Golf Tour, LLC","World Golf Tour, LLC",https://shared.akamai.steamstatic.com/store_item_assets/steam/apps/1182020/header.jpg?t=1739563870,https://store.steampowered.com/app/1182020
1222800,VALKYRIE CONNECT,False,2020-04-02T04:00:00.000Z,False,74403,0,3248821,74,Indie,Ateam Entertainment Inc.,Ateam Entertainment Inc.,https://shared.akamai.steamstatic.com/store_item_assets/steam/apps/1222800/header.jpg?t=1698801093,https://store.steampowered.com/app/1222800
628670,Hellpoint,False,2020-07-30T04:00:00.000Z,False,125501,34.99,3228421,73,AA,tinyBuild,Cradle Games,https://shared.akamai.steamstatic.com/store_item_assets/steam/apps/628670/header.jpg?t=1739397916,https://store.steampowered.com/app/628670
981430,Gordian Quest,False,2020-03-27T04:00:00.000Z,False,241005,19.99,3162849,89,Indie,"Mixed Realms Pte Ltd,Spiral Up Games","Mixed Realms Pte Ltd,Swag Soft Holdings Pte Ltd",https://shared.akamai.steamstatic.com/store_item_assets/steam/apps/981430/header.jpg?t=1755329217,https://store.steampowered.com/app/981430
1072040,Panzer Corps 2,False,2020-03-19T04:00:00.000Z,False,108300,39.99,3110156,85,AA,Slitherine Ltd.,Flashback Games,https://shared.akamai.steamstatic.com/store_item_assets/steam/apps/1072040/header.jpg?t=1763367976,https://store.steampowered.com/app/1072040
1296770,Her New Memory - Hentai Simulator,False,2020-06-18T04:00:00.000Z,False,416228,9.99,3085441,94,Indie,Zodiacus Games,Zodiacus Games,https://shared.akamai.steamstatic.com/store_item_assets/steam/apps/1296770/header.jpg?t=1667494985,https://store.steampowered.com/app/1296770
1161490,MotoGP™20,False,2020-04-23T04:00:00.000Z,False,158422,19.99,3084513,89,AA,Milestone S.r.l.,Milestone S.r.l.,https://shared.akamai.steamstatic.com/store_item_assets/steam/apps/1161490/header.jpg?t=1728470677,https://store.steampowered.com/app/1161490
1406990,NEKOPARA Vol. 4,False,2020-11-26T05:00:00.000Z,False,506021,9.99,3077358,97,Indie,Sekai Project,NEKO WORKs,https://shared.akamai.steamstatic.com/store_item_assets/steam/apps/1406990/header.jpg?t=1750969102,https://store.steampowered.com/app/1406990
1216710,Cyber Manhunt,False,2020-08-23T04:00:00.000Z,False,583671,9.99,3031837,93,Indie,Aluba Van+,Aluba Van+,https://shared.akamai.steamstatic.com/store_item_assets/steam/apps/1216710/header.jpg?t=1747215542,https://store.steampowered.com/app/1216710
1072500,AO Tennis 2,False,2020-01-09T05:00:00.000Z,False,121812,49.99,3028598,70,AA,Nacon,Big Ant Studios,https://shared.akamai.steamstatic.com/store_item_assets/steam/apps/1072500/header.jpg?t=1725351525,https://store.steampowered.com/app/1072500
914800,Coffee Talk,False,2020-01-29T05:00:00.000Z,False,386963,12.99,3009566,95,Indie,Toge Productions,Toge Productions,https://shared.akamai.steamstatic.com/store_item_assets/steam/apps/914800/header.jpg?t=1753948820,https://store.steampowered.com/app/914800
378760,Pixel Starships,False,2020-05-01T04:00:00.000Z,False,402318,0,2912276,74,Indie,SavySoda,SavySoda,https://shared.akamai.steamstatic.com/store_item_assets/steam/apps/378760/a5a1a11a9cf8c8b62ba9a36921646ec84da3b109/header.jpg?t=1763880484,https://store.steampowered.com/app/378760
983970,Haven,False,2020-12-03T05:00:00.000Z,False,307756,24.99,2900338,89,Indie,The Game Bakers,The Game Bakers,https://shared.akamai.steamstatic.com/store_item_assets/steam/apps/983970/header.jpg?t=1760619520,https://store.steampowered.com/app/983970
1343670,Dealer's Life 2,False,2020-12-16T05:00:00.000Z,False,397442,14.99,2862598,85,Indie,Abyte Entertainment,Abyte Entertainment,https://shared.akamai.steamstatic.com/store_item_assets/steam/apps/1343670/0f5f8aaf7628abb7771f7a7378d7be6407afc7cf/header.jpg?t=1763131755,https://store.steampowered.com/app/1343670
1018830,Element TD 2 - Tower Defense,False,2020-02-28T05:00:00.000Z,False,310338,14.99,2775425,90,Indie,Element Studios,Element Studios,https://shared.akamai.steamstatic.com/store_item_assets/steam/apps/1018830/header.jpg?t=1731800312,https://store.steampowered.com/app/1018830
1215390,Animal Revolt Battle Simulator,False,2020-06-12T04:00:00.000Z,False,289883,14.99,2733363,96,Indie,VDimension,VDimension,https://shared.akamai.steamstatic.com/store_item_assets/steam/apps/1215390/header.jpg?t=1761122172,https://store.steampowered.com/app/1215390
1260820,Third Crisis,False,2020-04-24T04:00:00.000Z,False,159315,24.99,2729044,92,Indie,"Anduo Games,Lewdonymous",Anduo Games,https://shared.akamai.steamstatic.com/store_item_assets/steam/apps/1260820/header.jpg?t=1761261242,https://store.steampowered.com/app/1260820
567630,Blood of Steel,False,2020-10-20T04:00:00.000Z,False,596786,0,2718388,76,Indie,YC Games,YC Games,https://shared.akamai.steamstatic.com/store_item_assets/steam/apps/567630/d640a384edb2149ff865b4f1343efa56b52d9adc/header.jpg?t=1761208360,https://store.steampowered.com/app/567630
1249800,Xuan-Yuan Sword VII,False,2020-10-28T04:00:00.000Z,False,108343,34.99,2672564,63,Indie,"SOFTSTAR,Yooreka Studio","SOFTSTAR,DOMO Studio",https://shared.akamai.steamstatic.com/store_item_assets/steam/apps/1249800/header.jpg?t=1730256579,https://store.steampowered.com/app/1249800
1345820,Ragnarock,False,2020-12-17T05:00:00.000Z,False,220715,24.99,2646705,94,Indie,WanadevStudio,WanadevStudio,https://shared.akamai.steamstatic.com/store_item_assets/steam/apps/1345820/header.jpg?t=1761311405,https://store.steampowered.com/app/1345820
1142100,WWE 2K BATTLEGROUNDS,False,2020-09-17T04:00:00.000Z,False,84349,39.99,2643426,57,AAA,2K,Saber Interactive,https://shared.akamai.steamstatic.com/store_item_assets/steam/apps/1142100/header.jpg?t=1677705920,https://store.steampowered.com/app/1142100
1049890,Little Witch Nobeta,False,2020-06-23T04:00:00.000Z,False,252583,24.99,2631773,84,Indie,"Pupuya Games,SimonCreative,Justdan",Pupuya Games,https://shared.akamai.steamstatic.com/store_item_assets/steam/apps/1049890/header.jpg?t=1740912949,https://store.steampowered.com/app/1049890
991270,The Legend of Heroes: Trails of Cold Steel III,False,2020-03-23T04:00:00.000Z,False,79080,59.99,2618327,91,Indie,"NIS America, Inc.","Nihon Falcom,Engine Software BV,PH3 GmbH",https://shared.akamai.steamstatic.com/store_item_assets/steam/apps/991270/header.jpg?t=1732663151,https://store.steampowered.com/app/991270
1186640,Pumpkin Jack,False,2020-10-23T04:00:00.000Z,False,280439,29.99,2615280,91,Indie,"Headup,Beep Japan",Evil Raptor,https://shared.akamai.steamstatic.com/store_item_assets/steam/apps/1186640/header.jpg?t=1760540939,https://store.steampowered.com/app/1186640
1238040,Dragon Age II: Ultimate Edition,False,2020-06-04T04:00:00.000Z,False,441741,29.99,2586596,81,AAA,Electronic Arts,BioWare,https://shared.akamai.steamstatic.com/store_item_assets/steam/apps/1238040/header.jpg?t=1671830944,https://store.steampowered.com/app/1238040
1282590,Train Sim World® 2,False,2020-08-20T04:00:00.000Z,False,294822,19.99,2570969,82,Indie,Dovetail Games - TSW,Dovetail Games,https://shared.akamai.steamstatic.com/store_item_assets/steam/apps/1282590/header.jpg?t=1757923710,https://store.steampowered.com/app/1282590
1079260,Fireworks Mania - An Explosive Simulator,False,2020-12-17T05:00:00.000Z,False,243867,14.99,2551300,97,Indie,Laumania ApS,Laumania ApS,https://shared.akamai.steamstatic.com/store_item_assets/steam/apps/1079260/header.jpg?t=1747296303,https://store.steampowered.com/app/1079260
1360980,Fetish Locator Week One,False,2020-07-27T04:00:00.000Z,False,335885,9.99,2534459,84,Indie,ViNovella Games,ViNovella Games,https://shared.akamai.steamstatic.com/store_item_assets/steam/apps/1360980/header.jpg?t=1761137438,https://store.steampowered.com/app/1360980
1207650,Suzerain,False,2020-12-04T05:00:00.000Z,False,369683,19.99,2529000,93,Indie,Torpor Games,Torpor Games,https://shared.akamai.steamstatic.com/store_item_assets/steam/apps/1207650/c3efa526cbb86fdb0c6889728adeb332e53ea7b3/header_alt_assets_6.jpg?t=1748875511,https://store.steampowered.com/app/1207650
691260,POPULATION: ONE,False,2020-10-22T04:00:00.000Z,False,96304,19.99,2514283,83,Indie,"BigBox VR, Inc.","BigBox VR, Inc.",https://shared.akamai.steamstatic.com/store_item_assets/steam/apps/691260/header.jpg?t=1730494703,https://store.steampowered.com/app/691260
1140270,Monster Prom 2: Monster Camp,False,2020-10-23T04:00:00.000Z,False,341019,11.99,2512326,97,Indie,Beautiful Glitch,Beautiful Glitch,https://shared.akamai.steamstatic.com/store_item_assets/steam/apps/1140270/header.jpg?t=1762876941,https://store.steampowered.com/app/1140270
1233260,FAIRY TAIL,False,2020-07-29T04:00:00.000Z,False,73150,59.99,2487432,74,AA,"KOEI TECMO GAMES CO., LTD.","KOEI TECMO GAMES CO., LTD.",https://shared.akamai.steamstatic.com/store_item_assets/steam/apps/1233260/header.jpg?t=1760598388,https://store.steampowered.com/app/1233260
675690,Tribal Wars,False,2020-11-12T05:00:00.000Z,False,157168,0,2472666,72,Indie,InnoGames,InnoGames,https://shared.akamai.steamstatic.com/store_item_assets/steam/apps/675690/header.jpg?t=1686670005,https://store.steampowered.com/app/675690
1227690,Severed Steel,False,2020-04-28T04:00:00.000Z,False,597193,24.99,2463713,95,Indie,Greylock Studio,Greylock Studio,https://shared.akamai.steamstatic.com/store_item_assets/steam/apps/1227690/header.jpg?t=1723920018,https://store.steampowered.com/app/1227690
1176710,Space Crew: Legendary Edition,False,2020-10-15T04:00:00.000Z,False,190818,15.99,2390802,75,AA,Curve Games,Runner Duck,https://shared.akamai.steamstatic.com/store_item_assets/steam/apps/1176710/header.jpg?t=1747736746,https://store.steampowered.com/app/1176710
1353300,Idle Slayer,False,2020-07-27T04:00:00.000Z,False,957352,0,2389722,85,Indie,Pablo Leban,Pablo Leban,https://shared.akamai.steamstatic.com/store_item_assets/steam/apps/1353300/header.jpg?t=1762479704,https://store.steampowered.com/app/1353300
1264250,Fishing: North Atlantic - Enhanced Edition,False,2020-10-16T04:00:00.000Z,False,98313,34.99,2367950,77,Indie,Misc Games,Misc Games,https://shared.akamai.steamstatic.com/store_item_assets/steam/apps/1264250/header.jpg?t=1748452340,https://store.steampowered.com/app/1264250
1058450,MY HERO ONE'S JUSTICE 2,False,2020-03-12T04:00:00.000Z,False,151826,39.99,2354155,88,AA,BANDAI NAMCO Entertainment,BYKING,https://shared.akamai.steamstatic.com/store_item_assets/steam/apps/1058450/header.jpg?t=1752248468,https://store.steampowered.com/app/1058450
473950,Manifold Garden,False,2020-10-20T04:00:00.000Z,False,261487,19.99,2334750,95,Indie,William Chyr Studio,William Chyr Studio,https://shared.akamai.steamstatic.com/store_item_assets/steam/apps/473950/header.jpg?t=1603220474,https://store.steampowered.com/app/473950
999020,Mega Man Zero/ZX Legacy Collection,False,2020-02-25T05:00:00.000Z,False,158141,29.99,2318972,76,Indie,"CAPCOM CO., LTD.","CAPCOM CO., LTD.",https://shared.akamai.steamstatic.com/store_item_assets/steam/apps/999020/header.jpg?t=1712193474,https://store.steampowered.com/app/999020
1360000,The Infected,False,2020-08-06T04:00:00.000Z,True,200038,15.99,2260778,85,Indie,DigX Studios,DigX Studios,https://shared.akamai.steamstatic.com/store_item_assets/steam/apps/1360000/header.jpg?t=1758818264,https://store.steampowered.com/app/1360000
1262600,Need for Speed™ Rivals,False,2020-06-04T04:00:00.000Z,False,478182,19.99,2252625,75,AAA,Electronic Arts,Criterion Games,https://shared.akamai.steamstatic.com/store_item_assets/steam/apps/1262600/header.jpg?t=1759874268,https://store.steampowered.com/app/1262600
1166290,Death and Taxes,False,2020-02-20T05:00:00.000Z,False,572194,12.99,2233708,87,Indie,"Placeholder Gameworks,Hawthorn Games",Placeholder Gameworks,https://shared.akamai.steamstatic.com/store_item_assets/steam/apps/1166290/header.jpg?t=1761671137,https://store.steampowered.com/app/1166290
1238080,Burnout™ Paradise Remastered,False,2020-06-04T04:00:00.000Z,False,334872,19.99,2163560,62,AAA,Electronic Arts,"Stellar Entertainment,Criterion Games",https://shared.akamai.steamstatic.com/store_item_assets/steam/apps/1238080/header.jpg?t=1625518920,https://store.steampowered.com/app/1238080
1040230,Curious Expedition 2,False,2020-06-17T04:00:00.000Z,False,261605,19.99,2160747,89,Indie,Maschinen-Mensch,Maschinen-Mensch,https://shared.akamai.steamstatic.com/store_item_assets/steam/apps/1040230/header.jpg?t=1745320591,https://store.steampowered.com/app/1040230
911430,Good Company,False,2020-03-31T04:00:00.000Z,False,109814,24.99,2123021,74,Indie,Chasing Carrots,Chasing Carrots,https://shared.akamai.steamstatic.com/store_item_assets/steam/apps/911430/header.jpg?t=1729238293,https://store.steampowered.com/app/911430
873840,Truck & Logistics Simulator,False,2020-06-23T04:00:00.000Z,False,134942,19.99,2120342,71,AA,Aerosoft GmbH,Simula Games,https://shared.akamai.steamstatic.com/store_item_assets/steam/apps/873840/header.jpg?t=1741283188,https://store.steampowered.com/app/873840
1352330,Zoo 2: Animal Park,False,2020-08-24T04:00:00.000Z,False,495533,0,2092582,78,Indie,upjers,KING Art,https://shared.akamai.steamstatic.com/store_item_assets/steam/apps/1352330/header.jpg?t=1731918717,https://store.steampowered.com/app/1352330
667610,Ancient Cities,False,2020-12-17T05:00:00.000Z,False,67941,29.99,2071810,63,Indie,Uncasual Games,Uncasual Games,https://shared.akamai.steamstatic.com/store_item_assets/steam/apps/667610/462b5fced69ff2d02b68214458b6d3284fa111ad/header.jpg?t=1762852885,https://store.steampowered.com/app/667610
1129190,Our Life: Beginnings & Always,False,2020-11-16T05:00:00.000Z,False,198014,0,2055896,99,Indie,GB Patch Games,GB Patch Games,https://shared.akamai.steamstatic.com/store_item_assets/steam/apps/1129190/header.jpg?t=1745249279,https://store.steampowered.com/app/1129190
1314140,TramSim Vienna - The Tram Simulator,False,2020-10-29T04:00:00.000Z,False,71372,34.99,2042613,76,AA,Aerosoft GmbH,ViewApp,https://shared.akamai.steamstatic.com/store_item_assets/steam/apps/1314140/header.jpg?t=1726491482,https://store.steampowered.com/app/1314140
1172450,Carto,False,2020-10-27T04:00:00.000Z,False,197871,19.99,2029083,96,AA,"Humble Games,XD",Sunhead Games,https://shared.akamai.steamstatic.com/store_item_assets/steam/apps/1172450/header.jpg?t=1699372141,https://store.steampowered.com/app/1172450
1420770,Winter Resort Simulator 2,False,2020-11-26T05:00:00.000Z,False,92148,24.99,2027956,82,AA,Aerosoft GmbH,Simuverse Interactive,https://shared.akamai.steamstatic.com/store_item_assets/steam/apps/1420770/header.jpg?t=1726493400,https://store.steampowered.com/app/1420770
1018800,DEEEER Simulator: Your Average Everyday Deer Game,False,2020-01-20T05:00:00.000Z,False,244142,14.99,1968196,92,AA,PLAYISM,Gibier Games,https://shared.akamai.steamstatic.com/store_item_assets/steam/apps/1018800/header.jpg?t=1745470492,https://store.steampowered.com/app/1018800
1277930,Riddle Joker,False,2020-12-18T05:00:00.000Z,False,104089,34.99,1965212,98,Indie,"NekoNyan Ltd.,HIKARI FIELD",YUZUSOFT,https://shared.akamai.steamstatic.com/store_item_assets/steam/apps/1277930/header.jpg?t=1752127901,https://store.steampowered.com/app/1277930
1098292,DOOM Eternal: The Ancient Gods - Part One,False,2020-10-20T04:00:00.000Z,False,255437,19.99,1960375,67,AAA,Bethesda Softworks,id Software,https://shared.akamai.steamstatic.com/store_item_assets/steam/apps/1098292/header.jpg?t=1691692994,https://store.steampowered.com/app/1098292
1104380,The Room VR: A Dark Matter,False,2020-03-26T04:00:00.000Z,False,108223,24.99,1938548,97,Indie,Fireproof Games,Fireproof Games,https://shared.akamai.steamstatic.com/store_item_assets/steam/apps/1104380/header.jpg?t=1646758373,https://store.steampowered.com/app/1104380
1216320,Shieldwall,False,2020-03-23T04:00:00.000Z,False,182833,17.99,1898848,87,Indie,Nezon Production,Nezon Production,https://shared.akamai.steamstatic.com/store_item_assets/steam/apps/1216320/header.jpg?t=1683086427,https://store.steampowered.com/app/1216320
654890,Grand Tactician: The Civil War (1861-1865),False,2020-08-21T04:00:00.000Z,False,52361,44.99,1893621,76,Indie,Grand Engineer Corps,Grand Engineer Corps,https://shared.akamai.steamstatic.com/store_item_assets/steam/apps/654890/header.jpg?t=1705830490,https://store.steampowered.com/app/654890
651670,Star Renegades,False,2020-09-08T04:00:00.000Z,False,150832,24.99,1885313,83,AA,Raw Fury,"Massive Damage, Inc.",https://shared.akamai.steamstatic.com/store_item_assets/steam/apps/651670/header.jpg?t=1750955202,https://store.steampowered.com/app/651670
1437880,Heroes of the Three Kingdoms 7,False,2020-11-12T05:00:00.000Z,False,387982,6.99,1877581,80,Indie,"USERJOY Technology Co.,Ltd.,Phoenix Game","USERJOY Technology Co.,Ltd.",https://shared.akamai.steamstatic.com/store_item_assets/steam/apps/1437880/header.jpg?t=1754643897,https://store.steampowered.com/app/1437880
1264710,Love and Sex: Second Base,False,2020-03-27T04:00:00.000Z,False,113166,19.99,1848702,93,Indie,Andrealphus Games,Andrealphus Games,https://shared.akamai.steamstatic.com/store_item_assets/steam/apps/1264710/header.jpg?t=1761289102,https://store.steampowered.com/app/1264710
739650,Drake Hollow,False,2020-10-01T04:00:00.000Z,False,89872,29.99,1848555,78,AAA,CD PROJEKT RED,The Molasses Flood,https://shared.akamai.steamstatic.com/store_item_assets/steam/apps/739650/34df6854822edf785d244fbd14a6f57c5242eca8/header.jpg?t=1749201338,https://store.steampowered.com/app/739650
1069650,Ultimate Admiral: Age of Sail,False,2020-03-04T05:00:00.000Z,False,81096,29.99,1833510,79,Indie,Game-Labs,Game-Labs,https://shared.akamai.steamstatic.com/store_item_assets/steam/apps/1069650/header.jpg?t=1714903540,https://store.steampowered.com/app/1069650
979640,Cepheus Protocol,False,2020-05-15T04:00:00.000Z,True,117135,19.99,1821077,77,Indie,Halcyon Winds,Halcyon Winds,https://shared.akamai.steamstatic.com/store_item_assets/steam/apps/979640/header.jpg?t=1751130306,https://store.steampowered.com/app/979640
566440,Necromunda: Underhive Wars,False,2020-09-07T04:00:00.000Z,False,120916,19.99,1812293,56,AAA,Focus Entertainment,Rogue Factor,https://shared.akamai.steamstatic.com/store_item_assets/steam/apps/566440/header.jpg?t=1695820234,https://store.steampowered.com/app/566440
1293820,YOU and ME and HER: A Love Story,False,2020-05-25T04:00:00.000Z,False,110124,29.99,1789522,96,Indie,JAST,Nitroplus,https://shared.akamai.steamstatic.com/store_item_assets/steam/apps/1293820/header.jpg?t=1730126497,https://store.steampowered.com/app/1293820
1237980,STAR WARS™ Battlefront,False,2020-06-11T04:00:00.000Z,False,330361,19.99,1784953,79,AAA,Electronic Arts,DICE,https://shared.akamai.steamstatic.com/store_item_assets/steam/apps/1237980/header.jpg?t=1614940962,https://store.steampowered.com/app/1237980
1402320,Medal of Honor™: Above and Beyond,False,2020-12-10T05:00:00.000Z,False,43543,39.99,1772110,63,AAA,Electronic Arts,Respawn Entertainment,https://shared.akamai.steamstatic.com/store_item_assets/steam/apps/1402320/header.jpg?t=1701470786,https://store.steampowered.com/app/1402320
1397920,Mr.Mine,False,2020-09-30T04:00:00.000Z,False,1331452,0,1771201,92,Indie,Playsaurus,Playsaurus,https://shared.akamai.steamstatic.com/store_item_assets/steam/apps/1397920/header.jpg?t=1762210391,https://store.steampowered.com/app/1397920
1238020,Mass Effect™ 3 N7 Digital Deluxe Edition (2012),False,2020-06-11T04:00:00.000Z,False,136300,29.99,1770064,76,AAA,Electronic Arts,BioWare,https://shared.akamai.steamstatic.com/store_item_assets/steam/apps/1238020/header.jpg?t=1683275829,https://store.steampowered.com/app/1238020
1179680,Wurm Online,False,2020-07-24T04:00:00.000Z,False,185127,0,1712574,62,Indie,Code Club AB,Code Club AB,https://shared.akamai.steamstatic.com/store_item_assets/steam/apps/1179680/header.jpg?t=1680192973,https://store.steampowered.com/app/1179680
1173400,Futa Fix Dick Dine and Dash,False,2020-12-21T05:00:00.000Z,False,160385,11.99,1702071,86,Indie,Critical Bliss,"Cyberframe Studios,Kupaa Games",https://shared.akamai.steamstatic.com/store_item_assets/steam/apps/1173400/header.jpg?t=1753383916,https://store.steampowered.com/app/1173400
757320,Atomicrops,False,2020-09-17T04:00:00.000Z,False,343857,14.99,1693529,92,AA,Raw Fury,Bird Bath Games,https://shared.akamai.steamstatic.com/store_item_assets/steam/apps/757320/header.jpg?t=1763458791,https://store.steampowered.com/app/757320
893850,THE LONGING,False,2020-03-05T05:00:00.000Z,False,153010,14.99,1681402,92,Indie,Application Systems Heidelberg,Studio Seufz,https://shared.akamai.steamstatic.com/store_item_assets/steam/apps/893850/header.jpg?t=1763620281,https://store.steampowered.com/app/893850
1119700,As Far As The Eye,False,2020-09-10T04:00:00.000Z,False,88712,24.99,1655483,72,Indie,"Goblinz Publishing,Maple Whispering Limited,Unexpected",Unexpected,https://shared.akamai.steamstatic.com/store_item_assets/steam/apps/1119700/header.jpg?t=1727781048,https://store.steampowered.com/app/1119700
1042490,Call of the Sea,False,2020-12-08T05:00:00.000Z,False,186760,19.99,1645742,88,AA,Raw Fury,Out of the Blue Games,https://shared.akamai.steamstatic.com/store_item_assets/steam/apps/1042490/header.jpg?t=1759221009,https://store.steampowered.com/app/1042490
1263370,Seek Girl:Fog Ⅰ,False,2020-06-12T04:00:00.000Z,False,688351,3.99,1622501,85,Indie,DSGame,DSGame,https://shared.akamai.steamstatic.com/store_item_assets/steam/apps/1263370/header.jpg?t=1732693507,https://store.steampowered.com/app/1263370
988910,Super Mega Baseball 3,False,2020-05-13T04:00:00.000Z,False,72223,44.99,1613243,91,AAA,Electronic Arts,Metalhead Software Inc.,https://shared.akamai.steamstatic.com/store_item_assets/steam/apps/988910/header.jpg?t=1729270917,https://store.steampowered.com/app/988910
1178220,ICBM,False,2020-11-17T05:00:00.000Z,False,99233,19.99,1611488,92,AA,Slitherine Ltd.,"SoftWarWare,K-Project",https://shared.akamai.steamstatic.com/store_item_assets/steam/apps/1178220/header.jpg?t=1728381528,https://store.steampowered.com/app/1178220
1062830,Embr,False,2020-05-21T04:00:00.000Z,False,173595,19.99,1588274,87,AA,Curve Games,Muse Games,https://shared.akamai.steamstatic.com/store_item_assets/steam/apps/1062830/header.jpg?t=1749640151,https://store.steampowered.com/app/1062830
998740,Ring of Pain,False,2020-10-15T04:00:00.000Z,False,106872,19.99,1582113,92,AA,Humble Games,"Simon Boxer,Twice Different",https://shared.akamai.steamstatic.com/store_item_assets/steam/apps/998740/header.jpg?t=1754979057,https://store.steampowered.com/app/998740
1450830,At Dead Of Night,False,2020-11-19T05:00:00.000Z,False,127753,15.99,1580604,94,Indie,Baggy Cat Ltd.,Baggy Cat Ltd.,https://shared.akamai.steamstatic.com/store_item_assets/steam/apps/1450830/d3aaa83d213c5ed3d757f50f73cc38b0a6485c25/header.jpg?t=1759702068,https://store.steampowered.com/app/1450830
1075740,Banners of Ruin,False,2020-07-30T04:00:00.000Z,False,140594,19.99,1574929,79,Indie,"Goblinz Publishing,Maple Whispering Limited",MonteBearo,https://shared.akamai.steamstatic.com/store_item_assets/steam/apps/1075740/header.jpg?t=1727786787,https://store.steampowered.com/app/1075740
1191630,Shantae and the Seven Sirens,False,2020-05-28T04:00:00.000Z,False,72004,29.99,1573449,90,Indie,WayForward,WayForward,https://shared.akamai.steamstatic.com/store_item_assets/steam/apps/1191630/header.jpg?t=1717695728,https://store.steampowered.com/app/1191630
1282210,DEEMO -Reborn-,False,2020-09-03T04:00:00.000Z,False,84708,24.99,1542843,87,Indie,Rayark International Limited,Rayark International Limited,https://shared.akamai.steamstatic.com/store_item_assets/steam/apps/1282210/header.jpg?t=1672809782,https://store.steampowered.com/app/1282210
1154810,Going Under,False,2020-09-24T04:00:00.000Z,False,124381,19.99,1541452,91,Indie,Team17 Digital,Aggro Crab,https://shared.akamai.steamstatic.com/store_item_assets/steam/apps/1154810/header.jpg?t=1762770657,https://store.steampowered.com/app/1154810
938560,INMOST,False,2020-08-21T04:00:00.000Z,False,202784,14.99,1538568,91,AA,Chucklefish,Hidden Layer Games,https://shared.akamai.steamstatic.com/store_item_assets/steam/apps/938560/b9bc87cf65506b27fa0f6e08afae76461da9977d/header.jpg?t=1762263398,https://store.steampowered.com/app/938560
909660,Vagrus - The Riven Realms,False,2020-07-22T04:00:00.000Z,False,78099,29.99,1534523,86,Indie,Lost Pilgrims Studios,Lost Pilgrims Studio,https://shared.akamai.steamstatic.com/store_item_assets/steam/apps/909660/b465204d77c5b9e31ab42f850038308f87c7812e/header.jpg?t=1762605181,https://store.steampowered.com/app/909660
1154040,SpellForce 3 Fallen God,False,2020-11-03T05:00:00.000Z,False,150903,19.99,1530902,88,AA,THQ Nordic,Grimlore Games,https://shared.akamai.steamstatic.com/store_item_assets/steam/apps/1154040/header.jpg?t=1727860831,https://store.steampowered.com/app/1154040
1225560,Unravel,False,2020-06-04T04:00:00.000Z,False,382925,19.99,1529310,90,AAA,Electronic Arts,Coldwood Interactive,https://shared.akamai.steamstatic.com/store_item_assets/steam/apps/1225560/header.jpg?t=1598618701,https://store.steampowered.com/app/1225560
1305420,Agrou,False,2020-07-25T04:00:00.000Z,False,228169,4.99,1514694,87,Indie,Wankil Studio,Osmose Studio,https://shared.akamai.steamstatic.com/store_item_assets/steam/apps/1305420/header.jpg?t=1642178505,https://store.steampowered.com/app/1305420
730390,Raji: An Ancient Epic,False,2020-10-15T04:00:00.000Z,False,85553,24.99,1507198,82,Indie,Nodding Heads Games,Nodding Heads Games,https://shared.akamai.steamstatic.com/store_item_assets/steam/apps/730390/763ed2196c07a1ed6348f0f4b97a5aff990b3d14/header.jpg?t=1763663874,https://store.steampowered.com/app/730390
1334040,Paper Dolls 2 纸人贰,False,2020-07-02T04:00:00.000Z,False,152570,19.99,1503246,84,Indie,"Beijing Litchi Culture Media Co., Ltd.","Beijing Litchi Culture Media Co., Ltd.",https://shared.akamai.steamstatic.com/store_item_assets/steam/apps/1334040/header.jpg?t=1667556590,https://store.steampowered.com/app/1334040
466630,The Pedestrian,False,2020-01-29T05:00:00.000Z,False,152141,19.99,1498088,97,Indie,Skookum Arts,Skookum Arts,https://shared.akamai.steamstatic.com/store_item_assets/steam/apps/466630/header.jpg?t=1683644396,https://store.steampowered.com/app/466630
1292040,STRIDE,False,2020-09-04T04:00:00.000Z,False,88931,19.99,1494699,80,Indie,Joy Way,Joy Way,https://shared.akamai.steamstatic.com/store_item_assets/steam/apps/1292040/header.jpg?t=1729158163,https://store.steampowered.com/app/1292040
1236720,Spirit Island,False,2020-04-16T04:00:00.000Z,False,100647,24.99,1464018,92,Indie,Handelabra Games Inc.,Handelabra Games Inc.,https://shared.akamai.steamstatic.com/store_item_assets/steam/apps/1236720/header.jpg?t=1762461658,https://store.steampowered.com/app/1236720
965680,Boomerang Fu,False,2020-08-13T04:00:00.000Z,False,150360,14.99,1457701,97,Indie,Cranky Watermelon,Cranky Watermelon,https://shared.akamai.steamstatic.com/store_item_assets/steam/apps/965680/header.jpg?t=1758309661,https://store.steampowered.com/app/965680
850320,PHOGS!,False,2020-12-03T05:00:00.000Z,False,171423,24.99,1457516,80,Indie,Coatsink,Bit Loom Games,https://shared.akamai.steamstatic.com/store_item_assets/steam/apps/850320/header.jpg?t=1741171193,https://store.steampowered.com/app/850320
785790,WHAT THE GOLF?,False,2020-10-22T04:00:00.000Z,False,162029,19.99,1454183,94,Indie,Triband,Triband,https://shared.akamai.steamstatic.com/store_item_assets/steam/apps/785790/header.jpg?t=1761576547,https://store.steampowered.com/app/785790
1262460,Zompiercer,False,2020-04-03T04:00:00.000Z,True,104701,19.99,1441612,89,Indie,DDDimanN,DDDimanN,https://shared.akamai.steamstatic.com/store_item_assets/steam/apps/1262460/3d0eb5e1b9c22ba69e94e0f3bf7acc88779b4409/header.jpg?t=1762944830,https://store.steampowered.com/app/1262460
720560,Vigil: The Longest Night,False,2020-10-14T04:00:00.000Z,False,96150,21.99,1435807,86,Indie,Glass Heart Games,Glass Heart Games,https://shared.akamai.steamstatic.com/store_item_assets/steam/apps/720560/header.jpg?t=1740983178,https://store.steampowered.com/app/720560
1264670,The Wind Road,False,2020-07-09T04:00:00.000Z,False,75074,29.99,1419849,69,Indie,Phoenix Game,甘肃嘉元数字科技有限公司,https://shared.akamai.steamstatic.com/store_item_assets/steam/apps/1264670/header.jpg?t=1754645511,https://store.steampowered.com/app/1264670
1358250,City of Broken Dreamers: Book One,False,2020-08-07T04:00:00.000Z,False,166303,9.99,1418828,91,Indie,PhillyGames,PhillyGames,https://shared.akamai.steamstatic.com/store_item_assets/steam/apps/1358250/header.jpg?t=1596799493,https://store.steampowered.com/app/1358250
1202900,Assemble with Care,False,2020-03-26T04:00:00.000Z,False,349127,7.99,1415872,91,Indie,ustwo games,ustwo games,https://shared.akamai.steamstatic.com/store_item_assets/steam/apps/1202900/header.jpg?t=1762967969,https://store.steampowered.com/app/1202900
1292940,Cube Escape Collection,False,2020-10-14T04:00:00.000Z,False,621650,4.99,1413199,98,Indie,Rusty Lake,,https://shared.akamai.steamstatic.com/store_item_assets/steam/apps/1292940/header.jpg?t=1714036882,https://store.steampowered.com/app/1292940
1196630,Nexomon: Extinction,False,2020-08-28T04:00:00.000Z,False,219089,19.99,1402099,91,Indie,"PQube,VEWO Interactive Inc.",VEWO Interactive Inc.,https://shared.akamai.steamstatic.com/store_item_assets/steam/apps/1196630/header.jpg?t=1728893747,https://store.steampowered.com/app/1196630
1129310,Receiver 2,False,2020-04-14T04:00:00.000Z,False,83049,19.99,1397695,91,Indie,Wolfire Games,Wolfire Games,https://shared.akamai.steamstatic.com/store_item_assets/steam/apps/1129310/header.jpg?t=1758306770,https://store.steampowered.com/app/1129310
1203630,Record of Lodoss War-Deedlit in Wonder Labyrinth-,False,2020-03-12T04:00:00.000Z,False,153421,19.99,1394645,93,Indie,"WSS playground,PLAYISM","Team Ladybug,WSS playground",https://shared.akamai.steamstatic.com/store_item_assets/steam/apps/1203630/header.jpg?t=1738221035,https://store.steampowered.com/app/1203630
1022310,Warhammer Underworlds - Shadespire Edition,False,2020-01-28T05:00:00.000Z,False,74293,29.99,1392089,62,Indie,Steel Sky Productions,"Steel Sky Productions,Tin Man Games",https://shared.akamai.steamstatic.com/store_item_assets/steam/apps/1022310/header.jpg?t=1760748580,https://store.steampowered.com/app/1022310
1040420,Dreamscaper,False,2020-08-13T04:00:00.000Z,False,136211,24.99,1375367,88,Indie,"indie.io,Maple Whispering Limited",Afterburner Studios,https://shared.akamai.steamstatic.com/store_item_assets/steam/apps/1040420/header.jpg?t=1729047880,https://store.steampowered.com/app/1040420
1075190,A Game of Thrones: The Board Game - Digital Edition,False,2020-10-06T04:00:00.000Z,False,96839,19.99,1375114,70,Indie,Twin Sails Interactive,Dire Wolf,https://shared.akamai.steamstatic.com/store_item_assets/steam/apps/1075190/header.jpg?t=1742483806,https://store.steampowered.com/app/1075190
1233880,Disgaea 4 Complete+,False,2020-09-10T04:00:00.000Z,False,65671,39.99,1372761,88,Indie,"NIS America, Inc.","Nippon Ichi Software, Inc.",https://shared.akamai.steamstatic.com/store_item_assets/steam/apps/1233880/header.jpg?t=1732584341,https://store.steampowered.com/app/1233880
991560,ONE PUNCH MAN: A HERO NOBODY KNOWS,False,2020-02-27T05:00:00.000Z,False,68249,59.99,1371885,52,AA,BANDAI NAMCO Entertainment,Spike Chunsoft Co. Ltd.,https://shared.akamai.steamstatic.com/store_item_assets/steam/apps/991560/header.jpg?t=1686067129,https://store.steampowered.com/app/991560
1205950,Seeds of Chaos,False,2020-01-31T05:00:00.000Z,True,83371,19.99,1369556,80,Indie,TinyHat Studios,Venus Noire,https://shared.akamai.steamstatic.com/store_item_assets/steam/apps/1205950/header.jpg?t=1763880429,https://store.steampowered.com/app/1205950
1440440,Sam & Max Save the World,False,2020-12-02T05:00:00.000Z,False,91636,19.99,1369492,93,Indie,Skunkape Games,Skunkape Games,https://shared.akamai.steamstatic.com/store_item_assets/steam/apps/1440440/ab10594227eeccb781407e8112752197f3756455/header.jpg?t=1744441844,https://store.steampowered.com/app/1440440
1209490,Exit the Gungeon,False,2020-03-17T04:00:00.000Z,False,261236,9.99,1365954,75,AA,Devolver Digital,"Dodge Roll,Singlecore",https://shared.akamai.steamstatic.com/store_item_assets/steam/apps/1209490/header.jpg?t=1743602833,https://store.steampowered.com/app/1209490
1213700,Spirit of the North,False,2020-05-07T04:00:00.000Z,False,284219,19.99,1361651,85,Indie,Silver Lining Interactive,Infuse Studio,https://shared.akamai.steamstatic.com/store_item_assets/steam/apps/1213700/header.jpg?t=1745697402,https://store.steampowered.com/app/1213700
1259840,The House of Da Vinci 2,False,2020-05-28T04:00:00.000Z,False,125980,19.99,1359121,91,Indie,Blue Brain Games,Blue Brain Games,https://shared.akamai.steamstatic.com/store_item_assets/steam/apps/1259840/header.jpg?t=1754505080,https://store.steampowered.com/app/1259840
956030,Creaks,False,2020-07-22T04:00:00.000Z,False,198221,19.99,1357773,95,Indie,Amanita Design,Amanita Design,https://shared.akamai.steamstatic.com/store_item_assets/steam/apps/956030/header.jpg?t=1757928559,https://store.steampowered.com/app/956030
1379130,League of Angels-Heaven's Fury,False,2020-09-03T04:00:00.000Z,False,63605,0,1346527,59,Indie,YOUZU SINGAPORE PTE LTD,"CHENGDU DREAMCALLER TECHNOLOGY CO.,LTD",https://shared.akamai.steamstatic.com/store_item_assets/steam/apps/1379130/header.jpg?t=1626951022,https://store.steampowered.com/app/1379130
897220,Summer Pockets,False,2020-02-05T05:00:00.000Z,False,68682,44.99,1344565,99,Indie,VisualArts,VisualArts/Key,https://shared.akamai.steamstatic.com/store_item_assets/steam/apps/897220/header.jpg?t=1732683225,https://store.steampowered.com/app/897220
1148590,DOOM 64,False,2020-03-19T04:00:00.000Z,False,601036,4.99,1341709,93,AAA,Bethesda Softworks,"id Software,Nightdive Studios",https://shared.akamai.steamstatic.com/store_item_assets/steam/apps/1148590/header.jpg?t=1750784988,https://store.steampowered.com/app/1148590
1112890,Calico,False,2020-12-15T05:00:00.000Z,False,152601,11.99,1333556,87,Indie,"Whitethorn Games,Maple Whispering Limited",Peachy Keen Games,https://shared.akamai.steamstatic.com/store_item_assets/steam/apps/1112890/header.jpg?t=1754327109,https://store.steampowered.com/app/1112890
1227780,Taur,False,2020-02-19T05:00:00.000Z,False,66535,24.99,1313556,80,Indie,Echo Entertainment,Echo Entertainment,https://shared.akamai.steamstatic.com/store_item_assets/steam/apps/1227780/header.jpg?t=1669210248,https://store.steampowered.com/app/1227780
1333360,Jerez's Arena,False,2020-07-17T04:00:00.000Z,False,91351,19.99,1312607,81,Indie,"Alice Publication,Eternal Alice Media","永恆艾莉絲工坊,樂磚Joy Brick",https://shared.akamai.steamstatic.com/store_item_assets/steam/apps/1333360/header.jpg?t=1745897191,https://store.steampowered.com/app/1333360
1120810,Eastern Exorcist,False,2020-08-14T04:00:00.000Z,False,138746,17.99,1311955,84,Indie,Wildfire Game（无锡野火数字科技有限公司）,Wildfire Game（无锡野火数字科技有限公司）,https://shared.akamai.steamstatic.com/store_item_assets/steam/apps/1120810/header.jpg?t=1735635525,https://store.steampowered.com/app/1120810
1100260,Circle Empires Rivals,False,2020-04-15T04:00:00.000Z,False,160287,15.99,1304306,90,Indie,Iceberg Interactive,Luminous,https://shared.akamai.steamstatic.com/store_item_assets/steam/apps/1100260/header.jpg?t=1732025712,https://store.steampowered.com/app/1100260
968970,Lumberjack's Dynasty,False,2020-04-30T04:00:00.000Z,False,99616,19.99,1301228,71,AA,Toplitz Productions,UMEO Studios,https://shared.akamai.steamstatic.com/store_item_assets/steam/apps/968970/header.jpg?t=1741772006,https://store.steampowered.com/app/968970
1173370,Slapshot: Rebound,False,2020-12-07T05:00:00.000Z,False,1971910,0,1284728,83,Indie,Oddshot Games,Oddshot Games,https://shared.akamai.steamstatic.com/store_item_assets/steam/apps/1173370/header.jpg?t=1744997858,https://store.steampowered.com/app/1173370
765810,Mars Horizon,False,2020-11-17T05:00:00.000Z,False,102921,19.99,1282610,84,Indie,Auroch Digital,Auroch Digital,https://shared.akamai.steamstatic.com/store_item_assets/steam/apps/765810/header.jpg?t=1741366785,https://store.steampowered.com/app/765810
1149440,Dragon Marked For Death,False,2020-04-21T04:00:00.000Z,False,51966,39.99,1277210,77,Indie,"INTI CREATES CO., LTD.","INTI CREATES CO., LTD.",https://shared.akamai.steamstatic.com/store_item_assets/steam/apps/1149440/header.jpg?t=1727748608,https://store.steampowered.com/app/1149440
1355090,RAILGRADE,False,2020-12-22T05:00:00.000Z,False,79262,29.99,1271536,85,Indie,"Minakata Dynamics,Gamirror Games",Minakata Dynamics,https://shared.akamai.steamstatic.com/store_item_assets/steam/apps/1355090/header.jpg?t=1745914621,https://store.steampowered.com/app/1355090
909320,Ruinarch,False,2020-08-25T04:00:00.000Z,False,74840,24.99,1254741,65,Indie,Squeaky Wheel Studio Inc,Maccima Games LLC,https://shared.akamai.steamstatic.com/store_item_assets/steam/apps/909320/header.jpg?t=1756893420,https://store.steampowered.com/app/909320
1152300,Atelier Ayesha: The Alchemist of Dusk DX,False,2020-01-14T05:00:00.000Z,False,48292,39.99,1241323,92,AA,"KOEI TECMO GAMES CO., LTD.","KOEI TECMO GAMES CO., LTD.",https://shared.akamai.steamstatic.com/store_item_assets/steam/apps/1152300/header.jpg?t=1760597644,https://store.steampowered.com/app/1152300
1314820,RealFlight Trainer Edition,False,2020-08-13T04:00:00.000Z,False,34088,39.99,1226861,86,Indie,"Horizon Hobby, LLC","Horizon Hobby, LLC",https://shared.akamai.steamstatic.com/store_item_assets/steam/apps/1314820/header.jpg?t=1733165257,https://store.steampowered.com/app/1314820
1160220,Paradise Killer,False,2020-09-04T04:00:00.000Z,False,125069,19.99,1226091,93,Indie,Fellow Traveller,Kaizen Game Works,https://shared.akamai.steamstatic.com/store_item_assets/steam/apps/1160220/header.jpg?t=1758158855,https://store.steampowered.com/app/1160220
1232460,Onee Chanbara ORIGIN,False,2020-10-14T04:00:00.000Z,False,41084,59.99,1222578,75,AA,D3PUBLISHER,Tamsoft,https://shared.akamai.steamstatic.com/store_item_assets/steam/apps/1232460/header.jpg?t=1652254131,https://store.steampowered.com/app/1232460
1037020,ScourgeBringer,False,2020-02-06T05:00:00.000Z,False,131977,16.99,1218766,87,Indie,Dear Villagers,"Flying Oak Games,E-Studio",https://shared.akamai.steamstatic.com/store_item_assets/steam/apps/1037020/header.jpg?t=1745582111,https://store.steampowered.com/app/1037020
914010,Train Station Renovation,False,2020-04-30T04:00:00.000Z,False,109929,18.99,1208572,82,Indie,"Live Motion Games,Frozen Way,PlayWay S.A.,Frozen District",Live Motion Games,https://shared.akamai.steamstatic.com/store_item_assets/steam/apps/914010/header.jpg?t=1760606809,https://store.steampowered.com/app/914010
334310,Plebby Quest: The Crusades,False,2020-04-08T04:00:00.000Z,False,108083,19.99,1200127,86,AA,NEOWIZ,PiedPipers Team,https://shared.akamai.steamstatic.com/store_item_assets/steam/apps/334310/header.jpg?t=1723791348,https://store.steampowered.com/app/334310
1101360,Rock of Ages 3: Make & Break,False,2020-07-21T04:00:00.000Z,False,100622,29.99,1196216,75,Indie,"Maximum Entertainment,3goo","ACE Team,Giant Monkey Robot",https://shared.akamai.steamstatic.com/store_item_assets/steam/apps/1101360/header.jpg?t=1725488856,https://store.steampowered.com/app/1101360
1022980,Ostranauts,False,2020-09-10T04:00:00.000Z,True,71302,19.99,1191401,80,Indie,Kitfox Games,Blue Bottle Games,https://shared.akamai.steamstatic.com/store_item_assets/steam/apps/1022980/header.jpg?t=1761074082,https://store.steampowered.com/app/1022980
906100,Observation,False,2020-05-21T04:00:00.000Z,False,116462,24.99,1183400,78,AA,Devolver Digital,No Code,https://shared.akamai.steamstatic.com/store_item_assets/steam/apps/906100/header.jpg?t=1710929850,https://store.steampowered.com/app/906100
1232580,Knock on the Coffin Lid,False,2020-04-08T04:00:00.000Z,False,65562,24.99,1179682,84,Indie,RedBoon,RedBoon,https://shared.akamai.steamstatic.com/store_item_assets/steam/apps/1232580/header.jpg?t=1761595556,https://store.steampowered.com/app/1232580
823910,Last Evil,False,2020-02-07T05:00:00.000Z,False,151369,9.99,1174623,94,Indie,Critical Bliss,Flametorch,https://shared.akamai.steamstatic.com/store_item_assets/steam/apps/823910/header.jpg?t=1730718335,https://store.steampowered.com/app/823910
1275890,Baldi's Basics Plus,False,2020-06-11T04:00:00.000Z,True,139743,9.99,1167192,98,Indie,"Basically Games, LLC",Basically Games,https://shared.akamai.steamstatic.com/store_item_assets/steam/apps/1275890/header.jpg?t=1762901011,https://store.steampowered.com/app/1275890
1100410,Commandos 2 - HD Remaster,False,2020-01-24T05:00:00.000Z,False,87174,19.99,1166586,57,AA,Kalypso Media,"Yippee! Entertainment,Pyro Studios",https://shared.akamai.steamstatic.com/store_item_assets/steam/apps/1100410/header.jpg?t=1744213240,https://store.steampowered.com/app/1100410
1194930,Blackthorn Arena,False,2020-01-17T05:00:00.000Z,False,86669,24.99,1148024,69,Indie,Light Up Games,PersonaeGame Studio,https://shared.akamai.steamstatic.com/store_item_assets/steam/apps/1194930/header.jpg?t=1761066867,https://store.steampowered.com/app/1194930
1102930,KoboldKare,False,2020-03-31T04:00:00.000Z,False,86136,14.99,1136494,91,Indie,Naelstrof,Naelstrof,https://shared.akamai.steamstatic.com/store_item_assets/steam/apps/1102930/header.jpg?t=1688795593,https://store.steampowered.com/app/1102930
1232420,Atlantica Global,False,2020-05-14T04:00:00.000Z,False,49761,0,1123834,65,Indie,VALOFE,"VALOFE,NEXON",https://shared.akamai.steamstatic.com/store_item_assets/steam/apps/1232420/header.jpg?t=1734321804,https://store.steampowered.com/app/1232420
1008020,Lust Epidemic,False,2020-01-09T05:00:00.000Z,False,144656,9.99,1118372,88,Indie,NLT Media,NLT Media,https://shared.akamai.steamstatic.com/store_item_assets/steam/apps/1008020/header.jpg?t=1763063130,https://store.steampowered.com/app/1008020
1202540,Marco & The Galaxy Dragon,False,2020-02-28T05:00:00.000Z,False,129487,19.99,1117792,97,Indie,Shiravune,TOKYOTOON,https://shared.akamai.steamstatic.com/store_item_assets/steam/apps/1202540/header.jpg?t=1724914223,https://store.steampowered.com/app/1202540
1337010,Alba: A Wildlife Adventure,False,2020-12-11T05:00:00.000Z,False,184421,16.99,1114990,98,Indie,"ustwo games,PID Games,Dear Villagers",ustwo games,https://shared.akamai.steamstatic.com/store_item_assets/steam/apps/1337010/header.jpg?t=1762967760,https://store.steampowered.com/app/1337010
1054510,Survivalist: Invisible Strain,False,2020-06-01T04:00:00.000Z,False,209486,11.99,1114746,87,Indie,Ginormocorp Incorporated,Bob,https://shared.akamai.steamstatic.com/store_item_assets/steam/apps/1054510/b5fa4e6e32fbd38f0c269077533b40e8381f44bd/header.jpg?t=1764031118,https://store.steampowered.com/app/1054510
1135810,Vault of the Void,False,2020-11-20T05:00:00.000Z,False,96531,17.99,1107641,93,Indie,Spider Nest Games,Spider Nest Games,https://shared.akamai.steamstatic.com/store_item_assets/steam/apps/1135810/733352de11dcf4229c6e9725e6b4a77d4716a13d/header.jpg?t=1761871928,https://store.steampowered.com/app/1135810
1386900,Observer: System Redux,False,2020-11-10T05:00:00.000Z,False,78981,29.99,1103910,86,Indie,Bloober Team SA,"Bloober Team,Anshar Studios",https://shared.akamai.steamstatic.com/store_item_assets/steam/apps/1386900/header.jpg?t=1761589792,https://store.steampowered.com/app/1386900
962580,Summer in Mara,False,2020-06-16T04:00:00.000Z,False,69802,19.99,1090563,75,Indie,Chibig,Chibig,https://shared.akamai.steamstatic.com/store_item_assets/steam/apps/962580/header.jpg?t=1741876295,https://store.steampowered.com/app/962580
1369370,Combat Mission Shock Force 2,False,2020-08-31T04:00:00.000Z,False,29314,59.99,1088072,82,Indie,Matrix Games,Battlefront,https://shared.akamai.steamstatic.com/store_item_assets/steam/apps/1369370/header.jpg?t=1756298918,https://store.steampowered.com/app/1369370
1181830,Urtuk: The Desolation,False,2020-02-14T05:00:00.000Z,False,103422,13.99,1082441,88,Indie,David Kaleta,David Kaleta,https://shared.akamai.steamstatic.com/store_item_assets/steam/apps/1181830/header.jpg?t=1726578696,https://store.steampowered.com/app/1181830
1000030,"Cook, Serve, Delicious! 3?!",False,2020-01-29T05:00:00.000Z,False,96899,19.99,1069989,91,Indie,Vertigo Gaming Inc.,Vertigo Gaming Inc.,https://shared.akamai.steamstatic.com/store_item_assets/steam/apps/1000030/header.jpg?t=1756841213,https://store.steampowered.com/app/1000030
1449280,Ghostbusters: The Video Game Remastered,False,2020-11-17T05:00:00.000Z,False,113415,24.99,1048935,90,Indie,"Mad Dog Games, LLC",Saber Interactive,https://shared.akamai.steamstatic.com/store_item_assets/steam/apps/1449280/header.jpg?t=1607351334,https://store.steampowered.com/app/1449280
1238880,Battlefield™ Hardline,False,2020-06-11T04:00:00.000Z,False,208902,39.99,1043133,69,AAA,Electronic Arts,DICE,https://shared.akamai.steamstatic.com/store_item_assets/steam/apps/1238880/header.jpg?t=1734374005,https://store.steampowered.com/app/1238880
1207780,Wish,False,2020-01-17T05:00:00.000Z,False,443305,2.99,1028649,90,Indie,Momentum Games,Momentum Games,https://shared.akamai.steamstatic.com/store_item_assets/steam/apps/1207780/header.jpg?t=1718875133,https://store.steampowered.com/app/1207780
964570,DCL - The Game,False,2020-02-18T05:00:00.000Z,False,60646,29.99,1025644,78,Indie,"Drone Champions League,THQ Nordic","Drone Champions AG,Climax Studios",https://shared.akamai.steamstatic.com/store_item_assets/steam/apps/964570/header.jpg?t=1725013500,https://store.steampowered.com/app/964570
1057750,The Suicide of Rachel Foster,False,2020-02-19T05:00:00.000Z,False,178976,17.99,1019719,69,AA,Daedalic Entertainment,ONE-O-ONE GAMES,https://shared.akamai.steamstatic.com/store_item_assets/steam/apps/1057750/header.jpg?t=1760119863,https://store.steampowered.com/app/1057750
1286710,Hylics 2,False,2020-06-22T04:00:00.000Z,False,93335,14.99,1012273,97,Indie,Mason Lindroth,Mason Lindroth,https://shared.akamai.steamstatic.com/store_item_assets/steam/apps/1286710/header.jpg?t=1610844140,https://store.steampowered.com/app/1286710
1244950,Battletoads,False,2020-08-20T04:00:00.000Z,False,112505,19.99,1006878,68,Indie,"Microsoft Studios,Rare Ltd",Dlala Studios,https://shared.akamai.steamstatic.com/store_item_assets/steam/apps/1244950/header.jpg?t=1667828611,https://store.steampowered.com/app/1244950
1394800,Rebirth:Mr Wang,False,2020-10-03T04:00:00.000Z,False,345338,3.99,1006445,81,Indie,DSGame,DSGame,https://shared.akamai.steamstatic.com/store_item_assets/steam/apps/1394800/header.jpg?t=1671867284,https://store.steampowered.com/app/1394800
1149550,Utawarerumono: Mask of Deception,False,2020-01-23T05:00:00.000Z,False,49520,39.99,993431,93,Indie,"DMM GAMES,Shiravune",AQUAPLUS,https://shared.akamai.steamstatic.com/store_item_assets/steam/apps/1149550/header.jpg?t=1732445354,https://store.steampowered.com/app/1149550
1154840,Shadow Empire,False,2020-12-03T05:00:00.000Z,False,41274,39.99,990406,87,Indie,Matrix Games,VR Designs,https://shared.akamai.steamstatic.com/store_item_assets/steam/apps/1154840/00bc94f1d94b3cb21b5faec72bc85d974f8a11f8/header.jpg?t=1759931480,https://store.steampowered.com/app/1154840
890720,In Other Waters,False,2020-04-03T04:00:00.000Z,False,142545,14.99,968090,87,Indie,Fellow Traveller,Jump Over The Age,https://shared.akamai.steamstatic.com/store_item_assets/steam/apps/890720/header.jpg?t=1761640875,https://store.steampowered.com/app/890720
1394100,S.H.E.L.T.E.R. - An Apocalyptic Tale,False,2020-11-12T05:00:00.000Z,False,61802,17.99,964862,88,Indie,Winterlook Games,Winterlook Games,https://shared.akamai.steamstatic.com/store_item_assets/steam/apps/1394100/header.jpg?t=1751187333,https://store.steampowered.com/app/1394100
826940,Maid of Sker,False,2020-07-28T04:00:00.000Z,False,88459,24.99,962074,79,Indie,Wales Interactive,Wales Interactive,https://shared.akamai.steamstatic.com/store_item_assets/steam/apps/826940/header.jpg?t=1727964420,https://store.steampowered.com/app/826940
1472660,No Place Like Home,False,2020-12-23T05:00:00.000Z,False,116198,19.99,961997,79,Indie,Awaken Realms,Chicken Launcher,https://shared.akamai.steamstatic.com/store_item_assets/steam/apps/1472660/header.jpg?t=1729694611,https://store.steampowered.com/app/1472660
1135830,Brave Alchemist Colette,False,2020-04-27T04:00:00.000Z,False,63700,24.99,950666,90,AA,Kagura Games,Acerola,https://shared.akamai.steamstatic.com/store_item_assets/steam/apps/1135830/header.jpg?t=1749033338,https://store.steampowered.com/app/1135830
1082180,TT Isle of Man: Ride on the Edge 2,False,2020-03-19T04:00:00.000Z,False,52294,29.99,940183,84,AA,Nacon,KT Racing,https://shared.akamai.steamstatic.com/store_item_assets/steam/apps/1082180/header.jpg?t=1725352899,https://store.steampowered.com/app/1082180
878670,Shenmue III,False,2020-11-19T05:00:00.000Z,False,132201,29.99,937971,74,Indie,ININ,YS Net,https://shared.akamai.steamstatic.com/store_item_assets/steam/apps/878670/header.jpg?t=1738856054,https://store.steampowered.com/app/878670
1348390,I am an Air Traffic Controller 4,False,2020-10-15T04:00:00.000Z,False,25913,59.99,933705,80,Indie,TechnoBrain,TechnoBrain,https://shared.akamai.steamstatic.com/store_item_assets/steam/apps/1348390/header.jpg?t=1756887293,https://store.steampowered.com/app/1348390
760650,Hammerting,False,2020-10-27T04:00:00.000Z,False,51293,24.99,933575,57,Indie,Team17 Digital,Warpzone Studios,https://shared.akamai.steamstatic.com/store_item_assets/steam/apps/760650/header.jpg?t=1763038124,https://store.steampowered.com/app/760650
1106530,GemCraft - Frostborn Wrath,False,2020-01-10T05:00:00.000Z,False,99691,12.99,932776,88,Indie,Game in a Bottle,Game in a Bottle,https://shared.akamai.steamstatic.com/store_item_assets/steam/apps/1106530/header.jpg?t=1732557387,https://store.steampowered.com/app/1106530
1060220,Langrisser I & II,False,2020-03-10T04:00:00.000Z,False,36083,49.99,923416,73,Indie,"NIS America, Inc.",Chara-ani Corporation,https://shared.akamai.steamstatic.com/store_item_assets/steam/apps/1060220/header.jpg?t=1732585229,https://store.steampowered.com/app/1060220
1145960,The White Door,False,2020-01-09T05:00:00.000Z,False,478317,3.99,920839,94,Indie,Second Maze,Rusty Lake,https://shared.akamai.steamstatic.com/store_item_assets/steam/apps/1145960/header.jpg?t=1746052849,https://store.steampowered.com/app/1145960
712190,Genesis Alpha One Deluxe Edition,False,2020-02-25T05:00:00.000Z,False,63485,19.99,906317,69,Indie,Team17 Digital Ltd,Radiation Blue,https://shared.akamai.steamstatic.com/store_item_assets/steam/apps/712190/header.jpg?t=1763039190,https://store.steampowered.com/app/712190
1233270,OshiRabu: Waifus Over Husbandos,False,2020-02-27T05:00:00.000Z,False,71035,19.99,902615,86,Indie,"HUBLOTS,mirai works",SukeraSomero,https://shared.akamai.steamstatic.com/store_item_assets/steam/apps/1233270/header.jpg?t=1664520919,https://store.steampowered.com/app/1233270
1179210,Kill It With Fire,False,2020-08-13T04:00:00.000Z,False,128070,12.99,902008,95,AA,tinyBuild,Casey Donnellan Games LLC,https://shared.akamai.steamstatic.com/store_item_assets/steam/apps/1179210/header.jpg?t=1752529684,https://store.steampowered.com/app/1179210
899310,Iron Danger,False,2020-03-25T04:00:00.000Z,False,47319,19.99,893902,73,AA,Daedalic Entertainment,Action Squad Studios,https://shared.akamai.steamstatic.com/store_item_assets/steam/apps/899310/header.jpg?t=1759323578,https://store.steampowered.com/app/899310
1186040,Worms Rumble,False,2020-12-01T05:00:00.000Z,False,180064,14.99,884550,57,Indie,Team17 Digital,Team17 Digital,https://shared.akamai.steamstatic.com/store_item_assets/steam/apps/1186040/header.jpg?t=1763038574,https://store.steampowered.com/app/1186040
1372320,Cloud Gardens,False,2020-09-09T04:00:00.000Z,False,95438,17.99,852006,95,Indie,Noio,Noio,https://shared.akamai.steamstatic.com/store_item_assets/steam/apps/1372320/header.jpg?t=1748871844,https://store.steampowered.com/app/1372320
711980,Starship EVO,False,2020-06-19T04:00:00.000Z,True,50964,19.99,849713,85,Indie,Moonfire Entertainment,Moonfire Entertainment,https://shared.akamai.steamstatic.com/store_item_assets/steam/apps/711980/f9b1567ac7a6703595d3dc38652b369d6a6777e7/header.jpg?t=1758005848,https://store.steampowered.com/app/711980
1102130,Florence,False,2020-02-13T05:00:00.000Z,False,374587,5.99,846257,93,AA,Annapurna Interactive,Mountains,https://shared.akamai.steamstatic.com/store_item_assets/steam/apps/1102130/header.jpg?t=1729099629,https://store.steampowered.com/app/1102130
1178790,Shiren the Wanderer: The Tower of Fortune and the Dice of Fate,False,2020-12-02T05:00:00.000Z,False,80445,19.99,846192,76,AA,"Spike Chunsoft Co., Ltd.","Spike Chunsoft Co., Ltd.",https://shared.akamai.steamstatic.com/store_item_assets/steam/apps/1178790/header.jpg?t=1715703235,https://store.steampowered.com/app/1178790
1021770, Wanba Warriors,False,2020-03-25T04:00:00.000Z,False,343037,4.99,844556,89,Indie,"Wanba Studio,Wave Games",Wanba Studio,https://shared.akamai.steamstatic.com/store_item_assets/steam/apps/1021770/header.jpg?t=1747108561,https://store.steampowered.com/app/1021770
1163590,Bullet Girls Phantasia,False,2020-01-16T05:00:00.000Z,False,41853,29.99,841898,82,AA,D3PUBLISHER,SHADE Inc.,https://shared.akamai.steamstatic.com/store_item_assets/steam/apps/1163590/header.jpg?t=1727942220,https://store.steampowered.com/app/1163590
1173200,Metal Unit,False,2020-02-03T05:00:00.000Z,False,116455,14.99,835228,83,AA,NEOWIZ,JellySnow Studio,https://shared.akamai.steamstatic.com/store_item_assets/steam/apps/1173200/header.jpg?t=1723791275,https://store.steampowered.com/app/1173200
1146310,Beyond a Steel Sky,False,2020-07-16T04:00:00.000Z,False,45606,34.99,834038,88,Indie,Revolution Software Ltd,Revolution Software Ltd,https://shared.akamai.steamstatic.com/store_item_assets/steam/apps/1146310/header.jpg?t=1752404929,https://store.steampowered.com/app/1146310
1114220,Gedonia,False,2020-06-01T04:00:00.000Z,False,132304,14.99,828352,87,Indie,Kazakov Oleg,Kazakov Oleg,https://shared.akamai.steamstatic.com/store_item_assets/steam/apps/1114220/header.jpg?t=1726572037,https://store.steampowered.com/app/1114220
1301390,No Umbrellas Allowed,False,2020-06-24T04:00:00.000Z,False,52334,19.99,827861,81,Indie,Hoochoo Game Studios,Hoochoo Game Studios,https://shared.akamai.steamstatic.com/store_item_assets/steam/apps/1301390/header.jpg?t=1733738851,https://store.steampowered.com/app/1301390
1135910,Hunting Simulator 2,False,2020-07-16T04:00:00.000Z,False,71132,39.99,826103,68,AA,Nacon,Nacon Studio Ghent,https://shared.akamai.steamstatic.com/store_item_assets/steam/apps/1135910/header.jpg?t=1732875345,https://store.steampowered.com/app/1135910
1100140,Touhou Fuujinroku ~ Mountain of Faith.,False,2020-06-05T04:00:00.000Z,False,66887,14.99,825705,99,Indie,"Mediascape Co., Ltd.",上海アリス幻樂団,https://shared.akamai.steamstatic.com/store_item_assets/steam/apps/1100140/header.jpg?t=1667958836,https://store.steampowered.com/app/1100140
994910,"Poker Master - Texas Hold'em, Roulette, Blackjack, Baccarat, Omaha, Slots, Teen Patti",False,2020-09-23T04:00:00.000Z,False,262614,0,824707,85,Indie,NGIN LIMITED,NGIN LIMITED,https://shared.akamai.steamstatic.com/store_item_assets/steam/apps/994910/9703c9c5da5d9c91076d412388f6d0ec8be5efeb/header.jpg?t=1748585970,https://store.steampowered.com/app/994910
1226510,Trigon: Space Story,False,2020-09-22T04:00:00.000Z,False,54700,19.99,814191,69,Indie,Gameforge 4D GmbH,Sernur.tech,https://shared.akamai.steamstatic.com/store_item_assets/steam/apps/1226510/header.jpg?t=1700818422,https://store.steampowered.com/app/1226510
1318090,Vertigo Remastered,False,2020-07-21T04:00:00.000Z,False,43605,19.99,814073,92,Indie,Zulubo Productions,"Zach Tsiakalis-Brown,George Eracleous,Errol Bucy",https://shared.akamai.steamstatic.com/store_item_assets/steam/apps/1318090/header.jpg?t=1698775338,https://store.steampowered.com/app/1318090
1089830,Monster Energy Supercross - The Official Videogame 3,False,2020-02-04T05:00:00.000Z,False,51534,24.99,809747,88,AA,Milestone S.r.l.,Milestone S.r.l.,https://shared.akamai.steamstatic.com/store_item_assets/steam/apps/1089830/header.jpg?t=1728478013,https://store.steampowered.com/app/1089830
883360,Beyond Blue,False,2020-06-11T04:00:00.000Z,False,46460,19.99,809514,88,Indie,E-Line Media,E-Line Media,https://shared.akamai.steamstatic.com/store_item_assets/steam/apps/883360/header.jpg?t=1739476799,https://store.steampowered.com/app/883360
1107790,The Complex,False,2020-03-31T04:00:00.000Z,False,129990,14.99,809446,78,Indie,Wales Interactive,"Wales Interactive,Good Gate Media,Little Jade Productions",https://shared.akamai.steamstatic.com/store_item_assets/steam/apps/1107790/header.jpg?t=1757513067,https://store.steampowered.com/app/1107790
995980,Fae Tactics,False,2020-07-31T04:00:00.000Z,False,59992,19.99,807159,85,AA,Humble Games,Endlessfluff Games,https://shared.akamai.steamstatic.com/store_item_assets/steam/apps/995980/header.jpg?t=1625008100,https://store.steampowered.com/app/995980
1292690,Corruption of Champions II,False,2020-08-14T04:00:00.000Z,True,84944,9.99,805999,92,Indie,Salamander Studios,Salamander Studios,https://shared.akamai.steamstatic.com/store_item_assets/steam/apps/1292690/header.jpg?t=1715086969,https://store.steampowered.com/app/1292690
1222300,Into The Flames,False,2020-05-27T04:00:00.000Z,False,69132,19.99,801405,83,AA,PlayWay S.A.,Fully Involved Game Studios,https://shared.akamai.steamstatic.com/store_item_assets/steam/apps/1222300/header.jpg?t=1725034243,https://store.steampowered.com/app/1222300
1067540,Röki,False,2020-07-23T04:00:00.000Z,False,107548,19.99,797077,89,Indie,"United Label,CI Games",Polygon Treehouse,https://shared.akamai.steamstatic.com/store_item_assets/steam/apps/1067540/header.jpg?t=1728376743,https://store.steampowered.com/app/1067540
1283190,Neighbours back From Hell,False,2020-10-08T04:00:00.000Z,False,97500,14.99,795783,95,Indie,HandyGames,Farbworks,https://shared.akamai.steamstatic.com/store_item_assets/steam/apps/1283190/header.jpg?t=1762953368,https://store.steampowered.com/app/1283190
1218740,Rakion Chaos Force,False,2020-03-24T04:00:00.000Z,False,165505,0,793369,62,Indie,"Neosonyx Co., Ltd.","Neosonyx Co., Ltd.",https://shared.akamai.steamstatic.com/store_item_assets/steam/apps/1218740/header.jpg?t=1734131038,https://store.steampowered.com/app/1218740
1373430,Leisure Suit Larry - Wet Dreams Dry Twice,False,2020-10-23T04:00:00.000Z,False,62025,34.99,781240,86,Indie,Assemble Entertainment,CrazyBunch,https://shared.akamai.steamstatic.com/store_item_assets/steam/apps/1373430/header.jpg?t=1728901827,https://store.steampowered.com/app/1373430
1139940,ATOM RPG Trudograd,False,2020-05-11T04:00:00.000Z,False,165196,10.99,779005,84,Indie,AtomTeam,AtomTeam,https://shared.akamai.steamstatic.com/store_item_assets/steam/apps/1139940/header.jpg?t=1760875019,https://store.steampowered.com/app/1139940
1158420,SimCasino,False,2020-11-22T05:00:00.000Z,False,36864,24.99,775355,74,Indie,LVGameDev LLC,LVGameDev LLC,https://shared.akamai.steamstatic.com/store_item_assets/steam/apps/1158420/header.jpg?t=1659029870,https://store.steampowered.com/app/1158420
1162650,Ken ga Kimi,False,2020-03-25T04:00:00.000Z,False,22497,49.99,773902,94,Indie,Beijing Happy Entertainment Technology,Rejet,https://shared.akamai.steamstatic.com/store_item_assets/steam/apps/1162650/header.jpg?t=1620629726,https://store.steampowered.com/app/1162650
1239690,Retrowave,False,2020-03-06T05:00:00.000Z,False,600644,2.99,770054,95,Indie,RewindApp,RewindApp,https://shared.akamai.steamstatic.com/store_item_assets/steam/apps/1239690/header.jpg?t=1757817627,https://store.steampowered.com/app/1239690
1191840,Legend Creatures(传奇生物),False,2020-03-30T04:00:00.000Z,False,272647,4.99,766817,90,Indie,HideChara,HideChara,https://shared.akamai.steamstatic.com/store_item_assets/steam/apps/1191840/header.jpg?t=1689834992,https://store.steampowered.com/app/1191840
1379930,Power & Revolution 2020 Edition,False,2020-09-17T04:00:00.000Z,False,22481,49.99,766304,62,Indie,Eversim,Eversim,https://shared.akamai.steamstatic.com/store_item_assets/steam/apps/1379930/header.jpg?t=1634716588,https://store.steampowered.com/app/1379930
1052990,A Monster's Expedition,False,2020-09-10T04:00:00.000Z,False,62010,19.99,762800,95,Indie,Draknek & Friends,Draknek & Friends,https://shared.akamai.steamstatic.com/store_item_assets/steam/apps/1052990/10d66b8b0bce06dabdfec1f770b36039a8daa258/header.jpg?t=1755793619,https://store.steampowered.com/app/1052990
1356240,Who Wants To Be A Millionaire,False,2020-10-29T04:00:00.000Z,False,57106,29.99,748346,51,Indie,Microids,"Appeal Studios,Balio Studio",https://shared.akamai.steamstatic.com/store_item_assets/steam/apps/1356240/header.jpg?t=1761572696,https://store.steampowered.com/app/1356240
1278390,Succumate,False,2020-11-20T05:00:00.000Z,False,87381,14.99,747714,83,AA,Kagura Games,Dojin Otome,https://shared.akamai.steamstatic.com/store_item_assets/steam/apps/1278390/header.jpg?t=1749385648,https://store.steampowered.com/app/1278390
1327080,Tower and Sword of Succubus,False,2020-10-30T04:00:00.000Z,False,68320,12.99,745594,85,Indie,Critical Bliss,Libra Heart,https://shared.akamai.steamstatic.com/store_item_assets/steam/apps/1327080/header.jpg?t=1752729602,https://store.steampowered.com/app/1327080
1259740,Escape Dungeon,False,2020-11-15T05:00:00.000Z,False,77018,12.99,744027,80,Indie,Hide Games,Hide Games,https://shared.akamai.steamstatic.com/store_item_assets/steam/apps/1259740/header.jpg?t=1756729498,https://store.steampowered.com/app/1259740
1217390,Some Some Convenience Store,False,2020-01-14T05:00:00.000Z,False,66359,14.99,742814,96,Indie,"TALESSHOP Co., Ltd.,Smilegate","TALESSHOP Co., Ltd.",https://shared.akamai.steamstatic.com/store_item_assets/steam/apps/1217390/header.jpg?t=1754374612,https://store.steampowered.com/app/1217390
1285670,Post Void,False,2020-08-06T04:00:00.000Z,False,353067,2.99,739736,97,Indie,YCJY Games,YCJY Games,https://shared.akamai.steamstatic.com/store_item_assets/steam/apps/1285670/4aaee057ef9ea2bd945570c42320e63d7ce5b855/header.jpg?t=1754509045,https://store.steampowered.com/app/1285670
1162130,Windbound,False,2020-08-28T04:00:00.000Z,False,43463,19.99,738586,59,AAA,Deep Silver,5 Lives Studios,https://shared.akamai.steamstatic.com/store_item_assets/steam/apps/1162130/header.jpg?t=1709649147,https://store.steampowered.com/app/1162130
852220,Accident,False,2020-10-14T04:00:00.000Z,False,80734,14.99,735552,77,Indie,"Duality Games,PlayWay S.A.,HeartBeat Games","Duality Games,Glob Games Studio",https://shared.akamai.steamstatic.com/store_item_assets/steam/apps/852220/header.jpg?t=1753285008,https://store.steampowered.com/app/852220
1263070,Blightbound,False,2020-07-29T04:00:00.000Z,False,47916,19.99,725727,63,AA,Devolver Digital,Ronimo Games,https://shared.akamai.steamstatic.com/store_item_assets/steam/apps/1263070/header.jpg?t=1728949308,https://store.steampowered.com/app/1263070
939100,Darksburg,False,2020-02-12T05:00:00.000Z,False,55221,14.99,718388,63,AA,Shiro Games,Shiro Games,https://shared.akamai.steamstatic.com/store_item_assets/steam/apps/939100/header.jpg?t=1716563826,https://store.steampowered.com/app/939100
1190400,The Wonderful 101: Remastered,False,2020-05-19T04:00:00.000Z,False,27031,30,710770,87,Indie,PlatinumGames Inc.,PlatinumGames Inc.,https://shared.akamai.steamstatic.com/store_item_assets/steam/apps/1190400/header.jpg?t=1729755874,https://store.steampowered.com/app/1190400
1444650,Haydee 2,False,2020-11-23T05:00:00.000Z,False,57539,24.99,706012,89,Indie,Haydee Interactive,Haydee Interactive,https://shared.akamai.steamstatic.com/store_item_assets/steam/apps/1444650/header.jpg?t=1691582520,https://store.steampowered.com/app/1444650
1328890,Succubus Affection,False,2020-10-22T04:00:00.000Z,False,52840,19.99,704471,92,AA,Kagura Games,Succubus Diary,https://shared.akamai.steamstatic.com/store_item_assets/steam/apps/1328890/header.jpg?t=1749385635,https://store.steampowered.com/app/1328890
817840,Max Gentlemen Sexy Business!,False,2020-02-25T05:00:00.000Z,False,45780,19.99,700814,93,Indie,The Men Who Wear Many Hats,The Men Who Wear Many Hats,https://shared.akamai.steamstatic.com/store_item_assets/steam/apps/817840/header.jpg?t=1737497845,https://store.steampowered.com/app/817840
1257360,Bloodstained: Curse of the Moon 2,False,2020-07-10T04:00:00.000Z,False,76811,14.99,700766,85,Indie,"INTI CREATES CO., LTD.","INTI CREATES CO., LTD.",https://shared.akamai.steamstatic.com/store_item_assets/steam/apps/1257360/header.jpg?t=1727748388,https://store.steampowered.com/app/1257360
955740,Mini Healer,False,2020-04-24T04:00:00.000Z,True,125224,7.99,698819,88,Indie,Sad Doge,Sad Doge,https://shared.akamai.steamstatic.com/store_item_assets/steam/apps/955740/header.jpg?t=1663800026,https://store.steampowered.com/app/955740
1150950,Timelie,False,2020-05-20T04:00:00.000Z,False,52951,17.99,697171,94,Indie,Urnique Studio,Urnique Studio,https://shared.akamai.steamstatic.com/store_item_assets/steam/apps/1150950/header.jpg?t=1669958187,https://store.steampowered.com/app/1150950
349730,Popup Dungeon,False,2020-08-12T04:00:00.000Z,False,34269,24.99,694044,75,AA,Humble Games,Triple.B.Titles,https://shared.akamai.steamstatic.com/store_item_assets/steam/apps/349730/header.jpg?t=1667315553,https://store.steampowered.com/app/349730
1189440,VenusBlood FRONTIER International,False,2020-02-07T05:00:00.000Z,False,26205,39.99,693296,94,Indie,"JAST,Kagura Games (Chinese Localization)","Ninetail,Dualtail",https://shared.akamai.steamstatic.com/store_item_assets/steam/apps/1189440/header.jpg?t=1730127195,https://store.steampowered.com/app/1189440
1049100,泡沫冬景,False,2020-01-02T05:00:00.000Z,False,94193,14.99,687000,95,Indie,Nekoneko Soft,Koraku,https://shared.akamai.steamstatic.com/store_item_assets/steam/apps/1049100/header.jpg?t=1735696022,https://store.steampowered.com/app/1049100
1189800,Bleeding Edge,False,2020-03-24T04:00:00.000Z,False,27778,29.99,686600,66,Indie,Ninja Theory,Ninja Theory,https://shared.akamai.steamstatic.com/store_item_assets/steam/apps/1189800/header.jpg?t=1646681917,https://store.steampowered.com/app/1189800
1060210,Disaster Report 4: Summer Memories,False,2020-04-07T04:00:00.000Z,False,16618,59.99,685439,67,Indie,"NIS America, Inc.",Granzella Inc.,https://shared.akamai.steamstatic.com/store_item_assets/steam/apps/1060210/header.jpg?t=1732583921,https://store.steampowered.com/app/1060210
1220170,Eville,False,2020-05-06T04:00:00.000Z,False,69226,14.99,685211,72,Indie,Versus Evil,VestGames,https://shared.akamai.steamstatic.com/store_item_assets/steam/apps/1220170/header.jpg?t=1723106676,https://store.steampowered.com/app/1220170
1146630,Yokai's Secret,False,2020-02-06T05:00:00.000Z,False,621399,1.99,672742,90,Indie,Toffee Cafe,Double W,https://shared.akamai.steamstatic.com/store_item_assets/steam/apps/1146630/header.jpg?t=1703481180,https://store.steampowered.com/app/1146630
1352930,HAAK,False,2020-09-16T04:00:00.000Z,False,70222,17.99,670145,90,Indie,OKJOY,Blingame,https://shared.akamai.steamstatic.com/store_item_assets/steam/apps/1352930/header.jpg?t=1758076557,https://store.steampowered.com/app/1352930
1084640,Chicken Police - Paint it RED!,False,2020-11-05T05:00:00.000Z,False,58829,19.99,667617,95,Indie,HandyGames,The Wild Gentlemen,https://shared.akamai.steamstatic.com/store_item_assets/steam/apps/1084640/header.jpg?t=1762960602,https://store.steampowered.com/app/1084640
1276660,Tinkertown,False,2020-12-03T05:00:00.000Z,False,69925,16.99,667323,68,Indie,Headup,Headup,https://shared.akamai.steamstatic.com/store_item_assets/steam/apps/1276660/header.jpg?t=1728576020,https://store.steampowered.com/app/1276660
1159560,Ziggurat 2,False,2020-10-22T04:00:00.000Z,False,50384,24.99,666395,90,Indie,Milkstone Studios,Milkstone Studios,https://shared.akamai.steamstatic.com/store_item_assets/steam/apps/1159560/header.jpg?t=1746547611,https://store.steampowered.com/app/1159560
1165870,Mahou Arms,False,2020-04-28T04:00:00.000Z,True,30459,29.99,661790,80,Indie,Sekai Project,Dischan Media,https://shared.akamai.steamstatic.com/store_item_assets/steam/apps/1165870/header.jpg?t=1763330438,https://store.steampowered.com/app/1165870
1178780,BattleGroupVR,False,2020-07-31T04:00:00.000Z,False,32118,24.99,656593,92,Indie,SpaceOwl Games,SpaceOwl Games,https://shared.akamai.steamstatic.com/store_item_assets/steam/apps/1178780/header.jpg?t=1762538010,https://store.steampowered.com/app/1178780
1378290,The Citadel,False,2020-08-05T04:00:00.000Z,False,63330,14.99,656159,92,Indie,"doekuramori,Top Hat Studios Inc","doekuramori,Top Hat Studios Inc",https://shared.akamai.steamstatic.com/store_item_assets/steam/apps/1378290/header.jpg?t=1597695900,https://store.steampowered.com/app/1378290
1152310,Atelier Escha & Logy: Alchemists of the Dusk Sky DX,False,2020-01-14T05:00:00.000Z,False,27441,39.99,655053,90,AA,"KOEI TECMO GAMES CO., LTD.","KOEI TECMO GAMES CO., LTD.",https://shared.akamai.steamstatic.com/store_item_assets/steam/apps/1152310/header.jpg?t=1760597602,https://store.steampowered.com/app/1152310
1213750,Fight Crab,False,2020-07-29T04:00:00.000Z,False,42613,19.99,639460,93,AA,PLAYISM,Calappa Games,https://shared.akamai.steamstatic.com/store_item_assets/steam/apps/1213750/header.jpg?t=1736326270,https://store.steampowered.com/app/1213750
1126310,风信楼,False,2020-05-22T04:00:00.000Z,False,80173,11.99,638932,94,Indie,Pingfang Games,Pingfang Games,https://shared.akamai.steamstatic.com/store_item_assets/steam/apps/1126310/header.jpg?t=1643414520,https://store.steampowered.com/app/1126310
1245430,Golden Light,False,2020-07-10T04:00:00.000Z,False,67707,19.99,638589,85,Indie,Mr. Pink,Mr. Pink,https://shared.akamai.steamstatic.com/store_item_assets/steam/apps/1245430/header.jpg?t=1754420200,https://store.steampowered.com/app/1245430
1206430,The Unfinished Swan,False,2020-09-10T04:00:00.000Z,False,91538,14.99,634327,84,AA,Annapurna Interactive,Giant Sparrow,https://shared.akamai.steamstatic.com/store_item_assets/steam/apps/1206430/header.jpg?t=1729099245,https://store.steampowered.com/app/1206430
1096520,Venture Seas,False,2020-01-29T05:00:00.000Z,True,46764,14.99,631590,69,Indie,Critical Bliss,Virtuous Development,https://shared.akamai.steamstatic.com/store_item_assets/steam/apps/1096520/header.jpg?t=1758310850,https://store.steampowered.com/app/1096520
1140890,Morbid: The Seven Acolytes,False,2020-12-03T05:00:00.000Z,False,57656,24.99,628384,73,Indie,Silver Lining Interactive,Still Running,https://shared.akamai.steamstatic.com/store_item_assets/steam/apps/1140890/header.jpg?t=1738068071,https://store.steampowered.com/app/1140890
1004750,WRC 8 FIA World Rally Championship,False,2020-09-08T04:00:00.000Z,False,131527,29.99,625831,74,AA,Nacon,KT Racing,https://shared.akamai.steamstatic.com/store_item_assets/steam/apps/1004750/header.jpg?t=1725354099,https://store.steampowered.com/app/1004750
1353270,Five Dates,False,2020-11-17T05:00:00.000Z,False,80606,14.99,625348,85,Indie,Wales Interactive,"Wales Interactive,Good Gate Media",https://shared.akamai.steamstatic.com/store_item_assets/steam/apps/1353270/header.jpg?t=1727964537,https://store.steampowered.com/app/1353270
1218280,Bad Guys at School,False,2020-06-15T04:00:00.000Z,False,153931,4.99,617663,87,Indie,Forceight,Forceight,https://shared.akamai.steamstatic.com/store_item_assets/steam/apps/1218280/header.jpg?t=1593206301,https://store.steampowered.com/app/1218280
1151440,Utawarerumono: Mask of Truth,False,2020-01-23T05:00:00.000Z,False,33484,39.99,616286,96,Indie,"DMM GAMES,Shiravune",AQUAPLUS,https://shared.akamai.steamstatic.com/store_item_assets/steam/apps/1151440/header.jpg?t=1732445045,https://store.steampowered.com/app/1151440
1335560,UNREAL LIFE,False,2020-11-19T05:00:00.000Z,False,57840,19.99,612571,96,Indie,"room6,yokaze","hako life,hako 生活",https://shared.akamai.steamstatic.com/store_item_assets/steam/apps/1335560/header.jpg?t=1728639465,https://store.steampowered.com/app/1335560
1193340,Zelter,False,2020-10-22T04:00:00.000Z,True,38666,19.99,610008,48,Indie,SuperGG.com,G1 Playground,https://shared.akamai.steamstatic.com/store_item_assets/steam/apps/1193340/header.jpg?t=1727715822,https://store.steampowered.com/app/1193340
674090,Sky Haven Tycoon - Airport Simulator,False,2020-11-25T05:00:00.000Z,False,44121,19.49,606682,59,Indie,Real Welders,Real Welders,https://shared.akamai.steamstatic.com/store_item_assets/steam/apps/674090/header.jpg?t=1669065139,https://store.steampowered.com/app/674090
1016790,West of Dead,False,2020-06-18T04:00:00.000Z,False,75237,19.99,606312,72,AA,Raw Fury,Upstream Arcade,https://shared.akamai.steamstatic.com/store_item_assets/steam/apps/1016790/header.jpg?t=1759231379,https://store.steampowered.com/app/1016790
994140,Lightmatter,False,2020-01-15T05:00:00.000Z,False,39955,19.99,606164,91,Indie,Aspyr,Tunnel Vision Games,https://shared.akamai.steamstatic.com/store_item_assets/steam/apps/994140/header.jpg?t=1701902954,https://store.steampowered.com/app/994140
1259800,MXGP 2020 - The Official Motocross Videogame,False,2020-12-16T05:00:00.000Z,False,50495,29.99,599161,82,AA,Milestone S.r.l.,Milestone S.r.l.,https://shared.akamai.steamstatic.com/store_item_assets/steam/apps/1259800/header.jpg?t=1726479800,https://store.steampowered.com/app/1259800
1003090,Through the Darkest of Times,False,2020-01-30T05:00:00.000Z,False,60167,14.99,595383,84,Indie,HandyGames,Paintbucket Games,https://shared.akamai.steamstatic.com/store_item_assets/steam/apps/1003090/header.jpg?t=1762959520,https://store.steampowered.com/app/1003090
1131240,Dungeons of Edera,False,2020-08-28T04:00:00.000Z,False,53379,14.99,594766,68,Indie,Monster Tooth Studios,Monster Tooth Studios,https://shared.akamai.steamstatic.com/store_item_assets/steam/apps/1131240/header.jpg?t=1731299706,https://store.steampowered.com/app/1131240
1058770,我来自江湖 From Jianghu,False,2020-07-24T04:00:00.000Z,True,106501,9.99,593915,82,Indie,INDIECN,Gamexel Studio,https://shared.akamai.steamstatic.com/store_item_assets/steam/apps/1058770/header.jpg?t=1681476213,https://store.steampowered.com/app/1058770
524910,Hidden Through Time,False,2020-03-12T04:00:00.000Z,False,139100,7.99,577378,94,Indie,Rogueside,Rogueside,https://shared.akamai.steamstatic.com/store_item_assets/steam/apps/524910/header.jpg?t=1725609018,https://store.steampowered.com/app/524910
1384630,SWORD x HIME,False,2020-09-28T04:00:00.000Z,False,75814,9.99,575445,82,Indie,赤いトンボ,"Kazuya,tensun3d",https://shared.akamai.steamstatic.com/store_item_assets/steam/apps/1384630/header.jpg?t=1750855769,https://store.steampowered.com/app/1384630
609920,Hotshot Racing,False,2020-09-10T04:00:00.000Z,False,51938,19.99,571626,77,AA,Curve Games,"Sumo Digital Ltd,Lucky Mountain Games",https://shared.akamai.steamstatic.com/store_item_assets/steam/apps/609920/header.jpg?t=1753707980,https://store.steampowered.com/app/609920
1203930,The Last Haven,False,2020-03-20T04:00:00.000Z,False,46249,19.99,559697,61,Indie,Thunder Devs.,Thunder Devs.,https://shared.akamai.steamstatic.com/store_item_assets/steam/apps/1203930/header.jpg?t=1676679075,https://store.steampowered.com/app/1203930
1373510,BloodRayne: Terminal Cut,False,2020-11-20T05:00:00.000Z,False,66415,14.99,557598,90,Indie,Ziggurat,Terminal Reality,https://shared.akamai.steamstatic.com/store_item_assets/steam/apps/1373510/e69a331bfaf8873824868e7e28ff53759d83d02a/header_alt_assets_1.jpg?t=1763051577,https://store.steampowered.com/app/1373510
1121420,Kingdom Under Fire: The Crusaders,False,2020-02-28T05:00:00.000Z,False,34676,19.99,553509,92,Indie,"Blueside,Incredi Soft",Blueside,https://shared.akamai.steamstatic.com/store_item_assets/steam/apps/1121420/header.jpg?t=1606359579,https://store.steampowered.com/app/1121420
1140290,Murder by Numbers,False,2020-03-06T05:00:00.000Z,False,55167,14.99,552520,84,Indie,The Irregular Corporation,Mediatonic,https://shared.akamai.steamstatic.com/store_item_assets/steam/apps/1140290/header.jpg?t=1616521299,https://store.steampowered.com/app/1140290
1127840,Landlord's Super,False,2020-04-30T04:00:00.000Z,False,40180,19.99,552126,82,Indie,Yogscast Games,Minskworks,https://shared.akamai.steamstatic.com/store_item_assets/steam/apps/1127840/header.jpg?t=1725014772,https://store.steampowered.com/app/1127840
1223910,Tennis World Tour 2,False,2020-09-24T04:00:00.000Z,False,22306,39.99,550034,45,AA,Nacon,Big Ant Studios,https://shared.akamai.steamstatic.com/store_item_assets/steam/apps/1223910/header.jpg?t=1725352603,https://store.steampowered.com/app/1223910
1315980,Tin Can,False,2020-10-29T04:00:00.000Z,False,55875,19.99,540490,85,Indie,Tin Can Studio,Tin Can Studio,https://shared.akamai.steamstatic.com/store_item_assets/steam/apps/1315980/header.jpg?t=1760258788,https://store.steampowered.com/app/1315980
835650,Rising Lords,False,2020-05-27T04:00:00.000Z,False,36396,19.99,538639,72,Indie,"Deck13,WhisperGames",Argonwood,https://shared.akamai.steamstatic.com/store_item_assets/steam/apps/835650/header.jpg?t=1759308660,https://store.steampowered.com/app/835650
1384770,Scrutinized,False,2020-08-05T04:00:00.000Z,False,68640,9.99,533748,89,Indie,Reflect Studios,Reflect Studios,https://shared.akamai.steamstatic.com/store_item_assets/steam/apps/1384770/header.jpg?t=1596752543,https://store.steampowered.com/app/1384770
1299320,Midnight Castle Succubus DX,False,2020-09-18T04:00:00.000Z,False,50731,12.99,533168,94,Indie,Critical Bliss,"pixelteishoku,Libra Heart",https://shared.akamai.steamstatic.com/store_item_assets/steam/apps/1299320/header.jpg?t=1752729562,https://store.steampowered.com/app/1299320
1268110,ISEKAI QUEST,False,2020-09-15T04:00:00.000Z,False,178632,3.99,532525,87,Indie,Studio Ginkgo,Studio Ginkgo,https://shared.akamai.steamstatic.com/store_item_assets/steam/apps/1268110/header.jpg?t=1757148895,https://store.steampowered.com/app/1268110
1329510,Big Farm Story,False,2020-08-20T04:00:00.000Z,False,43734,19.99,530394,80,Indie,Goodgame Studios,Goodgame Studios,https://shared.akamai.steamstatic.com/store_item_assets/steam/apps/1329510/header.jpg?t=1679919372,https://store.steampowered.com/app/1329510
1164050,When The Past Was Around,False,2020-09-22T04:00:00.000Z,False,102624,7.99,530329,95,Indie,Toge Productions,Mojiken,https://shared.akamai.steamstatic.com/store_item_assets/steam/apps/1164050/header.jpg?t=1737507265,https://store.steampowered.com/app/1164050
1152320,Atelier Shallie: Alchemists of the Dusk Sea DX,False,2020-01-14T05:00:00.000Z,False,22436,39.99,529699,88,AA,"KOEI TECMO GAMES CO., LTD.","KOEI TECMO GAMES CO., LTD.",https://shared.akamai.steamstatic.com/store_item_assets/steam/apps/1152320/header.jpg?t=1760597520,https://store.steampowered.com/app/1152320
1233800,Kandagawa Jet Girls,False,2020-08-25T04:00:00.000Z,False,26084,29.99,525481,84,AA,"XSEED Games,Marvelous USA, Inc.,Marvelous",SHADE Inc.,https://shared.akamai.steamstatic.com/store_item_assets/steam/apps/1233800/header.jpg?t=1751392872,https://store.steampowered.com/app/1233800
1243960,Unspottable,False,2020-10-22T04:00:00.000Z,False,100801,9.99,523925,89,Indie,GrosChevaux,GrosChevaux,https://shared.akamai.steamstatic.com/store_item_assets/steam/apps/1243960/header.jpg?t=1720861039,https://store.steampowered.com/app/1243960
1223810,Full Service,False,2020-03-16T04:00:00.000Z,False,14790,39.99,523861,96,Indie,Herculion,Mazjojo Productions,https://shared.akamai.steamstatic.com/store_item_assets/steam/apps/1223810/header.jpg?t=1647477245,https://store.steampowered.com/app/1223810
910830,Rebel Galaxy Outlaw,False,2020-09-22T04:00:00.000Z,False,25874,29.99,521936,64,Indie,"Double Damage Games,SNEG",Double Damage Games,https://shared.akamai.steamstatic.com/store_item_assets/steam/apps/910830/header.jpg?t=1761126461,https://store.steampowered.com/app/910830
1082680,The Walking Dead Onslaught,False,2020-09-29T04:00:00.000Z,False,24763,29.99,521066,47,Indie,Survios,Survios,https://shared.akamai.steamstatic.com/store_item_assets/steam/apps/1082680/header.jpg?t=1729182817,https://store.steampowered.com/app/1082680
1485100,Hentai Femdom Sim: Femdom University,False,2020-12-18T05:00:00.000Z,False,16054,34.99,520743,79,Indie,SaliaCoel,SaliaCoel,https://shared.akamai.steamstatic.com/store_item_assets/steam/apps/1485100/header.jpg?t=1692565236,https://store.steampowered.com/app/1485100
945710,DreadOut 2,False,2020-02-21T05:00:00.000Z,False,41078,19.99,517049,75,Indie,Digital Happiness,Digital Happiness,https://shared.akamai.steamstatic.com/store_item_assets/steam/apps/945710/header.jpg?t=1726041626,https://store.steampowered.com/app/945710
1599340,Lost Ark,False,2021-06-11T00:00:00.000Z,False,29328576,0,441056460,71,AAA,Amazon Games,Smilegate RPG,https://shared.akamai.steamstatic.com/store_item_assets/steam/apps/1599340/header.jpg?t=1763571534,https://store.steampowered.com/app/1599340
1203220,NARAKA: BLADEPOINT,False,2021-08-11T04:00:00.000Z,False,21573190,0,379256831,74,AA,NetEase Games Global,24 Entertainment,https://shared.akamai.steamstatic.com/store_item_assets/steam/apps/1203220/88af3d60e508fe02f03e771ad5c8021f728a2126/header.jpg?t=1762333104,https://store.steampowered.com/app/1203220
1144200,Ready or Not,False,2021-12-17T05:00:00.000Z,False,8920967,49.99,265929390,76,AA,VOID Interactive,VOID Interactive,https://shared.akamai.steamstatic.com/store_item_assets/steam/apps/1144200/header.jpg?t=1753984272,https://store.steampowered.com/app/1144200
1426210,It Takes Two,False,2021-03-25T04:00:00.000Z,False,14934651,39.99,238715254,95,AAA,Electronic Arts,Hazelight Studios,https://shared.akamai.steamstatic.com/store_item_assets/steam/apps/1426210/header.jpg?t=1763484491,https://store.steampowered.com/app/1426210
1551360,Forza Horizon 5,False,2021-11-08T05:00:00.000Z,False,7685786,59.99,237485482,89,AAA,Xbox Game Studios,Playground Games,https://shared.akamai.steamstatic.com/store_item_assets/steam/apps/1551360/header.jpg?t=1746471508,https://store.steampowered.com/app/1551360
892970,Valheim,False,2021-02-02T05:00:00.000Z,True,16857780,19.99,220635265,94,AAA,Coffee Stain Publishing,Iron Gate AB,https://shared.akamai.steamstatic.com/store_item_assets/steam/apps/892970/de0bdcf6c008c508a79d8e75eb91fc67f4bebd5d/header.jpg?t=1762784724,https://store.steampowered.com/app/892970
1063730,New World: Aeternum,False,2021-09-28T04:00:00.000Z,False,7156799,59.99,203118644,67,AAA,Amazon Games,Amazon Games,https://shared.akamai.steamstatic.com/store_item_assets/steam/apps/1063730/bd98bbdc4fdf388d07afa6ec8d781cb863bccfb0/header.jpg?t=1761763445,https://store.steampowered.com/app/1063730
1517290,Battlefield™ 2042,False,2021-11-19T05:00:00.000Z,False,9798292,59.99,158348987,47,AAA,Electronic Arts,DICE,https://shared.akamai.steamstatic.com/store_item_assets/steam/apps/1517290/header.jpg?t=1761752400,https://store.steampowered.com/app/1517290
1248130,Farming Simulator 22,False,2021-11-21T05:00:00.000Z,False,3462388,29.99,100800924,93,AA,Giants Software,Giants Software,https://shared.akamai.steamstatic.com/store_item_assets/steam/apps/1248130/header.jpg?t=1715068241,https://store.steampowered.com/app/1248130
1466860,Age of Empires IV: Anniversary Edition,False,2021-10-28T04:00:00.000Z,False,3716412,39.99,89977096,86,AAA,Xbox Game Studios,"World's Edge,Relic Entertainment,Forgotten Empires,Climax Studios",https://shared.akamai.steamstatic.com/store_item_assets/steam/apps/1466860/header.jpg?t=1762295217,https://store.steampowered.com/app/1466860
924970,Back 4 Blood,False,2021-10-12T04:00:00.000Z,False,4692549,59.99,78712912,69,AAA,Warner Bros. Games,Turtle Rock Studios,https://shared.akamai.steamstatic.com/store_item_assets/steam/apps/924970/header.jpg?t=1746220006,https://store.steampowered.com/app/924970
1468810,鬼谷八荒 Tale of Immortal,False,2021-01-27T05:00:00.000Z,False,6024820,19.99,75010107,54,AA,"鬼谷工作室,Lightning Games",鬼谷工作室,https://shared.akamai.steamstatic.com/store_item_assets/steam/apps/1468810/header.jpg?t=1762139418,https://store.steampowered.com/app/1468810
1196590,Resident Evil Village,False,2021-05-07T04:00:00.000Z,False,4127909,49.99,74814824,96,AAA,"CAPCOM Co., Ltd.","CAPCOM Co., Ltd.",https://shared.akamai.steamstatic.com/store_item_assets/steam/apps/1196590/header.jpg?t=1741142800,https://store.steampowered.com/app/1196590
1259420,Days Gone,False,2021-05-17T04:00:00.000Z,False,3317803,39.99,70929103,93,AAA,PlayStation Publishing LLC,Bend Studio,https://shared.akamai.steamstatic.com/store_item_assets/steam/apps/1259420/header.jpg?t=1750947718,https://store.steampowered.com/app/1259420
1665460,eFootball™,False,2021-09-29T04:00:00.000Z,False,7127095,0,60119883,49,AAA,KONAMI,KONAMI,https://shared.akamai.steamstatic.com/store_item_assets/steam/apps/1665460/0fb7eebc292768714f2b3be666d59b59a11b0031/header.jpg?t=1761192425,https://store.steampowered.com/app/1665460
1240440,Halo Infinite,False,2021-11-15T05:00:00.000Z,False,12248345,0,57131236,69,AAA,Xbox Game Studios,343 Industries,https://shared.akamai.steamstatic.com/store_item_assets/steam/apps/1240440/2262ffb4f1659df1c1cbf2c70af40560b4fa12e4/header.jpg?t=1763576590,https://store.steampowered.com/app/1240440
1407200,World of Tanks,False,2021-04-28T04:00:00.000Z,False,4796586,0,56775295,81,AA,Wargaming Group Limited,Wargaming Group Limited,https://shared.akamai.steamstatic.com/store_item_assets/steam/apps/1407200/8809fba82f85ad627c31fefc12f6adce29dc912e/header_alt_assets_23.jpg?t=1763561741,https://store.steampowered.com/app/1407200
1328670,Mass Effect™ Legendary Edition,False,2021-05-14T04:00:00.000Z,False,2703665,59.99,53417181,91,AAA,Electronic Arts,BioWare,https://shared.akamai.steamstatic.com/store_item_assets/steam/apps/1328670/header.jpg?t=1760984625,https://store.steampowered.com/app/1328670
1325200,Nioh 2 – The Complete Edition,False,2021-02-05T05:00:00.000Z,False,1779046,49.99,49175549,88,AA,"KOEI TECMO GAMES CO., LTD.","KOEI TECMO GAMES CO., LTD.",https://shared.akamai.steamstatic.com/store_item_assets/steam/apps/1325200/header.jpg?t=1760595713,https://store.steampowered.com/app/1325200
1244460,Jurassic World Evolution 2,False,2021-11-09T05:00:00.000Z,False,2602863,59.99,49149392,90,AA,Frontier Developments,Frontier Developments,https://shared.akamai.steamstatic.com/store_item_assets/steam/apps/1244460/header.jpg?t=1750957701,https://store.steampowered.com/app/1244460
1366540,Dyson Sphere Program,False,2021-01-20T05:00:00.000Z,True,3310526,19.99,48063082,98,AA,Gamirror Games,Youthcat Studio,https://shared.akamai.steamstatic.com/store_item_assets/steam/apps/1366540/2521472f3f71b6f179515fdcfa33d27c212ba3ce/header.jpg?t=1763540798,https://store.steampowered.com/app/1366540
1384160,GUILTY GEAR -STRIVE-,False,2021-06-11T04:00:00.000Z,False,1753725,39.99,46004804,88,AA,Arc System Works,Arc System Works,https://shared.akamai.steamstatic.com/store_item_assets/steam/apps/1384160/header.jpg?t=1761305253,https://store.steampowered.com/app/1384160
1290000,PowerWash Simulator,False,2021-05-19T04:00:00.000Z,False,2306128,24.99,43191011,96,AA,Square Enix,FuturLab,https://shared.akamai.steamstatic.com/store_item_assets/steam/apps/1290000/header.jpg?t=1756929451,https://store.steampowered.com/app/1290000
1149460,ICARUS,False,2021-12-03T05:00:00.000Z,False,1945256,34.99,42588937,73,Indie,RocketWerkz,RocketWerkz,https://shared.akamai.steamstatic.com/store_item_assets/steam/apps/1149460/header.jpg?t=1761700959,https://store.steampowered.com/app/1149460
1092790,Inscryption,False,2021-10-19T04:00:00.000Z,False,3779499,19.99,42155905,97,AA,Devolver Digital,Daniel Mullins Games,https://shared.akamai.steamstatic.com/store_item_assets/steam/apps/1092790/header.jpg?t=1762447328,https://store.steampowered.com/app/1092790
1465360,SnowRunner,False,2021-05-17T04:00:00.000Z,False,2346918,29.99,42152784,90,AAA,Focus Entertainment,Saber Interactive,https://shared.akamai.steamstatic.com/store_item_assets/steam/apps/1465360/header.jpg?t=1762513042,https://store.steampowered.com/app/1465360
985810,GrandChase,False,2021-07-27T04:00:00.000Z,False,1567429,0,38468805,64,Indie,KOG,KOG,https://shared.akamai.steamstatic.com/store_item_assets/steam/apps/985810/0545e6e08c5f6ae75dbee0fe6883a86dd67c20ff/header.jpg?t=1757488936,https://store.steampowered.com/app/985810
1794680,Vampire Survivors,False,2021-12-17T05:00:00.000Z,False,10262406,4.99,36856032,98,Indie,poncle,poncle,https://shared.akamai.steamstatic.com/store_item_assets/steam/apps/1794680/header.jpg?t=1763675244,https://store.steampowered.com/app/1794680
699130,World War Z,False,2021-09-21T04:00:00.000Z,False,2063184,29.99,35372829,83,Indie,Saber Interactive Inc,Saber Interactive Inc,https://shared.akamai.steamstatic.com/store_item_assets/steam/apps/699130/b35277055fbb7e07c26c5e31e4398684c6461d53/header.jpg?t=1758801611,https://store.steampowered.com/app/699130
1476970,IdleOn,False,2021-04-02T04:00:00.000Z,False,3099784,0,34863871,81,Indie,Lavaflame2,Lavaflame2,https://shared.akamai.steamstatic.com/store_item_assets/steam/apps/1476970/header.jpg?t=1763969493,https://store.steampowered.com/app/1476970
1184370,Pathfinder: Wrath of the Righteous - Enhanced Edition,False,2021-09-02T04:00:00.000Z,False,1734740,19.99,34371856,84,Indie,"META Publishing,Owlcat Games",Owlcat Games,https://shared.akamai.steamstatic.com/store_item_assets/steam/apps/1184370/header.jpg?t=1759827513,https://store.steampowered.com/app/1184370
1062090,Timberborn,False,2021-09-15T04:00:00.000Z,True,1673408,34.99,32086448,96,Indie,Mechanistry,Mechanistry,https://shared.akamai.steamstatic.com/store_item_assets/steam/apps/1062090/4bc77318229981d441aa33fad4959c684116f599/header.jpg?t=1763374122,https://store.steampowered.com/app/1062090
740130,Tales of Arise,False,2021-09-09T04:00:00.000Z,False,1231612,39.99,31886647,87,AAA,Bandai Namco Entertainment,Bandai Namco Studios Inc.,https://shared.akamai.steamstatic.com/store_item_assets/steam/apps/740130/header.jpg?t=1735264482,https://store.steampowered.com/app/740130
680420,OUTRIDERS,False,2021-04-01T04:00:00.000Z,False,1558114,19.99,31128020,67,AA,Square Enix,People Can Fly,https://shared.akamai.steamstatic.com/store_item_assets/steam/apps/680420/header.jpg?t=1728485147,https://store.steampowered.com/app/680420
1527950,Wartales,False,2021-12-01T05:00:00.000Z,False,1374105,34.99,30782110,88,AA,Shiro Games,Shiro Games,https://shared.akamai.steamstatic.com/store_item_assets/steam/apps/1527950/header.jpg?t=1762507451,https://store.steampowered.com/app/1527950
1190000,Car Mechanic Simulator 2021,False,2021-08-11T04:00:00.000Z,False,2189484,24.99,29406335,96,AA,PlayWay S.A.,Red Dot Games,https://shared.akamai.steamstatic.com/store_item_assets/steam/apps/1190000/header.jpg?t=1762157716,https://store.steampowered.com/app/1190000
1206560,WorldBox - God Simulator,False,2021-12-02T05:00:00.000Z,True,1787747,19.99,28831330,95,Indie,Maxim Karpenko,Maxim Karpenko,https://shared.akamai.steamstatic.com/store_item_assets/steam/apps/1206560/header.jpg?t=1727687171,https://store.steampowered.com/app/1206560
1435790,Escape Simulator,False,2021-10-19T04:00:00.000Z,False,2536201,19.99,27388082,94,Indie,Pine Studio,Pine Studio,https://shared.akamai.steamstatic.com/store_item_assets/steam/apps/1435790/79b4fbe45f663c7f576db5a3614e392a36d1f61b/header_alt_assets_20.jpg?t=1763556252,https://store.steampowered.com/app/1435790
1274570,DEVOUR,False,2021-01-28T05:00:00.000Z,False,6685926,9.99,27273357,91,Indie,Straight Back Games,Straight Back Games,https://shared.akamai.steamstatic.com/store_item_assets/steam/apps/1274570/9e87b6a67f6c72fc7a29cb91a36d901b5be45c3d/header_alt_assets_4.jpg?t=1760547195,https://store.steampowered.com/app/1274570
1252330,DEATHLOOP,False,2021-09-13T04:00:00.000Z,False,1251730,59.99,27164747,76,AAA,Bethesda Softworks,Arkane Studios,https://shared.akamai.steamstatic.com/store_item_assets/steam/apps/1252330/header.jpg?t=1750785409,https://store.steampowered.com/app/1252330
1533390,Gorilla Tag,False,2021-02-12T05:00:00.000Z,False,1445209,19.99,26760375,91,Indie,Another Axiom Inc.,Another Axiom Inc.,https://shared.akamai.steamstatic.com/store_item_assets/steam/apps/1533390/header.jpg?t=1715638911,https://store.steampowered.com/app/1533390
860510,Little Nightmares II,False,2021-02-10T05:00:00.000Z,False,2391764,29.99,26644467,93,AA,BANDAI NAMCO Entertainment,Tarsier Studios,https://shared.akamai.steamstatic.com/store_item_assets/steam/apps/860510/header.jpg?t=1730127763,https://store.steampowered.com/app/860510
1088850,Marvel's Guardians of the Galaxy,False,2021-10-26T04:00:00.000Z,False,1320319,59.99,26459924,94,AA,Eidos Interactive Corp.,Eidos-Montréal,https://shared.akamai.steamstatic.com/store_item_assets/steam/apps/1088850/header.jpg?t=1762805837,https://store.steampowered.com/app/1088850
1113560,NieR Replicant™ ver.1.22474487139...,False,2021-04-23T04:00:00.000Z,False,860788,59.99,25813772,88,AA,Square Enix,"Square Enix,Toylogic Inc.",https://shared.akamai.steamstatic.com/store_item_assets/steam/apps/1113560/header.jpg?t=1758094186,https://store.steampowered.com/app/1113560
747660,Five Nights at Freddy's: Security Breach,False,2021-12-16T05:00:00.000Z,False,963993,39.99,25448081,86,Indie,ScottGames,Steel Wool Studios,https://shared.akamai.steamstatic.com/store_item_assets/steam/apps/747660/header.jpg?t=1686587905,https://store.steampowered.com/app/747660
1124300,HUMANKIND™,False,2021-08-17T04:00:00.000Z,False,1279446,49.99,25131458,69,AA,AMPLITUDE Studios,AMPLITUDE Studios,https://shared.akamai.steamstatic.com/store_item_assets/steam/apps/1124300/header.jpg?t=1762446618,https://store.steampowered.com/app/1124300
1119730,"Ranch Simulator: Build, Hunt, Farm",False,2021-03-04T05:00:00.000Z,False,2264486,24.99,23475972,80,Indie,Excalibur Games,Toxic Dog,https://shared.akamai.steamstatic.com/store_item_assets/steam/apps/1119730/header.jpg?t=1743433526,https://store.steampowered.com/app/1119730
1382330,Persona® 5 Strikers,False,2021-02-22T05:00:00.000Z,False,831902,59.99,22520667,88,AAA,SEGA,ATLUS,https://shared.akamai.steamstatic.com/store_item_assets/steam/apps/1382330/header.jpg?t=1763530465,https://store.steampowered.com/app/1382330
1371580,Myth of Empires,False,2021-11-18T05:00:00.000Z,False,1223346,29.99,22480112,68,Indie,Imperium Interactive Entertainment,Angela Game,https://shared.akamai.steamstatic.com/store_item_assets/steam/apps/1371580/header.jpg?t=1759771203,https://store.steampowered.com/app/1371580
930210,HuniePop 2: Double Date,False,2021-02-08T05:00:00.000Z,False,1306576,19.99,22300854,91,Indie,HuniePot,HuniePot,https://shared.akamai.steamstatic.com/store_item_assets/steam/apps/930210/header.jpg?t=1667495159,https://store.steampowered.com/app/930210
1721470,Poppy Playtime,False,2021-10-12T04:00:00.000Z,False,6560388,0,22282141,85,Indie,Mob Entertainment,Mob Entertainment,https://shared.akamai.steamstatic.com/store_item_assets/steam/apps/1721470/header.jpg?t=1755873139,https://store.steampowered.com/app/1721470
775500,SCARLET NEXUS,False,2021-06-24T04:00:00.000Z,False,742651,79.99,22126425,81,AA,BANDAI NAMCO Entertainment,BANDAI NAMCO Studios Inc.,https://shared.akamai.steamstatic.com/store_item_assets/steam/apps/775500/header.jpg?t=1703662938,https://store.steampowered.com/app/775500
1210320,Potion Craft: Alchemist Simulator,False,2021-09-21T04:00:00.000Z,False,2345686,19.99,21721746,93,AA,tinyBuild,niceplay games,https://shared.akamai.steamstatic.com/store_item_assets/steam/apps/1210320/header.jpg?t=1762335990,https://store.steampowered.com/app/1210320
997010,Police Simulator: Patrol Officers,False,2021-06-17T04:00:00.000Z,False,994117,29.99,21010796,77,AA,astragon Entertainment,Aesir Interactive,https://shared.akamai.steamstatic.com/store_item_assets/steam/apps/997010/b3478f83835b22fc91aae454f7e5118455e732a8/header_alt_assets_3.jpg?t=1763649966,https://store.steampowered.com/app/997010
1178830,Bright Memory: Infinite,False,2021-11-11T05:00:00.000Z,False,1819588,19.99,20787885,92,Indie,"FYQD-Studio,PLAYISM",FYQD-Studio,https://shared.akamai.steamstatic.com/store_item_assets/steam/apps/1178830/header.jpg?t=1734415707,https://store.steampowered.com/app/1178830
858820,Tribes of Midgard,False,2021-07-27T04:00:00.000Z,False,2321422,19.99,20677914,77,AA,Gearbox Publishing,Norsfell,https://shared.akamai.steamstatic.com/store_item_assets/steam/apps/858820/header.jpg?t=1754417121,https://store.steampowered.com/app/858820
1135690,Unpacking,False,2021-11-01T04:00:00.000Z,False,1520066,19.99,19979577,93,AA,Humble Games,Witch Beam,https://shared.akamai.steamstatic.com/store_item_assets/steam/apps/1135690/header.jpg?t=1758154062,https://store.steampowered.com/app/1135690
1149620,Gas Station Simulator,False,2021-09-15T04:00:00.000Z,False,1452098,19.99,19559922,88,Indie,"DRAGO entertainment,HeartBeat Games,Shochiku",DRAGO entertainment,https://shared.akamai.steamstatic.com/store_item_assets/steam/apps/1149620/ba073f748dc99c26ea9bf8e2eacda8ef449802a2/header.jpg?t=1762429261,https://store.steampowered.com/app/1149620
780310,The Riftbreaker,False,2021-10-14T04:00:00.000Z,False,1187203,29.99,19293219,91,Indie,"EXOR Studios,Surefire.Games",EXOR Studios,https://shared.akamai.steamstatic.com/store_item_assets/steam/apps/780310/3f5251539a56b6a2ceb79d96657ce5bc2e09e8c5/header_alt_assets_6.jpg?t=1764008301,https://store.steampowered.com/app/780310
1432860,Sun Haven,False,2021-06-25T04:00:00.000Z,False,1098868,24.99,18606722,81,Indie,Pixel Sprout Studios,Pixel Sprout Studios,https://shared.akamai.steamstatic.com/store_item_assets/steam/apps/1432860/header.jpg?t=1741982676,https://store.steampowered.com/app/1432860
1677740,Stumble Guys,False,2021-10-07T04:00:00.000Z,False,14082478,0,17635415,85,Indie,Scopely,Scopely,https://shared.akamai.steamstatic.com/store_item_assets/steam/apps/1677740/header.jpg?t=1755116858,https://store.steampowered.com/app/1677740
1490890,Demon Slayer -Kimetsu no Yaiba- The Hinokami Chronicles,False,2021-10-15T04:00:00.000Z,False,544122,59.99,17588167,87,AAA,SEGA,CyberConnect2,https://shared.akamai.steamstatic.com/store_item_assets/steam/apps/1490890/header.jpg?t=1762753763,https://store.steampowered.com/app/1490890
1338770,Sniper Ghost Warrior Contracts 2,False,2021-06-04T04:00:00.000Z,False,1242873,39.99,17073653,84,AA,CI Games,CI Games,https://shared.akamai.steamstatic.com/store_item_assets/steam/apps/1338770/header.jpg?t=1747413239,https://store.steampowered.com/app/1338770
1522820,Orcs Must Die! 3,False,2021-07-23T04:00:00.000Z,False,1401241,29.99,16412709,86,Indie,Robot Entertainment,Robot Entertainment,https://shared.akamai.steamstatic.com/store_item_assets/steam/apps/1522820/header.jpg?t=1726499308,https://store.steampowered.com/app/1522820
1029780,Going Medieval,False,2021-06-01T04:00:00.000Z,True,878738,24.99,16263219,90,Indie,Mythwright,Foxy Voxel,https://shared.akamai.steamstatic.com/store_item_assets/steam/apps/1029780/e2cae122ca4663db2108808148d2793eef2f3e0f/header.jpg?t=1762350361,https://store.steampowered.com/app/1029780
1549970,Aliens: Fireteam Elite,False,2021-08-23T04:00:00.000Z,False,1220161,29.99,15936641,80,Indie,"Cold Iron Studios,Focus Entertainment",Cold Iron Studios,https://shared.akamai.steamstatic.com/store_item_assets/steam/apps/1549970/header.jpg?t=1727102951,https://store.steampowered.com/app/1549970
1243830,Overcooked! All You Can Eat,False,2021-03-23T04:00:00.000Z,False,866701,39.99,15661140,73,Indie,Team17 Digital,"Team17 Digital,Ghost Town Games",https://shared.akamai.steamstatic.com/store_item_assets/steam/apps/1243830/header.jpg?t=1763038379,https://store.steampowered.com/app/1243830
1277400,Monster Hunter Stories 2: Wings of Ruin,False,2021-07-08T04:00:00.000Z,False,632310,39.99,15276735,82,AAA,"CAPCOM Co., Ltd.","CAPCOM Co., Ltd.",https://shared.akamai.steamstatic.com/store_item_assets/steam/apps/1277400/header.jpg?t=1764119977,https://store.steampowered.com/app/1277400
1455840,Dorfromantik,False,2021-03-25T04:00:00.000Z,False,1621191,13.99,14803704,96,Indie,Toukana Interactive,Toukana Interactive,https://shared.akamai.steamstatic.com/store_item_assets/steam/apps/1455840/header.jpg?t=1757156650,https://store.steampowered.com/app/1455840
400750,Call to Arms - Gates of Hell: Ostfront,False,2021-06-11T04:00:00.000Z,False,1107178,34.99,14683995,84,Indie,Digitalmindsoft,"Barbedwire Studios,Digitalmindsoft",https://shared.akamai.steamstatic.com/store_item_assets/steam/apps/400750/dbbd1ee41869ac2bae52511ab9d171e1aba441e4/header.jpg?t=1755264722,https://store.steampowered.com/app/400750
1180320, War of the Three Kingdoms,False,2021-12-17T05:00:00.000Z,False,1819845,0,14591604,10,Indie,杭州游卡网络技术有限公司,杭州游卡网络技术有限公司,https://shared.akamai.steamstatic.com/store_item_assets/steam/apps/1180320/755fc1e2930bfe710310b1c3729be56e2b093ff6/header.jpg?t=1758680497,https://store.steampowered.com/app/1180320
629820,Maneater,False,2021-05-25T04:00:00.000Z,False,854388,39.99,14355636,89,AA,Tripwire Interactive,Tripwire Interactive,https://shared.akamai.steamstatic.com/store_item_assets/steam/apps/629820/header.jpg?t=1744396107,https://store.steampowered.com/app/629820
597820,BIOMUTANT,False,2021-05-25T04:00:00.000Z,False,739581,39.99,13598158,66,AA,THQ Nordic,Experiment 101,https://shared.akamai.steamstatic.com/store_item_assets/steam/apps/597820/header.jpg?t=1696421418,https://store.steampowered.com/app/597820
1509960,PICO PARK,False,2021-05-07T04:00:00.000Z,False,3928276,4.99,13543746,91,Indie,TECOPARK,TECOPARK,https://shared.akamai.steamstatic.com/store_item_assets/steam/apps/1509960/header.jpg?t=1740033204,https://store.steampowered.com/app/1509960
1343370,Old School RuneScape,False,2021-02-24T05:00:00.000Z,False,2168090,0,13522459,83,AA,Jagex Ltd,Jagex Ltd,https://shared.akamai.steamstatic.com/store_item_assets/steam/apps/1343370/header.jpg?t=1702553709,https://store.steampowered.com/app/1343370
979690,The Ascent,False,2021-07-29T04:00:00.000Z,False,1101890,29.99,13484359,74,AA,Curve Games,Neon Giant,https://shared.akamai.steamstatic.com/store_item_assets/steam/apps/979690/header.jpg?t=1753976454,https://store.steampowered.com/app/979690
1369630,ENDER LILIES: Quietus of the Knights,False,2021-01-20T05:00:00.000Z,False,1136264,24.99,13147306,94,Indie,Binary Haze Interactive,"Live Wire,Adglobe",https://shared.akamai.steamstatic.com/store_item_assets/steam/apps/1369630/header.jpg?t=1713433509,https://store.steampowered.com/app/1369630
1520470,Soul Dossier,False,2021-03-01T05:00:00.000Z,False,2224335,0,13125671,82,Indie,（Hong Kong）GKD,（Hong Kong）GKD,https://shared.akamai.steamstatic.com/store_item_assets/steam/apps/1520470/header.jpg?t=1754907531,https://store.steampowered.com/app/1520470
885970,Total War: ROME REMASTERED,False,2021-04-29T04:00:00.000Z,False,724393,29.99,13077719,77,AAA,SEGA,"Creative Assembly,Feral Interactive",https://shared.akamai.steamstatic.com/store_item_assets/steam/apps/885970/header.jpg?t=1763643817,https://store.steampowered.com/app/885970
1282730,Loop Hero,False,2021-03-04T05:00:00.000Z,False,1920117,14.99,12895764,93,AA,Devolver Digital,Four Quarters,https://shared.akamai.steamstatic.com/store_item_assets/steam/apps/1282730/header.jpg?t=1751489185,https://store.steampowered.com/app/1282730
1034140,Subverse,False,2021-03-26T04:00:00.000Z,False,598703,39.99,12839460,68,Indie,Streembit Ltd,Studio FOW Interactive,https://shared.akamai.steamstatic.com/store_item_assets/steam/apps/1034140/header.jpg?t=1744328197,https://store.steampowered.com/app/1034140
1568590,Goose Goose Duck,False,2021-04-29T04:00:00.000Z,False,24672001,0,12501553,87,Indie,"Gaggle Studios, Inc.","Gaggle Studios, Inc.",https://shared.akamai.steamstatic.com/store_item_assets/steam/apps/1568590/header.jpg?t=1750955551,https://store.steampowered.com/app/1568590
784080,MechWarrior 5: Mercenaries,False,2021-05-26T04:00:00.000Z,False,664934,29.99,12102178,85,Indie,Piranha Games Inc.,Piranha Games Inc.,https://shared.akamai.steamstatic.com/store_item_assets/steam/apps/784080/header.jpg?t=1760037118,https://store.steampowered.com/app/784080
1128920,EVERSPACE™ 2,False,2021-01-18T05:00:00.000Z,False,428840,49.99,12045943,87,Indie,ROCKFISH Games,ROCKFISH Games,https://shared.akamai.steamstatic.com/store_item_assets/steam/apps/1128920/header.jpg?t=1762910350,https://store.steampowered.com/app/1128920
694280,Zombie Army 4: Dead War,False,2021-02-18T05:00:00.000Z,False,753114,49.99,11924996,86,AA,Rebellion,Rebellion,https://shared.akamai.steamstatic.com/store_item_assets/steam/apps/694280/header.jpg?t=1734452546,https://store.steampowered.com/app/694280
1715130,Crysis Remastered,False,2021-09-17T04:00:00.000Z,False,937090,29.99,11881394,77,AA,Crytek,Crytek,https://shared.akamai.steamstatic.com/store_item_assets/steam/apps/1715130/header.jpg?t=1709651863,https://store.steampowered.com/app/1715130
1295500,"Warhammer 40,000: Battlesector",False,2021-07-22T04:00:00.000Z,False,488078,39.99,11651780,88,AA,Slitherine Ltd.,Slitherine Ltd.,https://shared.akamai.steamstatic.com/store_item_assets/steam/apps/1295500/header.jpg?t=1761212770,https://store.steampowered.com/app/1295500
1099410,A Total War Saga: TROY,False,2021-09-02T04:00:00.000Z,False,372305,39.99,11301237,72,AAA,"SEGA,Feral Interactive (Mac)","CREATIVE ASSEMBLY,Feral Interactive (Mac)",https://shared.akamai.steamstatic.com/store_item_assets/steam/apps/1099410/header.jpg?t=1763642600,https://store.steampowered.com/app/1099410
1127500,Mini Motorways,False,2021-07-20T04:00:00.000Z,False,1359185,9.99,10612881,96,Indie,Dinosaur Polo Club,Dinosaur Polo Club,https://shared.akamai.steamstatic.com/store_item_assets/steam/apps/1127500/5c0a498d224c867293c7095ed4c4682a97b61b6c/header_alt_assets_0.jpg?t=1764039984,https://store.steampowered.com/app/1127500
1335790,Operation: Tango,False,2021-06-01T04:00:00.000Z,False,907231,19.99,10390280,87,AA,"Team17,Clever Plays",Clever Plays,https://shared.akamai.steamstatic.com/store_item_assets/steam/apps/1335790/header.jpg?t=1762781027,https://store.steampowered.com/app/1335790
1003590,Tetris® Effect: Connected,False,2021-08-17T04:00:00.000Z,False,438409,39.99,10249073,95,Indie,Enhance,"Monstars Inc.,Resonair,Stage Games",https://shared.akamai.steamstatic.com/store_item_assets/steam/apps/1003590/11d98bbb08ca8e16d015ae4a40b60920ae8dbe36/header.jpg?t=1763154888,https://store.steampowered.com/app/1003590
936790,Life is Strange: True Colors,False,2021-09-09T04:00:00.000Z,False,367399,59.99,10134333,89,AA,Square Enix,Deck Nine,https://shared.akamai.steamstatic.com/store_item_assets/steam/apps/936790/header.jpg?t=1724158997,https://store.steampowered.com/app/936790
1254120,Bless Unleashed,False,2021-08-06T04:00:00.000Z,False,3055461,0,9810438,53,Indie,VALOFE,VALOFE,https://shared.akamai.steamstatic.com/store_item_assets/steam/apps/1254120/header.jpg?t=1734325138,https://store.steampowered.com/app/1254120
1372280,MELTY BLOOD: TYPE LUMINA,False,2021-09-29T04:00:00.000Z,False,388111,49.99,9740064,88,Indie,Lasengle Inc.,"FRENCH-BREAD,TYPE-MOON,Lasengle Inc.,TAMSOFT CORPORATION,GameLoop Inc.",https://shared.akamai.steamstatic.com/store_item_assets/steam/apps/1372280/header.jpg?t=1759740620,https://store.steampowered.com/app/1372280
1385380,Across the Obelisk,False,2021-04-08T04:00:00.000Z,False,714798,19.99,9653042,82,AAA,"Paradox Interactive,Paradox Arc",Dreamsite Games,https://shared.akamai.steamstatic.com/store_item_assets/steam/apps/1385380/header.jpg?t=1759926159,https://store.steampowered.com/app/1385380
700600,Evil Genius 2: World Domination,False,2021-03-30T04:00:00.000Z,False,774281,39.99,9549115,69,AA,Rebellion,Rebellion,https://shared.akamai.steamstatic.com/store_item_assets/steam/apps/700600/header.jpg?t=1734453187,https://store.steampowered.com/app/700600
1672970,Minecraft Dungeons,False,2021-09-22T04:00:00.000Z,False,650583,39.99,9536143,91,AAA,Xbox Game Studios,"Mojang Studios,‪Double Eleven",https://shared.akamai.steamstatic.com/store_item_assets/steam/apps/1672970/header.jpg?t=1717003107,https://store.steampowered.com/app/1672970
1454400,Cookie Clicker,False,2021-09-01T04:00:00.000Z,False,2857067,4.99,9348379,97,Indie,Playsaurus,"Orteil,DashNet",https://shared.akamai.steamstatic.com/store_item_assets/steam/apps/1454400/header.jpg?t=1762210027,https://store.steampowered.com/app/1454400
607080,Psychonauts 2,False,2021-08-24T04:00:00.000Z,False,452401,59.99,9270185,96,AAA,Xbox Game Studios,Double Fine Productions,https://shared.akamai.steamstatic.com/store_item_assets/steam/apps/607080/header.jpg?t=1745521663,https://store.steampowered.com/app/607080
774181,Rhythm Doctor,False,2021-02-26T05:00:00.000Z,True,774862,19.99,8964789,98,Indie,"7th Beat Games,indienova",7th Beat Games,https://shared.akamai.steamstatic.com/store_item_assets/steam/apps/774181/header.jpg?t=1763401208,https://store.steampowered.com/app/774181
1419170,My Singing Monsters,False,2021-03-24T04:00:00.000Z,False,2577794,0,8792967,94,Indie,Big Blue Bubble,Big Blue Bubble,https://shared.akamai.steamstatic.com/store_item_assets/steam/apps/1419170/1592557cf0dbd7d7ad99475440038c4adfc05a12/header_alt_assets_49.jpg?t=1763561341,https://store.steampowered.com/app/1419170
1495320,Carnal Instinct,False,2021-03-01T05:00:00.000Z,True,368188,29.99,8621483,83,Indie,Team Carnal Instinct,Team Carnal Instinct,https://shared.akamai.steamstatic.com/store_item_assets/steam/apps/1495320/header.jpg?t=1746828210,https://store.steampowered.com/app/1495320
976590,Bus Simulator 21 Next Stop,False,2021-09-07T04:00:00.000Z,False,333243,34.99,8331946,70,AA,astragon Entertainment,stillalive studios,https://shared.akamai.steamstatic.com/store_item_assets/steam/apps/976590/header.jpg?t=1756902816,https://store.steampowered.com/app/976590
491540,The Bus,False,2021-03-25T04:00:00.000Z,True,293874,39.99,8130903,73,AA,Aerosoft GmbH,TML-Studios,https://shared.akamai.steamstatic.com/store_item_assets/steam/apps/491540/header.jpg?t=1762186214,https://store.steampowered.com/app/491540
1271700,HOT WHEELS UNLEASHED™,False,2021-09-30T04:00:00.000Z,False,519338,39.99,8112358,79,AA,Milestone S.r.l.,Milestone S.r.l.,https://shared.akamai.steamstatic.com/store_item_assets/steam/apps/1271700/header.jpg?t=1725035139,https://store.steampowered.com/app/1271700
1281590,The Dark Pictures Anthology: House of Ashes,False,2021-10-21T04:00:00.000Z,False,518935,29.99,8083623,89,Indie,BANDAI NAMCO Entertainment Europe,Supermassive Games,https://shared.akamai.steamstatic.com/store_item_assets/steam/apps/1281590/header.jpg?t=1728912876,https://store.steampowered.com/app/1281590
1276790,Ruined King: A League of Legends Story™,False,2021-11-16T05:00:00.000Z,False,505256,29.99,8031138,89,Indie,Riot Forge,Airship Syndicate,https://shared.akamai.steamstatic.com/store_item_assets/steam/apps/1276790/header.jpg?t=1709574331,https://store.steampowered.com/app/1276790
1671200,Honkai Impact 3rd,False,2021-10-21T04:00:00.000Z,False,985744,0,7994352,73,Indie,COGNOSPHERE PTE. LTD.,COGNOSPHERE PTE. LTD.,https://shared.akamai.steamstatic.com/store_item_assets/steam/apps/1671200/header.jpg?t=1761192528,https://store.steampowered.com/app/1671200
1105670,The Last Spell,False,2021-06-03T04:00:00.000Z,False,502881,24.99,7747583,92,AA,"Nacon,The Arcade Crew,Gamera Games,DANGEN Entertainment",Ishtar Games,https://shared.akamai.steamstatic.com/store_item_assets/steam/apps/1105670/header.jpg?t=1763567296,https://store.steampowered.com/app/1105670
1557740,ROUNDS,False,2021-04-01T04:00:00.000Z,False,1968942,5.99,7606463,95,AA,Landfall,Landfall,https://shared.akamai.steamstatic.com/store_item_assets/steam/apps/1557740/header.jpg?t=1759328419,https://store.steampowered.com/app/1557740
1466640,Road 96 🛣️,False,2021-08-16T04:00:00.000Z,False,868687,19.96,7372676,92,AA,THQ Nordic,Digixart,https://shared.akamai.steamstatic.com/store_item_assets/steam/apps/1466640/header.jpg?t=1758625538,https://store.steampowered.com/app/1466640
1543030,Sword and Fairy 7,False,2021-10-21T04:00:00.000Z,False,511136,29.99,7307910,72,Indie,"方块游戏(CubeGame),软星科技(SoftStarlight)",软星科技(SoftStarlight),https://shared.akamai.steamstatic.com/store_item_assets/steam/apps/1543030/header.jpg?t=1752806749,https://store.steampowered.com/app/1543030
1158850,The Great Ace Attorney Chronicles,False,2021-07-26T04:00:00.000Z,False,345741,39.99,7100055,94,AAA,"CAPCOM Co., Ltd.","CAPCOM Co., Ltd.",https://shared.akamai.steamstatic.com/store_item_assets/steam/apps/1158850/header.jpg?t=1727757784,https://store.steampowered.com/app/1158850
977880,Eastward,False,2021-09-16T04:00:00.000Z,False,543937,24.99,7085472,84,AA,"Chucklefish,XD",Pixpil,https://shared.akamai.steamstatic.com/store_item_assets/steam/apps/977880/b64b640ef821adbf5fc3bd18080b22cfbed142d8/header_alt_assets_0.jpg?t=1762424415,https://store.steampowered.com/app/977880
875210,Kingdom Heroes 8,False,2021-01-12T05:00:00.000Z,False,363709,29.99,6933168,54,Indie,"USERJOY Technology Co.,Ltd.,Phoenix Game","USERJOY Technology Co.,Ltd.",https://shared.akamai.steamstatic.com/store_item_assets/steam/apps/875210/header.jpg?t=1754643933,https://store.steampowered.com/app/875210
720620,TaleSpire,False,2021-04-14T04:00:00.000Z,True,346909,24.99,6840571,91,Indie,Bouncyrock Entertainment,Bouncyrock Entertainment,https://shared.akamai.steamstatic.com/store_item_assets/steam/apps/720620/header.jpg?t=1755681128,https://store.steampowered.com/app/720620
1509510,Settlement Survival,False,2021-10-11T04:00:00.000Z,False,580804,19.99,6808323,86,AA,"Team17,Gleamer Studio",Gleamer Studio,https://shared.akamai.steamstatic.com/store_item_assets/steam/apps/1509510/header.jpg?t=1763037488,https://store.steampowered.com/app/1509510
1170950,Mortal Online 2,False,2021-11-23T05:00:00.000Z,False,227092,39.99,6497005,61,Indie,Star Vault AB,Star Vault AB,https://shared.akamai.steamstatic.com/store_item_assets/steam/apps/1170950/581fb0d75ab3584e83d7860dae92619358f7c6dc/header.jpg?t=1752693153,https://store.steampowered.com/app/1170950
1388880,Doki Doki Literature Club Plus!,False,2021-06-30T04:00:00.000Z,False,654775,14.99,6482757,97,Indie,Serenity Forge,Team Salvato,https://shared.akamai.steamstatic.com/store_item_assets/steam/apps/1388880/header.jpg?t=1755902999,https://store.steampowered.com/app/1388880
1619750,Karryn's Prison,False,2021-12-15T05:00:00.000Z,False,286671,29.99,6426246,95,Indie,Remtairy,Remtairy,https://shared.akamai.steamstatic.com/store_item_assets/steam/apps/1619750/header.jpg?t=1726338343,https://store.steampowered.com/app/1619750
1222370,Necromunda: Hired Gun,False,2021-05-31T04:00:00.000Z,False,378333,39.99,6424127,65,AAA,Focus Entertainment,Streum On Studio,https://shared.akamai.steamstatic.com/store_item_assets/steam/apps/1222370/header.jpg?t=1727865639,https://store.steampowered.com/app/1222370
1009560,The Tenants,False,2021-03-25T04:00:00.000Z,False,612460,19.99,6408854,79,AA,Frozen District,Ancient Forge,https://shared.akamai.steamstatic.com/store_item_assets/steam/apps/1009560/985ce2ca8323469e7600ffd651c2ec8b7a6bdec7/header.jpg?t=1757575310,https://store.steampowered.com/app/1009560
894020,Death's Door,False,2021-07-20T04:00:00.000Z,False,739787,19.99,6392439,93,AA,Devolver Digital,Acid Nerve,https://shared.akamai.steamstatic.com/store_item_assets/steam/apps/894020/header.jpg?t=1732729764,https://store.steampowered.com/app/894020
1157390,King Arthur: Knight's Tale,False,2021-01-26T05:00:00.000Z,False,326742,44.99,6257705,84,Indie,NeocoreGames,NeocoreGames,https://shared.akamai.steamstatic.com/store_item_assets/steam/apps/1157390/header.jpg?t=1747739790,https://store.steampowered.com/app/1157390
1140620,CosmicBreak Universal,False,2021-01-20T05:00:00.000Z,False,68671,0,6157746,57,Indie,"CyberStep, Inc.","CyberStep, Inc.",https://shared.akamai.steamstatic.com/store_item_assets/steam/apps/1140620/header.jpg?t=1756448058,https://store.steampowered.com/app/1140620
1257290,Atelier Ryza 2: Lost Legends & the Secret Fairy,False,2021-01-25T05:00:00.000Z,False,189620,59.99,5989643,90,AA,"KOEI TECMO GAMES CO., LTD.","KOEI TECMO GAMES CO., LTD.",https://shared.akamai.steamstatic.com/store_item_assets/steam/apps/1257290/header.jpg?t=1760597124,https://store.steampowered.com/app/1257290
1069660,Ultimate Admiral: Dreadnoughts,False,2021-12-10T05:00:00.000Z,False,211828,34.99,5950719,62,Indie,Game-Labs,Game-Labs,https://shared.akamai.steamstatic.com/store_item_assets/steam/apps/1069660/header.jpg?t=1735385538,https://store.steampowered.com/app/1069660
1426450,Age of Darkness: Final Stand,False,2021-10-07T04:00:00.000Z,False,457645,27.99,5909795,76,Indie,PlaySide,PlaySide,https://shared.akamai.steamstatic.com/store_item_assets/steam/apps/1426450/header.jpg?t=1750207098,https://store.steampowered.com/app/1426450
1737100,Treasure of Nadia,False,2021-11-16T05:00:00.000Z,False,549189,14.99,5903516,93,Indie,NLT Media,NLT Media,https://shared.akamai.steamstatic.com/store_item_assets/steam/apps/1737100/header.jpg?t=1763063402,https://store.steampowered.com/app/1737100
1414850,Nickelodeon All-Star Brawl,False,2021-10-04T04:00:00.000Z,False,423283,49.99,5419425,71,Indie,GameMill Entertainment,"Ludosity,Fair Play Labs",https://shared.akamai.steamstatic.com/store_item_assets/steam/apps/1414850/header.jpg?t=1746026335,https://store.steampowered.com/app/1414850
1259790,Puyo Puyo™ Tetris® 2,False,2021-03-23T04:00:00.000Z,False,365776,19.99,5237489,82,AAA,SEGA,SEGA,https://shared.akamai.steamstatic.com/store_item_assets/steam/apps/1259790/header.jpg?t=1763679729,https://store.steampowered.com/app/1259790
1388770,Cruelty Squad,False,2021-01-04T05:00:00.000Z,False,491046,19.99,5130790,96,Indie,Consumer Softproducts,Consumer Softproducts,https://shared.akamai.steamstatic.com/store_item_assets/steam/apps/1388770/header.jpg?t=1740330233,https://store.steampowered.com/app/1388770
898750,Super Robot Wars 30,False,2021-10-27T04:00:00.000Z,False,181489,59.99,5124980,86,AAA,Bandai Namco Entertainment,Bandai Namco Forge Digitals Inc.,https://shared.akamai.steamstatic.com/store_item_assets/steam/apps/898750/header.jpg?t=1755584808,https://store.steampowered.com/app/898750
1583320,Pro Soccer Online,False,2021-11-15T05:00:00.000Z,True,840659,4.99,5096908,82,Indie,Skywall Studios LLC,Skywall Studios LLC,https://shared.akamai.steamstatic.com/store_item_assets/steam/apps/1583320/43799f2a2b300d0be7d3977d985c31156436e674/header.jpg?t=1752429316,https://store.steampowered.com/app/1583320
1239020,TOGETHER BnB,False,2021-04-09T04:00:00.000Z,True,461117,17.99,5042412,59,Indie,AURORA Games,AURORA Games,https://shared.akamai.steamstatic.com/store_item_assets/steam/apps/1239020/header.jpg?t=1759242966,https://store.steampowered.com/app/1239020
1137300,Sherlock Holmes Chapter One,False,2021-11-15T05:00:00.000Z,False,361120,44.99,5030160,78,Indie,Frogwares,Frogwares,https://shared.akamai.steamstatic.com/store_item_assets/steam/apps/1137300/header.jpg?t=1758522920,https://store.steampowered.com/app/1137300
1413480,Shin Megami Tensei III Nocturne HD Remaster,False,2021-05-20T04:00:00.000Z,False,228103,49.99,5011047,87,AAA,SEGA,ATLUS,https://shared.akamai.steamstatic.com/store_item_assets/steam/apps/1413480/header.jpg?t=1763531118,https://store.steampowered.com/app/1413480
1434950,HighFleet,False,2021-07-27T04:00:00.000Z,False,262759,29.99,4957473,88,Indie,MicroProse Software,Konstantin Koshutin,https://shared.akamai.steamstatic.com/store_item_assets/steam/apps/1434950/header.jpg?t=1754973697,https://store.steampowered.com/app/1434950
1674170,Sprocket,False,2021-08-26T04:00:00.000Z,True,300673,19.99,4951257,93,Indie,Hamish Dunn,Hamish Dunn,https://shared.akamai.steamstatic.com/store_item_assets/steam/apps/1674170/header.jpg?t=1632163787,https://store.steampowered.com/app/1674170
872200,Rogue Company,False,2021-07-20T04:00:00.000Z,False,2903381,0,4920623,74,AA,Hi-Rez Studios,First Watch Games,https://shared.akamai.steamstatic.com/store_item_assets/steam/apps/872200/header.jpg?t=1702321005,https://store.steampowered.com/app/872200
1342330,Mad Games Tycoon 2,False,2021-01-21T05:00:00.000Z,False,268457,24.99,4857925,94,Indie,Eggcode,Eggcode,https://shared.akamai.steamstatic.com/store_item_assets/steam/apps/1342330/header.jpg?t=1740737900,https://store.steampowered.com/app/1342330
1288310,Firework,False,2021-02-03T05:00:00.000Z,False,1003249,9.99,4789104,98,AA,Gamirror Games,Shiying Studio,https://shared.akamai.steamstatic.com/store_item_assets/steam/apps/1288310/header.jpg?t=1751067221,https://store.steampowered.com/app/1288310
1110910,Mortal Shell,False,2021-08-18T04:00:00.000Z,False,634982,29.99,4776300,68,AA,Playstack,Cold Symmetry,https://shared.akamai.steamstatic.com/store_item_assets/steam/apps/1110910/header.jpg?t=1757606520,https://store.steampowered.com/app/1110910
1696810,Railroads Online,False,2021-10-01T04:00:00.000Z,False,170348,29.99,4771463,76,AA,astragon Entertainment,Stefan Kelnberger,https://shared.akamai.steamstatic.com/store_item_assets/steam/apps/1696810/header.jpg?t=1754385377,https://store.steampowered.com/app/1696810
1369670,Motor Town: Behind The Wheel,False,2021-12-17T05:00:00.000Z,True,289593,19.99,4748897,94,Indie,P3 Games,P3 Games,https://shared.akamai.steamstatic.com/store_item_assets/steam/apps/1369670/header.jpg?t=1743269133,https://store.steampowered.com/app/1369670
1607130,Lust Theory - Season 1,False,2021-08-06T04:00:00.000Z,False,465565,17.99,4724651,89,Indie,Inceton Games,Inceton Games,https://shared.akamai.steamstatic.com/store_item_assets/steam/apps/1607130/1e3b5203ff49165f0033b58200821864f2fcb042/header.jpg?t=1760530583,https://store.steampowered.com/app/1607130
1000360,Hellish Quart,False,2021-02-16T05:00:00.000Z,True,402121,17.99,4720508,90,Indie,Kubold,Kubold,https://shared.akamai.steamstatic.com/store_item_assets/steam/apps/1000360/header.jpg?t=1763119384,https://store.steampowered.com/app/1000360
1404850,Luck be a Landlord,False,2021-01-08T05:00:00.000Z,False,785379,9.99,4688188,93,Indie,TrampolineTales,TrampolineTales,https://shared.akamai.steamstatic.com/store_item_assets/steam/apps/1404850/header.jpg?t=1761934610,https://store.steampowered.com/app/1404850
1424330,Wobbledogs,False,2021-01-28T05:00:00.000Z,False,401902,19.99,4649066,98,AA,Secret Mode,Animal Uprising,https://shared.akamai.steamstatic.com/store_item_assets/steam/apps/1424330/header.jpg?t=1763465016,https://store.steampowered.com/app/1424330
1525700,Tavern Master,False,2021-11-16T05:00:00.000Z,False,701990,14.99,4641814,92,Indie,Untitled Studio,Untitled Studio,https://shared.akamai.steamstatic.com/store_item_assets/steam/apps/1525700/header.jpg?t=1760183607,https://store.steampowered.com/app/1525700
973810,Journey To The Savage Planet,False,2021-01-28T05:00:00.000Z,False,514054,29.99,4621639,87,AA,505 Games,Typhoon,https://shared.akamai.steamstatic.com/store_item_assets/steam/apps/973810/header.jpg?t=1723047768,https://store.steampowered.com/app/973810
761830,Mr. Prepper,False,2021-03-18T04:00:00.000Z,False,487553,19.99,4605473,80,AA,"PlayWay S.A.,Rejected Games",Rejected Games,https://shared.akamai.steamstatic.com/store_item_assets/steam/apps/761830/500622b10e11a31f4d758c9761a4feb97a1affc0/header.jpg?t=1763107731,https://store.steampowered.com/app/761830
1220140,Cartel Tycoon,False,2021-03-18T04:00:00.000Z,False,286603,29.99,4579395,76,AA,tinyBuild,Moon Moose,https://shared.akamai.steamstatic.com/store_item_assets/steam/apps/1220140/header.jpg?t=1752529981,https://store.steampowered.com/app/1220140
1827180,Toram Online,False,2021-12-19T05:00:00.000Z,False,653656,0,4552504,78,Indie,"Asobimo, Inc.","Asobimo, Inc.",https://shared.akamai.steamstatic.com/store_item_assets/steam/apps/1827180/header.jpg?t=1760496403,https://store.steampowered.com/app/1827180
1335830,Len's Island,False,2021-11-26T05:00:00.000Z,False,270388,24.99,4539844,80,Indie,"Flow Studio,Fireshine Games",Flow Studio,https://shared.akamai.steamstatic.com/store_item_assets/steam/apps/1335830/0ba673c67110e0de186ba545594f4d4009234f5a/header.jpg?t=1761732628,https://store.steampowered.com/app/1335830
1562420,FOREWARNED,False,2021-09-10T04:00:00.000Z,False,494744,12.99,4472394,91,Indie,Dreambyte Games,Dreambyte Games,https://shared.akamai.steamstatic.com/store_item_assets/steam/apps/1562420/header.jpg?t=1715262452,https://store.steampowered.com/app/1562420
1520370,Mon Bazou,False,2021-12-16T05:00:00.000Z,True,352410,15.99,4455781,97,Indie,Santa Goat,Santa Goat,https://shared.akamai.steamstatic.com/store_item_assets/steam/apps/1520370/header.jpg?t=1730218880,https://store.steampowered.com/app/1520370
1446650,BRAVELY DEFAULT II,False,2021-09-02T04:00:00.000Z,False,135414,59.99,4428963,82,AA,Square Enix,"Square Enix,Claytechworks",https://shared.akamai.steamstatic.com/store_item_assets/steam/apps/1446650/header.jpg?t=1747717277,https://store.steampowered.com/app/1446650
918570,Century: Age of Ashes,False,2021-12-02T05:00:00.000Z,False,2095544,0,4288294,74,Indie,Playwing LTD,Playwing LTD,https://shared.akamai.steamstatic.com/store_item_assets/steam/apps/918570/header.jpg?t=1734037483,https://store.steampowered.com/app/918570
1552350,The Jackbox Party Pack 8,False,2021-10-13T04:00:00.000Z,False,185176,29.99,4200155,90,AA,"Jackbox Games, Inc.","Jackbox Games, Inc.",https://shared.akamai.steamstatic.com/store_item_assets/steam/apps/1552350/header.jpg?t=1728584688,https://store.steampowered.com/app/1552350
1559390,Fate Seeker II,False,2021-11-22T05:00:00.000Z,False,442872,22.6,4165647,89,Indie,"JSL Entertainment,Phoenix Game",JSL Entertainment,https://shared.akamai.steamstatic.com/store_item_assets/steam/apps/1559390/header.jpg?t=1759215578,https://store.steampowered.com/app/1559390
1097200,Twelve Minutes,False,2021-08-19T04:00:00.000Z,False,330619,24.99,4035595,73,AA,Annapurna Interactive,Luis Antonio,https://shared.akamai.steamstatic.com/store_item_assets/steam/apps/1097200/header.jpg?t=1763720997,https://store.steampowered.com/app/1097200
1173810,FINAL FANTASY V,False,2021-11-10T05:00:00.000Z,False,287434,17.99,4021595,89,AA,Square Enix,Square Enix,https://shared.akamai.steamstatic.com/store_item_assets/steam/apps/1173810/header.jpg?t=1746071063,https://store.steampowered.com/app/1173810
1547890,Let's Build a Zoo,False,2021-11-05T04:00:00.000Z,False,388701,19.99,4000739,89,Indie,No More Robots,Springloaded,https://shared.akamai.steamstatic.com/store_item_assets/steam/apps/1547890/header.jpg?t=1755250066,https://store.steampowered.com/app/1547890
874260,The Forgotten City,False,2021-07-28T04:00:00.000Z,False,344628,24.99,3961821,96,Indie,Dear Villagers,Modern Storyteller,https://shared.akamai.steamstatic.com/store_item_assets/steam/apps/874260/header.jpg?t=1687310480,https://store.steampowered.com/app/874260
1255560,Myst,False,2021-08-26T04:00:00.000Z,False,178408,34.99,3959804,89,Indie,Cyan Worlds Inc,Cyan Worlds Inc,https://shared.akamai.steamstatic.com/store_item_assets/steam/apps/1255560/header.jpg?t=1760717221,https://store.steampowered.com/app/1255560
978300,Saints Row®: The Third™ Remastered,False,2021-05-21T04:00:00.000Z,False,281631,29.99,3946129,72,AAA,Deep Silver,"Deep Silver Volition,Sperasoft",https://shared.akamai.steamstatic.com/store_item_assets/steam/apps/978300/header.jpg?t=1725434774,https://store.steampowered.com/app/978300
1104280,The Slormancer,False,2021-04-06T04:00:00.000Z,False,318621,19.99,3936515,82,Indie,"Slormite Studios,Abiding Bridge",Slormite Studios,https://shared.akamai.steamstatic.com/store_item_assets/steam/apps/1104280/d425c51526b26037fa7e4ebfd8bb5424164e95f7/header.jpg?t=1755278434,https://store.steampowered.com/app/1104280
1173800,FINAL FANTASY IV,False,2021-09-08T04:00:00.000Z,False,275424,17.99,3878756,91,AA,Square Enix,Square Enix,https://shared.akamai.steamstatic.com/store_item_assets/steam/apps/1173800/header.jpg?t=1746071127,https://store.steampowered.com/app/1173800
488860,MADNESS: Project Nexus,False,2021-09-29T04:00:00.000Z,False,206950,24.99,3866902,97,Indie,"GIBBING TREE, LLC","GIBBING TREE, LLC",https://shared.akamai.steamstatic.com/store_item_assets/steam/apps/488860/header.jpg?t=1680568111,https://store.steampowered.com/app/488860
1477590,EZ2ON REBOOT : R,False,2021-03-17T04:00:00.000Z,False,128172,44.99,3819609,91,Indie,"Neonovice Co., Ltd.","Neonovice Co., Ltd.,SQUARE PIXELS",https://shared.akamai.steamstatic.com/store_item_assets/steam/apps/1477590/086013aa26296d382101d15acd8ec2208212ab6c/header.jpg?t=1759394987,https://store.steampowered.com/app/1477590
751630,After the Fall®,False,2021-12-09T05:00:00.000Z,False,248910,19.99,3803710,78,Indie,Vertigo Games,Vertigo Games,https://shared.akamai.steamstatic.com/store_item_assets/steam/apps/751630/header.jpg?t=1763026339,https://store.steampowered.com/app/751630
1580240,Rune Factory 4 Special,False,2021-12-07T05:00:00.000Z,False,245365,29.99,3792354,89,AA,"XSEED Games,Marvelous USA, Inc.,Marvelous Europe",Marvelous Inc.,https://shared.akamai.steamstatic.com/store_item_assets/steam/apps/1580240/header.jpg?t=1738960314,https://store.steampowered.com/app/1580240
750130,The Sinking City Remastered,False,2021-02-26T05:00:00.000Z,False,288593,39.99,3757710,76,Indie,Frogwares,Frogwares,https://shared.akamai.steamstatic.com/store_item_assets/steam/apps/750130/4fb51a8ba323000002ce2c7ffb77ed2a27aba835/header.jpg?t=1758283418,https://store.steampowered.com/app/750130
1584090,Touhou Mystia's Izakaya,False,2021-06-16T04:00:00.000Z,False,1114414,5.99,3691565,99,Indie,"二色幽紫蝶,Re零同人社","二色幽紫蝶,Re零同人社",https://shared.akamai.steamstatic.com/store_item_assets/steam/apps/1584090/header.jpg?t=1754756547,https://store.steampowered.com/app/1584090
1465070,Legendary Tales,False,2021-09-08T04:00:00.000Z,False,104915,54.99,3654961,75,Indie,Urban Wolf Games Inc.,Urban Wolf Games Inc.,https://shared.akamai.steamstatic.com/store_item_assets/steam/apps/1465070/header.jpg?t=1710443135,https://store.steampowered.com/app/1465070
1580790,NINJA GAIDEN Σ2 [NINJA GAIDEN: Master Collection],False,2021-06-09T04:00:00.000Z,False,150230,39.99,3635124,79,AA,"KOEI TECMO GAMES CO., LTD.","KOEI TECMO GAMES CO., LTD.",https://shared.akamai.steamstatic.com/store_item_assets/steam/apps/1580790/header.jpg?t=1760595578,https://store.steampowered.com/app/1580790
1088710,Yakuza 3 Remastered,False,2021-01-28T05:00:00.000Z,False,385403,19.99,3634580,81,AAA,SEGA,Ryu Ga Gotoku Studio,https://shared.akamai.steamstatic.com/store_item_assets/steam/apps/1088710/header.jpg?t=1763648860,https://store.steampowered.com/app/1088710
1173770,FINAL FANTASY,False,2021-08-12T04:00:00.000Z,False,388130,11.99,3604171,95,AA,Square Enix,Square Enix,https://shared.akamai.steamstatic.com/store_item_assets/steam/apps/1173770/header.jpg?t=1746071255,https://store.steampowered.com/app/1173770
1556200,Predator: Hunting Grounds,False,2021-04-29T04:00:00.000Z,False,247316,19.99,3569236,77,Indie,IllFonic Publishing,IllFonic,https://shared.akamai.steamstatic.com/store_item_assets/steam/apps/1556200/header.jpg?t=1755628763,https://store.steampowered.com/app/1556200
1462810,WRC 10 FIA World Rally Championship,False,2021-09-02T04:00:00.000Z,False,208344,49.99,3490678,72,AA,Nacon,KT Racing,https://shared.akamai.steamstatic.com/store_item_assets/steam/apps/1462810/header.jpg?t=1725353913,https://store.steampowered.com/app/1462810
1265820,Fights in Tight Spaces,False,2021-02-24T05:00:00.000Z,False,269431,24.99,3464811,90,Indie,Reforged Studios,Ground Shatter,https://shared.akamai.steamstatic.com/store_item_assets/steam/apps/1265820/header.jpg?t=1762270192,https://store.steampowered.com/app/1265820
1618540,Ghost Exorcism INC.,False,2021-07-15T04:00:00.000Z,True,281400,11.99,3457949,76,Indie,StudioGoupil,StudioGoupil,https://shared.akamai.steamstatic.com/store_item_assets/steam/apps/1618540/header.jpg?t=1688739359,https://store.steampowered.com/app/1618540
1358140,Cooking Simulator VR,False,2021-07-29T04:00:00.000Z,False,200782,19.99,3457449,78,Indie,Big Cheese Studio,Big Cheese Studio,https://shared.akamai.steamstatic.com/store_item_assets/steam/apps/1358140/6dec8df5e5b1ba54acbb27f132816e542880839e/header.jpg?t=1762260953,https://store.steampowered.com/app/1358140
1283410,Tails of Iron,False,2021-09-17T04:00:00.000Z,False,419193,24.99,3451197,88,Indie,United Label,Odd Bug Studio,https://shared.akamai.steamstatic.com/store_item_assets/steam/apps/1283410/header.jpg?t=1737877432,https://store.steampowered.com/app/1283410
1134100,Frozenheim,False,2021-05-20T04:00:00.000Z,False,324177,19.99,3440631,70,Indie,"Untold Tales,Hyperstrange,Gamersky Games",Paranoid Interactive,https://shared.akamai.steamstatic.com/store_item_assets/steam/apps/1134100/header.jpg?t=1763928485,https://store.steampowered.com/app/1134100
1489630,Carrier Command 2,False,2021-08-10T00:00:00.000Z,False,153807,29.99,3429868,81,Indie,MicroProse Software,Geometa,https://shared.akamai.steamstatic.com/store_item_assets/steam/apps/1489630/header.jpg?t=1731388211,https://store.steampowered.com/app/1489630
1682970,Uncrashed : FPV Drone Simulator,False,2021-09-01T04:00:00.000Z,False,305320,14.99,3411948,95,Indie,Louis Rochette,Louis Rochette,https://shared.akamai.steamstatic.com/store_item_assets/steam/apps/1682970/header.jpg?t=1744907113,https://store.steampowered.com/app/1682970
785770,Emergency Call 112 – The Fire Fighting Simulation 2,False,2021-03-18T04:00:00.000Z,False,140077,29.99,3391258,61,AA,Aerosoft GmbH,Crenetic,https://shared.akamai.steamstatic.com/store_item_assets/steam/apps/785770/e99c0173ed59e869d715dcf03cfddf69fa1dc17c/header.jpg?t=1759396796,https://store.steampowered.com/app/785770
1173790,FINAL FANTASY III,False,2021-08-12T04:00:00.000Z,False,241284,17.99,3389390,93,AA,Square Enix,Square Enix,https://shared.akamai.steamstatic.com/store_item_assets/steam/apps/1173790/header.jpg?t=1746071169,https://store.steampowered.com/app/1173790
1227280,Despot's Game: Dystopian Battle Simulator,False,2021-10-14T04:00:00.000Z,False,327741,19.99,3387771,84,AA,tinyBuild,Konfa Games,https://shared.akamai.steamstatic.com/store_item_assets/steam/apps/1227280/header.jpg?t=1757532001,https://store.steampowered.com/app/1227280
1730910,Hero Road Online ,False,2021-10-14T04:00:00.000Z,False,12080,0,3387466,62,Indie,Luckycat Studio,Luckycat Studio,https://shared.akamai.steamstatic.com/store_item_assets/steam/apps/1730910/header.jpg?t=1754462105,https://store.steampowered.com/app/1730910
1580780,NINJA GAIDEN Σ [NINJA GAIDEN: Master Collection],False,2021-06-09T04:00:00.000Z,False,137495,39.99,3385641,83,AA,"KOEI TECMO GAMES CO., LTD.","KOEI TECMO GAMES CO., LTD.",https://shared.akamai.steamstatic.com/store_item_assets/steam/apps/1580780/header.jpg?t=1760595484,https://store.steampowered.com/app/1580780
1388590,Yakuza 6: The Song of Life,False,2021-03-25T04:00:00.000Z,False,334828,19.99,3346470,93,AAA,SEGA,Ryu Ga Gotoku Studio,https://shared.akamai.steamstatic.com/store_item_assets/steam/apps/1388590/header.jpg?t=1763648657,https://store.steampowered.com/app/1388590
1138850,Heavenly Bodies,False,2021-12-07T05:00:00.000Z,False,258109,19.99,3333901,95,Indie,"2pt Interactive,Team17",2pt Interactive,https://shared.akamai.steamstatic.com/store_item_assets/steam/apps/1138850/header.jpg?t=1763979636,https://store.steampowered.com/app/1138850
1571340,VR HOT,False,2021-05-06T04:00:00.000Z,True,94994,44.99,3279857,64,Indie,VR HOT,VR HOT,https://shared.akamai.steamstatic.com/store_item_assets/steam/apps/1571340/a59d757cd5062c99b3cc50a99f591d7a7c6f5435/header.jpg?t=1760453995,https://store.steampowered.com/app/1571340
1293160,The Medium,False,2021-01-01T05:00:00.000Z,False,117245,49.99,3252296,89,Indie,"Bloober Team SA,NA PUBLISHING INC.",Bloober Team,https://shared.akamai.steamstatic.com/store_item_assets/steam/apps/1293160/header.jpg?t=1761589983,https://store.steampowered.com/app/1293160
1220010,Home Behind 2,False,2021-01-21T05:00:00.000Z,False,330922,19.99,3217738,87,Indie,Spiral Up Games,TPP Studio,https://shared.akamai.steamstatic.com/store_item_assets/steam/apps/1220010/header.jpg?t=1749023322,https://store.steampowered.com/app/1220010
1421250,Tiny Bunny,False,2021-04-16T04:00:00.000Z,True,406434,10.99,3197117,96,Indie,"Saikono,Game Art Pioneers","Saikono,Sokarev",https://shared.akamai.steamstatic.com/store_item_assets/steam/apps/1421250/header.jpg?t=1762968763,https://store.steampowered.com/app/1421250
1573360,Infinity Kingdom,False,2021-07-01T04:00:00.000Z,False,62084,0,3181970,57,Indie,YOUZU (SINGAPORE) PTE. LTD.,YOUZU (SINGAPORE) PTE. LTD.,https://shared.akamai.steamstatic.com/store_item_assets/steam/apps/1573360/header.jpg?t=1761837583,https://store.steampowered.com/app/1573360
1444480,Turing Complete,False,2021-10-02T04:00:00.000Z,True,208450,19.99,3165674,96,Indie,LevelHead,LevelHead,https://shared.akamai.steamstatic.com/store_item_assets/steam/apps/1444480/header.jpg?t=1740369335,https://store.steampowered.com/app/1444480
1732190,FATAL FRAME / PROJECT ZERO: Maiden of Black Water,False,2021-10-27T04:00:00.000Z,False,121487,39.99,3159875,82,AA,"KOEI TECMO GAMES CO., LTD.","KOEI TECMO GAMES CO., LTD.",https://shared.akamai.steamstatic.com/store_item_assets/steam/apps/1732190/header.jpg?t=1760598282,https://store.steampowered.com/app/1732190
1330460,Becastled,False,2021-02-08T05:00:00.000Z,False,269041,19.99,3086785,83,Indie,"Mana Potion Studios,Pingle Studio Ltd",Mana Potion Studios,https://shared.akamai.steamstatic.com/store_item_assets/steam/apps/1330460/4f3d9d5e5ed0ad49e3d842b39822b50ac1ca8874/header.jpg?t=1761215798,https://store.steampowered.com/app/1330460
1520500,Succubus Cafe,False,2021-05-13T04:00:00.000Z,False,158005,29.99,3067301,89,Indie,MIGI STUDIO,MIGI STUDIO,https://shared.akamai.steamstatic.com/store_item_assets/steam/apps/1520500/header.jpg?t=1724201810,https://store.steampowered.com/app/1520500
1372810,Teamfight Manager,False,2021-03-01T05:00:00.000Z,False,400233,9.99,3061712,87,Indie,Team Samoyed,Team Samoyed,https://shared.akamai.steamstatic.com/store_item_assets/steam/apps/1372810/header.jpg?t=1742638991,https://store.steampowered.com/app/1372810
757310,Sable,False,2021-09-23T04:00:00.000Z,False,257471,24.99,3050671,86,AA,Raw Fury,Shedworks,https://shared.akamai.steamstatic.com/store_item_assets/steam/apps/757310/header.jpg?t=1753980642,https://store.steampowered.com/app/757310
985830,SUCCUBUS,False,2021-10-05T04:00:00.000Z,False,264914,24.99,3026320,77,Indie,Madmind Studio,Madmind Studio,https://shared.akamai.steamstatic.com/store_item_assets/steam/apps/985830/header.jpg?t=1732656565,https://store.steampowered.com/app/985830
1571440,Lunch Lady,False,2021-04-15T04:00:00.000Z,False,827529,4.99,2977542,85,Indie,Manic Mice,Manic Mice,https://shared.akamai.steamstatic.com/store_item_assets/steam/apps/1571440/header.jpg?t=1743384989,https://store.steampowered.com/app/1571440
1330000,Stolen Realm,False,2021-10-14T04:00:00.000Z,False,221348,19.99,2954662,85,Indie,Burst2Flame Entertainment,Burst2Flame Entertainment,https://shared.akamai.steamstatic.com/store_item_assets/steam/apps/1330000/header.jpg?t=1750178240,https://store.steampowered.com/app/1330000
1124180,Rail Route,False,2021-06-23T04:00:00.000Z,False,196199,24.99,2951000,89,Indie,Bitrich.info,Bitrich.info,https://shared.akamai.steamstatic.com/store_item_assets/steam/apps/1124180/3fad207a2ad93033c259343d22531a8e22ddc45d/header.jpg?t=1747404653,https://store.steampowered.com/app/1124180
1342260,SAMURAI SHODOWN,False,2021-06-14T04:00:00.000Z,False,137287,0,2922618,80,Indie,SNK CORPORATION,SNK CORPORATION,https://shared.akamai.steamstatic.com/store_item_assets/steam/apps/1342260/header.jpg?t=1718092533,https://store.steampowered.com/app/1342260
1538570,Patron,False,2021-08-10T04:00:00.000Z,False,383921,19.99,2916481,73,Indie,Overseer Games,Overseer Games,https://shared.akamai.steamstatic.com/store_item_assets/steam/apps/1538570/header.jpg?t=1747242345,https://store.steampowered.com/app/1538570
768520,Red Solstice 2: Survivors,False,2021-06-17T04:00:00.000Z,False,180777,14.99,2906992,70,AA,505 Games,Ironward,https://shared.akamai.steamstatic.com/store_item_assets/steam/apps/768520/header.jpg?t=1729321715,https://store.steampowered.com/app/768520
1684170,Fetish Locator Week Two,False,2021-10-25T04:00:00.000Z,False,271726,14.99,2882719,87,Indie,ViNovella Games,ViNovella Games,https://shared.akamai.steamstatic.com/store_item_assets/steam/apps/1684170/header.jpg?t=1761137496,https://store.steampowered.com/app/1684170
1480560,Lawn Mowing Simulator,False,2021-08-10T04:00:00.000Z,False,289884,19.99,2856281,71,AA,Curve Games,Skyhook Games,https://shared.akamai.steamstatic.com/store_item_assets/steam/apps/1480560/header.jpg?t=1761138497,https://store.steampowered.com/app/1480560
1280780,War on the Sea,False,2021-02-02T05:00:00.000Z,False,109653,39.99,2841707,75,Indie,Killerfish Games,Killerfish Games,https://shared.akamai.steamstatic.com/store_item_assets/steam/apps/1280780/header.jpg?t=1731023018,https://store.steampowered.com/app/1280780
1687670,LAST CLOUDIA,False,2021-08-30T04:00:00.000Z,False,50359,0,2746460,81,Indie,AIDIS Inc.,AIDIS Inc.,https://shared.akamai.steamstatic.com/store_item_assets/steam/apps/1687670/31b26c9dca819862ddebea573a524df19f90001c/header_alt_assets_15.jpg?t=1762413032,https://store.steampowered.com/app/1687670
907650,Stronghold: Warlords,False,2021-03-09T05:00:00.000Z,False,199335,39.99,2742188,65,Indie,Firefly Studios,Firefly Studios,https://shared.akamai.steamstatic.com/store_item_assets/steam/apps/907650/header.jpg?t=1758725945,https://store.steampowered.com/app/907650
1408230,Walkabout Mini Golf VR,False,2021-07-15T04:00:00.000Z,False,225052,24.99,2728488,98,Indie,Mighty Coconut,Mighty Coconut,https://shared.akamai.steamstatic.com/store_item_assets/steam/apps/1408230/41550e311799d354df465ebce3d7a0885eec4409/header.jpg?t=1760724587,https://store.steampowered.com/app/1408230
1390350,Webbed,False,2021-09-09T04:00:00.000Z,False,425251,9.99,2716858,98,Indie,Sbug Games,Sbug Games,https://shared.akamai.steamstatic.com/store_item_assets/steam/apps/1390350/header.jpg?t=1748008096,https://store.steampowered.com/app/1390350
990630,The Last Campfire,False,2021-10-07T04:00:00.000Z,False,693325,14.99,2696829,98,AA,Hello Games,Hello Games,https://shared.akamai.steamstatic.com/store_item_assets/steam/apps/990630/header.jpg?t=1725272727,https://store.steampowered.com/app/990630
1352080,SMASH LEGENDS,False,2021-03-15T04:00:00.000Z,False,963709,0,2691604,69,Indie,"5minlab Corp.,KRAFTON, Inc.",5minlab Corp.,https://shared.akamai.steamstatic.com/store_item_assets/steam/apps/1352080/c0001ab42d7b066c39d358030d89f7d0653d6dd8/header.jpg?t=1751263039,https://store.steampowered.com/app/1352080
1195290,Moncage,False,2021-11-15T05:00:00.000Z,False,322556,14.99,2675788,92,AA,XD,Optillusion,https://shared.akamai.steamstatic.com/store_item_assets/steam/apps/1195290/header.jpg?t=1729065898,https://store.steampowered.com/app/1195290
1242980,KeyWe,False,2021-08-31T04:00:00.000Z,False,257576,24.99,2661860,90,AA,Fireshine Games,Stonewheat & Sons,https://shared.akamai.steamstatic.com/store_item_assets/steam/apps/1242980/header.jpg?t=1715615079,https://store.steampowered.com/app/1242980
953880,First Class Trouble,False,2021-04-08T04:00:00.000Z,False,387858,14.99,2605534,79,Indie,Invisible Walls,Invisible Walls,https://shared.akamai.steamstatic.com/store_item_assets/steam/apps/953880/header.jpg?t=1760703740,https://store.steampowered.com/app/953880
1361320,The Room 4: Old Sins,False,2021-02-11T05:00:00.000Z,False,554962,8.99,2581574,99,Indie,Fireproof Games,Fireproof Games,https://shared.akamai.steamstatic.com/store_item_assets/steam/apps/1361320/header.jpg?t=1646758366,https://store.steampowered.com/app/1361320
1229380,Everhood,False,2021-03-04T05:00:00.000Z,False,407891,9.99,2561452,95,Indie,"Foreign Gnomes,Surefire.Games","Chris Nordgren,Jordi Roca",https://shared.akamai.steamstatic.com/store_item_assets/steam/apps/1229380/header.jpg?t=1749193112,https://store.steampowered.com/app/1229380
1035120,Lust from Beyond,False,2021-03-11T05:00:00.000Z,False,190482,19.99,2552205,81,Indie,Movie Games S.A.,Movie Games Lunarium,https://shared.akamai.steamstatic.com/store_item_assets/steam/apps/1035120/header.jpg?t=1762948124,https://store.steampowered.com/app/1035120
1306630,Lost Ruins,False,2021-05-13T04:00:00.000Z,False,251930,19.99,2539413,86,Indie,DANGEN Entertainment,ALTARI GAMES,https://shared.akamai.steamstatic.com/store_item_assets/steam/apps/1306630/header.jpg?t=1699433832,https://store.steampowered.com/app/1306630
1714040,Super Auto Pets,False,2021-09-24T04:00:00.000Z,False,3668575,0,2526823,90,Indie,Team Wood Games,Team Wood Games,https://shared.akamai.steamstatic.com/store_item_assets/steam/apps/1714040/header.jpg?t=1680944541,https://store.steampowered.com/app/1714040
1287840,Disciples: Liberation,False,2021-10-21T04:00:00.000Z,False,117819,39.99,2509539,73,AA,Kalypso Media,Frima Studio,https://shared.akamai.steamstatic.com/store_item_assets/steam/apps/1287840/header.jpg?t=1754571536,https://store.steampowered.com/app/1287840
1272160,The Life and Suffering of Sir Brante,False,2021-03-04T05:00:00.000Z,False,252117,19.99,2499719,90,Indie,101XP,"Sever,Schisma Games",https://shared.akamai.steamstatic.com/store_item_assets/steam/apps/1272160/header.jpg?t=1761753630,https://store.steampowered.com/app/1272160
1173780,FINAL FANTASY II,False,2021-07-28T04:00:00.000Z,False,269177,11.99,2496960,82,AA,Square Enix,Square Enix,https://shared.akamai.steamstatic.com/store_item_assets/steam/apps/1173780/header.jpg?t=1746071208,https://store.steampowered.com/app/1173780
1227650,Bang-On Balls: Chronicles,False,2021-03-03T05:00:00.000Z,False,185203,24.99,2473951,96,Indie,"Untold Tales,CouchPlay Interactive",Exit Plan Games,https://shared.akamai.steamstatic.com/store_item_assets/steam/apps/1227650/header.jpg?t=1763927852,https://store.steampowered.com/app/1227650
1291010,Warpips,False,2021-04-29T04:00:00.000Z,False,400454,16.99,2460225,87,AA,Daedalic Entertainment,Skirmish Mode Games,https://shared.akamai.steamstatic.com/store_item_assets/steam/apps/1291010/header.jpg?t=1736356690,https://store.steampowered.com/app/1291010
1123050,GRIME,False,2021-08-02T04:00:00.000Z,False,165469,24.99,2457150,85,Indie,Akupara Games,Clover Bite,https://shared.akamai.steamstatic.com/store_item_assets/steam/apps/1123050/header.jpg?t=1751346222,https://store.steampowered.com/app/1123050
454120,Starbase,False,2021-07-29T04:00:00.000Z,True,147675,34.99,2455457,57,Indie,Frozenbyte,Frozenbyte,https://shared.akamai.steamstatic.com/store_item_assets/steam/apps/454120/header.jpg?t=1730718967,https://store.steampowered.com/app/454120
1341200,DYNASTY WARRIORS 9 Empires,False,2021-12-22T05:00:00.000Z,False,61381,59.99,2445492,49,AA,"KOEI TECMO GAMES CO., LTD.","KOEI TECMO GAMES CO., LTD.",https://shared.akamai.steamstatic.com/store_item_assets/steam/apps/1341200/header.jpg?t=1760594251,https://store.steampowered.com/app/1341200
1484720,Dead Estate,False,2021-10-19T04:00:00.000Z,False,287548,14.99,2444899,95,Indie,2 Left Thumbs,Milkbar Lads,https://shared.akamai.steamstatic.com/store_item_assets/steam/apps/1484720/header.jpg?t=1730142843,https://store.steampowered.com/app/1484720
1521580,Perfect Heist 2,False,2021-12-10T05:00:00.000Z,False,343066,9.99,2443350,93,Indie,yeswecamp,yeswecamp,https://shared.akamai.steamstatic.com/store_item_assets/steam/apps/1521580/header.jpg?t=1710375855,https://store.steampowered.com/app/1521580
1276390,Bloons TD Battles 2,False,2021-11-30T05:00:00.000Z,False,3307794,0,2441686,84,AA,Ninja Kiwi,Ninja Kiwi,https://shared.akamai.steamstatic.com/store_item_assets/steam/apps/1276390/8722dd779e067f3a66242c5bc7dcb3081584eeda/header_alt_assets_23.jpg?t=1761834086,https://store.steampowered.com/app/1276390
1517850,Quickie: A Love Hotel Story,False,2021-12-17T05:00:00.000Z,False,172759,19.99,2435555,96,Indie,Oppai Games,Oppai Games,https://shared.akamai.steamstatic.com/store_item_assets/steam/apps/1517850/d3111d062f47743e1237f103903c3e9b6b25defa/header.jpg?t=1760590837,https://store.steampowered.com/app/1517850
1252600,ANOTHER EDEN,False,2021-03-30T04:00:00.000Z,False,135659,0,2420900,69,Indie,"WFS, Inc.","WFS, Inc.",https://shared.akamai.steamstatic.com/store_item_assets/steam/apps/1252600/header.jpg?t=1733391584,https://store.steampowered.com/app/1252600
1198090,The Legend of Heroes: Trails of Cold Steel IV,False,2021-04-09T04:00:00.000Z,False,69032,59.99,2361044,92,Indie,"NIS America, Inc.","Nihon Falcom,Engine Software BV,PH3 GmbH",https://shared.akamai.steamstatic.com/store_item_assets/steam/apps/1198090/header.jpg?t=1732664690,https://store.steampowered.com/app/1198090
1153640,Chorus,False,2021-12-03T05:00:00.000Z,False,187377,24.99,2356901,83,AAA,Deep Silver,Deep Silver Fishlabs,https://shared.akamai.steamstatic.com/store_item_assets/steam/apps/1153640/header.jpg?t=1730478689,https://store.steampowered.com/app/1153640
1105500,Yakuza 4 Remastered,False,2021-01-28T05:00:00.000Z,False,291998,19.99,2345020,91,AAA,SEGA,Ryu Ga Gotoku Studio,https://shared.akamai.steamstatic.com/store_item_assets/steam/apps/1105500/header.jpg?t=1763649116,https://store.steampowered.com/app/1105500
1515950,Capcom Arcade Stadium,False,2021-05-24T04:00:00.000Z,False,192912,59.99,2343527,55,AAA,"CAPCOM Co., Ltd.","CAPCOM Co., Ltd.",https://shared.akamai.steamstatic.com/store_item_assets/steam/apps/1515950/header.jpg?t=1739493755,https://store.steampowered.com/app/1515950
1138660,Black Book,False,2021-08-10T04:00:00.000Z,False,199450,24.99,2342297,92,AA,HypeTrain Digital,Morteshka,https://shared.akamai.steamstatic.com/store_item_assets/steam/apps/1138660/header.jpg?t=1738936551,https://store.steampowered.com/app/1138660
1205450,Turnip Boy Commits Tax Evasion,False,2021-04-22T04:00:00.000Z,False,345128,14.99,2332520,95,Indie,Graffiti Games,Snoozy Kazoo,https://shared.akamai.steamstatic.com/store_item_assets/steam/apps/1205450/header.jpg?t=1758380512,https://store.steampowered.com/app/1205450
1182110,Weed Shop 3,False,2021-04-03T04:00:00.000Z,False,137688,19.99,2304630,94,Indie,Weed Games,Weed Games,https://shared.akamai.steamstatic.com/store_item_assets/steam/apps/1182110/header.jpg?t=1711538242,https://store.steampowered.com/app/1182110
1511460,InfraSpace,False,2021-10-15T04:00:00.000Z,False,135706,24.99,2296661,80,Indie,Dionic Software,Dionic Software,https://shared.akamai.steamstatic.com/store_item_assets/steam/apps/1511460/header.jpg?t=1699364623,https://store.steampowered.com/app/1511460
1158370,Aragami 2,False,2021-09-17T04:00:00.000Z,False,138674,34.99,2274022,76,Indie,Lince Works,Lince Works,https://shared.akamai.steamstatic.com/store_item_assets/steam/apps/1158370/header.jpg?t=1728314898,https://store.steampowered.com/app/1158370
1443200,Class of '09,False,2021-06-10T04:00:00.000Z,False,297445,9.99,2260131,95,Indie,SBN3,SBN3,https://shared.akamai.steamstatic.com/store_item_assets/steam/apps/1443200/header.jpg?t=1707532149,https://store.steampowered.com/app/1443200
1105510,Yakuza 5 Remastered,False,2021-01-28T05:00:00.000Z,False,285718,19.99,2255888,89,AAA,SEGA,Ryu Ga Gotoku Studio,https://shared.akamai.steamstatic.com/store_item_assets/steam/apps/1105510/header.jpg?t=1763648749,https://store.steampowered.com/app/1105510
821880,Idol Manager,False,2021-07-26T04:00:00.000Z,False,180128,19.99,2202614,88,AA,PLAYISM,Glitch Pitch,https://shared.akamai.steamstatic.com/store_item_assets/steam/apps/821880/header.jpg?t=1734416211,https://store.steampowered.com/app/821880
648410,Colony Ship: A Post-Earth Role Playing Game,False,2021-04-06T04:00:00.000Z,False,92312,39.99,2170645,88,Indie,Iron Tower Studio,Iron Tower Studio,https://shared.akamai.steamstatic.com/store_item_assets/steam/apps/648410/header.jpg?t=1753967361,https://store.steampowered.com/app/648410
1755920,Infinite Lagrange,False,2021-10-07T04:00:00.000Z,False,73099,0,2158479,57,AA,NetEase Games,NetEase Games,https://shared.akamai.steamstatic.com/store_item_assets/steam/apps/1755920/header.jpg?t=1750065135,https://store.steampowered.com/app/1755920
1484280,Demeo,False,2021-05-06T00:00:00.000Z,False,90410,39.99,2143895,88,Indie,Resolution Games,Resolution Games,https://shared.akamai.steamstatic.com/store_item_assets/steam/apps/1484280/3686bd95b89f7c259d8ce6158e635b933a26423a/header.jpg?t=1762942884,https://store.steampowered.com/app/1484280
1118240,Lake,False,2021-09-01T04:00:00.000Z,False,198769,19.99,2125028,87,Indie,"Whitethorn Games,Gamious",Gamious,https://shared.akamai.steamstatic.com/store_item_assets/steam/apps/1118240/header.jpg?t=1757604581,https://store.steampowered.com/app/1118240
787810,Rogue Heroes: Ruins of Tasos,False,2021-02-23T05:00:00.000Z,False,298762,19.99,2115735,78,Indie,Team17 Digital,Heliocentric Studios,https://shared.akamai.steamstatic.com/store_item_assets/steam/apps/787810/header.jpg?t=1762783850,https://store.steampowered.com/app/787810
1493760,Youtubers Life 2,False,2021-10-19T04:00:00.000Z,False,110149,24.99,2086601,73,Indie,UPLAY Online,UPLAY Online,https://shared.akamai.steamstatic.com/store_item_assets/steam/apps/1493760/header.jpg?t=1747126685,https://store.steampowered.com/app/1493760
671970,Junkyard Simulator,False,2021-10-13T04:00:00.000Z,True,206819,19.99,2064695,65,AA,PlayWay S.A.,Rebelia Games,https://shared.akamai.steamstatic.com/store_item_assets/steam/apps/671970/header.jpg?t=1761549114,https://store.steampowered.com/app/671970
1386780,City of Gangsters,False,2021-08-09T04:00:00.000Z,False,170736,29.99,2016883,73,Indie,Kasedo Games,SomaSim,https://shared.akamai.steamstatic.com/store_item_assets/steam/apps/1386780/header.jpg?t=1733140127,https://store.steampowered.com/app/1386780
1462570,Lost in Random™,False,2021-09-10T04:00:00.000Z,False,229343,29.99,2009041,89,AAA,Electronic Arts,"Zoink,Thunderful",https://shared.akamai.steamstatic.com/store_item_assets/steam/apps/1462570/header.jpg?t=1662047426,https://store.steampowered.com/app/1462570
1076200,Roguebook,False,2021-06-17T04:00:00.000Z,False,198121,24.99,2004646,84,AA,Nacon,Abrakam Entertainment SA,https://shared.akamai.steamstatic.com/store_item_assets/steam/apps/1076200/header.jpg?t=1725350152,https://store.steampowered.com/app/1076200
1082430,Before Your Eyes,False,2021-04-08T04:00:00.000Z,False,436967,9.99,2004512,98,AA,Skybound Games,GoodbyeWorld Games,https://shared.akamai.steamstatic.com/store_item_assets/steam/apps/1082430/header.jpg?t=1729701897,https://store.steampowered.com/app/1082430
1458100,Cozy Grove,False,2021-04-07T04:00:00.000Z,False,273211,14.99,2001946,90,Indie,Spry Fox LLC,Spry Fox LLC,https://shared.akamai.steamstatic.com/store_item_assets/steam/apps/1458100/header.jpg?t=1678124698,https://store.steampowered.com/app/1458100
1591530,SAMURAI WARRIORS 5,False,2021-07-26T04:00:00.000Z,False,56358,59.99,1998511,82,AA,"KOEI TECMO GAMES CO., LTD.","KOEI TECMO GAMES CO., LTD.",https://shared.akamai.steamstatic.com/store_item_assets/steam/apps/1591530/header.jpg?t=1760593993,https://store.steampowered.com/app/1591530
1506830,FIFA 22,False,2021-09-30T04:00:00.000Z,False,2974375,0,1995848,81,AAA,Electronic Arts,EA Canada & EA Romania,https://shared.akamai.steamstatic.com/store_item_assets/steam/apps/1506830/header.jpg?t=1712678728,https://store.steampowered.com/app/1506830
1351630,Ys IX: Monstrum Nox,False,2021-07-06T04:00:00.000Z,False,56835,59.99,1992976,95,Indie,"NIS America, Inc.","Nihon Falcom,PH3 GmbH,Engine Software BV",https://shared.akamai.steamstatic.com/store_item_assets/steam/apps/1351630/header.jpg?t=1732665686,https://store.steampowered.com/app/1351630
1206610,Rubber Bandits,False,2021-12-02T05:00:00.000Z,False,918376,9.99,1981598,84,Indie,Flashbulb,Flashbulb,https://shared.akamai.steamstatic.com/store_item_assets/steam/apps/1206610/header.jpg?t=1728898100,https://store.steampowered.com/app/1206610
1502970,Atelier Sophie: The Alchemist of the Mysterious Book DX,False,2021-04-21T04:00:00.000Z,False,83872,39.99,1975654,90,AA,"KOEI TECMO GAMES CO., LTD.","KOEI TECMO GAMES CO., LTD.",https://shared.akamai.steamstatic.com/store_item_assets/steam/apps/1502970/header.jpg?t=1760597455,https://store.steampowered.com/app/1502970
824000,Hokko Life,False,2021-06-02T04:00:00.000Z,False,203052,19.99,1937099,67,AA,Team17,Gizmo Garden,https://shared.akamai.steamstatic.com/store_item_assets/steam/apps/824000/header.jpg?t=1763036425,https://store.steampowered.com/app/824000
1244630,House Builder,False,2021-11-11T05:00:00.000Z,False,175380,19.99,1931314,80,AA,"PlayWay S.A.,FreeMind S.A.",FreeMind S.A.,https://shared.akamai.steamstatic.com/store_item_assets/steam/apps/1244630/header.jpg?t=1763599098,https://store.steampowered.com/app/1244630
1552550,Castlevania Advance Collection,False,2021-09-23T04:00:00.000Z,False,157506,19.99,1925006,91,AAA,KONAMI,KONAMI,https://shared.akamai.steamstatic.com/store_item_assets/steam/apps/1552550/header.jpg?t=1734547063,https://store.steampowered.com/app/1552550
1098293,DOOM Eternal: The Ancient Gods - Part Two,False,2021-03-18T04:00:00.000Z,False,195650,19.99,1924123,60,AAA,Bethesda Softworks,id Software,https://shared.akamai.steamstatic.com/store_item_assets/steam/apps/1098293/header.jpg?t=1691693057,https://store.steampowered.com/app/1098293
842180,Prison Simulator,False,2021-11-04T04:00:00.000Z,False,160614,19.99,1921971,87,AA,"PlayWay S.A.,Baked Games",Baked Games,https://shared.akamai.steamstatic.com/store_item_assets/steam/apps/842180/9ded3b8dfc2039f1d63627004cda84d88d7af115/header.jpg?t=1763134122,https://store.steampowered.com/app/842180
1436990,Feign,False,2021-10-23T04:00:00.000Z,False,646281,4.99,1905502,91,Indie,"Teneke Kafalar,Kwalee",Teneke Kafalar,https://shared.akamai.steamstatic.com/store_item_assets/steam/apps/1436990/a92cedc672f3c4bf2b69562df020e9d5d5638bfa/header.jpg?t=1763845601,https://store.steampowered.com/app/1436990
841190,"Honey, I Joined a Cult",False,2021-09-14T04:00:00.000Z,False,164078,21.99,1905137,73,AA,Team17,Sole Survivor Games,https://shared.akamai.steamstatic.com/store_item_assets/steam/apps/841190/header.jpg?t=1761842030,https://store.steampowered.com/app/841190
1604000,Milk outside a bag of milk outside a bag of milk,False,2021-12-16T05:00:00.000Z,False,479878,8.99,1890448,97,Indie,Nikita Kryukov,Nikita Kryukov,https://shared.akamai.steamstatic.com/store_item_assets/steam/apps/1604000/header.jpg?t=1658165566,https://store.steampowered.com/app/1604000
1330470,F.I.S.T.: Forged In Shadow Torch,False,2021-10-02T04:00:00.000Z,False,148371,15.99,1876470,87,Indie,Astrolabe Games,TiGames,https://shared.akamai.steamstatic.com/store_item_assets/steam/apps/1330470/header.jpg?t=1750952195,https://store.steampowered.com/app/1330470
427940,Industries of Titan,False,2021-06-21T04:00:00.000Z,False,93881,29.99,1864902,63,Indie,Brace Yourself Games,Brace Yourself Games,https://shared.akamai.steamstatic.com/store_item_assets/steam/apps/427940/header.jpg?t=1738282281,https://store.steampowered.com/app/427940
1590910,Forgive Me Father,False,2021-10-26T04:00:00.000Z,False,155653,19.99,1858139,84,AA,Fulqrum Publishing,Byte Barrel,https://shared.akamai.steamstatic.com/store_item_assets/steam/apps/1590910/header.jpg?t=1760105976,https://store.steampowered.com/app/1590910
1544360,LEGO® Builder's Journey,False,2021-06-22T04:00:00.000Z,False,225396,19.99,1841891,83,Indie,LEGO® Games,Light Brick Studio,https://shared.akamai.steamstatic.com/store_item_assets/steam/apps/1544360/header.jpg?t=1726497102,https://store.steampowered.com/app/1544360
1794470,MILFs of Sunville - Season 1,False,2021-11-04T04:00:00.000Z,False,272824,9.99,1838483,90,Indie,L7team,L7team,https://shared.akamai.steamstatic.com/store_item_assets/steam/apps/1794470/fc1cf7792f593679f7f9bea3926397ef3af88ce8/header.jpg?t=1757437340,https://store.steampowered.com/app/1794470
760160,Vampire: The Masquerade - Bloodhunt,False,2021-09-07T04:00:00.000Z,False,6532555,0,1836563,76,Indie,Sharkmob AB,Sharkmob AB,https://shared.akamai.steamstatic.com/store_item_assets/steam/apps/760160/header.jpg?t=1680688641,https://store.steampowered.com/app/760160
1111460,小白兔电商~Bunny e-Shop,False,2021-11-11T05:00:00.000Z,False,301460,10.99,1835621,94,Indie,NVLMaker,"落叶岛项目组,橘子班",https://shared.akamai.steamstatic.com/store_item_assets/steam/apps/1111460/header.jpg?t=1734514284,https://store.steampowered.com/app/1111460
1293180,SuchArt: Genius Artist Simulator,False,2021-07-14T04:00:00.000Z,False,122657,24.99,1834775,97,AA,HypeTrain Digital,Goose Minded,https://shared.akamai.steamstatic.com/store_item_assets/steam/apps/1293180/header.jpg?t=1729094687,https://store.steampowered.com/app/1293180
1504500,OPUS: Echo of Starsong - Full Bloom Edition,False,2021-08-31T04:00:00.000Z,False,133721,24.99,1808329,96,Indie,SIGONO INC.,SIGONO INC.,https://shared.akamai.steamstatic.com/store_item_assets/steam/apps/1504500/header.jpg?t=1721011232,https://store.steampowered.com/app/1504500
1451480,The Greatest Penguin Heist of All Time,False,2021-07-02T04:00:00.000Z,True,178406,14.99,1803241,90,Indie,"That Fish,That Other Fish","That Fish,That Other Fish",https://shared.akamai.steamstatic.com/store_item_assets/steam/apps/1451480/header.jpg?t=1744130360,https://store.steampowered.com/app/1451480
1078760,Motorcycle Mechanic Simulator 2021,False,2021-11-17T05:00:00.000Z,False,212407,19.99,1802336,67,AA,"PlayWay S.A.,Play2Chill S.A.",Play2Chill S.A.,https://shared.akamai.steamstatic.com/store_item_assets/steam/apps/1078760/header.jpg?t=1750759002,https://store.steampowered.com/app/1078760
1131620,Dominion,False,2021-10-07T04:00:00.000Z,False,120536,0,1787522,87,Indie,Temple Gates Games,Temple Gates Games,https://shared.akamai.steamstatic.com/store_item_assets/steam/apps/1131620/header.jpg?t=1738861920,https://store.steampowered.com/app/1131620
1380420,Grow: Song of the Evertree,False,2021-11-16T05:00:00.000Z,False,136285,24.99,1771758,81,AA,505 Games,Prideful Sloth,https://shared.akamai.steamstatic.com/store_item_assets/steam/apps/1380420/header.jpg?t=1720000796,https://store.steampowered.com/app/1380420
732050,Voxel Tycoon,False,2021-04-15T04:00:00.000Z,True,90026,24.99,1759366,80,Indie,Voxel Tycoon,Voxel Tycoon,https://shared.akamai.steamstatic.com/store_item_assets/steam/apps/732050/header.jpg?t=1720810923,https://store.steampowered.com/app/732050
1191120,Growing Up,False,2021-10-13T04:00:00.000Z,False,165396,14.99,1758983,88,Indie,"Vile Monarch,Spiral Up Games",Vile Monarch,https://shared.akamai.steamstatic.com/store_item_assets/steam/apps/1191120/header.jpg?t=1749021787,https://store.steampowered.com/app/1191120
1566390,Seed of the Dead: Sweet Home,False,2021-08-27T04:00:00.000Z,False,104191,29.99,1735762,83,Indie,Eroge Japan,TeamKRAMA,https://shared.akamai.steamstatic.com/store_item_assets/steam/apps/1566390/header.jpg?t=1757831964,https://store.steampowered.com/app/1566390
1364290,Animalia Survival,False,2021-09-09T04:00:00.000Z,True,102224,19.99,1694033,63,Indie,High Brazil Studio,High Brazil Studio,https://shared.akamai.steamstatic.com/store_item_assets/steam/apps/1364290/header.jpg?t=1762864408,https://store.steampowered.com/app/1364290
1369760,NINJA GAIDEN 3: Razor's Edge [NINJA GAIDEN: Master Collection],False,2021-06-09T04:00:00.000Z,False,71850,39.99,1692681,65,AA,"KOEI TECMO GAMES CO., LTD.","KOEI TECMO GAMES CO., LTD.",https://shared.akamai.steamstatic.com/store_item_assets/steam/apps/1369760/header.jpg?t=1760595589,https://store.steampowered.com/app/1369760
1143810,Black Skylands,False,2021-07-09T04:00:00.000Z,False,155868,19.99,1690454,83,AA,tinyBuild,Hungry Couch Games,https://shared.akamai.steamstatic.com/store_item_assets/steam/apps/1143810/header.jpg?t=1763649474,https://store.steampowered.com/app/1143810
1125240,Ancient Dungeon,False,2021-11-03T04:00:00.000Z,True,107141,19.99,1682669,95,Indie,Eric Thullen,Eric Thullen,https://shared.akamai.steamstatic.com/store_item_assets/steam/apps/1125240/0b567b0ebdebded6e3b6e4304a19a9e0097b7b20/header.jpg?t=1763944192,https://store.steampowered.com/app/1125240
1481080,DRAMAtical Murder,False,2021-04-06T04:00:00.000Z,False,127797,19.99,1670598,96,Indie,JAST,Nitro+CHiRAL,https://shared.akamai.steamstatic.com/store_item_assets/steam/apps/1481080/header.jpg?t=1739481049,https://store.steampowered.com/app/1481080
1119980,In Sound Mind,False,2021-09-28T04:00:00.000Z,False,177181,34.99,1664336,95,Indie,Maximum Entertainment,We Create Stuff,https://shared.akamai.steamstatic.com/store_item_assets/steam/apps/1119980/header.jpg?t=1725488241,https://store.steampowered.com/app/1119980
941460,Death Trash,False,2021-08-05T04:00:00.000Z,True,112889,19.99,1634104,93,Indie,Crafting Legends,Crafting Legends,https://shared.akamai.steamstatic.com/store_item_assets/steam/apps/941460/header.jpg?t=1750947205,https://store.steampowered.com/app/941460
1579380,Shadow Tactics: Aiko's Choice,False,2021-12-06T05:00:00.000Z,False,215509,19.99,1619146,93,AA,Daedalic Entertainment,Mimimi Games,https://shared.akamai.steamstatic.com/store_item_assets/steam/apps/1579380/header.jpg?t=1762364896,https://store.steampowered.com/app/1579380
1694420,Card Survival: Tropical Island,False,2021-08-20T04:00:00.000Z,False,104497,24.99,1596900,95,Indie,WinterSpring Games,WinterSpring Games,https://shared.akamai.steamstatic.com/store_item_assets/steam/apps/1694420/header.jpg?t=1760288450,https://store.steampowered.com/app/1694420
855740,Bum Simulator,False,2021-08-26T04:00:00.000Z,False,198290,19.99,1586860,88,Indie,"Ragged Games,PlayWay S.A.",Ragged Games,https://shared.akamai.steamstatic.com/store_item_assets/steam/apps/855740/86f85b4baf22898a64f8cebda1b441e4ae40bb64/header.jpg?t=1759310298,https://store.steampowered.com/app/855740
1609230,Scarlet Hollow,False,2021-06-11T04:00:00.000Z,True,85615,24.99,1579009,98,Indie,Black Tabby Games,Black Tabby Games,https://shared.akamai.steamstatic.com/store_item_assets/steam/apps/1609230/d4f8fbd2a9e2dee092816572ffc1e45a30e24568/header.jpg?t=1761405253,https://store.steampowered.com/app/1609230
1472560,I Am Fish,False,2021-09-16T04:00:00.000Z,False,176131,19.99,1573764,73,AA,Curve Games,Bossa Studios,https://shared.akamai.steamstatic.com/store_item_assets/steam/apps/1472560/header.jpg?t=1757949206,https://store.steampowered.com/app/1472560
1307580,TOEM: A Photo Adventure,False,2021-09-17T04:00:00.000Z,False,212468,19.99,1562644,99,Indie,"Something We Made,popagenda",Something We Made,https://shared.akamai.steamstatic.com/store_item_assets/steam/apps/1307580/header.jpg?t=1758029984,https://store.steampowered.com/app/1307580
1043260,Gladiator Guild Manager,False,2021-10-13T04:00:00.000Z,False,224807,14.99,1562529,81,Indie,"GrabTheGames,Gamirror Games,UpgradePoint",Entertainment Forge,https://shared.akamai.steamstatic.com/store_item_assets/steam/apps/1043260/header.jpg?t=1763035762,https://store.steampowered.com/app/1043260
1367590,Tormented Souls,False,2021-08-26T04:00:00.000Z,False,224741,19.99,1523270,90,Indie,PQube,"Dual Effect,Abstract Digital",https://shared.akamai.steamstatic.com/store_item_assets/steam/apps/1367590/header.jpg?t=1751362774,https://store.steampowered.com/app/1367590
1267540,WRC 9 FIA World Rally Championship,False,2021-09-16T04:00:00.000Z,False,188890,29.99,1516502,78,AA,Nacon,KT Racing,https://shared.akamai.steamstatic.com/store_item_assets/steam/apps/1267540/header.jpg?t=1725354407,https://store.steampowered.com/app/1267540
1701380,Cricket 22,False,2021-10-22T04:00:00.000Z,False,49242,44.99,1512805,81,AA,Nacon,Big Ant Studios,https://shared.akamai.steamstatic.com/store_item_assets/steam/apps/1701380/header.jpg?t=1725870623,https://store.steampowered.com/app/1701380
1606340,Conquest of Elysium 5,False,2021-08-17T04:00:00.000Z,False,64758,29.99,1474802,90,Indie,Illwinter Game Design,Illwinter Game Design,https://shared.akamai.steamstatic.com/store_item_assets/steam/apps/1606340/header.jpg?t=1711215313,https://store.steampowered.com/app/1606340
1508570,Summer~Life in the Countryside~,False,2021-03-25T04:00:00.000Z,False,104392,18.99,1471656,72,Indie,Dieselmine,Dieselmine,https://shared.akamai.steamstatic.com/store_item_assets/steam/apps/1508570/header.jpg?t=1733273349,https://store.steampowered.com/app/1508570
1716120,Monster Rancher 1 & 2 DX,False,2021-12-08T05:00:00.000Z,False,65889,29.99,1471532,90,AA,"KOEI TECMO GAMES CO., LTD.","KOEI TECMO GAMES CO., LTD.",https://shared.akamai.steamstatic.com/store_item_assets/steam/apps/1716120/header.jpg?t=1760596170,https://store.steampowered.com/app/1716120
1802870,Secret Pie (Adult Version),False,2021-11-18T05:00:00.000Z,False,353626,5.99,1468572,85,Indie,Momentum Games,Momentum Games,https://shared.akamai.steamstatic.com/store_item_assets/steam/apps/1802870/1084dba2e3c38e7d21150ef9079865724d1b2444/header.jpg?t=1761700952,https://store.steampowered.com/app/1802870
979070,Just Die Already,False,2021-05-20T04:00:00.000Z,False,258558,14.99,1466289,82,AA,Curve Games,DoubleMoose Games,https://shared.akamai.steamstatic.com/store_item_assets/steam/apps/979070/header.jpg?t=1763638082,https://store.steampowered.com/app/979070
1073910,Before We Leave,False,2021-05-13T04:00:00.000Z,False,167507,19.99,1465723,78,AA,Team17,Balancing Monkey Games,https://shared.akamai.steamstatic.com/store_item_assets/steam/apps/1073910/header.jpg?t=1761829965,https://store.steampowered.com/app/1073910
824600,HROT,False,2021-01-29T05:00:00.000Z,False,108495,19.99,1458172,97,Indie,Spytihněv,Spytihněv,https://shared.akamai.steamstatic.com/store_item_assets/steam/apps/824600/header.jpg?t=1757584066,https://store.steampowered.com/app/824600
1471410,SYNTHETIK 2,False,2021-11-11T05:00:00.000Z,True,93539,19.99,1456942,80,Indie,Flow Fire Games,Flow Fire Games,https://shared.akamai.steamstatic.com/store_item_assets/steam/apps/1471410/7555692f29771e3b5977b48ef40a04b96aee39e6/header.jpg?t=1764006555,https://store.steampowered.com/app/1471410
1167140,Siege Survival: Gloria Victis,False,2021-05-18T04:00:00.000Z,False,158633,24.99,1454413,79,Indie,Ravenscourt,Black Eye Games,https://shared.akamai.steamstatic.com/store_item_assets/steam/apps/1167140/header.jpg?t=1726631358,https://store.steampowered.com/app/1167140
1534980,Terminus: Zombie Survivors,False,2021-03-01T05:00:00.000Z,False,115364,19.99,1440439,94,Indie,Longplay Studios,Longplay Studios,https://shared.akamai.steamstatic.com/store_item_assets/steam/apps/1534980/25fcb6c1df42326774df239779e8db9d5d05abd6/header_alt_assets_6.jpg?t=1757750122,https://store.steampowered.com/app/1534980
1392960,STORY OF SEASONS: Pioneers of Olive Town,False,2021-09-15T04:00:00.000Z,False,61057,39.99,1426114,82,AA,"XSEED Games,Marvelous USA, Inc.,Marvelous Europe",Marvelous Inc.,https://shared.akamai.steamstatic.com/store_item_assets/steam/apps/1392960/header.jpg?t=1743092367,https://store.steampowered.com/app/1392960
1511630,TrackDayR,False,2021-03-17T04:00:00.000Z,True,67939,24.99,1419832,86,Indie,MadCow S.r.l.,MadCow S.r.l.,https://shared.akamai.steamstatic.com/store_item_assets/steam/apps/1511630/header.jpg?t=1742490610,https://store.steampowered.com/app/1511630
1078350,Ambrosia,False,2021-01-29T05:00:00.000Z,False,160576,14.99,1401884,94,AA,Kagura Games,Shimobashira Workshop,https://shared.akamai.steamstatic.com/store_item_assets/steam/apps/1078350/header.jpg?t=1749021727,https://store.steampowered.com/app/1078350
1123830,Farm Manager 2021,False,2021-05-06T04:00:00.000Z,False,155582,19.99,1373127,79,AA,"PlayWay S.A.,Sim Farm S.A.",Cleversan Games,https://shared.akamai.steamstatic.com/store_item_assets/steam/apps/1123830/header.jpg?t=1763978423,https://store.steampowered.com/app/1123830
1108590,Eldest Souls,False,2021-07-29T04:00:00.000Z,False,191269,19.99,1365733,73,Indie,"United Label,CI Games",Fallen Flag Studio,https://shared.akamai.steamstatic.com/store_item_assets/steam/apps/1108590/header.jpg?t=1728376679,https://store.steampowered.com/app/1108590
1304680,Voidigo,False,2021-02-25T05:00:00.000Z,False,118830,4.99,1359397,97,AA,semiwork,semiwork,https://shared.akamai.steamstatic.com/store_item_assets/steam/apps/1304680/header.jpg?t=1760529121,https://store.steampowered.com/app/1304680
1514840,All-In-One Sports VR,False,2021-02-25T05:00:00.000Z,False,106303,19.99,1344071,85,Indie,Appnori Inc.,Appnori Inc.,https://shared.akamai.steamstatic.com/store_item_assets/steam/apps/1514840/header.jpg?t=1751367815,https://store.steampowered.com/app/1514840
1374840,Dark Deity,False,2021-06-15T04:00:00.000Z,False,122614,24.99,1333241,72,Indie,indie.io,Sword & Axe LLC,https://shared.akamai.steamstatic.com/store_item_assets/steam/apps/1374840/header.jpg?t=1764012881,https://store.steampowered.com/app/1374840
1597480,Zombie Gunship Survival,False,2021-09-22T04:00:00.000Z,False,140471,0,1331946,50,Indie,Flaregames,Flaregames,https://shared.akamai.steamstatic.com/store_item_assets/steam/apps/1597480/header.jpg?t=1740474300,https://store.steampowered.com/app/1597480
1590730,Helping the Hotties,False,2021-04-15T04:00:00.000Z,False,114676,14.99,1331065,82,Indie,xRed Games,xRed Games,https://shared.akamai.steamstatic.com/store_item_assets/steam/apps/1590730/71f3a1595d5f59bd9039e52f8d914e81bd45b1ee/header.jpg?t=1752934716,https://store.steampowered.com/app/1590730
1310990,Bishojo Mangekyo Kotowari to Meikyu no Shojo,False,2021-06-20T04:00:00.000Z,False,74577,29.99,1329963,96,Indie,Seikei Production,"ωstar,Seikei Production",https://shared.akamai.steamstatic.com/store_item_assets/steam/apps/1310990/header.jpg?t=1678449203,https://store.steampowered.com/app/1310990
1639990,Dreams of Desire: Definitive Edition,False,2021-10-20T04:00:00.000Z,False,136548,13.99,1329139,79,Indie,Lewdlab,Lewdlab,https://shared.akamai.steamstatic.com/store_item_assets/steam/apps/1639990/header.jpg?t=1725084593,https://store.steampowered.com/app/1639990
1620340,Wrestling Empire,False,2021-07-02T04:00:00.000Z,False,89120,19.99,1310907,94,Indie,MDickie,MDickie,https://shared.akamai.steamstatic.com/store_item_assets/steam/apps/1620340/header.jpg?t=1704892859,https://store.steampowered.com/app/1620340
1151450,Utawarerumono: Prelude to the Fallen,False,2021-01-22T05:00:00.000Z,False,56337,59.99,1310633,94,Indie,"DMM GAMES,Shiravune",AQUAPLUS,https://shared.akamai.steamstatic.com/store_item_assets/steam/apps/1151450/header.jpg?t=1732445188,https://store.steampowered.com/app/1151450
1578390,My Garage,False,2021-08-10T04:00:00.000Z,True,86576,19.99,1292032,91,Indie,Viking Game Studio,Viking Game Studio,https://shared.akamai.steamstatic.com/store_item_assets/steam/apps/1578390/header.jpg?t=1732785449,https://store.steampowered.com/app/1578390
1423600,BLUE REFLECTION: Second Light,False,2021-11-08T05:00:00.000Z,False,42295,59.99,1289572,82,AA,"KOEI TECMO GAMES CO., LTD.","KOEI TECMO GAMES CO., LTD.",https://shared.akamai.steamstatic.com/store_item_assets/steam/apps/1423600/header.jpg?t=1760597957,https://store.steampowered.com/app/1423600
989440,Phantom Abyss,False,2021-06-21T04:00:00.000Z,False,95640,19.99,1284940,82,AA,Devolver Digital,Team WIBY,https://shared.akamai.steamstatic.com/store_item_assets/steam/apps/989440/header.jpg?t=1710929479,https://store.steampowered.com/app/989440
1308700,Wizardry: The Five Ordeals,False,2021-12-17T05:00:00.000Z,False,50434,39.99,1276509,85,Indie,Game*Spark Publishing,59 Studio,https://shared.akamai.steamstatic.com/store_item_assets/steam/apps/1308700/header.jpg?t=1728377973,https://store.steampowered.com/app/1308700
1134710,NIMBY Rails,False,2021-01-26T05:00:00.000Z,True,83081,18.99,1273371,89,Indie,Weird and Wry,Weird and Wry,https://shared.akamai.steamstatic.com/store_item_assets/steam/apps/1134710/header.jpg?t=1752926036,https://store.steampowered.com/app/1134710
1135300,King's Bounty II,False,2021-08-24T04:00:00.000Z,False,106840,39.99,1271668,62,AA,"Fulqrum Publishing,Prime Matter,方块游戏 (China)",Fulqrum Games,https://shared.akamai.steamstatic.com/store_item_assets/steam/apps/1135300/header.jpg?t=1760105470,https://store.steampowered.com/app/1135300
1695830,Baldur's Gate: Dark Alliance,False,2021-12-17T05:00:00.000Z,False,53347,39.99,1253029,83,Indie,Interplay Entertainment Corp.,"Square One Games Inc.,Black Isle Studios",https://shared.akamai.steamstatic.com/store_item_assets/steam/apps/1695830/header.jpg?t=1654887460,https://store.steampowered.com/app/1695830
1695840,Fear Therapy,False,2021-12-24T05:00:00.000Z,True,441944,4.99,1247744,67,Indie,Black Flag Studios,Black Flag Studios,https://shared.akamai.steamstatic.com/store_item_assets/steam/apps/1695840/header.jpg?t=1685651338,https://store.steampowered.com/app/1695840
1101790,War Mongrels,False,2021-10-19T04:00:00.000Z,False,68660,44.99,1243557,74,Indie,"Destructive Creations,DMM Games - Asia",Destructive Creations,https://shared.akamai.steamstatic.com/store_item_assets/steam/apps/1101790/header.jpg?t=1744227063,https://store.steampowered.com/app/1101790
288080,BoneTown: The Second Coming Edition,False,2021-06-08T04:00:00.000Z,False,82137,19.99,1237120,84,Indie,"D-Dub Software,Shady Corner Games",D-Dub Software,https://shared.akamai.steamstatic.com/store_item_assets/steam/apps/288080/header.jpg?t=1739796256,https://store.steampowered.com/app/288080
1029210,30XX,False,2021-02-17T05:00:00.000Z,False,89277,19.99,1227655,91,Indie,Batterystaple Games,Batterystaple Games,https://shared.akamai.steamstatic.com/store_item_assets/steam/apps/1029210/header.jpg?t=1745516397,https://store.steampowered.com/app/1029210
1123450,Chicory: A Colorful Tale,False,2021-06-10T04:00:00.000Z,False,102868,19.99,1214887,98,Indie,Finji,"Wishes Ultd.,Greg Lobanov,Alexis Dean-Jones,Lena Raine,Madeline Berger,A Shell in the Pit",https://shared.akamai.steamstatic.com/store_item_assets/steam/apps/1123450/header.jpg?t=1756392807,https://store.steampowered.com/app/1123450
1499120,I Expect You To Die 2: The Spy and the Liar,False,2021-08-24T04:00:00.000Z,False,71612,24.99,1212910,96,Indie,Schell Games,Schell Games,https://shared.akamai.steamstatic.com/store_item_assets/steam/apps/1499120/3188f255ef30caf1a8cde953b7da38156da18991/header.jpg?t=1759936801,https://store.steampowered.com/app/1499120
1347970,Patch Quest,False,2021-05-07T04:00:00.000Z,False,140523,14.99,1202224,94,AA,Curve Games,Lychee Game Labs,https://shared.akamai.steamstatic.com/store_item_assets/steam/apps/1347970/header.jpg?t=1747735770,https://store.steampowered.com/app/1347970
729000,Wytchwood,False,2021-12-09T05:00:00.000Z,False,131284,19.99,1177198,93,Indie,Alientrap,Alientrap,https://shared.akamai.steamstatic.com/store_item_assets/steam/apps/729000/header.jpg?t=1705693631,https://store.steampowered.com/app/729000
917720,Gamedec - Definitive Edition,False,2021-09-16T04:00:00.000Z,False,77849,29.99,1174448,80,Indie,Anshar Publishing,Anshar Studios,https://shared.akamai.steamstatic.com/store_item_assets/steam/apps/917720/46737b91f0fdbe4201e0582be9826690019755c2/header.jpg?t=1763562273,https://store.steampowered.com/app/917720
1486630,Intravenous,False,2021-07-26T04:00:00.000Z,False,199100,19.99,1173847,90,AA,HypeTrain Digital,Explosive Squat Games,https://shared.akamai.steamstatic.com/store_item_assets/steam/apps/1486630/a175dd7ef440cb0a55b8569e68ef2ebbddbb676d/header.jpg?t=1757946721,https://store.steampowered.com/app/1486630
1137460,ALTF4,False,2021-02-19T05:00:00.000Z,False,823803,2.99,1172659,80,Indie,PUMPKIM,PUMPKIM,https://shared.akamai.steamstatic.com/store_item_assets/steam/apps/1137460/header.jpg?t=1739423146,https://store.steampowered.com/app/1137460
1492680,The Pathless,False,2021-11-16T05:00:00.000Z,False,64922,39.99,1156237,91,AA,Annapurna Interactive,Giant Squid,https://shared.akamai.steamstatic.com/store_item_assets/steam/apps/1492680/header.jpg?t=1736954957,https://store.steampowered.com/app/1492680
1477810,Robolife-Days with Aino,False,2021-06-22T04:00:00.000Z,False,100915,14.99,1148803,92,Indie,"Critical Bliss,Mango Party",Barance Studio,https://shared.akamai.steamstatic.com/store_item_assets/steam/apps/1477810/header.jpg?t=1730718165,https://store.steampowered.com/app/1477810
1372530,Fly Corp,False,2021-05-28T04:00:00.000Z,False,141751,14.99,1130487,85,Indie,KishMish Games,KishMish Games,https://shared.akamai.steamstatic.com/store_item_assets/steam/apps/1372530/38029545e71469c402bafb73334e6416dbefe018/header.jpg?t=1761831635,https://store.steampowered.com/app/1372530
1157220,Nebuchadnezzar,False,2021-02-17T05:00:00.000Z,False,95842,19.99,1129805,79,Indie,Astra Logical,Nepos Games,https://shared.akamai.steamstatic.com/store_item_assets/steam/apps/1157220/165365f59a47432aa31c8379df9eb3424ce29bc9/header.jpg?t=1758823626,https://store.steampowered.com/app/1157220
1152340,Book of Travels,False,2021-10-11T04:00:00.000Z,True,43953,29.99,1126066,77,Indie,Might and Delight,Might and Delight,https://shared.akamai.steamstatic.com/store_item_assets/steam/apps/1152340/2c6f2c46b4011ec4fd23c18ffbf5b93c3c00f6e6/header.jpg?t=1748858472,https://store.steampowered.com/app/1152340
1447000,MotoGP™21,False,2021-04-22T04:00:00.000Z,False,91257,24.99,1114228,82,AA,Milestone S.r.l.,Milestone S.r.l.,https://shared.akamai.steamstatic.com/store_item_assets/steam/apps/1447000/header.jpg?t=1728470630,https://store.steampowered.com/app/1447000
1289810,Siralim Ultimate,False,2021-03-12T05:00:00.000Z,False,93935,19.99,1100243,94,Indie,Thylacine Studios LLC,Thylacine Studios,https://shared.akamai.steamstatic.com/store_item_assets/steam/apps/1289810/header.jpg?t=1756135333,https://store.steampowered.com/app/1289810
1197570,Until We Die,False,2021-06-03T04:00:00.000Z,False,86277,16.99,1094931,64,Indie,Pixeye Games,Pixeye Games,https://shared.akamai.steamstatic.com/store_item_assets/steam/apps/1197570/header.jpg?t=1641465318,https://store.steampowered.com/app/1197570
1562940,THE LEGEND OF HEROES: HAJIMARI NO KISEKI,False,2021-08-25T04:00:00.000Z,False,39529,59.99,1083001,83,Indie,Clouded Leopard Entertainment,Nihon Falcom,https://shared.akamai.steamstatic.com/store_item_assets/steam/apps/1562940/header.jpg?t=1738804539,https://store.steampowered.com/app/1562940
1502980,Atelier Firis: The Alchemist and the Mysterious Journey DX,False,2021-04-21T04:00:00.000Z,False,45395,39.99,1082943,74,AA,"KOEI TECMO GAMES CO., LTD.","KOEI TECMO GAMES CO., LTD.",https://shared.akamai.steamstatic.com/store_item_assets/steam/apps/1502980/header.jpg?t=1760597406,https://store.steampowered.com/app/1502980
1769420,Noble Fates,False,2021-12-14T05:00:00.000Z,True,64444,24.99,1073616,83,Indie,"Xobermon, LLC","Xobermon, LLC",https://shared.akamai.steamstatic.com/store_item_assets/steam/apps/1769420/header.jpg?t=1750628085,https://store.steampowered.com/app/1769420
1432320,Liftoff®: Micro Drones,False,2021-11-30T05:00:00.000Z,False,83666,15.99,1064433,92,Indie,LuGus Studios,LuGus Studios,https://shared.akamai.steamstatic.com/store_item_assets/steam/apps/1432320/header.jpg?t=1754324440,https://store.steampowered.com/app/1432320
1502990,Atelier Lydie & Suelle: The Alchemists and the Mysterious Paintings DX,False,2021-04-21T04:00:00.000Z,False,44174,39.99,1058501,91,AA,"KOEI TECMO GAMES CO., LTD.","KOEI TECMO GAMES CO., LTD.",https://shared.akamai.steamstatic.com/store_item_assets/steam/apps/1502990/header.jpg?t=1760597350,https://store.steampowered.com/app/1502990
1316230,Force of Nature 2: Ghost Keeper,False,2021-05-27T04:00:00.000Z,False,116988,15.99,1057469,80,Indie,Crytivo,A.Y.std,https://shared.akamai.steamstatic.com/store_item_assets/steam/apps/1316230/header.jpg?t=1686156726,https://store.steampowered.com/app/1316230
1754840,Hacker Simulator,False,2021-10-20T04:00:00.000Z,False,98614,24.99,1055221,76,Indie,Save All Studio,Save All Studio,https://shared.akamai.steamstatic.com/store_item_assets/steam/apps/1754840/header.jpg?t=1763639647,https://store.steampowered.com/app/1754840
844260,Rustler (Grand Theft Horse),False,2021-02-18T05:00:00.000Z,False,100400,24.99,1049842,75,Indie,"Games Operators,Modus Games",Jutsu Games,https://shared.akamai.steamstatic.com/store_item_assets/steam/apps/844260/header.jpg?t=1754054367,https://store.steampowered.com/app/844260
674930,Boyfriend Dungeon,False,2021-08-11T04:00:00.000Z,False,84913,19.99,1042565,92,Indie,Kitfox Games,Kitfox Games,https://shared.akamai.steamstatic.com/store_item_assets/steam/apps/674930/bb3c7d2c4f8cb7ae3cbb50490d6a59b51d73165c/header.jpg?t=1763070225,https://store.steampowered.com/app/674930
1316910,Super Monkey Ball Banana Mania,False,2021-10-04T04:00:00.000Z,False,74880,29.99,1024499,83,AAA,SEGA,Ryu Ga Gotoku Studio,https://shared.akamai.steamstatic.com/store_item_assets/steam/apps/1316910/header.jpg?t=1763649135,https://store.steampowered.com/app/1316910
1097130,Circuit Superstars,False,2021-03-05T05:00:00.000Z,False,81919,19.99,1017927,86,Indie,Original Fire Games,Original Fire Games,https://shared.akamai.steamstatic.com/store_item_assets/steam/apps/1097130/header.jpg?t=1700585312,https://store.steampowered.com/app/1097130
1250760,Far Away,False,2021-08-17T04:00:00.000Z,False,175681,12.99,1016519,97,Indie,Gratesca,Gratesca,https://shared.akamai.steamstatic.com/store_item_assets/steam/apps/1250760/header.jpg?t=1744185741,https://store.steampowered.com/app/1250760
1634150,Behind the Frame: The Finest Scenery,False,2021-08-25T04:00:00.000Z,False,121343,12.99,1010713,94,Indie,"Akupara Games,Akatsuki Taiwan Inc.",Silver Lining Studio,https://shared.akamai.steamstatic.com/store_item_assets/steam/apps/1634150/header.jpg?t=1751345589,https://store.steampowered.com/app/1634150
1612420,Suit for Hire,False,2021-08-31T04:00:00.000Z,False,100289,14.99,1009525,92,Indie,Godmode Interactive,Godmode Interactive,https://shared.akamai.steamstatic.com/store_item_assets/steam/apps/1612420/f6e38d56e0c086481d3692e028ec83b318ead4c1/header.jpg?t=1750440927,https://store.steampowered.com/app/1612420
1641650,Airline Manager,False,2021-06-23T04:00:00.000Z,False,801034,0,1004143,71,Indie,Trophy Games,Trophy Games,https://shared.akamai.steamstatic.com/store_item_assets/steam/apps/1641650/header.jpg?t=1731067117,https://store.steampowered.com/app/1641650
272230,Sub Rosa,False,2021-03-25T04:00:00.000Z,True,68149,19.99,1000122,70,AA,Devolver Digital,Cryptic Sea,https://shared.akamai.steamstatic.com/store_item_assets/steam/apps/272230/header.jpg?t=1728687944,https://store.steampowered.com/app/272230
773370,Exo One,False,2021-11-18T05:00:00.000Z,False,144846,16.99,994659,90,Indie,"Future Friends Games,Exbleative",Exbleative,https://shared.akamai.steamstatic.com/store_item_assets/steam/apps/773370/header.jpg?t=1740395793,https://store.steampowered.com/app/773370
1286880,Ship Graveyard Simulator,False,2021-11-10T05:00:00.000Z,False,204835,14.99,989565,65,Indie,"Games Incubator,PlayWay S.A.",Games Incubator,https://shared.akamai.steamstatic.com/store_item_assets/steam/apps/1286880/header.jpg?t=1761080797,https://store.steampowered.com/app/1286880
1683560,Ravager,False,2021-09-03T04:00:00.000Z,True,75857,19.99,983435,94,Indie,CriticalBliss,4MinuteWarning,https://shared.akamai.steamstatic.com/store_item_assets/steam/apps/1683560/148f8494239851af261ff56ccbc8a265091efad2/header.jpg?t=1763460031,https://store.steampowered.com/app/1683560
774791,Surgeon Simulator 2,False,2021-09-02T04:00:00.000Z,False,130626,19.99,981074,46,Indie,Infogrames,Bossa Studios,https://shared.akamai.steamstatic.com/store_item_assets/steam/apps/774791/header.jpg?t=1732133384,https://store.steampowered.com/app/774791
1375400,Ghosts 'n Goblins Resurrection,False,2021-05-31T04:00:00.000Z,False,68048,29.99,965399,79,AAA,"CAPCOM Co., Ltd.","CAPCOM Co., Ltd.",https://shared.akamai.steamstatic.com/store_item_assets/steam/apps/1375400/header.jpg?t=1644219357,https://store.steampowered.com/app/1375400
598550,HUNTDOWN,False,2021-05-12T04:00:00.000Z,False,140254,19.99,960027,95,AAA,Coffee Stain Publishing,Easy Trigger Games,https://shared.akamai.steamstatic.com/store_item_assets/steam/apps/598550/header.jpg?t=1723637797,https://store.steampowered.com/app/598550
1357860,Fuga: Melodies of Steel,False,2021-07-28T04:00:00.000Z,False,38737,39.99,957369,93,Indie,CyberConnect2,CyberConnect2,https://shared.akamai.steamstatic.com/store_item_assets/steam/apps/1357860/header.jpg?t=1748495061,https://store.steampowered.com/app/1357860
1726190,No Straight Roads: Encore Edition,False,2021-10-21T04:00:00.000Z,False,86792,24.99,953599,89,AA,Fireshine Games,Metronomik,https://shared.akamai.steamstatic.com/store_item_assets/steam/apps/1726190/header.jpg?t=1715615715,https://store.steampowered.com/app/1726190
1702140,Left to Survive: Zombie Shooter,False,2021-11-18T05:00:00.000Z,False,23860,0,946807,59,AA,MY.GAMES,MY.GAMES,https://shared.akamai.steamstatic.com/store_item_assets/steam/apps/1702140/18a959b2c6abed3d753844d5daa18e9b587097a4/header.jpg?t=1762863801,https://store.steampowered.com/app/1702140
1260590,Hadean Tactics,False,2021-02-25T05:00:00.000Z,False,78574,19.99,929446,89,Indie,Emberfish Games,Emberfish Games,https://shared.akamai.steamstatic.com/store_item_assets/steam/apps/1260590/header.jpg?t=1760975335,https://store.steampowered.com/app/1260590
1450080,The Legend of Heroes: Sen no Kiseki III,False,2021-03-24T04:00:00.000Z,False,35174,44.99,923872,84,Indie,Clouded Leopard Entertainment,Nihon Falcom,https://shared.akamai.steamstatic.com/store_item_assets/steam/apps/1450080/header.jpg?t=1738804119,https://store.steampowered.com/app/1450080
1356280,Kitaria Fables,False,2021-09-01T04:00:00.000Z,False,133172,19.99,920709,72,Indie,PQube,"Twin Hearts,Secret Level Studios",https://shared.akamai.steamstatic.com/store_item_assets/steam/apps/1356280/header.jpg?t=1763466033,https://store.steampowered.com/app/1356280
1685460,A-Train: All Aboard! Tourism,False,2021-12-07T05:00:00.000Z,False,23377,59.99,918404,76,Indie,KOMODO,ARTDINK,https://shared.akamai.steamstatic.com/store_item_assets/steam/apps/1685460/header.jpg?t=1695842668,https://store.steampowered.com/app/1685460
1175830,Legend of Mana,False,2021-06-24T04:00:00.000Z,False,55783,29.99,916853,78,AA,Square Enix,"Square Enix,M2 Co., Ltd.",https://shared.akamai.steamstatic.com/store_item_assets/steam/apps/1175830/header.jpg?t=1751008748,https://store.steampowered.com/app/1175830
1442820,R-Type Final 2,False,2021-04-30T04:00:00.000Z,False,38442,39.99,912570,75,Indie,"NIS America, Inc.",Granzella Inc.,https://shared.akamai.steamstatic.com/store_item_assets/steam/apps/1442820/header.jpg?t=1734028457,https://store.steampowered.com/app/1442820
1456820,Marfusha:Sentinel Girls ,False,2021-08-26T04:00:00.000Z,False,179719,7.99,911578,94,Indie,hinyari9,hinyari9,https://shared.akamai.steamstatic.com/store_item_assets/steam/apps/1456820/header.jpg?t=1745453945,https://store.steampowered.com/app/1456820
1042380,Hundred Days - Winemaking Simulator,False,2021-05-13T04:00:00.000Z,False,84805,24.99,910301,77,Indie,Broken Arms Games,Broken Arms Games,https://shared.akamai.steamstatic.com/store_item_assets/steam/apps/1042380/header.jpg?t=1745497676,https://store.steampowered.com/app/1042380
1161170,The Rewinder,False,2021-09-09T04:00:00.000Z,False,131972,14.99,903945,96,AA,Gamirror Games,MistyMountainStudio,https://shared.akamai.steamstatic.com/store_item_assets/steam/apps/1161170/header.jpg?t=1744993074,https://store.steampowered.com/app/1161170
1764390,BAD END THEATER,False,2021-10-26T04:00:00.000Z,False,139413,9.99,902955,98,Indie,NomnomNami,NomnomNami,https://shared.akamai.steamstatic.com/store_item_assets/steam/apps/1764390/header.jpg?t=1752178056,https://store.steampowered.com/app/1764390
865610,Tails Noir,False,2021-06-08T04:00:00.000Z,False,91767,24.99,899275,67,AA,Raw Fury,Eggnut,https://shared.akamai.steamstatic.com/store_item_assets/steam/apps/865610/header.jpg?t=1724850437,https://store.steampowered.com/app/865610
1134700,Wild Terra 2: New Lands,False,2021-01-28T05:00:00.000Z,False,38616,39.99,898050,60,Indie,Juvty Worlds,Juvty Worlds,https://shared.akamai.steamstatic.com/store_item_assets/steam/apps/1134700/header.jpg?t=1763716585,https://store.steampowered.com/app/1134700
1731270,Global City,False,2021-11-30T05:00:00.000Z,False,146356,0,889979,70,AA,MY.GAMES,Red Brix Wall,https://shared.akamai.steamstatic.com/store_item_assets/steam/apps/1731270/header.jpg?t=1748530109,https://store.steampowered.com/app/1731270
1714320,Find Love or Die Trying,False,2021-09-16T04:00:00.000Z,False,224971,4.99,889861,97,Indie,Sunseeker Games,Sunseeker Games,https://shared.akamai.steamstatic.com/store_item_assets/steam/apps/1714320/header.jpg?t=1742824985,https://store.steampowered.com/app/1714320
1453850,Pro Cycling Manager 2021,False,2021-06-03T04:00:00.000Z,False,51195,39.99,886216,79,AA,Nacon,Cyanide Studio,https://shared.akamai.steamstatic.com/store_item_assets/steam/apps/1453850/header.jpg?t=1726155300,https://store.steampowered.com/app/1453850
1054430,Fling to the Finish,False,2021-08-23T04:00:00.000Z,False,130706,19.99,876317,86,AA,Daedalic Entertainment,SplitSide Games,https://shared.akamai.steamstatic.com/store_item_assets/steam/apps/1054430/header.jpg?t=1758892968,https://store.steampowered.com/app/1054430
1182620,Impostor Factory,False,2021-09-30T04:00:00.000Z,False,185525,9.99,862131,96,Indie,Freebird Games,Freebird Games,https://shared.akamai.steamstatic.com/store_item_assets/steam/apps/1182620/header.jpg?t=1726196467,https://store.steampowered.com/app/1182620
1745200,Sexy Airlines EVO,False,2021-12-20T05:00:00.000Z,False,75201,0,852950,45,Indie,"Playduction,Nutaku Publishing",Playduction,https://shared.akamai.steamstatic.com/store_item_assets/steam/apps/1745200/adda9201eca5b721ef1175c0420aed462b4d0803/header.jpg?t=1762162098,https://store.steampowered.com/app/1745200
1406850,The Legend of Tianding,False,2021-11-01T04:00:00.000Z,False,86181,19.99,850847,94,Indie,Neon Doctrine,"Creative Games Computer Graphics Corporation,Neon Doctrine",https://shared.akamai.steamstatic.com/store_item_assets/steam/apps/1406850/header.jpg?t=1756108102,https://store.steampowered.com/app/1406850
1220150,Blue Fire,False,2021-02-04T05:00:00.000Z,False,93277,19.99,848033,81,Indie,Graffiti Games,Robi Studios,https://shared.akamai.steamstatic.com/store_item_assets/steam/apps/1220150/5e2a7f7607365a71ef2cf295e10f27554a571b2b/header.jpg?t=1756240031,https://store.steampowered.com/app/1220150
1610470,MXGP 2021 - The Official Motocross Videogame,False,2021-11-30T05:00:00.000Z,False,58779,39.99,844198,84,AA,Milestone S.r.l.,Milestone S.r.l.,https://shared.akamai.steamstatic.com/store_item_assets/steam/apps/1610470/header.jpg?t=1725035312,https://store.steampowered.com/app/1610470
978460,Emily is Away <3,False,2021-04-16T04:00:00.000Z,False,208619,9.99,843866,92,Indie,Kyle Seeley,Kyle Seeley,https://shared.akamai.steamstatic.com/store_item_assets/steam/apps/978460/header.jpg?t=1621271998,https://store.steampowered.com/app/978460
1196470,WE ARE FOOTBALL,False,2021-06-10T04:00:00.000Z,False,56666,24.99,840598,77,AA,THQ Nordic,Winning Streak Games,https://shared.akamai.steamstatic.com/store_item_assets/steam/apps/1196470/header.jpg?t=1727857320,https://store.steampowered.com/app/1196470
1712840,Tiny Tina's Assault on Dragon Keep: A Wonderlands One-shot Adventure,False,2021-11-09T05:00:00.000Z,False,177435,9.99,839532,65,AAA,2K,"Gearbox Software,Stray Kite Studios",https://shared.akamai.steamstatic.com/store_item_assets/steam/apps/1712840/header.jpg?t=1677522819,https://store.steampowered.com/app/1712840
1502380,Combat Mission Black Sea,False,2021-01-21T05:00:00.000Z,False,23365,59.99,833847,84,Indie,Matrix Games,Battlefront,https://shared.akamai.steamstatic.com/store_item_assets/steam/apps/1502380/header.jpg?t=1756297549,https://store.steampowered.com/app/1502380
1497950,EARTH DEFENSE FORCE: WORLD BROTHERS,False,2021-05-27T04:00:00.000Z,False,39387,39.99,829754,81,AA,D3PUBLISHER,YUKE'S,https://shared.akamai.steamstatic.com/store_item_assets/steam/apps/1497950/header.jpg?t=1713841215,https://store.steampowered.com/app/1497950
1338330,Lemon Cake,False,2021-02-18T05:00:00.000Z,False,87841,14.99,828315,85,Indie,Cozy Bee Games,Cozy Bee Games,https://shared.akamai.steamstatic.com/store_item_assets/steam/apps/1338330/header.jpg?t=1667869401,https://store.steampowered.com/app/1338330
1487390,ANVIL,False,2021-12-01T05:00:00.000Z,False,44149,24.99,828299,61,Indie,ACTION SQUARE,ACTION SQUARE,https://shared.akamai.steamstatic.com/store_item_assets/steam/apps/1487390/header.jpg?t=1712642074,https://store.steampowered.com/app/1487390
1137750,Farmer's Life,False,2021-08-05T04:00:00.000Z,False,74971,19.99,822402,89,AA,"PlayWay S.A.,FreeMind S.A.",FreeMind S.A.,https://shared.akamai.steamstatic.com/store_item_assets/steam/apps/1137750/header.jpg?t=1763604382,https://store.steampowered.com/app/1137750
638990,"UNDYING - ""KINGDOM""",False,2021-10-18T04:00:00.000Z,False,64071,19.99,818405,79,Indie,"Skystone Games,Vanimals",Vanimals,https://shared.akamai.steamstatic.com/store_item_assets/steam/apps/638990/header.jpg?t=1754587150,https://store.steampowered.com/app/638990
1025960,BURIED STARS,False,2021-11-29T05:00:00.000Z,False,52023,39.99,799443,85,Indie,LINE Games Corporation,LINE Games Corporation,https://shared.akamai.steamstatic.com/store_item_assets/steam/apps/1025960/header.jpg?t=1747276302,https://store.steampowered.com/app/1025960
1545450,Incredibox,False,2021-04-30T04:00:00.000Z,False,281741,4.99,798192,97,Indie,So Far So Good,So Far So Good,https://shared.akamai.steamstatic.com/store_item_assets/steam/apps/1545450/header.jpg?t=1736795580,https://store.steampowered.com/app/1545450
1491340,Marble World,False,2021-05-07T04:00:00.000Z,False,52649,19.99,787172,90,Indie,Vector Interactive,Vector Interactive,https://shared.akamai.steamstatic.com/store_item_assets/steam/apps/1491340/header.jpg?t=1751637493,https://store.steampowered.com/app/1491340
1567800,星空列车与白的旅行,False,2021-05-14T04:00:00.000Z,False,102806,19.99,786636,99,Indie,"inc.ZOFE,Syawase Works China",しらたまこ,https://shared.akamai.steamstatic.com/store_item_assets/steam/apps/1567800/header.jpg?t=1636464184,https://store.steampowered.com/app/1567800
1113570,Voice of Cards: The Isle Dragon Roars,False,2021-10-28T04:00:00.000Z,False,46483,29.99,783619,80,AA,Square Enix,Square Enix,https://shared.akamai.steamstatic.com/store_item_assets/steam/apps/1113570/header.jpg?t=1727791381,https://store.steampowered.com/app/1113570
1296360,Archvale,False,2021-12-02T05:00:00.000Z,False,82812,14.99,783177,89,AA,Humble Games,idoz & phops,https://shared.akamai.steamstatic.com/store_item_assets/steam/apps/1296360/header.jpg?t=1638464703,https://store.steampowered.com/app/1296360
1648390,ScooterFlow,False,2021-11-29T05:00:00.000Z,True,70804,15.99,770746,95,Indie,UncannyKiwi,Dillon Earle,https://shared.akamai.steamstatic.com/store_item_assets/steam/apps/1648390/header.jpg?t=1760836637,https://store.steampowered.com/app/1648390
1405470,Scars of Summer,False,2021-04-09T04:00:00.000Z,False,61725,19.99,768497,75,AA,Kagura Games,Shinachiku-castella,https://shared.akamai.steamstatic.com/store_item_assets/steam/apps/1405470/header.jpg?t=1749383615,https://store.steampowered.com/app/1405470
1802720,Sixtar Gate: STARTRAIL,False,2021-11-06T04:00:00.000Z,False,41155,24.99,767306,91,Indie,"Starlike Inc.,Smilegate",Starlike Inc.,https://shared.akamai.steamstatic.com/store_item_assets/steam/apps/1802720/header.jpg?t=1751869259,https://store.steampowered.com/app/1802720
1273260,Corpse Party (2021),False,2021-10-20T04:00:00.000Z,False,61965,19.99,762786,91,AA,"XSEED Games,Marvelous USA, Inc.",MAGES.,https://shared.akamai.steamstatic.com/store_item_assets/steam/apps/1273260/header.jpg?t=1732213932,https://store.steampowered.com/app/1273260
1507190,Machinika: Museum,False,2021-03-23T04:00:00.000Z,False,172093,7.99,762126,93,Indie,Dear Villagers,Littlefield Studio,https://shared.akamai.steamstatic.com/store_item_assets/steam/apps/1507190/header.jpg?t=1744988304,https://store.steampowered.com/app/1507190
1420290,No More Heroes,False,2021-06-09T04:00:00.000Z,False,65854,19.99,745065,82,AA,"XSEED Games,Marvelous USA, Inc.,Marvelous Europe",GRASSHOPPER MANUFACTURE INC.,https://shared.akamai.steamstatic.com/store_item_assets/steam/apps/1420290/header.jpg?t=1738970229,https://store.steampowered.com/app/1420290
1175460,Revita,False,2021-03-03T05:00:00.000Z,False,68969,16.99,742467,82,Indie,"Dear Villagers,Doyoyo Games",BenStar,https://shared.akamai.steamstatic.com/store_item_assets/steam/apps/1175460/header.jpg?t=1744981718,https://store.steampowered.com/app/1175460
1494470,BUSTAFELLOWS,False,2021-07-30T04:00:00.000Z,False,53731,39.99,740840,87,Indie,PQube,NIPPON CULTURAL BROADCASTING EXTEND INC.,https://shared.akamai.steamstatic.com/store_item_assets/steam/apps/1494470/header.jpg?t=1760051030,https://store.steampowered.com/app/1494470
981600,Eternium,False,2021-10-11T04:00:00.000Z,False,540595,0,737534,82,Indie,Making Fun,"Dream Primer,Making Fun",https://shared.akamai.steamstatic.com/store_item_assets/steam/apps/981600/header.jpg?t=1737441560,https://store.steampowered.com/app/981600
1172650,INDUSTRIA,False,2021-09-30T04:00:00.000Z,False,93137,19.99,734432,71,Indie,Headup,Bleakmill,https://shared.akamai.steamstatic.com/store_item_assets/steam/apps/1172650/header.jpg?t=1725001263,https://store.steampowered.com/app/1172650
1590600,"OPPAI Academy Big, Bouncy, Booby Babes!",False,2021-05-12T04:00:00.000Z,False,21549,39.99,728220,92,Indie,Frontwing USA,Milkfactory,https://shared.akamai.steamstatic.com/store_item_assets/steam/apps/1590600/header.jpg?t=1755589971,https://store.steampowered.com/app/1590600
1615100,The Last Stand Legacy Collection,False,2021-07-15T04:00:00.000Z,False,133389,9.99,720801,89,Indie,Armor Games Studios,Con Artist Games,https://shared.akamai.steamstatic.com/store_item_assets/steam/apps/1615100/header.jpg?t=1739881042,https://store.steampowered.com/app/1615100
1203710,UnMetal,False,2021-09-28T04:00:00.000Z,False,86276,19.99,718208,94,Indie,Versus Evil,@unepic_fran,https://shared.akamai.steamstatic.com/store_item_assets/steam/apps/1203710/header.jpg?t=1697811542,https://store.steampowered.com/app/1203710
1709900,Tower Tactics: Liberation,False,2021-09-28T04:00:00.000Z,False,74520,12.99,700967,89,Indie,"asraworks,Team17",asraworks,https://shared.akamai.steamstatic.com/store_item_assets/steam/apps/1709900/header.jpg?t=1762941429,https://store.steampowered.com/app/1709900
1124260,Snowtopia: Ski Resort Builder,False,2021-01-26T05:00:00.000Z,False,41937,24.99,700268,62,Indie,"Goblinz Publishing,Maple Whispering Limited",TeaForTwo,https://shared.akamai.steamstatic.com/store_item_assets/steam/apps/1124260/header.jpg?t=1727781021,https://store.steampowered.com/app/1124260
1367300,Blade Assault,False,2021-06-07T04:00:00.000Z,False,100128,17.99,696263,74,AA,NEOWIZ,TeamSuneat,https://shared.akamai.steamstatic.com/store_item_assets/steam/apps/1367300/header.jpg?t=1723790386,https://store.steampowered.com/app/1367300
1569090,Vivid Knight,False,2021-05-26T04:00:00.000Z,False,79859,14.99,694451,90,Indie,"Asobism.Co.,Ltd","Asobism.Co.,Ltd",https://shared.akamai.steamstatic.com/store_item_assets/steam/apps/1569090/83ccc4ee8dc1fc8dc3deb59b8fcf89a22f91b333/header.jpg?t=1757039039,https://store.steampowered.com/app/1569090
1573720,Agatha Christie - Hercule Poirot: The First Cases,False,2021-09-27T04:00:00.000Z,False,70773,19.99,675480,76,Indie,Microids,Blazing Griffin,https://shared.akamai.steamstatic.com/store_item_assets/steam/apps/1573720/header.jpg?t=1743171933,https://store.steampowered.com/app/1573720
1206060,Happy Game,False,2021-10-28T04:00:00.000Z,False,126471,13.13,670991,90,Indie,Amanita Design,Amanita Design,https://shared.akamai.steamstatic.com/store_item_assets/steam/apps/1206060/header.jpg?t=1757929105,https://store.steampowered.com/app/1206060
1635590,My Friend Peppa Pig,False,2021-10-22T04:00:00.000Z,False,33132,39.99,669643,87,Indie,Outright Games Ltd.,Petoons Studio,https://shared.akamai.steamstatic.com/store_item_assets/steam/apps/1635590/header.jpg?t=1727090021,https://store.steampowered.com/app/1635590
897730,Among Trees,False,2021-11-10T05:00:00.000Z,False,70283,14.99,669037,68,Indie,FJRD Interactive,FJRD Interactive,https://shared.akamai.steamstatic.com/store_item_assets/steam/apps/897730/header.jpg?t=1636537260,https://store.steampowered.com/app/897730
1069530,Narita Boy,False,2021-03-30T04:00:00.000Z,False,73172,24.99,661385,78,AA,Team17,Studio Koba,https://shared.akamai.steamstatic.com/store_item_assets/steam/apps/1069530/header.jpg?t=1763038325,https://store.steampowered.com/app/1069530
1264280,Slipways,False,2021-06-03T04:00:00.000Z,False,65748,16.99,659308,93,Indie,Beetlewing,Beetlewing,https://shared.akamai.steamstatic.com/store_item_assets/steam/apps/1264280/header.jpg?t=1732724205,https://store.steampowered.com/app/1264280
1651960,Hextech Mayhem: A League of Legends Story™,False,2021-11-16T05:00:00.000Z,False,123908,9.99,659056,80,Indie,Riot Forge,Choice Provisions,https://shared.akamai.steamstatic.com/store_item_assets/steam/apps/1651960/header.jpg?t=1655222718,https://store.steampowered.com/app/1651960
1566410,Touhou Kouryudou ~ Unconnected Marketeers.,False,2021-05-03T04:00:00.000Z,False,61742,14.99,656248,98,Indie,"Mediascape Co., Ltd.",上海アリス幻樂団,https://shared.akamai.steamstatic.com/store_item_assets/steam/apps/1566410/header.jpg?t=1621839528,https://store.steampowered.com/app/1566410
1418760,Claire's Quest: GOLD,False,2021-08-23T04:00:00.000Z,True,40602,19.99,650570,85,Indie,TinyHat Studios,Dystopian Project,https://shared.akamai.steamstatic.com/store_item_assets/steam/apps/1418760/header.jpg?t=1748227939,https://store.steampowered.com/app/1418760
1281160,Castle in The Clouds DX,False,2021-10-08T04:00:00.000Z,False,64341,12.99,646354,92,Indie,Critical Bliss,"pixelteishoku,Libra Heart",https://shared.akamai.steamstatic.com/store_item_assets/steam/apps/1281160/header.jpg?t=1692688922,https://store.steampowered.com/app/1281160
1380220,Starsand,False,2021-11-04T04:00:00.000Z,False,47513,19.99,640205,66,AA,Toplitz Productions,Tunnel Vision Studio,https://shared.akamai.steamstatic.com/store_item_assets/steam/apps/1380220/header.jpg?t=1741771278,https://store.steampowered.com/app/1380220
1510030,Knights College,False,2021-01-15T05:00:00.000Z,False,38256,24.99,638611,97,Indie,KAIJYU-09,KAIJYU-09,https://shared.akamai.steamstatic.com/store_item_assets/steam/apps/1510030/header.jpg?t=1668479013,https://store.steampowered.com/app/1510030
1295270,SaGa Frontier Remastered,False,2021-04-15T04:00:00.000Z,False,42151,24.99,637801,92,AA,Square Enix,"Square Enix,Bullets",https://shared.akamai.steamstatic.com/store_item_assets/steam/apps/1295270/header.jpg?t=1724830553,https://store.steampowered.com/app/1295270
1069690,Rogue Lords,False,2021-09-30T04:00:00.000Z,False,54549,24.99,634934,70,AA,Nacon,"Leikir Studio,Cyanide Studio",https://shared.akamai.steamstatic.com/store_item_assets/steam/apps/1069690/header.jpg?t=1726153812,https://store.steampowered.com/app/1069690
1601970,Tunguska: The Visitation - Enhanced Edition,False,2021-06-04T04:00:00.000Z,False,77478,14.99,634520,88,Indie,Rotorist Workshop,Rotorist Workshop,https://shared.akamai.steamstatic.com/store_item_assets/steam/apps/1601970/4b747a8c630537c4ad1a3956cfca25b65ad4513c/header.jpg?t=1763051909,https://store.steampowered.com/app/1601970
1364100,Lacuna – A Sci-Fi Noir Adventure,False,2021-05-20T04:00:00.000Z,False,94984,15.99,630986,92,Indie,"Assemble Entertainment,WhisperGames,Mayflower Entertainment",DigiTales Interactive,https://shared.akamai.steamstatic.com/store_item_assets/steam/apps/1364100/header.jpg?t=1749816041,https://store.steampowered.com/app/1364100
1775550,Gary Grigsby's War in the East 2,False,2021-12-10T05:00:00.000Z,False,12133,79.99,625836,92,Indie,Matrix Games,2by3 Games,https://shared.akamai.steamstatic.com/store_item_assets/steam/apps/1775550/header.jpg?t=1756304202,https://store.steampowered.com/app/1775550
1062110,UNSIGHTED,False,2021-09-30T04:00:00.000Z,False,60587,19.99,618928,93,AA,Humble Games,Studio Pixel Punk,https://shared.akamai.steamstatic.com/store_item_assets/steam/apps/1062110/header.jpg?t=1709409664,https://store.steampowered.com/app/1062110
1506980,Lay a Beauty to Rest: The Darkness Peach Blossom Spring,False,2021-10-21T04:00:00.000Z,False,91576,13.99,615040,96,Indie,零创游戏(ZerocreationGame),零创游戏(ZerocreationGame),https://shared.akamai.steamstatic.com/store_item_assets/steam/apps/1506980/header.jpg?t=1757041321,https://store.steampowered.com/app/1506980
1330660,Train Life: A Railway Simulator,False,2021-08-31T04:00:00.000Z,False,58168,19.99,612526,64,AA,Nacon,Simteract,https://shared.akamai.steamstatic.com/store_item_assets/steam/apps/1330660/header.jpg?t=1750851320,https://store.steampowered.com/app/1330660
1277510,Re:ZERO -Starting Life in Another World- The Prophecy of the Throne,False,2021-01-27T05:00:00.000Z,False,32528,59.99,610985,86,AA,"Spike Chunsoft Co., Ltd.",Chime Corporation,https://shared.akamai.steamstatic.com/store_item_assets/steam/apps/1277510/header.jpg?t=1715700857,https://store.steampowered.com/app/1277510
1315610,Source of Madness,False,2021-09-22T04:00:00.000Z,False,100683,19.99,605928,71,Indie,Thunderful Publishing,Carry Castle,https://shared.akamai.steamstatic.com/store_item_assets/steam/apps/1315610/header.jpg?t=1759331079,https://store.steampowered.com/app/1315610
1287530,Lords and Villeins,False,2021-09-30T04:00:00.000Z,False,50477,24.99,599804,72,AA,Fulqrum Publishing,Honestly Games,https://shared.akamai.steamstatic.com/store_item_assets/steam/apps/1287530/header.jpg?t=1761835995,https://store.steampowered.com/app/1287530
1741640,Shadows of Forbidden Gods,False,2021-11-01T04:00:00.000Z,False,37970,19.99,594859,92,Indie,Forbidden Oak Games Limited,Bobby Two Hands,https://shared.akamai.steamstatic.com/store_item_assets/steam/apps/1741640/header.jpg?t=1712014914,https://store.steampowered.com/app/1741640
1436590,Phoenotopia: Awakening,False,2021-01-21T05:00:00.000Z,False,72636,19.99,593448,83,Indie,"Cape Cosmic,Flyhigh Works",Cape Cosmic,https://shared.akamai.steamstatic.com/store_item_assets/steam/apps/1436590/header.jpg?t=1725004745,https://store.steampowered.com/app/1436590
893720,One Hand Clapping,False,2021-06-10T04:00:00.000Z,False,93261,14.99,593197,86,Indie,HandyGames,Bad Dream Games,https://shared.akamai.steamstatic.com/store_item_assets/steam/apps/893720/header.jpg?t=1762961089,https://store.steampowered.com/app/893720
1450120,The Legend of Heroes: Sen no Kiseki I KAI -Thors Military Academy 1204-,False,2021-02-07T05:00:00.000Z,False,34970,34.99,591814,86,Indie,Clouded Leopard Entertainment,Nihon Falcom,https://shared.akamai.steamstatic.com/store_item_assets/steam/apps/1450120/header.jpg?t=1701195492,https://store.steampowered.com/app/1450120
1546010,Fallen girl - Black rose and the fire of desire,False,2021-05-28T04:00:00.000Z,False,84861,14.99,588848,71,Indie,"OTAKU Plan,BoRoBoRoGame",BoRoBoRoGame,https://shared.akamai.steamstatic.com/store_item_assets/steam/apps/1546010/header.jpg?t=1735724130,https://store.steampowered.com/app/1546010
1269950,Buddy Simulator 1984,False,2021-02-18T05:00:00.000Z,False,106412,9.99,588401,94,Indie,Not a Sailor Studios,Not a Sailor Studios,https://shared.akamai.steamstatic.com/store_item_assets/steam/apps/1269950/6565c6ce539591aa5a95c005b95bb525b11007a9/header.jpg?t=1747255411,https://store.steampowered.com/app/1269950
1764530,Sailwind,False,2021-10-18T04:00:00.000Z,True,35282,19.99,588243,91,Indie,Raw Lion Workshop,Raw Lion Workshop,https://shared.akamai.steamstatic.com/store_item_assets/steam/apps/1764530/header.jpg?t=1721001854,https://store.steampowered.com/app/1764530
1339000,Aquarium Designer,False,2021-10-21T04:00:00.000Z,False,106441,9.99,584407,86,Indie,"Games Operators,PlayWay S.A.",Sigur Studio,https://shared.akamai.steamstatic.com/store_item_assets/steam/apps/1339000/header.jpg?t=1754054533,https://store.steampowered.com/app/1339000
1426490,LOST EPIC,False,2021-06-05T04:00:00.000Z,False,38715,17.99,583618,73,Indie,One or Eight,"One or Eight,Team EARTHWARS",https://shared.akamai.steamstatic.com/store_item_assets/steam/apps/1426490/header.jpg?t=1744806684,https://store.steampowered.com/app/1426490
1062140,Garden Story,False,2021-08-11T04:00:00.000Z,False,62171,19.99,573785,89,Indie,Rose City Games,Picogram,https://shared.akamai.steamstatic.com/store_item_assets/steam/apps/1062140/header.jpg?t=1746806887,https://store.steampowered.com/app/1062140
795420,The Darkside Detective: A Fumble in the Dark,False,2021-04-15T04:00:00.000Z,False,67613,14.99,572242,96,Indie,Akupara Games,Spooky Doorway,https://shared.akamai.steamstatic.com/store_item_assets/steam/apps/795420/header.jpg?t=1751347631,https://store.steampowered.com/app/795420
1609080,Summer of '58,False,2021-07-21T04:00:00.000Z,False,159241,8.99,571505,90,Indie,EMIKA_GAMES,EMIKA_GAMES,https://shared.akamai.steamstatic.com/store_item_assets/steam/apps/1609080/header.jpg?t=1727617283,https://store.steampowered.com/app/1609080
1421790,Labyrinth City: Pierre the Maze Detective,False,2021-06-22T04:00:00.000Z,False,78432,11.99,568928,96,Indie,Pixmain,Darjeeling,https://shared.akamai.steamstatic.com/store_item_assets/steam/apps/1421790/header.jpg?t=1629966091,https://store.steampowered.com/app/1421790
1683320,Power & Revolution 2021 Edition,False,2021-08-04T04:00:00.000Z,False,18098,49.99,566383,56,Indie,Eversim,Eversim,https://shared.akamai.steamstatic.com/store_item_assets/steam/apps/1683320/header.jpg?t=1697805014,https://store.steampowered.com/app/1683320
861250,Cyber Shadow,False,2021-01-26T05:00:00.000Z,False,37161,19.99,566287,84,Indie,Yacht Club Games,"Aarne ""MekaSkull"" Hunziker",https://shared.akamai.steamstatic.com/store_item_assets/steam/apps/861250/header.jpg?t=1701228183,https://store.steampowered.com/app/861250
1433340,Happy's Humble Burger Farm,False,2021-12-03T05:00:00.000Z,False,60080,19.99,564814,93,AA,tinyBuild,Scythe Dev Team,https://shared.akamai.steamstatic.com/store_item_assets/steam/apps/1433340/header.jpg?t=1759513869,https://store.steampowered.com/app/1433340
1457510,The Legend of Heroes: Sen no Kiseki IV -THE END OF SAGA-,False,2021-12-22T05:00:00.000Z,False,26942,44.99,560093,87,Indie,Clouded Leopard Entertainment,Nihon Falcom,https://shared.akamai.steamstatic.com/store_item_assets/steam/apps/1457510/header.jpg?t=1738804245,https://store.steampowered.com/app/1457510
1425730,Gal*Gun Returns,False,2021-02-12T05:00:00.000Z,False,28290,49.99,556420,84,Indie,PQube,"INTI CREATES CO., LTD.",https://shared.akamai.steamstatic.com/store_item_assets/steam/apps/1425730/header.jpg?t=1727178912,https://store.steampowered.com/app/1425730
1323470,GetsuFumaDen: Undying Moon,False,2021-05-13T04:00:00.000Z,False,36216,24.99,555442,77,AAA,KONAMI,"KONAMI,GuruGuru",https://shared.akamai.steamstatic.com/store_item_assets/steam/apps/1323470/header.jpg?t=1692175042,https://store.steampowered.com/app/1323470
1734320,Brutal Orchestra,False,2021-12-17T05:00:00.000Z,False,36876,19.99,554762,98,Indie,Hellbent Games,"Talia bob Mair,Nicolás Delgado",https://shared.akamai.steamstatic.com/store_item_assets/steam/apps/1734320/header.jpg?t=1708110077,https://store.steampowered.com/app/1734320
1466180,Devil Girl,False,2021-02-19T05:00:00.000Z,False,50823,9.99,543989,85,Indie,"Playmeow,ACG creator,Playmeow News","BananaKing,台灣香蕉王",https://shared.akamai.steamstatic.com/store_item_assets/steam/apps/1466180/header.jpg?t=1761116031,https://store.steampowered.com/app/1466180
1741040,Last Devil,False,2021-11-11T05:00:00.000Z,False,63824,10.99,541698,77,Indie,Mango Party,"Sand Traveler,ado",https://shared.akamai.steamstatic.com/store_item_assets/steam/apps/1741040/header.jpg?t=1721332543,https://store.steampowered.com/app/1741040
1517970,Aeterna Noctis,False,2021-12-14T05:00:00.000Z,False,38229,29.99,540776,76,Indie,Aeternum Game Studios S.L,Aeternum Game Studios S.L,https://shared.akamai.steamstatic.com/store_item_assets/steam/apps/1517970/header.jpg?t=1728387872,https://store.steampowered.com/app/1517970
1125390,Atrio: The Dark Wild,False,2021-08-10T04:00:00.000Z,False,32533,19.99,536165,80,Indie,Isto Inc.,Isto Inc.,https://shared.akamai.steamstatic.com/store_item_assets/steam/apps/1125390/header.jpg?t=1707847939,https://store.steampowered.com/app/1125390
1623660,MIR4,False,2021-08-25T04:00:00.000Z,False,6091384,0,535081,65,Indie,Wemade,Wemade Next,https://shared.akamai.steamstatic.com/store_item_assets/steam/apps/1623660/header.jpg?t=1720200587,https://store.steampowered.com/app/1623660
1555110,Chasing Tails ~A Promise in the Snow~,False,2021-08-13T04:00:00.000Z,False,268657,7.99,533208,92,Indie,Nupu Neko Dev,"the last evil wizard,Nupu Neko Dev",https://shared.akamai.steamstatic.com/store_item_assets/steam/apps/1555110/2db9779e0a603a33a767deed85368715893793ed/header.jpg?t=1745849290,https://store.steampowered.com/app/1555110
1385100,Insurmountable,False,2021-04-29T04:00:00.000Z,False,54037,24.99,528977,80,AA,Daedalic Entertainment,ByteRockers' Games,https://shared.akamai.steamstatic.com/store_item_assets/steam/apps/1385100/header.jpg?t=1763559291,https://store.steampowered.com/app/1385100
1393370,Actraiser Renaissance,False,2021-09-23T04:00:00.000Z,False,28599,29.99,528087,75,AA,Square Enix,"Square Enix,Sonic Powered",https://shared.akamai.steamstatic.com/store_item_assets/steam/apps/1393370/header.jpg?t=1684722988,https://store.steampowered.com/app/1393370
1536070,Sword and Fairy 3,False,2021-04-14T04:00:00.000Z,False,109088,7.99,526946,84,Indie,SOFTSTAR ENTERTAINMENT,SOFTSTAR TECHNOLOGY(SHANGHAI),https://shared.akamai.steamstatic.com/store_item_assets/steam/apps/1536070/header.jpg?t=1627366653,https://store.steampowered.com/app/1536070
1592520,WitchSpring3 Re:Fine - The Story of Eirudy -,False,2021-11-01T04:00:00.000Z,False,38093,19.99,526408,94,Indie,KIWIWALKS,"KIWIWALKS,IKINAGAMES",https://shared.akamai.steamstatic.com/store_item_assets/steam/apps/1592520/header.jpg?t=1686287932,https://store.steampowered.com/app/1592520
1435010,Succubus★Connect!,False,2021-05-13T04:00:00.000Z,False,32167,24.99,524874,78,Indie,WASABI entertainment,capture1,https://shared.akamai.steamstatic.com/store_item_assets/steam/apps/1435010/header.jpg?t=1725336819,https://store.steampowered.com/app/1435010
760640,Tennis Elbow 4,False,2021-06-04T04:00:00.000Z,True,23883,29.99,521135,96,Indie,Mana Games,Mana Games,https://shared.akamai.steamstatic.com/store_item_assets/steam/apps/760640/header.jpg?t=1763378490,https://store.steampowered.com/app/760640
1801650,Lost: Find,False,2021-12-03T05:00:00.000Z,False,225887,3.99,519409,88,Indie,DSGame,DSGame,https://shared.akamai.steamstatic.com/store_item_assets/steam/apps/1801650/header.jpg?t=1729185419,https://store.steampowered.com/app/1801650
1577620,The Signal State,False,2021-09-23T04:00:00.000Z,False,51608,19.99,517477,87,Indie,"The Iterative Collective,indienova",Reckoner Industries,https://shared.akamai.steamstatic.com/store_item_assets/steam/apps/1577620/header.jpg?t=1728368847,https://store.steampowered.com/app/1577620
1399840,Neptunia Virtual Stars,False,2021-03-29T04:00:00.000Z,False,33889,39.99,515382,57,Indie,Idea Factory International,"Idea Factory,Compile Heart",https://shared.akamai.steamstatic.com/store_item_assets/steam/apps/1399840/header.jpg?t=1730853406,https://store.steampowered.com/app/1399840
1163870,Mecha Knights: Nightmare,False,2021-08-30T04:00:00.000Z,False,54813,15.99,513787,92,Indie,Damian Kubiak,Damian Kubiak,https://shared.akamai.steamstatic.com/store_item_assets/steam/apps/1163870/header.jpg?t=1754445789,https://store.steampowered.com/app/1163870
1245620,ELDEN RING,False,2022-02-24T05:00:00.000Z,False,18787096,59.99,754268964,93,AAA,"FromSoftware, Inc.,Bandai Namco Entertainment","FromSoftware, Inc.",https://shared.akamai.steamstatic.com/store_item_assets/steam/apps/1245620/header.jpg?t=1748630546,https://store.steampowered.com/app/1245620
1938090,Call of Duty®,False,2022-10-27T04:00:00.000Z,False,40140757,0,480151779,59,AAA,Activision,"Treyarch,Raven Software,Beenox,High Moon Studios,Sledgehammer Games,Infinity Ward,Activision Shanghai,Demonware",https://shared.akamai.steamstatic.com/store_item_assets/steam/apps/1938090/06107605348820087bb51ca89ed620c22fe559aa/header.jpg?t=1763413871,https://store.steampowered.com/app/1938090
1449850,Yu-Gi-Oh! Master Duel,False,2022-01-18T05:00:00.000Z,False,9299300,0,221000653,73,AAA,KONAMI,KONAMI,https://shared.akamai.steamstatic.com/store_item_assets/steam/apps/1449850/9204e3438e97166506a9605c05052d02b24087a1/header.jpg?t=1762309929,https://store.steampowered.com/app/1449850
534380,Dying Light 2 Stay Human: Reloaded Edition,False,2022-02-03T05:00:00.000Z,False,6350742,59.99,179926660,79,AAA,Techland,Techland,https://shared.akamai.steamstatic.com/store_item_assets/steam/apps/534380/header.jpg?t=1763646075,https://store.steampowered.com/app/534380
1142710,Total War: WARHAMMER III,False,2022-02-16T05:00:00.000Z,False,3809420,59.99,140028048,69,AAA,"SEGA,Feral Interactive","CREATIVE ASSEMBLY,Feral Interactive",https://shared.akamai.steamstatic.com/store_item_assets/steam/apps/1142710/header.jpg?t=1763646159,https://store.steampowered.com/app/1142710
1593500,God of War,False,2022-01-14T05:00:00.000Z,False,4525749,49.99,120802396,96,AAA,PlayStation Publishing LLC,"Santa Monica Studio,Jetpack Interactive",https://shared.akamai.steamstatic.com/store_item_assets/steam/apps/1593500/header.jpg?t=1763059412,https://store.steampowered.com/app/1593500
1817070,Marvel’s Spider-Man Remastered,False,2022-08-12T04:00:00.000Z,False,3147347,59.99,119740507,96,AAA,PlayStation Publishing LLC,"Insomniac Games,Nixxes Software",https://shared.akamai.steamstatic.com/store_item_assets/steam/apps/1817070/header.jpg?t=1763569047,https://store.steampowered.com/app/1817070
1446780,MONSTER HUNTER RISE,False,2022-01-12T05:00:00.000Z,False,6061223,39.99,106481091,83,AAA,"CAPCOM Co., Ltd.","CAPCOM Co., Ltd.",https://shared.akamai.steamstatic.com/store_item_assets/steam/apps/1446780/header.jpg?t=1734977993,https://store.steampowered.com/app/1446780
1604030,V Rising,False,2022-05-17T04:00:00.000Z,False,5850343,34.99,105878720,89,AA,Stunlock Studios,Stunlock Studios,https://shared.akamai.steamstatic.com/store_item_assets/steam/apps/1604030/123091b358ac705c36642df5599d230825ad3cd6/header.jpg?t=1763392579,https://store.steampowered.com/app/1604030
1687950,Persona 5 Royal,False,2022-10-20T04:00:00.000Z,False,3408236,59.99,101553469,97,AAA,SEGA,ATLUS,https://shared.akamai.steamstatic.com/store_item_assets/steam/apps/1687950/header.jpg?t=1763530018,https://store.steampowered.com/app/1687950
1361210,"Warhammer 40,000: Darktide",False,2022-11-30T05:00:00.000Z,False,2891253,39.99,81711996,71,AA,Fatshark,Fatshark,https://shared.akamai.steamstatic.com/store_item_assets/steam/apps/1361210/37e49cb80079bfb5d1395cf2342b663840c83a3e/header_alt_assets_18.jpg?t=1763710449,https://store.steampowered.com/app/1361210
1868140,DAVE THE DIVER,False,2022-10-26T04:00:00.000Z,False,5710385,19.99,81582814,97,AA,MINTROCKET,MINTROCKET,https://shared.akamai.steamstatic.com/store_item_assets/steam/apps/1868140/81bdb3bce15d27ca1b4554a642d91096e89be229/header.jpg?t=1761737343,https://store.steampowered.com/app/1868140
1332010,Stray,False,2022-07-19T04:00:00.000Z,False,3971069,29.99,77807238,97,AA,Annapurna Interactive,BlueTwelve Studio,https://shared.akamai.steamstatic.com/store_item_assets/steam/apps/1332010/header.jpg?t=1733260906,https://store.steampowered.com/app/1332010
1313140,Cult of the Lamb,False,2022-08-11T04:00:00.000Z,False,4207122,24.99,64740402,96,AA,Devolver Digital,Massive Monster,https://shared.akamai.steamstatic.com/store_item_assets/steam/apps/1313140/header.jpg?t=1762887775,https://store.steampowered.com/app/1313140
1462040,FINAL FANTASY VII REMAKE INTERGRADE,False,2022-06-17T04:00:00.000Z,False,1684298,39.99,59769675,88,AA,Square Enix,Square Enix,https://shared.akamai.steamstatic.com/store_item_assets/steam/apps/1462040/header.jpg?t=1746070920,https://store.steampowered.com/app/1462040
1659040,HITMAN World of Assassination,False,2022-01-20T05:00:00.000Z,False,3227739,69.99,55301751,86,AA,IO Interactive A/S,IO Interactive A/S,https://shared.akamai.steamstatic.com/store_item_assets/steam/apps/1659040/ac76b1f77603839d93f29d6c72cc508eb1c7dc2a/header_alt_assets_13.jpg?t=1764059778,https://store.steampowered.com/app/1659040
1284210,Guild Wars 2,False,2022-08-23T04:00:00.000Z,False,2735816,0,54709380,89,AA,"ArenaNet®,NCSOFT",ArenaNet®,https://shared.akamai.steamstatic.com/store_item_assets/steam/apps/1284210/header.jpg?t=1761669967,https://store.steampowered.com/app/1284210
1817190,Marvel’s Spider-Man: Miles Morales,False,2022-11-18T05:00:00.000Z,False,1584249,49.99,51359538,93,AAA,PlayStation Publishing LLC,"Insomniac Games,Nixxes Software",https://shared.akamai.steamstatic.com/store_item_assets/steam/apps/1817190/header.jpg?t=1763569499,https://store.steampowered.com/app/1817190
920210,LEGO® Star Wars™: The Skywalker Saga,False,2022-04-05T04:00:00.000Z,False,2463481,49.99,48083279,90,AAA,"Warner Bros. Games,Warner Bros. Interactive Entertainment",TT Games,https://shared.akamai.steamstatic.com/store_item_assets/steam/apps/920210/header.jpg?t=1747346983,https://store.steampowered.com/app/920210
1874880,Arma Reforger,False,2022-05-17T04:00:00.000Z,False,1641010,39.99,47455622,78,AAA,Bohemia Interactive,Bohemia Interactive,https://shared.akamai.steamstatic.com/store_item_assets/steam/apps/1874880/header.jpg?t=1762168272,https://store.steampowered.com/app/1874880
529340,Victoria 3,False,2022-10-25T04:00:00.000Z,False,1785631,49.99,47225184,70,AAA,Paradox Interactive,Paradox Development Studio,https://shared.akamai.steamstatic.com/store_item_assets/steam/apps/529340/464376d797122b6035e7dd116bf63cdca4460bc4/header_alt_assets_6.jpg?t=1761836665,https://store.steampowered.com/app/529340
1286680,Tiny Tina's Wonderlands,False,2022-06-23T04:00:00.000Z,False,1973280,59.99,45162969,70,AAA,2K,Gearbox Software,https://shared.akamai.steamstatic.com/store_item_assets/steam/apps/1286680/header.jpg?t=1737970341,https://store.steampowered.com/app/1286680
1943950,Escape the Backrooms,False,2022-08-11T04:00:00.000Z,False,6132144,9.99,44470400,90,AA,Secret Mode,"Fancy Games,Blackbird Interactive",https://shared.akamai.steamstatic.com/store_item_assets/steam/apps/1943950/c5ecb6ccafea6eb86d1ab6413f452eb07dcee27f/header.jpg?t=1764079886,https://store.steampowered.com/app/1943950
1973710,ヘブンバーンズレッド,False,2022-08-10T04:00:00.000Z,False,606574,0,42635216,61,Indie,"WFS, Inc.","WFS, Inc.,VisualArts/Key",https://shared.akamai.steamstatic.com/store_item_assets/steam/apps/1973710/b5b46ac662628b5e2836a830ad17686eb60df5cb/header.jpg?t=1759713938,https://store.steampowered.com/app/1973710
1621690,Core Keeper,False,2022-03-08T05:00:00.000Z,False,3637917,19.99,41973863,93,AA,"Fireshine Games,bilibili",Pugstorm,https://shared.akamai.steamstatic.com/store_item_assets/steam/apps/1621690/header.jpg?t=1759178231,https://store.steampowered.com/app/1621690
1997040,MARVEL SNAP,False,2022-10-18T04:00:00.000Z,False,2291878,0,40124645,73,Indie,Nuverse,"Second Dinner Studios, Inc.",https://shared.akamai.steamstatic.com/store_item_assets/steam/apps/1997040/header.jpg?t=1743019547,https://store.steampowered.com/app/1997040
1824220,Chivalry 2,False,2022-06-12T04:00:00.000Z,False,2227377,39.99,38548602,80,AA,Tripwire Presents,Torn Banner Studios,https://shared.akamai.steamstatic.com/store_item_assets/steam/apps/1824220/header.jpg?t=1744201613,https://store.steampowered.com/app/1824220
1583230,High On Life,False,2022-12-13T05:00:00.000Z,False,886639,39.99,35968605,89,Indie,"Squanch Games, Inc.","Squanch Games, Inc.",https://shared.akamai.steamstatic.com/store_item_assets/steam/apps/1583230/header.jpg?t=1752869049,https://store.steampowered.com/app/1583230
2167580,Summoners War: Chronicles,False,2022-11-09T05:00:00.000Z,False,1451483,0,35403904,77,AA,Com2uS,Com2uS,https://shared.akamai.steamstatic.com/store_item_assets/steam/apps/2167580/1b242130a0a851fd9d191b9b050ddc9ded6b3edd/header.jpg?t=1760600597,https://store.steampowered.com/app/2167580
1659420,UNCHARTED™: Legacy of Thieves Collection,False,2022-10-19T04:00:00.000Z,False,1303375,49.99,33409827,90,AAA,PlayStation Publishing LLC,"Naughty Dog LLC,Iron Galaxy Studios",https://shared.akamai.steamstatic.com/store_item_assets/steam/apps/1659420/header.jpg?t=1751913411,https://store.steampowered.com/app/1659420
1029690,Sniper Elite 5,False,2022-05-25T04:00:00.000Z,False,1638234,49.99,33196575,83,AA,Rebellion,Rebellion,https://shared.akamai.steamstatic.com/store_item_assets/steam/apps/1029690/header.jpg?t=1753950203,https://store.steampowered.com/app/1029690
1657630,Slime Rancher 2,False,2022-09-22T04:00:00.000Z,False,1593843,29.99,33105147,94,AA,Monomi Park,Monomi Park,https://shared.akamai.steamstatic.com/store_item_assets/steam/apps/1657630/964d66b03d8695cdcb0c719a67448a99e3c85c82/header_alt_assets_5.jpg?t=1758651475,https://store.steampowered.com/app/1657630
1974050,Torchlight: Infinite,False,2022-10-11T04:00:00.000Z,False,1668110,0,32008696,70,AA,XD,XD,https://shared.akamai.steamstatic.com/store_item_assets/steam/apps/1974050/93281f3bc6def76576d26df0bf8faae8cde7c28e/header.jpg?t=1760065642,https://store.steampowered.com/app/1974050
1284190,The Planet Crafter,False,2022-03-24T04:00:00.000Z,False,1911381,23.99,29367513,96,Indie,Miju Games,Miju Games,https://shared.akamai.steamstatic.com/store_item_assets/steam/apps/1284190/faf6021da8152e3fd9b006e0f80ef4f58bc350d5/header_alt_assets_11.jpg?t=1763396816,https://store.steampowered.com/app/1284190
1044720,Farthest Frontier,False,2022-08-09T04:00:00.000Z,False,1172351,34.99,27466117,87,AA,Crate Entertainment,Crate Entertainment,https://shared.akamai.steamstatic.com/store_item_assets/steam/apps/1044720/67e7cd8fa5e23c5ec2704b2cc194dc6d09e5db0d/header.jpg?t=1762529224,https://store.steampowered.com/app/1044720
975370,Dwarf Fortress,False,2022-12-06T05:00:00.000Z,False,998121,29.99,26653140,95,Indie,Kitfox Games,Bay 12 Games,https://shared.akamai.steamstatic.com/store_item_assets/steam/apps/975370/e1ee1baef2e1d5cf4ad7205e59ab984f066703a2/header_alt_assets_0.jpg?t=1762194297,https://store.steampowered.com/app/975370
1846380,Need for Speed™ Unbound,False,2022-12-01T05:00:00.000Z,False,1864814,69.99,26402955,60,AAA,Electronic Arts,Criterion Games,https://shared.akamai.steamstatic.com/store_item_assets/steam/apps/1846380/eacea0635efb7af9054f6b299060fee32404ace7/header.jpg?t=1761146151,https://store.steampowered.com/app/1846380
1599600,PlateUp!,False,2022-08-04T04:00:00.000Z,False,2356270,19.99,25804892,95,Indie,"Yogscast Games,Gamersky Games",It's happening,https://shared.akamai.steamstatic.com/store_item_assets/steam/apps/1599600/eb8fa3ad44fb5b4e4de4ef402101a55063797958/header.jpg?t=1763662395,https://store.steampowered.com/app/1599600
1850570,DEATH STRANDING DIRECTOR'S CUT,False,2022-03-30T04:00:00.000Z,False,1262423,39.99,25275797,93,AA,505 Games,KOJIMA PRODUCTIONS,https://shared.akamai.steamstatic.com/store_item_assets/steam/apps/1850570/header.jpg?t=1764081491,https://store.steampowered.com/app/1850570
1336490,Against the Storm,False,2022-11-01T04:00:00.000Z,False,1544468,29.99,24604300,95,AA,Hooded Horse,Eremite Games,https://shared.akamai.steamstatic.com/store_item_assets/steam/apps/1336490/header.jpg?t=1763978326,https://store.steampowered.com/app/1336490
2208920,Assassin's Creed Valhalla,False,2022-12-06T05:00:00.000Z,False,1484323,59.99,24538572,70,AAA,Ubisoft,Ubisoft Montreal,https://shared.akamai.steamstatic.com/store_item_assets/steam/apps/2208920/header.jpg?t=1754572990,https://store.steampowered.com/app/2208920
1273400,Construction Simulator,False,2022-09-20T04:00:00.000Z,False,967017,34.99,24236479,81,AA,astragon Entertainment,weltenbauer. Software Entwicklung GmbH,https://shared.akamai.steamstatic.com/store_item_assets/steam/apps/1273400/header.jpg?t=1747636769,https://store.steampowered.com/app/1273400
1084600,My Time at Sandrock,False,2022-05-25T04:00:00.000Z,False,1056082,39.99,23974159,88,Indie,"Pathea Games,Focus Entertainment,PM Studios, Inc.,DMM Games",Pathea Games,https://shared.akamai.steamstatic.com/store_item_assets/steam/apps/1084600/header.jpg?t=1758092038,https://store.steampowered.com/app/1084600
1062520,Dinkum,False,2022-07-14T04:00:00.000Z,False,1584513,19.99,23408429,92,AAA,"KRAFTON, Inc.",James Bendon,https://shared.akamai.steamstatic.com/store_item_assets/steam/apps/1062520/38a65a2edc3ac6d9865954375a2f8aca54347cc0/header_alt_assets_3.jpg?t=1762305985,https://store.steampowered.com/app/1062520
1475810,Ghostwire: Tokyo,False,2022-03-24T04:00:00.000Z,False,985588,59.99,22929570,83,AAA,Bethesda Softworks,Tango Gameworks,https://shared.akamai.steamstatic.com/store_item_assets/steam/apps/1475810/header.jpg?t=1750779600,https://store.steampowered.com/app/1475810
1401590,Disney Dreamlight Valley,False,2022-09-06T04:00:00.000Z,False,729024,39.99,22549690,92,AA,Gameloft,Gameloft,https://shared.akamai.steamstatic.com/store_item_assets/steam/apps/1401590/2ee63ffe0b7154fa5f3a4c1bf6eabbb78365576e/header_alt_assets_3.jpg?t=1763565113,https://store.steampowered.com/app/1401590
2064650,Tower of Fantasy,False,2022-10-19T04:00:00.000Z,False,1219031,0,22391950,67,Indie,Perfect World Games,Hotta Studio,https://shared.akamai.steamstatic.com/store_item_assets/steam/apps/2064650/9d4bd7ca022bf389885e96836d79d5277b7fb7cf/header.jpg?t=1763955164,https://store.steampowered.com/app/2064650
1942280,Brotato,False,2022-09-27T04:00:00.000Z,False,6721162,4.99,21261578,97,Indie,Blobfish,Blobfish,https://shared.akamai.steamstatic.com/store_item_assets/steam/apps/1942280/header.jpg?t=1761670623,https://store.steampowered.com/app/1942280
1296830,暖雪 Warm Snow,False,2022-01-18T05:00:00.000Z,False,2085975,17.99,21144525,93,AA,bilibili,BadMudStudio,https://shared.akamai.steamstatic.com/store_item_assets/steam/apps/1296830/header.jpg?t=1761299466,https://store.steampowered.com/app/1296830
368260,Marvel's Midnight Suns,False,2022-12-01T05:00:00.000Z,False,769446,79.99,19424652,81,AAA,2K,Firaxis Games,https://shared.akamai.steamstatic.com/store_item_assets/steam/apps/368260/header.jpg?t=1732138093,https://store.steampowered.com/app/368260
1158160,Coral Island,False,2022-10-11T04:00:00.000Z,False,827807,29.99,19323665,88,AA,Humble Games,Stairway Games,https://shared.akamai.steamstatic.com/store_item_assets/steam/apps/1158160/header.jpg?t=1755197548,https://store.steampowered.com/app/1158160
1703340,The Stanley Parable: Ultra Deluxe,False,2022-04-27T04:00:00.000Z,False,1207385,24.99,18385753,94,Indie,Crows Crows Crows,Crows Crows Crows,https://shared.akamai.steamstatic.com/store_item_assets/steam/apps/1703340/header.jpg?t=1712065263,https://store.steampowered.com/app/1703340
1549250,UNDECEMBER,False,2022-10-11T04:00:00.000Z,False,2473499,0,17898595,52,Indie,LINE Games Corporation,Needs Games,https://shared.akamai.steamstatic.com/store_item_assets/steam/apps/1549250/4e9d8e4edb50a79580ebf8e3bb98c22684ba90e8/header.jpg?t=1756904727,https://store.steampowered.com/app/1549250
1544020,The Callisto Protocol™,False,2022-12-01T05:00:00.000Z,False,613834,59.99,17645235,65,AAA,"KRAFTON, Inc.",Striking Distance Studios,https://shared.akamai.steamstatic.com/store_item_assets/steam/apps/1544020/header.jpg?t=1760331403,https://store.steampowered.com/app/1544020
1987080,Inside the Backrooms,False,2022-06-20T04:00:00.000Z,True,4053350,6.99,17559637,81,Indie,"MrFatcat,Dropsiick",MrFatcat,https://shared.akamai.steamstatic.com/store_item_assets/steam/apps/1987080/header.jpg?t=1730653653,https://store.steampowered.com/app/1987080
1237320,Sonic Frontiers,False,2022-11-07T05:00:00.000Z,False,612224,59.99,17464614,90,AAA,SEGA,Sonic Team,https://shared.akamai.steamstatic.com/store_item_assets/steam/apps/1237320/header.jpg?t=1763684832,https://store.steampowered.com/app/1237320
1818450,STALCRAFT: X,False,2022-12-09T05:00:00.000Z,False,4349633,0,16627041,74,Indie,EXBO,EXBO,https://shared.akamai.steamstatic.com/store_item_assets/steam/apps/1818450/cec734ee95f7d946c649a4378deb4fa4826a6d5d/header.jpg?t=1762335695,https://store.steampowered.com/app/1818450
1496790,Gotham Knights,False,2022-10-21T04:00:00.000Z,False,786142,59.99,16391836,67,AAA,Warner Bros. Games,"Warner Bros. Games Montréal,QLOC",https://shared.akamai.steamstatic.com/store_item_assets/steam/apps/1496790/header.jpg?t=1747345787,https://store.steampowered.com/app/1496790
1451940,NEEDY STREAMER OVERLOAD,False,2022-01-21T05:00:00.000Z,False,1994426,15.99,16297519,95,Indie,"WSS playground,Alliance Arts","WSS playground,xemono",https://shared.akamai.steamstatic.com/store_item_assets/steam/apps/1451940/header.jpg?t=1762834234,https://store.steampowered.com/app/1451940
1789480,Marauders,False,2022-10-03T04:00:00.000Z,True,607806,29.99,15376877,69,AA,Team17,Small Impact Games,https://shared.akamai.steamstatic.com/store_item_assets/steam/apps/1789480/header.jpg?t=1760719452,https://store.steampowered.com/app/1789480
1336980,NOBUNAGA'S AMBITION: Awakening,False,2022-07-20T04:00:00.000Z,False,351001,59.99,15327847,74,AA,"KOEI TECMO GAMES CO., LTD.","KOEI TECMO GAMES CO., LTD.",https://shared.akamai.steamstatic.com/store_item_assets/steam/apps/1336980/header.jpg?t=1760590565,https://store.steampowered.com/app/1336980
1592190,BONELAB,False,2022-09-29T04:00:00.000Z,False,442047,39.99,15019507,80,Indie,Stress Level Zero,Stress Level Zero,https://shared.akamai.steamstatic.com/store_item_assets/steam/apps/1592190/header.jpg?t=1672959398,https://store.steampowered.com/app/1592190
1629520,A Little to the Left,False,2022-11-08T05:00:00.000Z,False,1471655,14.99,14925908,92,AA,Secret Mode,Max Inferno,https://shared.akamai.steamstatic.com/store_item_assets/steam/apps/1629520/header.jpg?t=1763464682,https://store.steampowered.com/app/1629520
1588010,PGA TOUR 2K23,False,2022-10-13T04:00:00.000Z,False,539945,59.99,14762037,75,AAA,2K,HB Studios,https://shared.akamai.steamstatic.com/store_item_assets/steam/apps/1588010/header.jpg?t=1753286287,https://store.steampowered.com/app/1588010
1611600,WARNO,False,2022-01-20T05:00:00.000Z,False,495269,39.99,14538921,80,AA,Eugen Systems,Eugen Systems,https://shared.akamai.steamstatic.com/store_item_assets/steam/apps/1611600/header.jpg?t=1763021605,https://store.steampowered.com/app/1611600
1922560,Plants vs. Zombies™ Garden Warfare 2: Deluxe Edition,False,2022-05-16T04:00:00.000Z,False,1888218,29.99,14232551,91,AAA,Electronic Arts,PopCap,https://shared.akamai.steamstatic.com/store_item_assets/steam/apps/1922560/header.jpg?t=1747234782,https://store.steampowered.com/app/1922560
1341290,We Were Here Forever,False,2022-05-10T04:00:00.000Z,False,1283564,17.99,14116259,91,Indie,Total Mayhem Games,Total Mayhem Games,https://shared.akamai.steamstatic.com/store_item_assets/steam/apps/1341290/header.jpg?t=1757062725,https://store.steampowered.com/app/1341290
1296610,Peglin,False,2022-04-25T04:00:00.000Z,False,918833,19.99,13725459,84,Indie,"Red Nexus Games Inc.,IndieArk",Red Nexus Games Inc.,https://shared.akamai.steamstatic.com/store_item_assets/steam/apps/1296610/header.jpg?t=1763426069,https://store.steampowered.com/app/1296610
1637320,Dome Keeper,False,2022-09-27T04:00:00.000Z,False,1384314,17.99,13538015,92,AA,Raw Fury,Bippinbits,https://shared.akamai.steamstatic.com/store_item_assets/steam/apps/1637320/334439c379674a719de3f12028f76977aeb176c6/header.jpg?t=1763650140,https://store.steampowered.com/app/1637320
1577120,The Quarry,False,2022-06-09T04:00:00.000Z,False,731853,59.99,13354386,82,Indie,2K Games,Supermassive Games,https://shared.akamai.steamstatic.com/store_item_assets/steam/apps/1577120/header.jpg?t=1730303267,https://store.steampowered.com/app/1577120
1272320,Diplomacy is Not an Option,False,2022-02-09T05:00:00.000Z,False,794470,29.99,13245445,85,Indie,Door 407,Door 407,https://shared.akamai.steamstatic.com/store_item_assets/steam/apps/1272320/1557ec227f1e920f12435c4abb698807e3ed46e5/header_alt_assets_3.jpg?t=1763486744,https://store.steampowered.com/app/1272320
1611910,"Warhammer 40,000: Chaos Gate - Daemonhunters",False,2022-05-05T04:00:00.000Z,False,609722,44.99,13212075,77,Indie,Frontier Foundry,Complex Games,https://shared.akamai.steamstatic.com/store_item_assets/steam/apps/1611910/header.jpg?t=1728992810,https://store.steampowered.com/app/1611910
1350650,FreshWomen - Season 1,False,2022-08-19T04:00:00.000Z,False,1395408,13.99,12945413,95,Indie,OppaiMan Studios,Pantsu Interactive,https://shared.akamai.steamstatic.com/store_item_assets/steam/apps/1350650/header.jpg?t=1755804848,https://store.steampowered.com/app/1350650
1324130,Stranded: Alien Dawn,False,2022-10-12T04:00:00.000Z,False,544525,34.99,12795071,85,AAA,Paradox Interactive,Haemimont Games,https://shared.akamai.steamstatic.com/store_item_assets/steam/apps/1324130/header.jpg?t=1759746262,https://store.steampowered.com/app/1324130
1718570,ASTLIBRA Revision,False,2022-10-13T04:00:00.000Z,False,771674,24.99,12498931,95,AA,WhisperGames,KEIZO,https://shared.akamai.steamstatic.com/store_item_assets/steam/apps/1718570/header.jpg?t=1757821927,https://store.steampowered.com/app/1718570
872670,SCP: 5K,False,2022-02-22T05:00:00.000Z,True,788348,19.99,12476549,80,Indie,Affray Interactive,Affray Interactive,https://shared.akamai.steamstatic.com/store_item_assets/steam/apps/872670/header.jpg?t=1756935844,https://store.steampowered.com/app/872670
1969870,Battle Teams 2,False,2022-06-27T04:00:00.000Z,False,1887842,0,12358830,56,Indie,Wizard Games,Wizard Games,https://shared.akamai.steamstatic.com/store_item_assets/steam/apps/1969870/header.jpg?t=1752565360,https://store.steampowered.com/app/1969870
1182900,A Plague Tale: Requiem,False,2022-10-17T04:00:00.000Z,False,523745,69.99,12166335,91,AAA,Focus Entertainment,Asobo Studio,https://shared.akamai.steamstatic.com/store_item_assets/steam/apps/1182900/header.jpg?t=1761846087,https://store.steampowered.com/app/1182900
553420,TUNIC,False,2022-03-16T04:00:00.000Z,False,573404,29.99,12026248,92,Indie,Finji,TUNIC Team,https://shared.akamai.steamstatic.com/store_item_assets/steam/apps/553420/header.jpg?t=1755875877,https://store.steampowered.com/app/553420
1608070,CRISIS CORE –FINAL FANTASY VII– REUNION,False,2022-12-13T05:00:00.000Z,False,337347,49.99,11779141,90,AA,Square Enix,"Square Enix,TOSE CO., LTD.",https://shared.akamai.steamstatic.com/store_item_assets/steam/apps/1608070/header.jpg?t=1727791468,https://store.steampowered.com/app/1608070
1594320,Captain of Industry,False,2022-05-31T04:00:00.000Z,True,496421,34.99,11767892,94,Indie,MaFi Games,MaFi Games,https://shared.akamai.steamstatic.com/store_item_assets/steam/apps/1594320/2ab6e9a5ec9aedca02b0347bb017c92caff0580b/header.jpg?t=1755288516,https://store.steampowered.com/app/1594320
1372110,JoJo's Bizarre Adventure: All-Star Battle R,False,2022-09-01T04:00:00.000Z,False,605685,69.99,11673722,90,AAA,Bandai Namco Entertainment,CyberConnect2 Co. Ltd.,https://shared.akamai.steamstatic.com/store_item_assets/steam/apps/1372110/header.jpg?t=1720409046,https://store.steampowered.com/app/1372110
1605220,Dune: Spice Wars,False,2022-04-26T04:00:00.000Z,False,528942,34.99,11477709,79,AA,"Funcom,Shiro Games",Shiro Games,https://shared.akamai.steamstatic.com/store_item_assets/steam/apps/1605220/header.jpg?t=1733479296,https://store.steampowered.com/app/1605220
2141730,Backrooms: Escape Together,False,2022-10-18T04:00:00.000Z,True,1750870,9.99,11340967,88,Indie,Triiodide Studios,Triiodide Studios,https://shared.akamai.steamstatic.com/store_item_assets/steam/apps/2141730/header.jpg?t=1761959171,https://store.steampowered.com/app/2141730
1113120,IXION,False,2022-12-07T05:00:00.000Z,False,438593,34.99,11031690,79,Indie,Kasedo Games,Bulwark Studios,https://shared.akamai.steamstatic.com/store_item_assets/steam/apps/1113120/header.jpg?t=1733140180,https://store.steampowered.com/app/1113120
1361510,Teenage Mutant Ninja Turtles: Shredder's Revenge,False,2022-06-16T04:00:00.000Z,False,689521,24.99,10917839,94,Indie,"Dotemu,Gamirror Games",Tribute Games Inc.,https://shared.akamai.steamstatic.com/store_item_assets/steam/apps/1361510/header.jpg?t=1744957985,https://store.steampowered.com/app/1361510
1473480,A.V.A Global,False,2022-08-23T04:00:00.000Z,False,814627,0,10664700,47,Indie,Valiant,Valiant,https://shared.akamai.steamstatic.com/store_item_assets/steam/apps/1473480/header.jpg?t=1761191331,https://store.steampowered.com/app/1473480
1954200,Kena: Bridge of Spirits,False,2022-09-26T04:00:00.000Z,False,581447,39.99,10643892,92,Indie,Ember Lab,Ember Lab,https://shared.akamai.steamstatic.com/store_item_assets/steam/apps/1954200/header.jpg?t=1664298117,https://store.steampowered.com/app/1954200
1631080,HoneySelect2Libido DX,False,2022-06-02T04:00:00.000Z,False,176990,69.99,10583452,81,AA,ILLUSION,ILLUSION,https://shared.akamai.steamstatic.com/store_item_assets/steam/apps/1631080/header.jpg?t=1666075237,https://store.steampowered.com/app/1631080
1065310,Evil West,False,2022-11-21T05:00:00.000Z,False,497095,49.99,10534649,74,AAA,Focus Entertainment,Flying Wild Hog,https://shared.akamai.steamstatic.com/store_item_assets/steam/apps/1065310/header.jpg?t=1761845937,https://store.steampowered.com/app/1065310
1761390,Hatsune Miku: Project DIVA Mega Mix+,False,2022-05-26T04:00:00.000Z,False,513339,39.39,10399826,94,AAA,SEGA,SEGA,https://shared.akamai.steamstatic.com/store_item_assets/steam/apps/1761390/header.jpg?t=1763684613,https://store.steampowered.com/app/1761390
1498570,THE KING OF FIGHTERS XV,False,2022-02-16T05:00:00.000Z,False,484590,29.99,10321577,84,Indie,SNK CORPORATION,SNK CORPORATION,https://shared.akamai.steamstatic.com/store_item_assets/steam/apps/1498570/header.jpg?t=1742873915,https://store.steampowered.com/app/1498570
867210,Songs of Conquest,False,2022-05-10T04:00:00.000Z,False,684715,29.99,10221806,86,AAA,Coffee Stain Publishing,Lavapotion,https://shared.akamai.steamstatic.com/store_item_assets/steam/apps/867210/header.jpg?t=1763663688,https://store.steampowered.com/app/867210
1061910,Metal: Hellsinger,False,2022-09-15T04:00:00.000Z,False,671767,29.99,10155082,96,AA,Funcom,The Outsiders,https://shared.akamai.steamstatic.com/store_item_assets/steam/apps/1061910/header.jpg?t=1731933059,https://store.steampowered.com/app/1061910
2087030,Shatterline,False,2022-09-08T04:00:00.000Z,False,1156280,9.99,10124774,73,Indie,Frag Lab LLC,Frag Lab LLC,https://shared.akamai.steamstatic.com/store_item_assets/steam/apps/2087030/header.jpg?t=1757923026,https://store.steampowered.com/app/2087030
1782120,ZERO Sievert,False,2022-11-15T05:00:00.000Z,False,607902,19.99,10047529,85,Indie,Modern Wolf,CABO Studio,https://shared.akamai.steamstatic.com/store_item_assets/steam/apps/1782120/header.jpg?t=1763116403,https://store.steampowered.com/app/1782120
2066020,Soulstone Survivors,False,2022-11-07T05:00:00.000Z,False,1279508,14.99,9812060,91,Indie,Game Smithing Limited,Game Smithing Limited,https://shared.akamai.steamstatic.com/store_item_assets/steam/apps/2066020/022e77a453431755a893a08d4bcde0fd419857c4/header_alt_assets_0.jpg?t=1763560818,https://store.steampowered.com/app/2066020
1176470,Terra Invicta,False,2022-09-26T04:00:00.000Z,True,328924,39.99,9676121,80,AA,Hooded Horse,Pavonis Interactive,https://shared.akamai.steamstatic.com/store_item_assets/steam/apps/1176470/header.jpg?t=1764085442,https://store.steampowered.com/app/1176470
1202130,Starship Troopers: Terran Command,False,2022-06-16T04:00:00.000Z,False,462906,29.99,9551040,88,AA,Slitherine Ltd.,The Artistocrats,https://shared.akamai.steamstatic.com/store_item_assets/steam/apps/1202130/b4ca580246e8fb56649578a349b941ac645eb7d5/header.jpg?t=1763475430,https://store.steampowered.com/app/1202130
1288320,Way of the Hunter,False,2022-08-16T04:00:00.000Z,False,404115,29.99,9512771,80,AA,THQ Nordic,Nine Rocks Games,https://shared.akamai.steamstatic.com/store_item_assets/steam/apps/1288320/header.jpg?t=1761051481,https://store.steampowered.com/app/1288320
1948280,Stacklands,False,2022-04-08T04:00:00.000Z,False,2121495,7.99,9413015,96,Indie,Sokpop Collective,Sokpop Collective,https://shared.akamai.steamstatic.com/store_item_assets/steam/apps/1948280/header.jpg?t=1729241259,https://store.steampowered.com/app/1948280
1533420,Neon White,False,2022-06-16T04:00:00.000Z,False,566825,24.99,9353691,98,AA,Annapurna Interactive,Angel Matrix,https://shared.akamai.steamstatic.com/store_item_assets/steam/apps/1533420/header.jpg?t=1729099604,https://store.steampowered.com/app/1533420
736820,Knights of Honor II: Sovereign,False,2022-12-06T05:00:00.000Z,False,284511,44.99,9256295,77,AA,THQ Nordic,Black Sea Games,https://shared.akamai.steamstatic.com/store_item_assets/steam/apps/736820/header.jpg?t=1725000879,https://store.steampowered.com/app/736820
799600,Cosmoteer: Starship Architect & Commander,False,2022-10-24T04:00:00.000Z,True,565453,19.99,9256215,95,Indie,Walternate Realities,Walternate Realities,https://shared.akamai.steamstatic.com/store_item_assets/steam/apps/799600/header.jpg?t=1763998326,https://store.steampowered.com/app/799600
2058190,Lost Judgment,False,2022-09-14T04:00:00.000Z,False,339718,59.99,9253218,94,AAA,SEGA,Ryu Ga Gotoku Studio,https://shared.akamai.steamstatic.com/store_item_assets/steam/apps/2058190/header.jpg?t=1763648542,https://store.steampowered.com/app/2058190
1740720,Have a Nice Death,False,2022-03-08T05:00:00.000Z,False,578924,24.99,9239668,86,AA,Arc Games,Magic Design Studios,https://shared.akamai.steamstatic.com/store_item_assets/steam/apps/1740720/header.jpg?t=1717104630,https://store.steampowered.com/app/1740720
1295920,The Mortuary Assistant,False,2022-08-02T04:00:00.000Z,False,488913,24.99,9220026,92,Indie,DreadXP,DarkStone Digital,https://shared.akamai.steamstatic.com/store_item_assets/steam/apps/1295920/header.jpg?t=1761754243,https://store.steampowered.com/app/1295920
1976440,CounterSide,False,2022-09-01T04:00:00.000Z,False,212353,0,9201432,75,Indie,"Studiobside Co.,Ltd","Studiobside Co.,Ltd",https://shared.akamai.steamstatic.com/store_item_assets/steam/apps/1976440/header.jpg?t=1739322315,https://store.steampowered.com/app/1976440
1262350,SIGNALIS,False,2022-10-27T04:00:00.000Z,False,601851,19.99,9167148,97,AA,Humble Games,rose-engine,https://shared.akamai.steamstatic.com/store_item_assets/steam/apps/1262350/header.jpg?t=1762193138,https://store.steampowered.com/app/1262350
1850740,Ghost Watchers,False,2022-07-28T04:00:00.000Z,False,866534,14.99,9085706,86,Indie,Renderise,Renderise,https://shared.akamai.steamstatic.com/store_item_assets/steam/apps/1850740/header.jpg?t=1763218794,https://store.steampowered.com/app/1850740
1097430,Book of Yog Idle RPG,False,2022-07-29T04:00:00.000Z,False,759149,0,9084519,65,Indie,元气工作室,元气工作室,https://shared.akamai.steamstatic.com/store_item_assets/steam/apps/1097430/header.jpg?t=1747617187,https://store.steampowered.com/app/1097430
597180,Old World,False,2022-05-18T04:00:00.000Z,False,466501,39.99,8841481,82,AA,Hooded Horse,Mohawk Games,https://shared.akamai.steamstatic.com/store_item_assets/steam/apps/597180/header.jpg?t=1763977895,https://store.steampowered.com/app/597180
1121640,The Wandering Village,False,2022-09-14T04:00:00.000Z,False,509926,29.99,8596412,92,Indie,"Stray Fawn Publishing,WhisperGames",Stray Fawn Studio,https://shared.akamai.steamstatic.com/store_item_assets/steam/apps/1121640/header.jpg?t=1763045503,https://store.steampowered.com/app/1121640
1649080,Two Point Campus,False,2022-08-09T04:00:00.000Z,False,700362,29.99,8569300,88,AAA,SEGA,Two Point Studios,https://shared.akamai.steamstatic.com/store_item_assets/steam/apps/1649080/header.jpg?t=1763646611,https://store.steampowered.com/app/1649080
1451090,Tactics Ogre: Reborn,False,2022-11-11T05:00:00.000Z,False,264470,49.99,8477708,74,AA,Square Enix,Square Enix,https://shared.akamai.steamstatic.com/store_item_assets/steam/apps/1451090/header.jpg?t=1696939173,https://store.steampowered.com/app/1451090
2058180,Judgment,False,2022-09-14T04:00:00.000Z,False,432416,39.99,8358546,94,AAA,SEGA,Ryu Ga Gotoku Studio,https://shared.akamai.steamstatic.com/store_item_assets/steam/apps/2058180/header.jpg?t=1763647058,https://store.steampowered.com/app/2058180
1408610,Call of the Wild: The Angler™,False,2022-08-31T04:00:00.000Z,False,467644,29.99,7693526,63,AA,Avalanche Studios,Expansive Worlds,https://shared.akamai.steamstatic.com/store_item_assets/steam/apps/1408610/header.jpg?t=1737626002,https://store.steampowered.com/app/1408610
1970580,Backpack Hero,False,2022-08-15T04:00:00.000Z,False,559827,19.99,7565484,87,Indie,"Pretty Soon,IndieArk",Jaspel,https://shared.akamai.steamstatic.com/store_item_assets/steam/apps/1970580/header.jpg?t=1762361103,https://store.steampowered.com/app/1970580
961200,Predecessor,False,2022-11-30T05:00:00.000Z,False,618757,0,7488354,72,Indie,Omeda Studios,Omeda Studios,https://shared.akamai.steamstatic.com/store_item_assets/steam/apps/961200/69a3d3c9b20e3484ceab0bae2ecfcc93815bf9d9/header.jpg?t=1764110859,https://store.steampowered.com/app/961200
1766740,Choo-Choo Charles,False,2022-12-09T05:00:00.000Z,False,510960,19.99,7273503,91,Indie,Two Star Games,Two Star Games,https://shared.akamai.steamstatic.com/store_item_assets/steam/apps/1766740/header.jpg?t=1718841444,https://store.steampowered.com/app/1766740
1129540,Orc Massage,False,2022-02-08T05:00:00.000Z,True,611608,14.99,7212304,86,Indie,"Critical Bliss,Mango Party",TorchEntertainment,https://shared.akamai.steamstatic.com/store_item_assets/steam/apps/1129540/header.jpg?t=1730717444,https://store.steampowered.com/app/1129540
1173820,FINAL FANTASY VI,False,2022-02-23T05:00:00.000Z,False,505045,17.99,7159446,92,AA,Square Enix,Square Enix,https://shared.akamai.steamstatic.com/store_item_assets/steam/apps/1173820/header.jpg?t=1746071008,https://store.steampowered.com/app/1173820
2190290,To Be or Not to Be,False,2022-12-09T05:00:00.000Z,False,846856,12.99,6802643,89,Indie,DSGame,Team K,https://shared.akamai.steamstatic.com/store_item_assets/steam/apps/2190290/header.jpg?t=1734500879,https://store.steampowered.com/app/2190290
1468720,Ultimate Epic Battle Simulator 2,False,2022-05-12T04:00:00.000Z,False,488441,19.99,6702873,84,Indie,Brilliant Game Studios,Brilliant Game Studios,https://shared.akamai.steamstatic.com/store_item_assets/steam/apps/1468720/header.jpg?t=1736286994,https://store.steampowered.com/app/1468720
698670,Scorn,False,2022-10-14T04:00:00.000Z,False,429512,39.99,6673781,77,AA,Kepler Interactive,Ebb Software,https://shared.akamai.steamstatic.com/store_item_assets/steam/apps/698670/header.jpg?t=1706178006,https://store.steampowered.com/app/698670
1645820,SurrounDead,False,2022-06-24T04:00:00.000Z,True,730885,11.99,6671251,92,Indie,PlaySurrounDead,Zurvivor,https://shared.akamai.steamstatic.com/store_item_assets/steam/apps/1645820/header.jpg?t=1758056393,https://store.steampowered.com/app/1645820
1563180,Internet Cafe Simulator 2,False,2022-01-07T05:00:00.000Z,False,702844,19.99,6512972,73,Indie,Cheesecake Dev,Cheesecake Dev,https://shared.akamai.steamstatic.com/store_item_assets/steam/apps/1563180/header.jpg?t=1751967673,https://store.steampowered.com/app/1563180
1556790,Isonzo,False,2022-09-13T04:00:00.000Z,False,526733,44.99,6468060,83,Indie,BlackMill Games,BlackMill Games,https://shared.akamai.steamstatic.com/store_item_assets/steam/apps/1556790/0a5effbfb551f15d935485b88b47775b148888e5/header_alt_assets_6.jpg?t=1763645931,https://store.steampowered.com/app/1556790
1797880,Lost Light,False,2022-08-04T04:00:00.000Z,False,2763447,0,6460709,56,AA,NetEase Games,NetEase Games,https://shared.akamai.steamstatic.com/store_item_assets/steam/apps/1797880/header.jpg?t=1711521041,https://store.steampowered.com/app/1797880
973230,We Who Are About To Die,False,2022-11-14T05:00:00.000Z,True,371231,21.99,6455881,88,Indie,Jordy Lakiere,Jordy Lakiere,https://shared.akamai.steamstatic.com/store_item_assets/steam/apps/973230/header.jpg?t=1762571276,https://store.steampowered.com/app/973230
1432050,Nobody Saves the World,False,2022-01-18T05:00:00.000Z,False,499645,24.99,6429366,91,Indie,Drinkbox Studios,Drinkbox Studios,https://shared.akamai.steamstatic.com/store_item_assets/steam/apps/1432050/header.jpg?t=1763144655,https://store.steampowered.com/app/1432050
1599660,Sackboy™: A Big Adventure,False,2022-10-27T04:00:00.000Z,False,190080,59.99,6358322,84,AAA,PlayStation Publishing LLC,Sumo Digital,https://shared.akamai.steamstatic.com/store_item_assets/steam/apps/1599660/header.jpg?t=1750957508,https://store.steampowered.com/app/1599660
2014780,X-Plane 12,False,2022-09-16T04:00:00.000Z,False,130480,59.99,6160777,85,Indie,Laminar Research,Laminar Research,https://shared.akamai.steamstatic.com/store_item_assets/steam/apps/2014780/header.jpg?t=1756364603,https://store.steampowered.com/app/2014780
1850510,TRIANGLE STRATEGY,False,2022-10-13T04:00:00.000Z,False,198565,59.99,6143266,80,AA,Square Enix,"Square Enix,ARTDINK",https://shared.akamai.steamstatic.com/store_item_assets/steam/apps/1850510/header.jpg?t=1751339158,https://store.steampowered.com/app/1850510
1488200,Symphony of War: The Nephilim Saga,False,2022-06-10T04:00:00.000Z,False,531561,19.99,6093585,95,Indie,indie.io,Dancing Dragon Games,https://shared.akamai.steamstatic.com/store_item_assets/steam/apps/1488200/4bb38b692df35b5ce84e7ac3c95368c159b966fe/header.jpg?t=1748967289,https://store.steampowered.com/app/1488200
1954420,Riichi City - Japanese Mahjong,False,2022-09-08T04:00:00.000Z,False,272444,0,6009659,50,Indie,"Formirai Co., Ltd.","Formirai Co., Ltd.",https://shared.akamai.steamstatic.com/store_item_assets/steam/apps/1954420/header.jpg?t=1753023713,https://store.steampowered.com/app/1954420
1562700,SANABI,False,2022-06-20T04:00:00.000Z,False,595538,14.99,5968817,97,AA,NEOWIZ,WONDER POTION,https://shared.akamai.steamstatic.com/store_item_assets/steam/apps/1562700/header.jpg?t=1762332048,https://store.steampowered.com/app/1562700
1944790,Train Sim World® 3,False,2022-09-06T04:00:00.000Z,False,304853,24.99,5946062,78,Indie,Dovetail Games - TSW,Dovetail Games,https://shared.akamai.steamstatic.com/store_item_assets/steam/apps/1944790/header.jpg?t=1759145820,https://store.steampowered.com/app/1944790
1966900,20 Minutes Till Dawn,False,2022-06-07T04:00:00.000Z,False,1679466,4.99,5868174,91,Indie,"Erabit,flanne",flanne,https://shared.akamai.steamstatic.com/store_item_assets/steam/apps/1966900/header.jpg?t=1755696474,https://store.steampowered.com/app/1966900
1635450,Longvinter,False,2022-02-24T05:00:00.000Z,False,433517,19.99,5728339,67,Indie,Uuvana Studios,Uuvana Studios,https://shared.akamai.steamstatic.com/store_item_assets/steam/apps/1635450/header.jpg?t=1740149927,https://store.steampowered.com/app/1635450
1229240,Chained Echoes,False,2022-12-08T05:00:00.000Z,False,300117,24.99,5712577,89,Indie,"Deck13,WhisperGames",Umami Tiger (Matthias Linda),https://shared.akamai.steamstatic.com/store_item_assets/steam/apps/1229240/header.jpg?t=1760428315,https://store.steampowered.com/app/1229240
1265920,Life is Strange Remastered,False,2022-02-01T05:00:00.000Z,False,254229,39.99,5697407,90,AA,Square Enix,Deck Nine,https://shared.akamai.steamstatic.com/store_item_assets/steam/apps/1265920/header.jpg?t=1748420882,https://store.steampowered.com/app/1265920
1059990,Trombone Champ,False,2022-09-15T04:00:00.000Z,False,594982,14.99,5677279,98,Indie,Holy Wow Studios LLC,Holy Wow Studios LLC,https://shared.akamai.steamstatic.com/store_item_assets/steam/apps/1059990/header.jpg?t=1762540354,https://store.steampowered.com/app/1059990
987840,Expeditions: Rome,False,2022-01-20T05:00:00.000Z,False,248666,44.99,5633165,88,AA,THQ Nordic,Logic Artists,https://shared.akamai.steamstatic.com/store_item_assets/steam/apps/987840/header.jpg?t=1755582893,https://store.steampowered.com/app/987840
3595230,Call of Duty®: Modern Warfare® II,False,2022-10-27T00:00:00.000Z,False,100945,69.99,5610869,34,AAA,Activision,"Infinity Ward,Raven Software,Beenox,Treyarch,High Moon Studios,Sledgehammer Games,Demonware,Toys for Bob",https://shared.akamai.steamstatic.com/store_item_assets/steam/apps/3595230/ce4d5e53b36cb9d3c4309d1df72bf8663bbbc7ef/header.jpg?t=1763414032,https://store.steampowered.com/app/3595230
1276760,DRAGON BALL: THE BREAKERS,False,2022-10-13T04:00:00.000Z,False,400972,19.99,5483578,50,AAA,Bandai Namco Entertainment,Dimps Corporation,https://shared.akamai.steamstatic.com/store_item_assets/steam/apps/1276760/4d8d9ea382a3d2b44f72ca4a1ff55e3d6f436d66/header.jpg?t=1762511713,https://store.steampowered.com/app/1276760
1531540,Distant Worlds 2,False,2022-03-10T05:00:00.000Z,False,158779,49.99,5263418,71,AA,Slitherine Ltd.,CodeForce,https://shared.akamai.steamstatic.com/store_item_assets/steam/apps/1531540/header.jpg?t=1752070641,https://store.steampowered.com/app/1531540
1588530,Dungeon Alchemist,False,2022-03-31T04:00:00.000Z,True,136773,44.99,5256818,95,Indie,Briganti,Briganti,https://shared.akamai.steamstatic.com/store_item_assets/steam/apps/1588530/be129675f1dfb2599fdb870bea42edcad49838e4/header.jpg?t=1761835324,https://store.steampowered.com/app/1588530
1286580,Ship of Fools,False,2022-11-22T05:00:00.000Z,False,550400,31.99,5249657,82,AA,Team17,Fika Productions,https://shared.akamai.steamstatic.com/store_item_assets/steam/apps/1286580/header.jpg?t=1762784917,https://store.steampowered.com/app/1286580
1815780,Asphalt Legends ,False,2022-08-02T04:00:00.000Z,False,2275005,0,5214648,82,AA,Gameloft,Gameloft,https://shared.akamai.steamstatic.com/store_item_assets/steam/apps/1815780/6384070b55eadcb4ab9d58034393f317766125d0/header.jpg?t=1761233485,https://store.steampowered.com/app/1815780
1874490,Potionomics,False,2022-10-17T04:00:00.000Z,False,260899,24.99,5211681,91,AA,"XSEED Games,Marvelous USA, Inc.",Voracious Games,https://shared.akamai.steamstatic.com/store_item_assets/steam/apps/1874490/header.jpg?t=1750960791,https://store.steampowered.com/app/1874490
1656780,Hero's Hour,False,2022-03-01T05:00:00.000Z,False,487741,17.99,5062970,80,Indie,"Goblinz Publishing,Maple Whispering Limited","Benjamin ""ThingOnItsOwn"" Hauer",https://shared.akamai.steamstatic.com/store_item_assets/steam/apps/1656780/header.jpg?t=1742571869,https://store.steampowered.com/app/1656780
1515210,The Past Within,False,2022-11-02T04:00:00.000Z,False,1478992,5.99,4973597,95,Indie,Rusty Lake,Rusty Lake,https://shared.akamai.steamstatic.com/store_item_assets/steam/apps/1515210/header.jpg?t=1740070156,https://store.steampowered.com/app/1515210
1677770,The Case of the Golden Idol,False,2022-10-13T04:00:00.000Z,False,372757,17.99,4945467,98,AA,Playstack,Color Gray Games,https://shared.akamai.steamstatic.com/store_item_assets/steam/apps/1677770/header.jpg?t=1758227116,https://store.steampowered.com/app/1677770
1594940,Little Witch in the Woods,False,2022-05-16T04:00:00.000Z,False,388344,15.99,4905662,89,Indie,SUNNY SIDE UP,SUNNY SIDE UP,https://shared.akamai.steamstatic.com/store_item_assets/steam/apps/1594940/cdaec3842335106c3d5dfe91997e2465b239f2f4/header.jpg?t=1760421411,https://store.steampowered.com/app/1594940
1843760,Rogue Tower,False,2022-01-28T05:00:00.000Z,False,418526,14.99,4864073,82,Indie,Die of Death Games,Die of Death Games,https://shared.akamai.steamstatic.com/store_item_assets/steam/apps/1843760/header.jpg?t=1750696481,https://store.steampowered.com/app/1843760
1492070,Sker Ritual,False,2022-10-06T04:00:00.000Z,False,260125,24.99,4850342,83,Indie,Wales Interactive,Wales Interactive,https://shared.akamai.steamstatic.com/store_item_assets/steam/apps/1492070/header.jpg?t=1762515977,https://store.steampowered.com/app/1492070
1585220,Melatonin,False,2022-12-15T05:00:00.000Z,False,392896,14.99,4785437,95,Indie,Half Asleep,Half Asleep,https://shared.akamai.steamstatic.com/store_item_assets/steam/apps/1585220/header.jpg?t=1745444179,https://store.steampowered.com/app/1585220
1816300,HARVESTELLA,False,2022-11-04T04:00:00.000Z,False,126689,59.99,4772925,78,AA,Square Enix,Square Enix,https://shared.akamai.steamstatic.com/store_item_assets/steam/apps/1816300/header.jpg?t=1751339302,https://store.steampowered.com/app/1816300
824550,SD GUNDAM BATTLE ALLIANCE,False,2022-08-24T04:00:00.000Z,False,163100,59.99,4760937,63,AAA,Bandai Namco Entertainment,ARTDINK,https://shared.akamai.steamstatic.com/store_item_assets/steam/apps/824550/header.jpg?t=1706555546,https://store.steampowered.com/app/824550
2069310,RealFlight Evolution,False,2022-10-27T04:00:00.000Z,False,76137,69.99,4748613,88,Indie,"Horizon Hobby, LLC","Horizon Hobby, LLC",https://shared.akamai.steamstatic.com/store_item_assets/steam/apps/2069310/3042082246c312e1c9ee6f99c53a298a9650a86a/header.jpg?t=1758842037,https://store.steampowered.com/app/2069310
1705180,"Gunner, HEAT, PC!",False,2022-09-06T04:00:00.000Z,True,184772,29.99,4724439,92,Indie,Radian Simulations LLC,Radian Simulations LLC,https://shared.akamai.steamstatic.com/store_item_assets/steam/apps/1705180/header.jpg?t=1751165181,https://store.steampowered.com/app/1705180
1567020,The Dark Pictures Anthology: The Devil in Me,False,2022-11-17T05:00:00.000Z,False,174444,39.99,4705014,56,Indie,Bandai Namco Entertainment Europe,Supermassive Games,https://shared.akamai.steamstatic.com/store_item_assets/steam/apps/1567020/header.jpg?t=1676560649,https://store.steampowered.com/app/1567020
900040,ELEX II,False,2022-03-01T05:00:00.000Z,False,200820,49.99,4701802,73,AA,THQ Nordic,Piranha Bytes,https://shared.akamai.steamstatic.com/store_item_assets/steam/apps/900040/header.jpg?t=1744710699,https://store.steampowered.com/app/900040
1135230,Ember Knights,False,2022-04-20T04:00:00.000Z,False,361315,19.99,4670098,94,Indie,Twin Sails Interactive,Doom Turtle,https://shared.akamai.steamstatic.com/store_item_assets/steam/apps/1135230/header.jpg?t=1748277552,https://store.steampowered.com/app/1135230
2096610,Crysis 3 Remastered,False,2022-11-17T05:00:00.000Z,False,344409,29.99,4666737,88,AA,Crytek,"Crytek,Saber Interactive",https://shared.akamai.steamstatic.com/store_item_assets/steam/apps/2096610/header.jpg?t=1709652109,https://store.steampowered.com/app/2096610
1879330,WARRIORS OROCHI 3 Ultimate Definitive Edition,False,2022-07-12T04:00:00.000Z,False,186221,39.99,4607631,89,AA,"KOEI TECMO GAMES CO., LTD.","KOEI TECMO GAMES CO., LTD.",https://shared.akamai.steamstatic.com/store_item_assets/steam/apps/1879330/header.jpg?t=1760594445,https://store.steampowered.com/app/1879330
1702330,Rune Factory 5,False,2022-07-13T04:00:00.000Z,False,174927,39.99,4582587,77,AA,"XSEED Games,Marvelous USA, Inc.,Marvelous Europe",Marvelous Inc.,https://shared.akamai.steamstatic.com/store_item_assets/steam/apps/1702330/header.jpg?t=1738960230,https://store.steampowered.com/app/1702330
1218210,Coromon,False,2022-03-31T04:00:00.000Z,False,542794,19.99,4528404,85,Indie,indie.io,TRAGsoft,https://shared.akamai.steamstatic.com/store_item_assets/steam/apps/1218210/6005d622740cc34589b36ab64eb2850c406b5432/header.jpg?t=1756426942,https://store.steampowered.com/app/1218210
1063660,Bendy and the Dark Revival,False,2022-11-15T05:00:00.000Z,False,329473,29.99,4487802,93,Indie,Joey Drew Studios,Joey Drew Studios,https://shared.akamai.steamstatic.com/store_item_assets/steam/apps/1063660/header.jpg?t=1754131348,https://store.steampowered.com/app/1063660
2096600,Crysis 2 Remastered,False,2022-11-17T05:00:00.000Z,False,340767,29.99,4477306,89,AA,Crytek,"Crytek,Saber Interactive",https://shared.akamai.steamstatic.com/store_item_assets/steam/apps/2096600/header.jpg?t=1709652029,https://store.steampowered.com/app/2096600
1621310,Atelier Sophie 2: The Alchemist of the Mysterious Dream,False,2022-02-24T05:00:00.000Z,False,137323,59.99,4470445,94,AA,"KOEI TECMO GAMES CO., LTD.","KOEI TECMO GAMES CO., LTD.",https://shared.akamai.steamstatic.com/store_item_assets/steam/apps/1621310/header.jpg?t=1760490743,https://store.steampowered.com/app/1621310
1136370,Bear and Breakfast,False,2022-07-28T04:00:00.000Z,False,304616,19.99,4352117,90,Indie,Armor Games Studios,Gummy Cat,https://shared.akamai.steamstatic.com/store_item_assets/steam/apps/1136370/header.jpg?t=1726580385,https://store.steampowered.com/app/1136370
1574580,Strange Horticulture,False,2022-01-21T05:00:00.000Z,False,492490,15.99,4300292,95,Indie,Iceberg Interactive,Bad Viking,https://shared.akamai.steamstatic.com/store_item_assets/steam/apps/1574580/header.jpg?t=1762953888,https://store.steampowered.com/app/1574580
1343240,Thymesia,False,2022-08-18T04:00:00.000Z,False,310060,24.99,4279268,83,AA,Team17,OverBorder Studio,https://shared.akamai.steamstatic.com/store_item_assets/steam/apps/1343240/header.jpg?t=1746697865,https://store.steampowered.com/app/1343240
1378990,Crash Bandicoot™ 4: It’s About Time,False,2022-10-18T04:00:00.000Z,False,208890,39.99,4276439,87,AAA,Activision,"Toys for Bob,Beenox,Activision Shanghai,Hardsuit Labs,Iron Galaxy Studios",https://shared.akamai.steamstatic.com/store_item_assets/steam/apps/1378990/header.jpg?t=1755191015,https://store.steampowered.com/app/1378990
1794960,Sonic Origins,False,2022-06-22T04:00:00.000Z,False,208033,29.99,4264204,74,AAA,SEGA,Sonic Team,https://shared.akamai.steamstatic.com/store_item_assets/steam/apps/1794960/header.jpg?t=1762752035,https://store.steampowered.com/app/1794960
1205970,MX vs ATV Legends,False,2022-06-28T04:00:00.000Z,False,173868,39.99,4225424,78,AA,THQ Nordic,Rainbow Studios,https://shared.akamai.steamstatic.com/store_item_assets/steam/apps/1205970/header.jpg?t=1762880326,https://store.steampowered.com/app/1205970
1337760,Potion Permit,False,2022-09-22T04:00:00.000Z,False,322990,19.99,4168937,80,Indie,PQube,MassHive Media,https://shared.akamai.steamstatic.com/store_item_assets/steam/apps/1337760/header.jpg?t=1759214784,https://store.steampowered.com/app/1337760
1732180,Kaiju Princess,False,2022-06-21T04:00:00.000Z,False,512025,10.99,4134243,96,Indie,"Mango Party,PantyParrot,Mango Party News",PantyParrot,https://shared.akamai.steamstatic.com/store_item_assets/steam/apps/1732180/header.jpg?t=1750385079,https://store.steampowered.com/app/1732180
915810,Midnight Ghost Hunt,False,2022-03-31T04:00:00.000Z,False,518027,19.99,4132567,77,AAA,Coffee Stain Publishing,Vaulted Sky Games,https://shared.akamai.steamstatic.com/store_item_assets/steam/apps/915810/header.jpg?t=1723598682,https://store.steampowered.com/app/915810
2060130,Return to Monkey Island,False,2022-09-19T04:00:00.000Z,False,259523,24.99,4122599,91,AA,Devolver Digital,Terrible Toybox,https://shared.akamai.steamstatic.com/store_item_assets/steam/apps/2060130/header.jpg?t=1711536318,https://store.steampowered.com/app/2060130
1266700,Destroy All Humans! 2 - Reprobed,False,2022-08-30T04:00:00.000Z,False,211800,39.99,4040414,78,AA,THQ Nordic,Black Forest Games,https://shared.akamai.steamstatic.com/store_item_assets/steam/apps/1266700/header.jpg?t=1696424271,https://store.steampowered.com/app/1266700
1216060,DNF Duel,False,2022-06-27T04:00:00.000Z,False,166960,49.99,3995321,63,AA,NEXON,"NEOPLE Inc.,Arc System Works,EIGHTING Co., Ltd.",https://shared.akamai.steamstatic.com/store_item_assets/steam/apps/1216060/header.jpg?t=1718155570,https://store.steampowered.com/app/1216060
1239320,Animal Shelter,False,2022-03-23T04:00:00.000Z,False,354838,19.99,3937026,87,Indie,"Games Incubator,PlayWay S.A.",Games Incubator,https://shared.akamai.steamstatic.com/store_item_assets/steam/apps/1239320/header.jpg?t=1761080799,https://store.steampowered.com/app/1239320
1205520,Pentiment,False,2022-11-14T05:00:00.000Z,False,297594,19.99,3913704,95,AAA,Xbox Game Studios,Obsidian Entertainment,https://shared.akamai.steamstatic.com/store_item_assets/steam/apps/1205520/header.jpg?t=1759874806,https://store.steampowered.com/app/1205520
2111630,JR EAST Train Simulator,False,2022-09-19T04:00:00.000Z,False,158701,22.99,3843300,75,Indie,East Japan Railway Company,"ONGAKUKAN Co.,Ltd.",https://shared.akamai.steamstatic.com/store_item_assets/steam/apps/2111630/header.jpg?t=1763687660,https://store.steampowered.com/app/2111630
1602010,Persona 4 Arena Ultimax,False,2022-03-16T04:00:00.000Z,False,275121,29.99,3822077,87,AAA,SEGA,"Arc System Works,ATLUS",https://shared.akamai.steamstatic.com/store_item_assets/steam/apps/1602010/header.jpg?t=1763530579,https://store.steampowered.com/app/1602010
2074800,Richman 11,False,2022-10-19T04:00:00.000Z,False,341851,18.99,3757648,47,Indie,SOFTSTAR ENTERTAINMENT,CMGE,https://shared.akamai.steamstatic.com/store_item_assets/steam/apps/2074800/header.jpg?t=1682669523,https://store.steampowered.com/app/2074800
2067920,Rogue: Genesia,False,2022-09-19T04:00:00.000Z,False,492168,14.99,3500538,91,Indie,"Ouadi Huard,Gamersky Games",Ouadi Huard,https://shared.akamai.steamstatic.com/store_item_assets/steam/apps/2067920/header.jpg?t=1761790784,https://store.steampowered.com/app/2067920
1700870,Clanfolk,False,2022-07-14T04:00:00.000Z,True,236899,29.99,3493706,91,AA,Hooded Horse,MinMax Games Ltd.,https://shared.akamai.steamstatic.com/store_item_assets/steam/apps/1700870/header.jpg?t=1764000835,https://store.steampowered.com/app/1700870
2171440,Fear & Hunger 2: Termina,False,2022-12-09T05:00:00.000Z,False,358868,11.99,3403700,97,Indie,Miro Haverinen,Miro Haverinen,https://shared.akamai.steamstatic.com/store_item_assets/steam/apps/2171440/header.jpg?t=1670614736,https://store.steampowered.com/app/2171440
1881420,Cardfight!! Vanguard Dear Days,False,2022-11-16T05:00:00.000Z,False,54345,69.99,3371303,78,Indie,Bushiroad Inc.,"FURYU Corporation,LANCARSE Ltd.",https://shared.akamai.steamstatic.com/store_item_assets/steam/apps/1881420/header.jpg?t=1714007497,https://store.steampowered.com/app/1881420
1449200,AI: THE SOMNIUM FILES - nirvanA Initiative,False,2022-06-24T04:00:00.000Z,False,152164,39.99,3358779,86,AA,"Spike Chunsoft Co., Ltd.","Spike Chunsoft Co., Ltd.",https://shared.akamai.steamstatic.com/store_item_assets/steam/apps/1449200/header.jpg?t=1715701149,https://store.steampowered.com/app/1449200
1097350,Weird West: Definitive Edition,False,2022-03-31T04:00:00.000Z,False,247606,39.99,3289428,79,AA,Devolver Digital,WolfEye Studios,https://shared.akamai.steamstatic.com/store_item_assets/steam/apps/1097350/header.jpg?t=1728947905,https://store.steampowered.com/app/1097350
1832640,Mirror 2: Project X,False,2022-01-20T05:00:00.000Z,True,3623955,1.99,3284273,25,Indie,NIJICO,KAGAMI Ⅱ WORKs,https://shared.akamai.steamstatic.com/store_item_assets/steam/apps/1832640/header.jpg?t=1673932541,https://store.steampowered.com/app/1832640
2009350,Out of Ore,False,2022-10-31T04:00:00.000Z,False,160009,24.99,3253986,87,Indie,North Modding Company AB,North Modding Company AB,https://shared.akamai.steamstatic.com/store_item_assets/steam/apps/2009350/header.jpg?t=1745597964,https://store.steampowered.com/app/2009350
1578650,Citizen Sleeper,False,2022-05-05T04:00:00.000Z,False,315526,19.99,3136891,93,Indie,Fellow Traveller,Jump Over The Age,https://shared.akamai.steamstatic.com/store_item_assets/steam/apps/1578650/header.jpg?t=1755218068,https://store.steampowered.com/app/1578650
1972440,Shotgun King: The Final Checkmate,False,2022-05-12T04:00:00.000Z,False,411281,9.99,3118185,92,Indie,PUNKCAKE Delicieux,PUNKCAKE Delicieux,https://shared.akamai.steamstatic.com/store_item_assets/steam/apps/1972440/header.jpg?t=1740646302,https://store.steampowered.com/app/1972440
1280930,Astral Ascent,False,2022-04-12T04:00:00.000Z,False,193889,24.99,3110426,95,Indie,"Hibernian Workshop,MP2 Games",Hibernian Workshop,https://shared.akamai.steamstatic.com/store_item_assets/steam/apps/1280930/eb8e8de59f6bf274924d290ff321c4206cfce875/header.jpg?t=1764001094,https://store.steampowered.com/app/1280930
1179080,FAITH: The Unholy Trinity,False,2022-10-21T04:00:00.000Z,False,292861,14.99,3010850,95,AA,New Blood Interactive,Airdorf Games,https://shared.akamai.steamstatic.com/store_item_assets/steam/apps/1179080/b5d0111d78b7c3b304387de2c55dabff139c667f/header.jpg?t=1754669732,https://store.steampowered.com/app/1179080
1109570,Word Game,False,2022-01-21T05:00:00.000Z,False,147619,34.99,2989887,94,Indie,"Team9,indienova",Team9,https://shared.akamai.steamstatic.com/store_item_assets/steam/apps/1109570/9aa9b91bcc1f680f3de72ff1723722118cbec5e5/header.jpg?t=1742853457,https://store.steampowered.com/app/1109570
1939160,Shadows Over Loathing,False,2022-11-11T05:00:00.000Z,False,160542,22.99,2988028,96,Indie,Asymmetric,Asymmetric,https://shared.akamai.steamstatic.com/store_item_assets/steam/apps/1939160/header.jpg?t=1709676563,https://store.steampowered.com/app/1939160
666150,Prehistoric Kingdom,False,2022-04-27T04:00:00.000Z,True,123352,29.99,2971234,89,Indie,Crytivo,Blue Meridian,https://shared.akamai.steamstatic.com/store_item_assets/steam/apps/666150/92167f49be4287953da9c30f7a153f1b37a89d1b/header.jpg?t=1762270980,https://store.steampowered.com/app/666150
1670870,MADiSON,False,2022-07-07T04:00:00.000Z,False,107968,34.99,2921267,87,Indie,BLOODIOUS GAMES,BLOODIOUS GAMES,https://shared.akamai.steamstatic.com/store_item_assets/steam/apps/1670870/header.jpg?t=1686276552,https://store.steampowered.com/app/1670870
1874170,Shredders,False,2022-03-16T04:00:00.000Z,False,130884,29.99,2898621,95,Indie,FoamPunch,FoamPunch,https://shared.akamai.steamstatic.com/store_item_assets/steam/apps/1874170/692bfbac3b5e6b7c8a63d89215b58403cafeaf61/header.jpg?t=1764064967,https://store.steampowered.com/app/1874170
1829980,Café Stella and the Reaper's Butterflies,False,2022-03-25T04:00:00.000Z,False,141431,34.99,2896012,98,Indie,"NekoNyan Ltd.,HIKARI FIELD",YUZUSOFT,https://shared.akamai.steamstatic.com/store_item_assets/steam/apps/1829980/77ebfe9ad2a36c9d9c27c3cfa2832250295fd85e/header.jpg?t=1752127870,https://store.steampowered.com/app/1829980
1244800,Terraformers,False,2022-04-21T04:00:00.000Z,False,225000,19.99,2875981,88,Indie,"Goblinz Publishing,IndieArk",Asteroid Lab,https://shared.akamai.steamstatic.com/store_item_assets/steam/apps/1244800/header.jpg?t=1729695316,https://store.steampowered.com/app/1244800
1614550,Astro Colony,False,2022-11-07T05:00:00.000Z,True,196073,19.99,2872778,83,Indie,Terad Games,Terad Games,https://shared.akamai.steamstatic.com/store_item_assets/steam/apps/1614550/09a8ae84668375878cce5f068ea66dff27390300/header.jpg?t=1764070809,https://store.steampowered.com/app/1614550
1826980,FreestyleFootball R,False,2022-09-13T04:00:00.000Z,False,156401,0,2795787,68,Indie,"HOGA INFORMATION TECHNOLOGY CO.,LTD",JOYCITY Corporation,https://shared.akamai.steamstatic.com/store_item_assets/steam/apps/1826980/header.jpg?t=1726192223,https://store.steampowered.com/app/1826980
1368030,ANNO: Mutationem,False,2022-03-16T04:00:00.000Z,False,201299,24.99,2792867,81,Indie,ThinkingStars,ThinkingStars,https://shared.akamai.steamstatic.com/store_item_assets/steam/apps/1368030/header.jpg?t=1763212388,https://store.steampowered.com/app/1368030
871980,Digimon Survive,False,2022-07-28T04:00:00.000Z,False,125568,59.99,2787236,79,AA,Bandai Namco Entertainment Inc.,"HYDE, Inc.",https://shared.akamai.steamstatic.com/store_item_assets/steam/apps/871980/header.jpg?t=1684948621,https://store.steampowered.com/app/871980
1109680,Regiments,False,2022-08-16T04:00:00.000Z,False,130123,29.99,2780157,87,Indie,MicroProse Software,Bird's Eye Games,https://shared.akamai.steamstatic.com/store_item_assets/steam/apps/1109680/header.jpg?t=1750127282,https://store.steampowered.com/app/1109680
1731070,Asterigos: Curse of the Stars,False,2022-10-11T04:00:00.000Z,False,136904,34.99,2738519,79,AA,tinyBuild,Acme Gamestudio,https://shared.akamai.steamstatic.com/store_item_assets/steam/apps/1731070/header.jpg?t=1763649406,https://store.steampowered.com/app/1731070
1410640,Syberia: The World Before,False,2022-03-18T04:00:00.000Z,False,172654,39.99,2735571,90,Indie,Microids,Microids Studio Paris,https://shared.akamai.steamstatic.com/store_item_assets/steam/apps/1410640/header.jpg?t=1745484690,https://store.steampowered.com/app/1410640
1665190,Monster Prom 3: Monster Roadtrip,False,2022-10-21T04:00:00.000Z,False,319758,11.99,2723536,97,Indie,Beautiful Glitch,Beautiful Glitch,https://shared.akamai.steamstatic.com/store_item_assets/steam/apps/1665190/header.jpg?t=1762876940,https://store.steampowered.com/app/1665190
674140,Bugsnax,False,2022-04-28T04:00:00.000Z,False,219578,24.99,2704798,97,Indie,Young Horses,Young Horses,https://shared.akamai.steamstatic.com/store_item_assets/steam/apps/674140/header.jpg?t=1731435409,https://store.steampowered.com/app/674140
2088570,Tiny Rogues,False,2022-09-23T04:00:00.000Z,True,412924,9.99,2703011,97,Indie,RubyDev,RubyDev,https://shared.akamai.steamstatic.com/store_item_assets/steam/apps/2088570/header.jpg?t=1757771623,https://store.steampowered.com/app/2088570
1777620,Soul Hackers 2,False,2022-08-25T04:00:00.000Z,False,116368,59.99,2701371,66,AAA,SEGA,ATLUS,https://shared.akamai.steamstatic.com/store_item_assets/steam/apps/1777620/header.jpg?t=1763537332,https://store.steampowered.com/app/1777620
1265930,Life is Strange: Before the Storm Remastered,False,2022-02-01T05:00:00.000Z,False,134070,39.99,2663205,83,AA,Square Enix,Deck Nine,https://shared.akamai.steamstatic.com/store_item_assets/steam/apps/1265930/header.jpg?t=1748420948,https://store.steampowered.com/app/1265930
1283400,Steelrising,False,2022-09-08T04:00:00.000Z,False,165856,49.99,2642830,72,AA,Nacon,Spiders,https://shared.akamai.steamstatic.com/store_item_assets/steam/apps/1283400/header.jpg?t=1726213269,https://store.steampowered.com/app/1283400
976890,Hidden Deep,False,2022-01-24T05:00:00.000Z,True,226949,24.99,2535210,76,AA,Daedalic Entertainment,Cogwheel Software,https://shared.akamai.steamstatic.com/store_item_assets/steam/apps/976890/header.jpg?t=1761241960,https://store.steampowered.com/app/976890
1380910,Stardeus,False,2022-10-12T04:00:00.000Z,True,112002,29.99,2516736,87,Indie,Paradox Arc,Kodo Linija,https://shared.akamai.steamstatic.com/store_item_assets/steam/apps/1380910/header.jpg?t=1759407619,https://store.steampowered.com/app/1380910
1504570,Cultivation Tales,False,2022-04-14T04:00:00.000Z,False,196365,19.99,2480875,38,Indie,Ac Games,Ac Games,https://shared.akamai.steamstatic.com/store_item_assets/steam/apps/1504570/header.jpg?t=1727598406,https://store.steampowered.com/app/1504570
1150760,Gloomwood,False,2022-09-05T04:00:00.000Z,True,160925,19.99,2457298,95,AA,New Blood Interactive,"Dillon Rogers,David Szymanski,Nate Berens,Thomas Porta",https://shared.akamai.steamstatic.com/store_item_assets/steam/apps/1150760/7a2817598e2e5882de17299ce013638a2b35a3f9/header.jpg?t=1762902519,https://store.steampowered.com/app/1150760
1454970,New Tales from the Borderlands,False,2022-10-20T04:00:00.000Z,False,101573,49.99,2437913,32,AAA,2K,Gearbox Software,https://shared.akamai.steamstatic.com/store_item_assets/steam/apps/1454970/header.jpg?t=1728609086,https://store.steampowered.com/app/1454970
1846920,Lust Academy - Season 1,False,2022-04-12T04:00:00.000Z,False,229852,14.99,2429570,85,Indie,Bear in the Night,Bear in the Night,https://shared.akamai.steamstatic.com/store_item_assets/steam/apps/1846920/header.jpg?t=1763137759,https://store.steampowered.com/app/1846920
1608290,GNOSIA,False,2022-01-23T05:00:00.000Z,False,140241,24.99,2403214,94,AA,PLAYISM,Petit Depotto,https://shared.akamai.steamstatic.com/store_item_assets/steam/apps/1608290/header.jpg?t=1735123948,https://store.steampowered.com/app/1608290
887570,NEBULOUS: Fleet Command,False,2022-02-11T05:00:00.000Z,True,154617,29.99,2401463,82,AA,Hooded Horse,Eridanus Industries,https://shared.akamai.steamstatic.com/store_item_assets/steam/apps/887570/header.jpg?t=1764001270,https://store.steampowered.com/app/887570
1850960,The Jackbox Party Pack 9,False,2022-10-19T04:00:00.000Z,False,100126,29.99,2389193,83,AA,"Jackbox Games, Inc.","Jackbox Games, Inc.",https://shared.akamai.steamstatic.com/store_item_assets/steam/apps/1850960/header.jpg?t=1728584761,https://store.steampowered.com/app/1850960
1750770,Starcom: Unknown Space,False,2022-12-14T05:00:00.000Z,False,126679,24.99,2378652,93,Indie,"Wx3 Labs, LLC","Wx3 Labs, LLC",https://shared.akamai.steamstatic.com/store_item_assets/steam/apps/1750770/header.jpg?t=1750189450,https://store.steampowered.com/app/1750770
2221920,Immortals Fenyx Rising,False,2022-12-15T05:00:00.000Z,False,317453,39.99,2358776,73,AAA,Ubisoft,Ubisoft,https://shared.akamai.steamstatic.com/store_item_assets/steam/apps/2221920/header.jpg?t=1751969539,https://store.steampowered.com/app/2221920
1981570,Land of the Vikings,False,2022-11-08T05:00:00.000Z,False,167171,25.99,2352212,74,Indie,Iceberg Interactive,Laps Games,https://shared.akamai.steamstatic.com/store_item_assets/steam/apps/1981570/header.jpg?t=1762953658,https://store.steampowered.com/app/1981570
1148760,I Was a Teenage Exocolonist,False,2022-08-25T04:00:00.000Z,False,131625,24.99,2327964,97,Indie,Finji,Northway Games,https://shared.akamai.steamstatic.com/store_item_assets/steam/apps/1148760/header.jpg?t=1739821920,https://store.steampowered.com/app/1148760
1321680,Hello Neighbor 2,False,2022-12-06T05:00:00.000Z,False,89217,39.99,2326639,79,AA,tinyBuild,"Eerie Guest,tinyBuild",https://shared.akamai.steamstatic.com/store_item_assets/steam/apps/1321680/header.jpg?t=1763986797,https://store.steampowered.com/app/1321680
1753410,King of Kinks,False,2022-05-10T04:00:00.000Z,False,74771,0,2321065,55,Indie,Nutaku Publishing,DPH Studio,https://shared.akamai.steamstatic.com/store_item_assets/steam/apps/1753410/33cdc466c24567c9d46fba5ed6bae8f8ca45c43d/header.jpg?t=1763986887,https://store.steampowered.com/app/1753410
1924480,College Kings 2 - Episode 1,False,2022-04-14T04:00:00.000Z,False,252151,12.99,2306634,79,Indie,Undergrad Steve,Undergrad Steve,https://shared.akamai.steamstatic.com/store_item_assets/steam/apps/1924480/74513ef35581fe87b2921eec8cb6a45a7c7fb334/header.jpg?t=1759156338,https://store.steampowered.com/app/1924480
1953520,WRC Generations – The FIA WRC Official Game,False,2022-11-03T04:00:00.000Z,False,140316,39.99,2275405,70,AA,Nacon,KT Racing,https://shared.akamai.steamstatic.com/store_item_assets/steam/apps/1953520/header.jpg?t=1764149287,https://store.steampowered.com/app/1953520
1359980,POSTAL: Brain Damaged,False,2022-06-09T04:00:00.000Z,False,258181,19.99,2260694,95,Indie,"Running With Scissors,Hyperstrange","Hyperstrange,CreativeForge Games",https://shared.akamai.steamstatic.com/store_item_assets/steam/apps/1359980/6295ed2771dca1fca513d5d863d5f4167d73fb6a/header.jpg?t=1760447154,https://store.steampowered.com/app/1359980
1328350,Turbo Overkill,False,2022-04-22T04:00:00.000Z,False,142197,19.99,2237752,95,Indie,Apogee Entertainment,Trigger Happy Interactive,https://shared.akamai.steamstatic.com/store_item_assets/steam/apps/1328350/header.jpg?t=1758928764,https://store.steampowered.com/app/1328350
1477070,Depersonalization,False,2022-12-19T05:00:00.000Z,False,177282,19.99,2231787,93,AA,Gamirror Games,MeowNature,https://shared.akamai.steamstatic.com/store_item_assets/steam/apps/1477070/header.jpg?t=1754021116,https://store.steampowered.com/app/1477070
1776380,STAR OCEAN THE DIVINE FORCE,False,2022-10-27T04:00:00.000Z,False,61787,59.99,2174998,67,AA,Square Enix,"Square Enix,tri-Ace",https://shared.akamai.steamstatic.com/store_item_assets/steam/apps/1776380/header.jpg?t=1724831146,https://store.steampowered.com/app/1776380
1881200,TRYP FPV: Drone Racer Simulator,False,2022-06-30T04:00:00.000Z,True,165319,16.99,2165069,85,Indie,UNDEAD BATTERY,UNDEAD BATTERY,https://shared.akamai.steamstatic.com/store_item_assets/steam/apps/1881200/header.jpg?t=1734558549,https://store.steampowered.com/app/1881200
1036890,Shadow Warrior 3: Definitive Edition,False,2022-03-01T05:00:00.000Z,False,148745,39.99,2155672,69,AA,Devolver Digital,Flying Wild Hog,https://shared.akamai.steamstatic.com/store_item_assets/steam/apps/1036890/header.jpg?t=1728947655,https://store.steampowered.com/app/1036890
1905950,Shelter 69,False,2022-05-16T04:00:00.000Z,False,114024,0,2153291,63,Indie,JNT Games,JNT Games,https://shared.akamai.steamstatic.com/store_item_assets/steam/apps/1905950/7af16af6360d2de0f82cac1f1883a8d2f4abe680/header.jpg?t=1760360381,https://store.steampowered.com/app/1905950
1328840,Lost in Play,False,2022-08-10T04:00:00.000Z,False,244188,19.99,2136760,98,Indie,Joystick Ventures,Happy Juice Games,https://shared.akamai.steamstatic.com/store_item_assets/steam/apps/1328840/header.jpg?t=1758210737,https://store.steampowered.com/app/1328840
1902710,Weird RPG,False,2022-09-30T04:00:00.000Z,False,331666,10.99,2135484,92,Indie,INDIECN,yuzhen,https://shared.akamai.steamstatic.com/store_item_assets/steam/apps/1902710/header.jpg?t=1726043765,https://store.steampowered.com/app/1902710
1961460,PROJECT: PLAYTIME,False,2022-12-12T05:00:00.000Z,True,3953713,0,2108871,78,Indie,Mob Entertainment,Mob Entertainment,https://shared.akamai.steamstatic.com/store_item_assets/steam/apps/1961460/header.jpg?t=1698444117,https://store.steampowered.com/app/1961460
1611430,The Bridge Curse Road to Salvation,False,2022-08-24T04:00:00.000Z,False,179268,19.99,2105578,90,Indie,"SOFTSTAR ENTERTAINMENT,Gamera Games",SOFTSTAR ENTERTAINMENT,https://shared.akamai.steamstatic.com/store_item_assets/steam/apps/1611430/header.jpg?t=1698718408,https://store.steampowered.com/app/1611430
1948800,Yi Xian: The Cultivation Card Game,False,2022-12-06T05:00:00.000Z,False,283320,0,2101072,74,AA,Gamirror Games,Darksun Studio,https://shared.akamai.steamstatic.com/store_item_assets/steam/apps/1948800/31e6b0d30d2a1b6da73b028d5fd232d43e959b38/header.jpg?t=1760072586,https://store.steampowered.com/app/1948800
1260520,Patrick's Parabox,False,2022-03-29T04:00:00.000Z,False,147878,19.99,2094891,99,Indie,Patrick Traynor,Patrick Traynor,https://shared.akamai.steamstatic.com/store_item_assets/steam/apps/1260520/header.jpg?t=1745611653,https://store.steampowered.com/app/1260520
1307710,GRID Legends,False,2022-02-24T05:00:00.000Z,False,148592,59.99,2093569,75,AAA,Electronic Arts,Codemasters,https://shared.akamai.steamstatic.com/store_item_assets/steam/apps/1307710/header.jpg?t=1748949621,https://store.steampowered.com/app/1307710
1745510,Lunacid,False,2022-03-15T04:00:00.000Z,False,241823,13.99,2084906,91,Indie,"KIRA LLC,CRITICAL REFLEX",KIRA LLC,https://shared.akamai.steamstatic.com/store_item_assets/steam/apps/1745510/header.jpg?t=1734627655,https://store.steampowered.com/app/1745510
1364210,City Bus Manager,False,2022-11-10T05:00:00.000Z,False,84850,29.99,2077755,91,AA,Aerosoft GmbH,PeDePe GbR,https://shared.akamai.steamstatic.com/store_item_assets/steam/apps/1364210/7e708adfc9c22a774eb87bfe4502b11a7eb2945f/header.jpg?t=1759738664,https://store.steampowered.com/app/1364210
2013360,The Oregon Trail,False,2022-11-14T05:00:00.000Z,False,105361,29.99,2041651,81,AA,Gameloft,Gameloft,https://shared.akamai.steamstatic.com/store_item_assets/steam/apps/2013360/header.jpg?t=1749833920,https://store.steampowered.com/app/2013360
2176130,Tower! Simulator 3,False,2022-12-13T05:00:00.000Z,False,40250,59.99,2034450,71,Indie,FeelThere,FeelThere,https://shared.akamai.steamstatic.com/store_item_assets/steam/apps/2176130/header.jpg?t=1764094341,https://store.steampowered.com/app/2176130
715400,Frozen Flame,False,2022-11-17T05:00:00.000Z,True,94686,19.99,2028740,64,Indie,"Ravenage Games,2P Games",Dreamside Interactive,https://shared.akamai.steamstatic.com/store_item_assets/steam/apps/715400/header.jpg?t=1716898541,https://store.steampowered.com/app/715400
1668510,The Legend of Heroes: Trails from Zero,False,2022-09-27T04:00:00.000Z,False,64960,39.99,2018304,98,Indie,"NIS America, Inc.","Nihon Falcom,PH3 GmbH",https://shared.akamai.steamstatic.com/store_item_assets/steam/apps/1668510/header.jpg?t=1732662671,https://store.steampowered.com/app/1668510
2109460,VillageRhapsody,False,2022-10-05T04:00:00.000Z,False,980033,2.99,1991912,97,Indie,YooGame,YooGame,https://shared.akamai.steamstatic.com/store_item_assets/steam/apps/2109460/header.jpg?t=1695869731,https://store.steampowered.com/app/2109460
1896700,Wylde Flowers,False,2022-09-20T04:00:00.000Z,False,88890,24.99,1954087,96,Indie,Studio Drydock Pty Ltd,Studio Drydock Pty Ltd,https://shared.akamai.steamstatic.com/store_item_assets/steam/apps/1896700/header.jpg?t=1762737566,https://store.steampowered.com/app/1896700
1933650,The Imperial Gatekeeper,False,2022-09-02T04:00:00.000Z,False,237480,12.99,1942906,80,AA,Kagura Games,Tengsten,https://shared.akamai.steamstatic.com/store_item_assets/steam/apps/1933650/header.jpg?t=1749388419,https://store.steampowered.com/app/1933650
1570330,West Hunt,False,2022-06-14T04:00:00.000Z,False,267226,9.99,1922216,84,Indie,"Wandering Wizard,Snail Games USA",NewGen,https://shared.akamai.steamstatic.com/store_item_assets/steam/apps/1570330/header.jpg?t=1760001622,https://store.steampowered.com/app/1570330
1587130,Blood West,False,2022-02-10T05:00:00.000Z,False,153716,24.99,1915297,90,AA,New Blood Interactive,Hyperstrange,https://shared.akamai.steamstatic.com/store_item_assets/steam/apps/1587130/header.jpg?t=1760078196,https://store.steampowered.com/app/1587130
1580520,Lost Eidolons,False,2022-10-13T04:00:00.000Z,False,103856,34.99,1908320,69,Indie,"Ocean Drive Studio, Inc.","Ocean Drive Studio, Inc.",https://shared.akamai.steamstatic.com/store_item_assets/steam/apps/1580520/header.jpg?t=1760160136,https://store.steampowered.com/app/1580520
1685750,Capcom Fighting Collection,False,2022-06-23T04:00:00.000Z,False,91271,29.99,1898822,90,AAA,"CAPCOM Co., Ltd.","CAPCOM Co., Ltd.",https://shared.akamai.steamstatic.com/store_item_assets/steam/apps/1685750/header.jpg?t=1752624808,https://store.steampowered.com/app/1685750
1786790,Magical Girl Celesphonia,False,2022-05-06T04:00:00.000Z,False,158530,19.99,1892457,96,AA,Kagura Games,Shimobashira Workshop,https://shared.akamai.steamstatic.com/store_item_assets/steam/apps/1786790/header.jpg?t=1749284230,https://store.steampowered.com/app/1786790
1755910,Capcom Arcade 2nd Stadium,False,2022-07-21T04:00:00.000Z,False,65702,59.99,1889445,68,AAA,"CAPCOM Co., Ltd.","CAPCOM Co., Ltd.",https://shared.akamai.steamstatic.com/store_item_assets/steam/apps/1755910/header.jpg?t=1739493760,https://store.steampowered.com/app/1755910
1898290,LEGO® Bricktales,False,2022-10-12T04:00:00.000Z,False,179469,29.99,1856899,84,Indie,Thunderful Publishing,ClockStone,https://shared.akamai.steamstatic.com/store_item_assets/steam/apps/1898290/header.jpg?t=1759330526,https://store.steampowered.com/app/1898290
1120320,Builder Simulator,False,2022-06-09T04:00:00.000Z,False,169897,19.99,1844669,73,Indie,"Live Motion Games,Frozen Way,Frozen District","Live Motion Games,Frozen Way",https://shared.akamai.steamstatic.com/store_item_assets/steam/apps/1120320/header.jpg?t=1760606034,https://store.steampowered.com/app/1120320
1060230,Sapiens,False,2022-07-26T04:00:00.000Z,True,87300,24.99,1823879,84,Indie,Majic Jungle,Majic Jungle,https://shared.akamai.steamstatic.com/store_item_assets/steam/apps/1060230/header.jpg?t=1721349106,https://store.steampowered.com/app/1060230
1133760,CHRONO CROSS: THE RADICAL DREAMERS EDITION,False,2022-04-07T04:00:00.000Z,False,158542,19.99,1816119,61,AA,Square Enix,"Square Enix,D4Enterprise Co.,Ltd.",https://shared.akamai.steamstatic.com/store_item_assets/steam/apps/1133760/header.jpg?t=1727791936,https://store.steampowered.com/app/1133760
1683340,Kayak VR: Mirage,False,2022-07-12T04:00:00.000Z,False,113928,22.99,1796335,82,Indie,Better Than Life,Better Than Life,https://shared.akamai.steamstatic.com/store_item_assets/steam/apps/1683340/header.jpg?t=1750776477,https://store.steampowered.com/app/1683340
1190340,SUPER PEOPLE,False,2022-10-08T04:00:00.000Z,True,2402652,0,1791268,57,Indie,Wonder Games,Wonder People,https://shared.akamai.steamstatic.com/store_item_assets/steam/apps/1190340/0a9e69565965658129a540f26d51e6249030a4d9/header.jpg?t=1760929290,https://store.steampowered.com/app/1190340
1676130,Deadlink,False,2022-10-18T04:00:00.000Z,False,115595,24.99,1773699,89,Indie,SuperGG.com,Gruby Entertainment,https://shared.akamai.steamstatic.com/store_item_assets/steam/apps/1676130/header.jpg?t=1727716437,https://store.steampowered.com/app/1676130
1546400,GigaBash,False,2022-08-04T04:00:00.000Z,False,93279,24.99,1768529,94,Indie,Passion Republic Games,Passion Republic Games,https://shared.akamai.steamstatic.com/store_item_assets/steam/apps/1546400/ae0f1d006f8b75960ff860cb3e4a40dd629d78e7/header.jpg?t=1749547187,https://store.steampowered.com/app/1546400
1294420,Rollerdrome,False,2022-08-16T04:00:00.000Z,False,114510,29.99,1752312,89,AAA,2K,Roll7,https://shared.akamai.steamstatic.com/store_item_assets/steam/apps/1294420/header.jpg?t=1748361469,https://store.steampowered.com/app/1294420
1201230,Immortal Life,False,2022-04-27T04:00:00.000Z,False,153682,16.99,1751909,80,Indie,2P Games,YiFang Studio,https://shared.akamai.steamstatic.com/store_item_assets/steam/apps/1201230/070171415f90a240b0617acb611fa111065279bd/header.jpg?t=1753262056,https://store.steampowered.com/app/1201230
1329500,SpiderHeck,False,2022-09-22T04:00:00.000Z,False,169188,14.99,1739180,93,AA,tinyBuild,Neverjam,https://shared.akamai.steamstatic.com/store_item_assets/steam/apps/1329500/header.jpg?t=1758296393,https://store.steampowered.com/app/1329500
1457220,Robin Morningwood Adventure - A gay RPG,False,2022-05-22T04:00:00.000Z,False,59953,34.99,1730789,97,Indie,Grizzly Gamer,Grizzly Gamer,https://shared.akamai.steamstatic.com/store_item_assets/steam/apps/1457220/header.jpg?t=1741244739,https://store.steampowered.com/app/1457220
1862520,Just Go,False,2022-08-09T04:00:00.000Z,False,267756,9.99,1723797,93,Indie,Studio Amateur,Studio Amateur,https://shared.akamai.steamstatic.com/store_item_assets/steam/apps/1862520/header.jpg?t=1761178092,https://store.steampowered.com/app/1862520
1612770,Sweet Transit,False,2022-07-28T04:00:00.000Z,False,108792,34.99,1714971,69,AA,Team17,Ernestas Norvaišas,https://shared.akamai.steamstatic.com/store_item_assets/steam/apps/1612770/header.jpg?t=1762785929,https://store.steampowered.com/app/1612770
1309000,Escape Dungeon 2,False,2022-01-13T05:00:00.000Z,False,137233,17.99,1710939,94,Indie,Hide Games,Hide Games,https://shared.akamai.steamstatic.com/store_item_assets/steam/apps/1309000/header.jpg?t=1759300322,https://store.steampowered.com/app/1309000
1574240,Dread Delusion,False,2022-06-15T04:00:00.000Z,False,110721,19.99,1684795,90,Indie,DreadXP,Lovely Hellplace,https://shared.akamai.steamstatic.com/store_item_assets/steam/apps/1574240/header.jpg?t=1730134758,https://store.steampowered.com/app/1574240
1710580,MotoGP™22,False,2022-04-21T04:00:00.000Z,False,127905,29.99,1683413,81,AA,Milestone S.r.l.,Milestone S.r.l.,https://shared.akamai.steamstatic.com/store_item_assets/steam/apps/1710580/header.jpg?t=1728470115,https://store.steampowered.com/app/1710580
1812090,Escape Academy,False,2022-07-13T04:00:00.000Z,False,128634,19.99,1683392,88,Indie,iam8bit Presents,Coin Crew Games,https://shared.akamai.steamstatic.com/store_item_assets/steam/apps/1812090/header.jpg?t=1747087130,https://store.steampowered.com/app/1812090
1324530,"Warhammer 40,000: Shootas, Blood & Teef",False,2022-10-20T04:00:00.000Z,False,141693,19.99,1657828,87,Indie,Rogueside,Rogueside,https://shared.akamai.steamstatic.com/store_item_assets/steam/apps/1324530/7a653e9043ace6fe073ceea54f69686ba3943a58/header.jpg?t=1744630919,https://store.steampowered.com/app/1324530
1324340,Made in Abyss: Binary Star Falling into Darkness,False,2022-09-02T04:00:00.000Z,False,80693,59.99,1651779,78,AA,"Spike Chunsoft Co., Ltd.",Chime Corporation,https://shared.akamai.steamstatic.com/store_item_assets/steam/apps/1324340/header.jpg?t=1715700940,https://store.steampowered.com/app/1324340
1684930,CULTIC,False,2022-10-13T04:00:00.000Z,False,195002,9.99,1650778,98,Indie,3D Realms,Jasozz Games,https://shared.akamai.steamstatic.com/store_item_assets/steam/apps/1684930/f5406a57a7d55ed95e81542e2af653b6b8823216/header.jpg?t=1758256193,https://store.steampowered.com/app/1684930
1586800,Lil Gator Game,False,2022-12-14T05:00:00.000Z,False,113711,19.99,1635092,99,Indie,Playtonic Friends,MegaWobble,https://shared.akamai.steamstatic.com/store_item_assets/steam/apps/1586800/header.jpg?t=1736949285,https://store.steampowered.com/app/1586800
1920480,River City Girls 2,False,2022-12-14T05:00:00.000Z,False,58722,39.99,1632219,86,Indie,"WayForward,Arc System Works",WayForward,https://shared.akamai.steamstatic.com/store_item_assets/steam/apps/1920480/header.jpg?t=1758823732,https://store.steampowered.com/app/1920480
1901370,Ib,False,2022-04-11T04:00:00.000Z,False,172483,12.99,1629066,99,AA,PLAYISM,kouri,https://shared.akamai.steamstatic.com/store_item_assets/steam/apps/1901370/header.jpg?t=1735124072,https://store.steampowered.com/app/1901370
1080020,Electrician Simulator,False,2022-09-21T04:00:00.000Z,False,392749,17.99,1592805,80,Indie,"Gaming Factory,Ultimate Games S.A.",Take IT Studio!,https://shared.akamai.steamstatic.com/store_item_assets/steam/apps/1080020/header.jpg?t=1757957124,https://store.steampowered.com/app/1080020
1621070,DeadPoly,False,2022-01-12T05:00:00.000Z,True,269083,9.99,1587755,78,Indie,TFL Games,TFL Games,https://shared.akamai.steamstatic.com/store_item_assets/steam/apps/1621070/b1374a286d291ee196c05607ec49e698f5173d50/header.jpg?t=1763165503,https://store.steampowered.com/app/1621070
1282410,Hard West 2,False,2022-08-04T04:00:00.000Z,False,123645,29.99,1560750,82,AA,Good Shepherd Entertainment,Ice Code Games,https://shared.akamai.steamstatic.com/store_item_assets/steam/apps/1282410/header.jpg?t=1750073661,https://store.steampowered.com/app/1282410
1403370,Zenith: Nexus,False,2022-01-27T05:00:00.000Z,True,238163,0,1545052,67,Indie,Ramen VR,Ramen VR,https://shared.akamai.steamstatic.com/store_item_assets/steam/apps/1403370/header.jpg?t=1718066127,https://store.steampowered.com/app/1403370
2068280,Nordic Ashes: Survivors of Ragnarok,False,2022-12-15T05:00:00.000Z,False,327787,9.99,1544197,89,Indie,Noxfall Studios,Noxfall Studios,https://shared.akamai.steamstatic.com/store_item_assets/steam/apps/2068280/3b2caac85569d9976105b42d4552f51faa38809f/header.jpg?t=1762345085,https://store.steampowered.com/app/2068280
1730680,Klonoa Phantasy Reverie Series,False,2022-07-07T04:00:00.000Z,False,92522,39.99,1540946,94,AAA,Bandai Namco Entertainment,MONKEYCRAFT Co. Ltd.,https://shared.akamai.steamstatic.com/store_item_assets/steam/apps/1730680/header.jpg?t=1708327336,https://store.steampowered.com/app/1730680
1757490,Waifu Fighter,False,2022-12-21T05:00:00.000Z,False,237347,7.99,1533527,87,Indie,"Mango Party,LewdLoco,Mango Party News",Happy Monster Studio,https://shared.akamai.steamstatic.com/store_item_assets/steam/apps/1757490/header.jpg?t=1724074956,https://store.steampowered.com/app/1757490
1807080,Ghost Exile,False,2022-01-07T05:00:00.000Z,True,174125,14.99,1532341,88,Indie,LostOneTeam,LostOneTeam,https://shared.akamai.steamstatic.com/store_item_assets/steam/apps/1807080/header.jpg?t=1736468402,https://store.steampowered.com/app/1807080
1411740,Urbek City Builder,False,2022-07-13T04:00:00.000Z,False,164362,18.99,1519073,90,Indie,RockGame S.A.,Fridus,https://shared.akamai.steamstatic.com/store_item_assets/steam/apps/1411740/33f43d2b79e1abad703b86653d8fb5ce74a5c4b3/header.jpg?t=1756046040,https://store.steampowered.com/app/1411740
1570010,FAR: Changing Tides,False,2022-03-01T05:00:00.000Z,False,188021,19.99,1454544,92,Indie,Frontier Foundry,Okomotive,https://shared.akamai.steamstatic.com/store_item_assets/steam/apps/1570010/header.jpg?t=1755781645,https://store.steampowered.com/app/1570010
1891700,Tap Ninja - Idle game,False,2022-03-17T04:00:00.000Z,False,1211083,0,1443476,85,Indie,Broken Glass,Broken Glass,https://shared.akamai.steamstatic.com/store_item_assets/steam/apps/1891700/header.jpg?t=1745443059,https://store.steampowered.com/app/1891700
1535560,Farmer Against Potatoes Idle,False,2022-08-25T04:00:00.000Z,False,660797,0,1441468,95,Indie,Oni Gaming,Oni Gaming,https://shared.akamai.steamstatic.com/store_item_assets/steam/apps/1535560/header.jpg?t=1725535750,https://store.steampowered.com/app/1535560
1623070,Master of Magic,False,2022-12-13T05:00:00.000Z,False,48276,39.99,1440121,71,AA,Slitherine Ltd.,"MuHa Games,Eerie Forest Studio",https://shared.akamai.steamstatic.com/store_item_assets/steam/apps/1623070/header.jpg?t=1726823439,https://store.steampowered.com/app/1623070
1995890,Aerofly FS 4 Flight Simulator,False,2022-07-04T04:00:00.000Z,False,29623,59.99,1440059,88,Indie,IPACS,IPACS,https://shared.akamai.steamstatic.com/store_item_assets/steam/apps/1995890/header.jpg?t=1752836625,https://store.steampowered.com/app/1995890
1532690,BLACKTAIL,False,2022-12-15T05:00:00.000Z,False,101887,29.99,1438386,81,AAA,Focus Entertainment,THE PARASIGHT,https://shared.akamai.steamstatic.com/store_item_assets/steam/apps/1532690/header.jpg?t=1761836902,https://store.steampowered.com/app/1532690
1659600,Teenage Mutant Ninja Turtles: The Cowabunga Collection,False,2022-08-30T04:00:00.000Z,False,64116,39.99,1430988,88,AAA,KONAMI,Digital Eclipse,https://shared.akamai.steamstatic.com/store_item_assets/steam/apps/1659600/header.jpg?t=1756915028,https://store.steampowered.com/app/1659600
1668690,Alina of the Arena,False,2022-01-19T05:00:00.000Z,False,133884,14.99,1427342,92,Indie,"PINIX,IndieArk",PINIX,https://shared.akamai.steamstatic.com/store_item_assets/steam/apps/1668690/header.jpg?t=1759815687,https://store.steampowered.com/app/1668690
845890,Moonbreaker,False,2022-09-29T04:00:00.000Z,False,60235,29.99,1391066,84,AAA,"KRAFTON, Inc.",Unknown Worlds Entertainment,https://shared.akamai.steamstatic.com/store_item_assets/steam/apps/845890/header.jpg?t=1726810180,https://store.steampowered.com/app/845890
1371720,Card Shark,False,2022-06-02T04:00:00.000Z,False,136997,19.99,1389376,90,AA,Devolver Digital,Nerial,https://shared.akamai.steamstatic.com/store_item_assets/steam/apps/1371720/header.jpg?t=1728952706,https://store.steampowered.com/app/1371720
1811950,The Legend of Heroes: Kuro no Kiseki,False,2022-07-27T04:00:00.000Z,False,52235,49.99,1387920,91,Indie,Clouded Leopard Entertainment,Nihon Falcom,https://shared.akamai.steamstatic.com/store_item_assets/steam/apps/1811950/header.jpg?t=1738816939,https://store.steampowered.com/app/1811950
1155970,Roadwarden,False,2022-09-12T04:00:00.000Z,False,213219,10.99,1360218,95,Indie,Assemble Entertainment,Moral Anxiety Studio,https://shared.akamai.steamstatic.com/store_item_assets/steam/apps/1155970/header.jpg?t=1736243172,https://store.steampowered.com/app/1155970
1354830,Cat Cafe Manager,False,2022-04-14T04:00:00.000Z,False,115736,19.99,1348531,88,Indie,indie.io,Roost Games,https://shared.akamai.steamstatic.com/store_item_assets/steam/apps/1354830/header.jpg?t=1759874849,https://store.steampowered.com/app/1354830
1491000,War Robots: Frontiers,False,2022-11-24T05:00:00.000Z,False,167738,0,1346614,65,AA,MY.GAMES,MY.GAMES,https://shared.akamai.steamstatic.com/store_item_assets/steam/apps/1491000/d9a66228e5e8aca6edf6f31b6b5ecc8d87e686b3/header.jpg?t=1762789644,https://store.steampowered.com/app/1491000
1792250,Serious Sam: Siberian Mayhem,False,2022-01-25T05:00:00.000Z,False,132535,19.99,1340190,93,AA,Devolver Digital,"Croteam,Timelock Studio",https://shared.akamai.steamstatic.com/store_item_assets/steam/apps/1792250/header.jpg?t=1710764267,https://store.steampowered.com/app/1792250
890550,RUMBLE,False,2022-09-23T04:00:00.000Z,True,77249,20,1331939,87,Indie,Buckethead Entertainment,Buckethead Entertainment,https://shared.akamai.steamstatic.com/store_item_assets/steam/apps/890550/header.jpg?t=1753949587,https://store.steampowered.com/app/890550
1846170,Iron Lung,False,2022-03-09T05:00:00.000Z,False,253621,7.99,1330437,92,Indie,David Szymanski,David Szymanski,https://shared.akamai.steamstatic.com/store_item_assets/steam/apps/1846170/header.jpg?t=1750084184,https://store.steampowered.com/app/1846170
782250,Hush Hush - Only Your Love Can Save Them,False,2022-08-22T04:00:00.000Z,False,97327,19.99,1329685,94,Indie,Sad Panda Studios,Sad Panda Studios,https://shared.akamai.steamstatic.com/store_item_assets/steam/apps/782250/5d9e862fe9ec709baca0b727f567e2a8f8ff0738/header.jpg?t=1760806805,https://store.steampowered.com/app/782250
1849900,Among Us 3D: VR,False,2022-11-10T05:00:00.000Z,False,160291,9.99,1323497,74,AA,Innersloth,"Schell Games,Innersloth,Robot Teddy",https://shared.akamai.steamstatic.com/store_item_assets/steam/apps/1849900/7ad9b713ffcabfd54ad85e91d6d86ebfa921c22d/header.jpg?t=1763661128,https://store.steampowered.com/app/1849900
1863670,Mystwood Manor,False,2022-09-30T04:00:00.000Z,False,88549,19.99,1310525,86,Indie,Faerin Games,Faerin Games,https://shared.akamai.steamstatic.com/store_item_assets/steam/apps/1863670/header.jpg?t=1752853075,https://store.steampowered.com/app/1863670
1713810,Lumencraft,False,2022-04-13T04:00:00.000Z,False,112084,19.99,1298330,77,Indie,"Star Drifters,Surefire.Games",2Dynamic Games,https://shared.akamai.steamstatic.com/store_item_assets/steam/apps/1713810/header.jpg?t=1726752045,https://store.steampowered.com/app/1713810
1968730,Bounty of One,False,2022-08-18T04:00:00.000Z,False,281719,6.99,1288389,88,Indie,OptizOnion,OptizOnion,https://shared.akamai.steamstatic.com/store_item_assets/steam/apps/1968730/ef8941f7eece2a4827c5ae1363b12af36152effa/header.jpg?t=1755253065,https://store.steampowered.com/app/1968730
1866180,Hooked on You: A Dead by Daylight Dating Sim™,False,2022-08-03T04:00:00.000Z,False,200585,9.99,1281847,91,AA,Behaviour Interactive Inc.,Psyop,https://shared.akamai.steamstatic.com/store_item_assets/steam/apps/1866180/header.jpg?t=1682551072,https://store.steampowered.com/app/1866180
1963210,VALKYRIE ELYSIUM,False,2022-11-11T05:00:00.000Z,False,44858,59.99,1274504,63,AA,Square Enix,"Square Enix,Soleil Ltd.",https://shared.akamai.steamstatic.com/store_item_assets/steam/apps/1963210/header.jpg?t=1684724115,https://store.steampowered.com/app/1963210
1389990,Oblivity - Find your perfect Sensitivity,False,2022-03-24T04:00:00.000Z,False,159080,9.99,1259190,82,Indie,Poly Games,Poly Games,https://shared.akamai.steamstatic.com/store_item_assets/steam/apps/1389990/header.jpg?t=1694430670,https://store.steampowered.com/app/1389990
1898210,Eros Fantasy,False,2022-05-18T04:00:00.000Z,False,45353,0,1249921,67,Indie,GAMEYOND,GAMEYOND,https://shared.akamai.steamstatic.com/store_item_assets/steam/apps/1898210/header.jpg?t=1739195155,https://store.steampowered.com/app/1898210
1859280,7 Days to End with You,False,2022-02-06T05:00:00.000Z,False,206906,7.99,1249657,89,AA,PLAYISM,Lizardry,https://shared.akamai.steamstatic.com/store_item_assets/steam/apps/1859280/header.jpg?t=1762398126,https://store.steampowered.com/app/1859280
1722860,Munchkin Digital,False,2022-12-01T05:00:00.000Z,False,105532,14.99,1248724,75,Indie,Dire Wolf,Dire Wolf,https://shared.akamai.steamstatic.com/store_item_assets/steam/apps/1722860/header.jpg?t=1737566870,https://store.steampowered.com/app/1722860
1843940,Brigandine The Legend of Runersia,False,2022-05-10T04:00:00.000Z,False,58485,39.99,1246720,86,Indie,Happinet,"Happinet,Matrix",https://shared.akamai.steamstatic.com/store_item_assets/steam/apps/1843940/3434ae8143a8dd2682f87e2b9ee059c47e6cc42c/header.jpg?t=1763718886,https://store.steampowered.com/app/1843940
1749750,Disgaea 6 Complete,False,2022-06-28T04:00:00.000Z,False,30045,59.99,1242659,63,Indie,"NIS America, Inc.","Nippon Ichi Software, Inc.",https://shared.akamai.steamstatic.com/store_item_assets/steam/apps/1749750/header.jpg?t=1732584372,https://store.steampowered.com/app/1749750
515960,Martha Is Dead,False,2022-02-24T05:00:00.000Z,False,88345,29.99,1240467,79,Indie,Wired Productions,LKA,https://shared.akamai.steamstatic.com/store_item_assets/steam/apps/515960/header.jpg?t=1761752339,https://store.steampowered.com/app/515960
982290,Airborne Kingdom,False,2022-03-07T05:00:00.000Z,False,95595,24.99,1224630,87,Indie,indie.io,The Wandering Band LLC,https://shared.akamai.steamstatic.com/store_item_assets/steam/apps/982290/header.jpg?t=1755813580,https://store.steampowered.com/app/982290
1647550,NEO: The World Ends with You,False,2022-10-19T04:00:00.000Z,False,43073,59.99,1220164,92,AA,Square Enix,"Square Enix,h.a.n.d.",https://shared.akamai.steamstatic.com/store_item_assets/steam/apps/1647550/header.jpg?t=1751339206,https://store.steampowered.com/app/1647550
1897120,Happiness Double Room,False,2022-09-28T04:00:00.000Z,False,120405,12.99,1215664,91,Indie,"Alice Publication,Connection",Connection,https://shared.akamai.steamstatic.com/store_item_assets/steam/apps/1897120/header.jpg?t=1733469477,https://store.steampowered.com/app/1897120
1048370,Idle Skilling,False,2022-09-15T04:00:00.000Z,False,379916,0,1210036,71,Indie,Lavaflame2,Lavaflame2,https://shared.akamai.steamstatic.com/store_item_assets/steam/apps/1048370/header.jpg?t=1727223898,https://store.steampowered.com/app/1048370
1839940,Dakar Desert Rally,False,2022-10-04T04:00:00.000Z,False,52056,29.99,1207857,58,Indie,Saber Interactive,Saber Porto Ltd.,https://shared.akamai.steamstatic.com/store_item_assets/steam/apps/1839940/header.jpg?t=1705324133,https://store.steampowered.com/app/1839940
1896170,Prince of Suburbia - Part 1,False,2022-05-11T04:00:00.000Z,False,343514,0,1180941,93,Indie,ViM Studios,ViM Studios,https://shared.akamai.steamstatic.com/store_item_assets/steam/apps/1896170/header.jpg?t=1761614129,https://store.steampowered.com/app/1896170
1730590,The Entropy Centre,False,2022-11-03T04:00:00.000Z,False,105465,19.99,1178486,90,AA,Playstack,Stubby Games,https://shared.akamai.steamstatic.com/store_item_assets/steam/apps/1730590/header.jpg?t=1759166404,https://store.steampowered.com/app/1730590
1784570,Trainz Railroad Simulator 2022,False,2022-05-30T04:00:00.000Z,False,52985,39.99,1176607,75,Indie,N3V Games,N3V Games,https://shared.akamai.steamstatic.com/store_item_assets/steam/apps/1784570/header.jpg?t=1723680911,https://store.steampowered.com/app/1784570
1690710,Incremental Epic Hero 2,False,2022-07-22T04:00:00.000Z,False,195295,0,1176265,71,Indie,"Idle System, Inc.",Hapiwaku,https://shared.akamai.steamstatic.com/store_item_assets/steam/apps/1690710/header.jpg?t=1740282749,https://store.steampowered.com/app/1690710
1836860,Neptunia x SENRAN KAGURA: Ninja Wars,False,2022-05-11T04:00:00.000Z,False,65417,49.99,1170589,82,Indie,Idea Factory International,"Idea Factory,Compile Heart,Tamsoft",https://shared.akamai.steamstatic.com/store_item_assets/steam/apps/1836860/header.jpg?t=1730854291,https://store.steampowered.com/app/1836860
1140150,Touhou: Lost Branch of Legend,False,2022-08-17T04:00:00.000Z,True,51034,29.99,1168827,93,Indie,Alioth Studio,Alioth Studio,https://shared.akamai.steamstatic.com/store_item_assets/steam/apps/1140150/header.jpg?t=1761802596,https://store.steampowered.com/app/1140150
1952250,SAMURAI MAIDEN,False,2022-12-08T05:00:00.000Z,False,26324,59.99,1167956,60,AA,D3PUBLISHER,SHADE Inc.,https://shared.akamai.steamstatic.com/store_item_assets/steam/apps/1952250/header.jpg?t=1747126442,https://store.steampowered.com/app/1952250
1489970,Highrise City,False,2022-03-24T04:00:00.000Z,False,54506,29.99,1167690,78,Indie,Deck13,Fourexo Entertainment,https://shared.akamai.steamstatic.com/store_item_assets/steam/apps/1489970/header.jpg?t=1759311838,https://store.steampowered.com/app/1489970
1927720,Monument Valley,False,2022-07-12T04:00:00.000Z,False,330746,7.99,1164796,98,Indie,ustwo games,ustwo games,https://shared.akamai.steamstatic.com/store_item_assets/steam/apps/1927720/45a4e828b5d2e3bd4068c68bae0a41c745a5e2dc/header.jpg?t=1762967584,https://store.steampowered.com/app/1927720
1895300,Shinobi Warfare,False,2022-06-14T04:00:00.000Z,False,44501,0,1149935,63,Indie,TechnoTal,TechnoTal,https://shared.akamai.steamstatic.com/store_item_assets/steam/apps/1895300/header.jpg?t=1655218818,https://store.steampowered.com/app/1895300
928960,Godfall Ultimate Edition,False,2022-04-07T04:00:00.000Z,False,72143,39.99,1140583,64,AA,Gearbox Publishing,Counterplay Games Inc,https://shared.akamai.steamstatic.com/store_item_assets/steam/apps/928960/header.jpg?t=1749246535,https://store.steampowered.com/app/928960
1269370,171,False,2022-11-17T05:00:00.000Z,True,95686,19.99,1137008,74,Indie,Betagames Group,Betagames Group,https://shared.akamai.steamstatic.com/store_item_assets/steam/apps/1269370/header.jpg?t=1749604331,https://store.steampowered.com/app/1269370
587520,Dungeons of Sundaria,False,2022-07-18T04:00:00.000Z,False,204578,9.99,1136132,74,Indie,Industry Games,Industry Games,https://shared.akamai.steamstatic.com/store_item_assets/steam/apps/587520/header.jpg?t=1703180854,https://store.steampowered.com/app/587520
1603640,The House of Da Vinci 3,False,2022-12-22T05:00:00.000Z,False,83139,19.99,1134138,90,Indie,Blue Brain Games,Blue Brain Games,https://shared.akamai.steamstatic.com/store_item_assets/steam/apps/1603640/header.jpg?t=1756181662,https://store.steampowered.com/app/1603640
1718870,Spaceflight Simulator,False,2022-02-17T05:00:00.000Z,True,126879,14.99,1129116,96,Indie,Team Curiosity ✦,Team Curiosity ✦,https://shared.akamai.steamstatic.com/store_item_assets/steam/apps/1718870/header.jpg?t=1721124425,https://store.steampowered.com/app/1718870
1767560,Pro Cycling Manager 2022,False,2022-06-09T04:00:00.000Z,False,55761,39.99,1128834,85,AA,Nacon,Cyanide Studio,https://shared.akamai.steamstatic.com/store_item_assets/steam/apps/1767560/header.jpg?t=1726214670,https://store.steampowered.com/app/1767560
1715730,Boo Men,False,2022-09-15T04:00:00.000Z,True,169295,7.99,1119803,88,Indie,Twisted Corridor 👻,Twisted Corridor 👻,https://shared.akamai.steamstatic.com/store_item_assets/steam/apps/1715730/header.jpg?t=1719464499,https://store.steampowered.com/app/1715730
1958390,Innocence Or Money Season 1 - Episodes 1 to 3,False,2022-05-20T04:00:00.000Z,False,320161,0,1118533,81,Indie,MarcialART,MarcialART,https://shared.akamai.steamstatic.com/store_item_assets/steam/apps/1958390/header.jpg?t=1703284066,https://store.steampowered.com/app/1958390
1766100,The Last Hero of Nostalgaia,False,2022-10-19T04:00:00.000Z,False,102411,24.99,1085826,80,Indie,Coatsink,Over The Moon,https://shared.akamai.steamstatic.com/store_item_assets/steam/apps/1766100/header.jpg?t=1741171317,https://store.steampowered.com/app/1766100
2009390,Dream Three Kingdoms 2,False,2022-08-31T04:00:00.000Z,False,8285,0,1080868,39,Indie,杭州电魂网络科技股份有限公司,杭州电魂网络科技股份有限公司,https://shared.akamai.steamstatic.com/store_item_assets/steam/apps/2009390/header.jpg?t=1696668622,https://store.steampowered.com/app/2009390
2069640,Hero's Journey,False,2022-07-14T04:00:00.000Z,False,98933,14.99,1075006,79,Indie,Jun Takahashi,Jun Takahashi,https://shared.akamai.steamstatic.com/store_item_assets/steam/apps/2069640/header.jpg?t=1665690837,https://store.steampowered.com/app/2069640
1429500,Frontier Hunter: Erza’s Wheel of Fortune,False,2022-12-14T05:00:00.000Z,False,80691,24.99,1071750,83,Indie,IceSitruuna,IceSitruuna,https://shared.akamai.steamstatic.com/store_item_assets/steam/apps/1429500/header.jpg?t=1739730657,https://store.steampowered.com/app/1429500
2099110,The Classrooms,False,2022-10-28T04:00:00.000Z,True,134321,11.99,1067725,90,Indie,Xefier Games,"Hillcrest Games Inc.,Xefier Games",https://shared.akamai.steamstatic.com/store_item_assets/steam/apps/2099110/5f55df1a6b65efd8c25897759bfb9d2aa4c2deb7/header.jpg?t=1762156032,https://store.steampowered.com/app/2099110
1962770,Nova Empire,False,2022-05-26T04:00:00.000Z,False,17119,0,1066578,54,Indie,Gamebear Tech,Gamebear Tech,https://shared.akamai.steamstatic.com/store_item_assets/steam/apps/1962770/header.jpg?t=1668588994,https://store.steampowered.com/app/1962770
2067850,Drakensang Online,False,2022-09-27T04:00:00.000Z,False,92331,0,1061924,65,Indie,Bigpoint GmbH,Bigpoint GmbH,https://shared.akamai.steamstatic.com/store_item_assets/steam/apps/2067850/header.jpg?t=1685459196,https://store.steampowered.com/app/2067850
1522870,Supraland Six Inches Under,False,2022-01-14T05:00:00.000Z,False,109911,19.99,1056641,96,Indie,Supra Games,Supra Games,https://shared.akamai.steamstatic.com/store_item_assets/steam/apps/1522870/header.jpg?t=1725024288,https://store.steampowered.com/app/1522870
1190170,OlliOlli World,False,2022-02-07T05:00:00.000Z,False,72901,19.99,1053615,90,AAA,2K,Roll7,https://shared.akamai.steamstatic.com/store_item_assets/steam/apps/1190170/header.jpg?t=1749136439,https://store.steampowered.com/app/1190170
1407450,The World of Kungfu: Dragon and Eagle,False,2022-08-15T04:00:00.000Z,False,90562,17.99,1040067,67,Indie,ChillyRoom,ChillyRoom,https://shared.akamai.steamstatic.com/store_item_assets/steam/apps/1407450/header.jpg?t=1741226613,https://store.steampowered.com/app/1407450
1350200,IMMORTALITY,False,2022-08-30T04:00:00.000Z,False,83738,19.99,1028051,84,Indie,Half Mermaid,"Sam Barlow,Half Mermaid",https://shared.akamai.steamstatic.com/store_item_assets/steam/apps/1350200/header.jpg?t=1724989848,https://store.steampowered.com/app/1350200
1967510,Railbound,False,2022-09-06T04:00:00.000Z,False,122592,12.99,1026374,95,Indie,Afterburn,Afterburn,https://shared.akamai.steamstatic.com/store_item_assets/steam/apps/1967510/0bcb8a1233c7b4dcd5b9747a390cd924f55340d2/header.jpg?t=1762941385,https://store.steampowered.com/app/1967510
1341820,As Dusk Falls,False,2022-07-19T04:00:00.000Z,False,101843,29.99,1010664,91,AAA,Xbox Game Studios,INTERIOR/NIGHT,https://shared.akamai.steamstatic.com/store_item_assets/steam/apps/1341820/header.jpg?t=1718812917,https://store.steampowered.com/app/1341820
1160920,Food Truck Simulator,False,2022-09-14T04:00:00.000Z,False,84401,19.99,1005706,69,Indie,"DRAGO entertainment,HeartBeat Games",DRAGO entertainment,https://shared.akamai.steamstatic.com/store_item_assets/steam/apps/1160920/header.jpg?t=1742476593,https://store.steampowered.com/app/1160920
1615290,Ravenous Devils,False,2022-04-29T04:00:00.000Z,False,344342,4.99,1001536,92,Indie,Bad Vices Games,Bad Vices Games,https://shared.akamai.steamstatic.com/store_item_assets/steam/apps/1615290/header.jpg?t=1760538993,https://store.steampowered.com/app/1615290
1390410,Midnight Fight Express,False,2022-08-23T04:00:00.000Z,False,76319,19.99,1000716,89,AA,Humble Games,Jacob Dzwinel,https://shared.akamai.steamstatic.com/store_item_assets/steam/apps/1390410/header.jpg?t=1696695624,https://store.steampowered.com/app/1390410
1944570,Boneraiser Minions,False,2022-08-05T04:00:00.000Z,False,248921,4.99,1000599,96,Indie,caiysware,caiys,https://shared.akamai.steamstatic.com/store_item_assets/steam/apps/1944570/header.jpg?t=1733234278,https://store.steampowered.com/app/1944570
1970980,Warlord: Britannia,False,2022-05-24T04:00:00.000Z,False,62536,19.99,999535,88,Indie,Darkmatter Games,Darkmatter Games,https://shared.akamai.steamstatic.com/store_item_assets/steam/apps/1970980/header.jpg?t=1726252386,https://store.steampowered.com/app/1970980
1823600,Power & Revolution 2022 Edition,False,2022-04-07T04:00:00.000Z,False,26349,49.99,998604,59,Indie,Eversim,Eversim,https://shared.akamai.steamstatic.com/store_item_assets/steam/apps/1823600/header.jpg?t=1655368262,https://store.steampowered.com/app/1823600
1776970,月に寄りそう乙女の作法,False,2022-06-17T04:00:00.000Z,False,52441,39.99,997982,97,Indie,HIKARI FIELD,Navel,https://shared.akamai.steamstatic.com/store_item_assets/steam/apps/1776970/header.jpg?t=1761700355,https://store.steampowered.com/app/1776970
1314000,Achilles: Legends Untold,False,2022-05-12T04:00:00.000Z,False,74183,24.99,993904,79,Indie,"Dark Point Games,Galaktus",Dark Point Games,https://shared.akamai.steamstatic.com/store_item_assets/steam/apps/1314000/header.jpg?t=1763670046,https://store.steampowered.com/app/1314000
1679220,Portal Dungeon,False,2022-12-14T05:00:00.000Z,False,91565,14.99,989617,88,Indie,"DuskDogStudio,IndieArk",DuskDogStudio,https://shared.akamai.steamstatic.com/store_item_assets/steam/apps/1679220/header.jpg?t=1729043813,https://store.steampowered.com/app/1679220
1592110,Spirit of the Island,False,2022-03-16T04:00:00.000Z,False,100502,14.99,979636,66,Indie,META Publishing,1M Bits Horde,https://shared.akamai.steamstatic.com/store_item_assets/steam/apps/1592110/header.jpg?t=1759826828,https://store.steampowered.com/app/1592110
1883260,Little Noah: Scion of Paradise,False,2022-06-28T04:00:00.000Z,False,147490,14.99,978443,92,AA,"Cygames, Inc.","Cygames, Inc.,Grounding Inc.",https://shared.akamai.steamstatic.com/store_item_assets/steam/apps/1883260/header.jpg?t=1750903787,https://store.steampowered.com/app/1883260
1962430,Monochrome Mobius: Rights and Wrongs Forgotten,False,2022-11-16T05:00:00.000Z,False,23057,59.99,971805,81,Indie,"DMM GAMES,Shiravune",AQUAPLUS,https://shared.akamai.steamstatic.com/store_item_assets/steam/apps/1962430/header.jpg?t=1732445114,https://store.steampowered.com/app/1962430
1927780,Galaxy Life,False,2022-08-19T04:00:00.000Z,False,595769,0,967052,92,Indie,Phoenix Network,Phoenix Network,https://shared.akamai.steamstatic.com/store_item_assets/steam/apps/1927780/header.jpg?t=1744481410,https://store.steampowered.com/app/1927780
1743850,HYPER DEMON,False,2022-09-19T04:00:00.000Z,False,119686,14.99,963300,94,Indie,Sorath,Sorath,https://shared.akamai.steamstatic.com/store_item_assets/steam/apps/1743850/header.jpg?t=1726872838,https://store.steampowered.com/app/1743850
1755580,The Jackbox Party Starter,False,2022-06-29T04:00:00.000Z,False,63901,19.99,958232,94,AA,"Jackbox Games, Inc.","Jackbox Games, Inc.",https://shared.akamai.steamstatic.com/store_item_assets/steam/apps/1755580/header.jpg?t=1734653341,https://store.steampowered.com/app/1755580
1930640,Lost2,False,2022-09-30T04:00:00.000Z,False,94999,15.99,956838,82,Indie,DSGame,DSGame,https://shared.akamai.steamstatic.com/store_item_assets/steam/apps/1930640/header.jpg?t=1749230472,https://store.steampowered.com/app/1930640
374190,Infernax,False,2022-02-14T05:00:00.000Z,False,76929,19.99,955210,93,Indie,The Arcade Crew,Berzerk Studio,https://shared.akamai.steamstatic.com/store_item_assets/steam/apps/374190/header.jpg?t=1739367973,https://store.steampowered.com/app/374190
1768640,Leap of Faith,False,2022-02-11T05:00:00.000Z,False,107447,10.99,954194,96,Indie,DriftyGames,DriftyGames,https://shared.akamai.steamstatic.com/store_item_assets/steam/apps/1768640/header.jpg?t=1759050244,https://store.steampowered.com/app/1768640
1637730,Crystal Project,False,2022-03-31T04:00:00.000Z,False,86625,13.99,951053,92,Indie,Andrew Willman,Andrew Willman,https://shared.akamai.steamstatic.com/store_item_assets/steam/apps/1637730/813ac4008b9fa9ca221f15db3f44496d559632fd/header.jpg?t=1762578692,https://store.steampowered.com/app/1637730
1723260,CaseCracker,False,2022-05-19T04:00:00.000Z,False,169995,9.99,941374,91,Indie,BlackRobe,BlackRobe,https://shared.akamai.steamstatic.com/store_item_assets/steam/apps/1723260/c2a3e3b94a9d54e34d0bb3176d4478323cf377bc/header.jpg?t=1760838614,https://store.steampowered.com/app/1723260
943370,Bravery and Greed,False,2022-11-15T05:00:00.000Z,False,84560,19.99,935829,77,AA,Team17,Rekka Games,https://shared.akamai.steamstatic.com/store_item_assets/steam/apps/943370/header.jpg?t=1763037422,https://store.steampowered.com/app/943370
1269640,Beacon Pines,False,2022-09-22T04:00:00.000Z,False,85462,19.99,932161,98,Indie,Fellow Traveller,Hiding Spot,https://shared.akamai.steamstatic.com/store_item_assets/steam/apps/1269640/header.jpg?t=1756348702,https://store.steampowered.com/app/1269640
1694600,THE HOUSE OF THE DEAD: Remake,False,2022-04-28T04:00:00.000Z,False,109004,24.99,925929,68,Indie,Forever Entertainment S. A.,MegaPixel Studio S. A.,https://shared.akamai.steamstatic.com/store_item_assets/steam/apps/1694600/header.jpg?t=1755193722,https://store.steampowered.com/app/1694600
1718130,SCP: Secret Files,False,2022-09-13T04:00:00.000Z,False,81371,14.99,924233,88,Indie,Pixmain,GameZoo Studio,https://shared.akamai.steamstatic.com/store_item_assets/steam/apps/1718130/header.jpg?t=1668666200,https://store.steampowered.com/app/1718130
1602080,Soulstice,False,2022-09-19T04:00:00.000Z,False,70826,39.99,923232,73,Indie,Maximum Entertainment,Reply Game Studios,https://shared.akamai.steamstatic.com/store_item_assets/steam/apps/1602080/header.jpg?t=1746539339,https://store.steampowered.com/app/1602080
1683430,Ghost Marriage Matchmaking,False,2022-02-08T05:00:00.000Z,False,65101,19.99,922479,87,Indie,"Alice Publication,Eternal Alice Media","永恆艾莉絲工坊,非魚工作室",https://shared.akamai.steamstatic.com/store_item_assets/steam/apps/1683430/header.jpg?t=1745896971,https://store.steampowered.com/app/1683430
1973080,Incubus,False,2022-06-04T04:00:00.000Z,False,112306,10.99,916652,76,Indie,HimitsuCP,HimitsuCP,https://shared.akamai.steamstatic.com/store_item_assets/steam/apps/1973080/header.jpg?t=1733901210,https://store.steampowered.com/app/1973080
1999360,Placid Plastic Duck Simulator,False,2022-07-06T04:00:00.000Z,False,598878,1.99,916241,98,Indie,"turbolento publishing,Team17",turbolento games,https://shared.akamai.steamstatic.com/store_item_assets/steam/apps/1999360/header.jpg?t=1762783133,https://store.steampowered.com/app/1999360
1859470,PAC-MAN WORLD Re-PAC,False,2022-08-25T04:00:00.000Z,False,89918,29.99,914904,93,AAA,Bandai Namco Entertainment,NOW PRODUCTION,https://shared.akamai.steamstatic.com/store_item_assets/steam/apps/1859470/header.jpg?t=1708327445,https://store.steampowered.com/app/1859470
1939560,镇邪,False,2022-11-04T04:00:00.000Z,False,106896,14.99,912574,87,Indie,INDIECN,灵煦工作室,https://shared.akamai.steamstatic.com/store_item_assets/steam/apps/1939560/header.jpg?t=1726044162,https://store.steampowered.com/app/1939560
1793030,Romancing SaGa -Minstrel Song- Remastered,False,2022-12-01T05:00:00.000Z,False,48226,24.99,898334,86,AA,Square Enix,"Square Enix,Bullets",https://shared.akamai.steamstatic.com/store_item_assets/steam/apps/1793030/header.jpg?t=1724831237,https://store.steampowered.com/app/1793030
1272010,Destroyer: The U-Boat Hunter,False,2022-09-28T04:00:00.000Z,False,57493,29.99,894773,75,AA,Daedalic Entertainment,Iron Wolf Studio S.A.,https://shared.akamai.steamstatic.com/store_item_assets/steam/apps/1272010/header.jpg?t=1751623756,https://store.steampowered.com/app/1272010
1889930,Baldur's Gate: Dark Alliance II,False,2022-07-20T04:00:00.000Z,False,41487,39.99,893486,80,Indie,Interplay Entertainment Corp.,"Square One Games Inc.,Black Isle Studios",https://shared.akamai.steamstatic.com/store_item_assets/steam/apps/1889930/header.jpg?t=1698777298,https://store.steampowered.com/app/1889930
1087760,The Gunk,False,2022-04-29T04:00:00.000Z,False,130987,24.99,888825,86,Indie,Thunderful Publishing,Image & Form Games,https://shared.akamai.steamstatic.com/store_item_assets/steam/apps/1087760/header.jpg?t=1759331134,https://store.steampowered.com/app/1087760
898890,Endling - Extinction is Forever,False,2022-07-19T04:00:00.000Z,False,87946,29.99,888159,95,Indie,HandyGames,Herobeat Studios,https://shared.akamai.steamstatic.com/store_item_assets/steam/apps/898890/header.jpg?t=1762935203,https://store.steampowered.com/app/898890
1622770,Doors: Paradox,False,2022-11-04T04:00:00.000Z,False,85120,14.99,881446,91,Indie,Snapbreak,Big Loop Studios,https://shared.akamai.steamstatic.com/store_item_assets/steam/apps/1622770/header.jpg?t=1727868695,https://store.steampowered.com/app/1622770
2059810,Richman 4,False,2022-07-27T04:00:00.000Z,False,218130,5.99,880302,73,Indie,SOFTSTAR ENTERTAINMENT,SOFTSTAR ENTERTAINMENT,https://shared.akamai.steamstatic.com/store_item_assets/steam/apps/2059810/header.jpg?t=1658992525,https://store.steampowered.com/app/2059810
1511780,Last Call BBS,False,2022-07-04T04:00:00.000Z,False,76726,19.99,878721,92,Indie,Zachtronics,Zachtronics,https://shared.akamai.steamstatic.com/store_item_assets/steam/apps/1511780/header.jpg?t=1659547275,https://store.steampowered.com/app/1511780
1502190,From Space,False,2022-11-03T04:00:00.000Z,False,135914,14.99,870470,68,AA,Curve Games,Triangle Studios,https://shared.akamai.steamstatic.com/store_item_assets/steam/apps/1502190/header.jpg?t=1747735891,https://store.steampowered.com/app/1502190
1574900,Salt 2: Shores of Gold,False,2022-09-20T04:00:00.000Z,False,67148,19.99,870134,85,Indie,Lavaboots Studios,Lavaboots Studios,https://shared.akamai.steamstatic.com/store_item_assets/steam/apps/1574900/700f08a504e43f7016854debb9ae943b1901f2a0/header.jpg?t=1763380272,https://store.steampowered.com/app/1574900
1599020,Tinykin,False,2022-08-30T04:00:00.000Z,False,90490,24.99,866004,98,AA,tinyBuild,Splashteam,https://shared.akamai.steamstatic.com/store_item_assets/steam/apps/1599020/header.jpg?t=1757531558,https://store.steampowered.com/app/1599020
1964360,Sexy Mystic Survivors,False,2022-11-18T05:00:00.000Z,True,108433,9.99,865601,78,Indie,"Mango Party,Lewdonymous",Fantasize Games,https://shared.akamai.steamstatic.com/store_item_assets/steam/apps/1964360/header.jpg?t=1762958780,https://store.steampowered.com/app/1964360
1428100,Instruments of Destruction,False,2022-03-02T05:00:00.000Z,False,59097,19.99,858446,92,AA,Secret Mode,Radiangames,https://shared.akamai.steamstatic.com/store_item_assets/steam/apps/1428100/header.jpg?t=1763745277,https://store.steampowered.com/app/1428100
1612780,The Centennial Case : A Shijima Story,False,2022-05-12T04:00:00.000Z,False,36420,49.99,850345,80,AA,Square Enix,Square Enix,https://shared.akamai.steamstatic.com/store_item_assets/steam/apps/1612780/header.jpg?t=1729854186,https://store.steampowered.com/app/1612780
1427340,Witchy Life Story,False,2022-09-30T04:00:00.000Z,False,62679,19.99,837906,79,Indie,Sundew Studios,Sundew Studios,https://shared.akamai.steamstatic.com/store_item_assets/steam/apps/1427340/header.jpg?t=1697744895,https://store.steampowered.com/app/1427340
1388870,Arcade Paradise,False,2022-08-11T04:00:00.000Z,False,68363,19.99,837139,82,Indie,Wired Productions,Nosebleed Interactive,https://shared.akamai.steamstatic.com/store_item_assets/steam/apps/1388870/2b2ae89e8bad3108036d12b14ad2100ca4f40e47/header.jpg?t=1757005235,https://store.steampowered.com/app/1388870
699330,The Iron Oath,False,2022-04-19T04:00:00.000Z,False,45104,24.99,836351,79,AA,Humble Games,Curious Panda Games,https://shared.akamai.steamstatic.com/store_item_assets/steam/apps/699330/header.jpg?t=1747507430,https://store.steampowered.com/app/699330
1461810,《蜀山：初章》买断版,False,2022-11-17T05:00:00.000Z,False,48383,24.99,818858,74,Indie,重楼工作室,重楼工作室,https://shared.akamai.steamstatic.com/store_item_assets/steam/apps/1461810/header.jpg?t=1688985841,https://store.steampowered.com/app/1461810
1498140,Cafe Owner Simulator,False,2022-12-05T05:00:00.000Z,False,68105,18.99,809680,65,Indie,RockGame S.A.,Second Reality,https://shared.akamai.steamstatic.com/store_item_assets/steam/apps/1498140/9a95ebe71a7f3d033c21546ba97322c9ccfa810e/header.jpg?t=1756032727,https://store.steampowered.com/app/1498140
2015240,Dwarven Realms,False,2022-12-16T05:00:00.000Z,False,112577,9.99,807582,83,Indie,Crater Studios,Crater Studios,https://shared.akamai.steamstatic.com/store_item_assets/steam/apps/2015240/header.jpg?t=1738315434,https://store.steampowered.com/app/2015240
1492730,DORAEMON STORY OF SEASONS: Friends of the Great Kingdom,False,2022-11-01T04:00:00.000Z,False,25568,49.99,804374,90,AAA,Bandai Namco Entertainment,Marvelous Inc.,https://shared.akamai.steamstatic.com/store_item_assets/steam/apps/1492730/header.jpg?t=1750782382,https://store.steampowered.com/app/1492730
1850550,I'm on Observation Duty 5,False,2022-05-13T04:00:00.000Z,False,90393,9.99,801899,96,Indie,Notovia,Notovia,https://shared.akamai.steamstatic.com/store_item_assets/steam/apps/1850550/6974818965d0df32b32aad1f1f23d5c74f1a36a6/header.jpg?t=1757339577,https://store.steampowered.com/app/1850550
1999170,Insect Swarm,False,2022-06-01T04:00:00.000Z,False,146683,6.99,799481,84,Indie,Parallel Portal,Parallel Portal,https://shared.akamai.steamstatic.com/store_item_assets/steam/apps/1999170/header.jpg?t=1739060426,https://store.steampowered.com/app/1999170
1587540,Anvil Saga,False,2022-06-21T04:00:00.000Z,False,73341,19.99,798828,72,Indie,HeroCraft PC,Pirozhok Studio,https://shared.akamai.steamstatic.com/store_item_assets/steam/apps/1587540/header.jpg?t=1745406359,https://store.steampowered.com/app/1587540
1768280,Ozymandias: Bronze Age Empire Sim,False,2022-10-11T04:00:00.000Z,False,77205,14.99,795512,88,Indie,"Goblinz Publishing,IndieArk",The Secret Games Company,https://shared.akamai.steamstatic.com/store_item_assets/steam/apps/1768280/header.jpg?t=1729044948,https://store.steampowered.com/app/1768280
1221250,NORCO,False,2022-03-24T04:00:00.000Z,False,107227,14.99,791563,93,AA,Raw Fury,Geography of Robots,https://shared.akamai.steamstatic.com/store_item_assets/steam/apps/1221250/header.jpg?t=1750685679,https://store.steampowered.com/app/1221250
1867530,Solar Ash,False,2022-12-08T05:00:00.000Z,False,40057,39.99,789228,91,AA,Annapurna Interactive,Heart Machine,https://shared.akamai.steamstatic.com/store_item_assets/steam/apps/1867530/header.jpg?t=1729097887,https://store.steampowered.com/app/1867530
1390190,APICO,False,2022-05-20T04:00:00.000Z,False,78658,19.99,785471,91,Indie,Whitethorn Games,"ellraiser,TNgineers",https://shared.akamai.steamstatic.com/store_item_assets/steam/apps/1390190/header.jpg?t=1763481362,https://store.steampowered.com/app/1390190
1851330,Heroes Of The Dark,False,2022-04-06T04:00:00.000Z,False,19524,0,770096,59,AA,Gameloft,Gameloft,https://shared.akamai.steamstatic.com/store_item_assets/steam/apps/1851330/header.jpg?t=1749833919,https://store.steampowered.com/app/1851330
1569200,Brewmaster: Beer Brewing Simulator,False,2022-09-29T04:00:00.000Z,False,100060,17.99,766907,77,AA,Fireshine Games,Auroch Digital,https://shared.akamai.steamstatic.com/store_item_assets/steam/apps/1569200/header.jpg?t=1732277671,https://store.steampowered.com/app/1569200
1782330,Green Hell VR,False,2022-06-09T04:00:00.000Z,False,48295,19.99,764545,58,Indie,Incuvo,Incuvo,https://shared.akamai.steamstatic.com/store_item_assets/steam/apps/1782330/header.jpg?t=1728925826,https://store.steampowered.com/app/1782330
1803400,Beneath Oresa,False,2022-11-03T04:00:00.000Z,False,48260,24.99,753460,77,Indie,Goblinz Publishing,Broken Spear Inc.,https://shared.akamai.steamstatic.com/store_item_assets/steam/apps/1803400/header.jpg?t=1739198900,https://store.steampowered.com/app/1803400
1843090,[Chilla's Art] The Closing Shift | 閉店事件,False,2022-03-18T04:00:00.000Z,False,157344,5.99,749614,88,Indie,Chilla's Art,Chilla's Art,https://shared.akamai.steamstatic.com/store_item_assets/steam/apps/1843090/header.jpg?t=1667383861,https://store.steampowered.com/app/1843090
864700,Dinosaur Fossil Hunter,False,2022-05-04T04:00:00.000Z,False,62130,19.99,741597,77,Indie,"▲ Pyramid Games,PlayWay S.A.",▲ Pyramid Games,https://shared.akamai.steamstatic.com/store_item_assets/steam/apps/864700/header.jpg?t=1757925316,https://store.steampowered.com/app/864700
1608700,Soundfall,False,2022-05-11T04:00:00.000Z,False,82756,29.99,740969,75,Indie,Noodlecake,Drastic Games,https://shared.akamai.steamstatic.com/store_item_assets/steam/apps/1608700/header.jpg?t=1756143198,https://store.steampowered.com/app/1608700
1399080,The DioField Chronicle,False,2022-09-22T04:00:00.000Z,False,25825,59.99,737809,51,AA,Square Enix,"Square Enix,LANCARSE Ltd.",https://shared.akamai.steamstatic.com/store_item_assets/steam/apps/1399080/header.jpg?t=1696940654,https://store.steampowered.com/app/1399080
1993150,轮回修仙路,False,2022-12-02T05:00:00.000Z,False,68265,16.99,720565,82,Indie,"烟水寒工作室,Paras Games",烟水寒工作室,https://shared.akamai.steamstatic.com/store_item_assets/steam/apps/1993150/header.jpg?t=1718166790,https://store.steampowered.com/app/1993150
2154330,The Seven Realms - Realm 1: Terran,False,2022-11-16T05:00:00.000Z,False,99751,9.99,719501,82,Indie,SeptCloud Games,SeptCloud Games,https://shared.akamai.steamstatic.com/store_item_assets/steam/apps/2154330/header.jpg?t=1731172080,https://store.steampowered.com/app/2154330
1744330,No More Heroes 3,False,2022-10-11T04:00:00.000Z,False,36812,39.99,719195,81,AA,"XSEED Games,Marvelous USA, Inc.,Marvelous Europe",GRASSHOPPER MANUFACTURE INC.,https://shared.akamai.steamstatic.com/store_item_assets/steam/apps/1744330/header.jpg?t=1738960181,https://store.steampowered.com/app/1744330
1570070,Beholder 3,False,2022-03-03T05:00:00.000Z,False,143249,17.99,717564,66,Indie,Alawar,Paintbucket Games,https://shared.akamai.steamstatic.com/store_item_assets/steam/apps/1570070/header.jpg?t=1762949591,https://store.steampowered.com/app/1570070
1927740,Monument Valley 2,False,2022-07-12T04:00:00.000Z,False,199569,7.99,714603,93,Indie,ustwo games,ustwo games,https://shared.akamai.steamstatic.com/store_item_assets/steam/apps/1927740/b92c8beb26541dc75c6aa97d222cffad0765baf5/header.jpg?t=1762967686,https://store.steampowered.com/app/1927740
1664220,TRAIL OUT,False,2022-09-07T04:00:00.000Z,False,59244,19.99,713894,80,Indie,Crytivo,GOOD BOYS,https://shared.akamai.steamstatic.com/store_item_assets/steam/apps/1664220/header.jpg?t=1708489028,https://store.steampowered.com/app/1664220
1240590,Sir Whoopass™: Immortal Death,False,2022-08-18T04:00:00.000Z,False,87023,16.99,713412,82,Indie,"Atomic Elbow,Aurora Punks",Atomic Elbow,https://shared.akamai.steamstatic.com/store_item_assets/steam/apps/1240590/2e6ba885fcaba355ae826d86bf0a75647a9a7917/header_alt_assets_3.jpg?t=1763732626,https://store.steampowered.com/app/1240590
1231880,"Haiku, the Robot",False,2022-04-28T04:00:00.000Z,False,72229,19.99,713274,90,Indie,Mister Morris Games,Mister Morris Games,https://shared.akamai.steamstatic.com/store_item_assets/steam/apps/1231880/header.jpg?t=1754931046,https://store.steampowered.com/app/1231880
1745310,Idol Hands,False,2022-03-23T04:00:00.000Z,False,99160,10.99,710518,85,Indie,"Mango Party,LewdLoco,Mango Party News","樹懶叫工作室,sloth gamer",https://shared.akamai.steamstatic.com/store_item_assets/steam/apps/1745310/header.jpg?t=1764132768,https://store.steampowered.com/app/1745310
1265800,Hubris,False,2022-12-07T05:00:00.000Z,False,30689,29.99,709639,75,Indie,Cyborn B.V.,Cyborn B.V.,https://shared.akamai.steamstatic.com/store_item_assets/steam/apps/1265800/header.jpg?t=1708101058,https://store.steampowered.com/app/1265800
1658290,Eiyuden Chronicle: Rising,False,2022-05-10T04:00:00.000Z,False,116780,14.99,707370,86,AA,505 Games,NatsumeAtari,https://shared.akamai.steamstatic.com/store_item_assets/steam/apps/1658290/header.jpg?t=1725035783,https://store.steampowered.com/app/1658290
1919470,Atari 50: The Anniversary Celebration,False,2022-11-11T05:00:00.000Z,False,23969,39.99,703312,93,Indie,Atari,Digital Eclipse,https://shared.akamai.steamstatic.com/store_item_assets/steam/apps/1919470/fa9b847187f8ad61435ebe757bb4d6bde55dc5cf/header_alt_assets_0.jpg?t=1763498871,https://store.steampowered.com/app/1919470
1370140,Kao the Kangaroo,False,2022-05-27T04:00:00.000Z,False,60425,29.99,702566,79,Indie,Tate Multimedia,Tate Multimedia,https://shared.akamai.steamstatic.com/store_item_assets/steam/apps/1370140/header.jpg?t=1763038869,https://store.steampowered.com/app/1370140
843810,A Perfect Day,False,2022-02-24T05:00:00.000Z,False,68464,19.99,694591,85,Indie,Perfect Day Studio,Perfect Day Studio,https://shared.akamai.steamstatic.com/store_item_assets/steam/apps/843810/header.jpg?t=1758611175,https://store.steampowered.com/app/843810
1763050,Fears to Fathom - Norwood Hitchhike,False,2022-01-06T05:00:00.000Z,False,226567,4.99,691295,88,Indie,Rayll,Rayll,https://shared.akamai.steamstatic.com/store_item_assets/steam/apps/1763050/header.jpg?t=1761626891,https://store.steampowered.com/app/1763050
1136380,Ultimate Fishing® Simulator 2,False,2022-08-22T04:00:00.000Z,False,148401,19.99,684181,68,Indie,Ultimate Games S.A.,"Silent Bear Studio,SHINING GAMES",https://shared.akamai.steamstatic.com/store_item_assets/steam/apps/1136380/header.jpg?t=1756907837,https://store.steampowered.com/app/1136380
1309610,Line War,False,2022-05-05T04:00:00.000Z,False,47247,24.99,668793,80,Indie,Studio Centurion,Studio Centurion,https://shared.akamai.steamstatic.com/store_item_assets/steam/apps/1309610/3518e06a03ee52fc177df06660bb78cc491b9902/header.jpg?t=1746615438,https://store.steampowered.com/app/1309610
1904860,Legends of Kingdom Rush,False,2022-07-14T04:00:00.000Z,False,92825,14.99,665616,65,Indie,Ironhide Game Studio,Ironhide Game Studio,https://shared.akamai.steamstatic.com/store_item_assets/steam/apps/1904860/c47c8c49f101fa20315a36a139c968f7de1d7d19/header.jpg?t=1745507867,https://store.steampowered.com/app/1904860
1949190,Necrosmith,False,2022-07-13T04:00:00.000Z,False,399559,2.99,661192,86,Indie,Alawar,Alawar,https://shared.akamai.steamstatic.com/store_item_assets/steam/apps/1949190/header.jpg?t=1749195548,https://store.steampowered.com/app/1949190
1419160,Souldiers,False,2022-06-02T04:00:00.000Z,False,67759,19.99,657462,69,Indie,Dear Villagers,Retro Forge,https://shared.akamai.steamstatic.com/store_item_assets/steam/apps/1419160/header.jpg?t=1720187905,https://store.steampowered.com/app/1419160
1786200,Wars and Roses,False,2022-01-21T05:00:00.000Z,False,48472,19.99,653193,43,Indie,Blaze Worlds,Blaze Worlds,https://shared.akamai.steamstatic.com/store_item_assets/steam/apps/1786200/header.jpg?t=1658183292,https://store.steampowered.com/app/1786200
1918040,Army of Ruin,False,2022-10-27T04:00:00.000Z,False,117473,7.99,653110,89,Indie,Milkstone Studios,Milkstone Studios,https://shared.akamai.steamstatic.com/store_item_assets/steam/apps/1918040/header.jpg?t=1725022741,https://store.steampowered.com/app/1918040
1968430,Camp Buddy: Scoutmaster Season,False,2022-08-04T04:00:00.000Z,False,19897,39.99,649265,95,Indie,BLits Games,BLits Games,https://shared.akamai.steamstatic.com/store_item_assets/steam/apps/1968430/header.jpg?t=1665690941,https://store.steampowered.com/app/1968430
1298140,Fobia - St. Dinfna Hotel,False,2022-06-28T04:00:00.000Z,False,56708,29.99,648693,84,Indie,Maximum Entertainment,Pulsatrix Studios,https://shared.akamai.steamstatic.com/store_item_assets/steam/apps/1298140/header.jpg?t=1725487910,https://store.steampowered.com/app/1298140
1970460,Garden Galaxy,False,2022-12-14T05:00:00.000Z,False,88483,9.99,634459,98,Indie,Anneka Tran,Anneka Tran,https://shared.akamai.steamstatic.com/store_item_assets/steam/apps/1970460/header.jpg?t=1760194639,https://store.steampowered.com/app/1970460
1892030,Dummynation,False,2022-04-15T04:00:00.000Z,False,64446,11.99,634115,87,Indie,Alejandro Hernández Ferrero,Alejandro Hernández Ferrero,https://shared.akamai.steamstatic.com/store_item_assets/steam/apps/1892030/ab7040acba0299344a4b2fabbe0fa5bee89e1e61/header.jpg?t=1753833582,https://store.steampowered.com/app/1892030
1837230,Jerez's Arena Ⅱ,False,2022-04-29T04:00:00.000Z,False,37951,24.99,631184,80,Indie,"Alice Publication,Eternal Alice Media",永恆艾莉絲工坊,https://shared.akamai.steamstatic.com/store_item_assets/steam/apps/1837230/header.jpg?t=1745897221,https://store.steampowered.com/app/1837230
1604380,Hamidashi Creative,False,2022-09-30T04:00:00.000Z,False,36723,29.99,626955,96,Indie,"TamaMako gaming,Sekai Project",madosoft,https://shared.akamai.steamstatic.com/store_item_assets/steam/apps/1604380/header.jpg?t=1743123417,https://store.steampowered.com/app/1604380
1941000,Booty Farm [18+],False,2022-07-19T04:00:00.000Z,False,83530,0,626858,67,Indie,"Tender Troupe,Nutaku Publishing",Tender Troupe,https://shared.akamai.steamstatic.com/store_item_assets/steam/apps/1941000/header.jpg?t=1748596098,https://store.steampowered.com/app/1941000
1840350,Koi-Koi VR: Love Blossoms,False,2022-07-27T04:00:00.000Z,False,18126,59.99,622644,83,Indie,ULTRANOVA Entertainment,Apricot Heart,https://shared.akamai.steamstatic.com/store_item_assets/steam/apps/1840350/header.jpg?t=1738834741,https://store.steampowered.com/app/1840350
1449070,Journey to the West,False,2022-03-09T05:00:00.000Z,False,52501,19.99,619979,81,Indie,"Z Studio,Paras Games",Z Studio,https://shared.akamai.steamstatic.com/store_item_assets/steam/apps/1449070/header.jpg?t=1728406777,https://store.steampowered.com/app/1449070
1336180,Floodland,False,2022-11-15T05:00:00.000Z,False,52241,19.99,618570,57,Indie,Ravenscourt,Vile Monarch,https://shared.akamai.steamstatic.com/store_item_assets/steam/apps/1336180/header.jpg?t=1726480916,https://store.steampowered.com/app/1336180
2106520,私のリアルは充実しすぎている フルボイス版,False,2022-12-15T05:00:00.000Z,False,97805,9.99,614527,96,Indie,"HotchPotch K.K.,346lab Localization",TetraScope,https://shared.akamai.steamstatic.com/store_item_assets/steam/apps/2106520/header.jpg?t=1728980040,https://store.steampowered.com/app/2106520
1961950,CHAOS;HEAD NOAH,False,2022-10-07T04:00:00.000Z,False,59087,24.99,612833,89,AA,"Spike Chunsoft Co., Ltd.",MAGES. Inc.,https://shared.akamai.steamstatic.com/store_item_assets/steam/apps/1961950/header.jpg?t=1715703386,https://store.steampowered.com/app/1961950
1269300,This Means Warp,False,2022-03-17T04:00:00.000Z,False,49580,19.99,607474,70,AA,Jagex Ltd,Outlier,https://shared.akamai.steamstatic.com/store_item_assets/steam/apps/1269300/header.jpg?t=1725373913,https://store.steampowered.com/app/1269300
1370050,Trek to Yomi,False,2022-05-05T04:00:00.000Z,False,66809,19.99,604132,71,AA,Devolver Digital,"Leonard Menchiari,Flying Wild Hog",https://shared.akamai.steamstatic.com/store_item_assets/steam/apps/1370050/header.jpg?t=1728950386,https://store.steampowered.com/app/1370050
919360,Alaloth: Champions of The Four Kingdoms,False,2022-06-30T04:00:00.000Z,False,39914,34.99,603239,73,Indie,"Gamera Interactive,Ancient Scroll",Gamera Interactive,https://shared.akamai.steamstatic.com/store_item_assets/steam/apps/919360/94af2c238de4d1a1bbf1fd2193a5a4d9b3bf2574/header.jpg?t=1754931120,https://store.steampowered.com/app/919360
1557990,Retail Royale,False,2022-04-29T04:00:00.000Z,False,147605,4.99,603200,77,Indie,DarxDev,DarxDev,https://shared.akamai.steamstatic.com/store_item_assets/steam/apps/1557990/header.jpg?t=1703017413,https://store.steampowered.com/app/1557990
1671410,Somerville,False,2022-11-14T05:00:00.000Z,False,63543,19.99,598718,70,Indie,Jumpship,Jumpship,https://shared.akamai.steamstatic.com/store_item_assets/steam/apps/1671410/header.jpg?t=1696415061,https://store.steampowered.com/app/1671410
1629530,Spark the Electric Jester 3,False,2022-08-14T04:00:00.000Z,False,43036,24.99,589211,97,Indie,Feperd Games,Feperd Games,https://shared.akamai.steamstatic.com/store_item_assets/steam/apps/1629530/header.jpg?t=1660491947,https://store.steampowered.com/app/1629530
1599560,Wanderer,False,2022-01-27T05:00:00.000Z,False,25462,39.99,586189,84,Indie,Mighty Eyes,Mighty Eyes,https://shared.akamai.steamstatic.com/store_item_assets/steam/apps/1599560/header.jpg?t=1761237816,https://store.steampowered.com/app/1599560
1946970,Isle of Arrows,False,2022-09-08T04:00:00.000Z,False,56825,12.99,584725,80,Indie,Gridpop,Gridpop,https://shared.akamai.steamstatic.com/store_item_assets/steam/apps/1946970/header.jpg?t=1688661839,https://store.steampowered.com/app/1946970
1579020,Golfie,False,2022-05-26T04:00:00.000Z,False,49051,17.99,578946,69,Indie,Yogscast Games,Triheart Studio,https://shared.akamai.steamstatic.com/store_item_assets/steam/apps/1579020/header.jpg?t=1726160755,https://store.steampowered.com/app/1579020
1182310,The Excavation of Hob's Barrow,False,2022-09-28T04:00:00.000Z,False,57075,14.99,569546,92,Indie,Wadjet Eye Games,Cloak and Dagger Games,https://shared.akamai.steamstatic.com/store_item_assets/steam/apps/1182310/header.jpg?t=1730734455,https://store.steampowered.com/app/1182310
1868000,Resist the succubus—The end of the female Knight,False,2022-07-22T04:00:00.000Z,False,59942,16.99,568697,76,Indie,"OTAKU Plan,BoRoBoRoGame",BoRoBoRoGame,https://shared.akamai.steamstatic.com/store_item_assets/steam/apps/1868000/header.jpg?t=1743807884,https://store.steampowered.com/app/1868000
1488560,Football Simulator,False,2022-06-08T04:00:00.000Z,True,32146,19.99,565300,80,Indie,Refactor Games,Refactor Games,https://shared.akamai.steamstatic.com/store_item_assets/steam/apps/1488560/9a7d17eb7350f329aa38588d0015bf6d33e8f91c/header.jpg?t=1751074283,https://store.steampowered.com/app/1488560
1968340,Project Gunship,False,2022-08-31T04:00:00.000Z,True,43602,14.99,562875,79,Indie,Sklorite Studios LLC,Sklorite Studios LLC,https://shared.akamai.steamstatic.com/store_item_assets/steam/apps/1968340/header.jpg?t=1742304087,https://store.steampowered.com/app/1968340
1866880,Cultivation Story: Reincarnation,False,2022-08-01T04:00:00.000Z,False,81434,9.99,561131,92,Indie,Chi Entertainment Corp.,Chi Entertainment Corp.,https://shared.akamai.steamstatic.com/store_item_assets/steam/apps/1866880/header.jpg?t=1675183939,https://store.steampowered.com/app/1866880
1697700,Who's Lila?,False,2022-02-23T05:00:00.000Z,False,82897,11.99,560886,95,Indie,"Garage Heathen,IndieArk",Garage Heathen,https://shared.akamai.steamstatic.com/store_item_assets/steam/apps/1697700/header.jpg?t=1725418523,https://store.steampowered.com/app/1697700
1164250,Model Builder: Complete Edition,False,2022-02-08T05:00:00.000Z,False,62050,19.99,558840,75,Indie,Green Man Gaming Publishing,Moonlit S.A.,https://shared.akamai.steamstatic.com/store_item_assets/steam/apps/1164250/header.jpg?t=1726564095,https://store.steampowered.com/app/1164250
1151050,Golf Gang,False,2022-05-19T04:00:00.000Z,False,160051,9.99,557913,84,AA,Curve Games,Lazy Monday Games,https://shared.akamai.steamstatic.com/store_item_assets/steam/apps/1151050/header.jpg?t=1753707986,https://store.steampowered.com/app/1151050
1722840,Everdell,False,2022-07-28T04:00:00.000Z,False,35839,19.99,553550,90,Indie,Dire Wolf,Dire Wolf,https://shared.akamai.steamstatic.com/store_item_assets/steam/apps/1722840/header.jpg?t=1737566771,https://store.steampowered.com/app/1722840
1273440,OverDrift Festival,False,2022-05-25T04:00:00.000Z,False,48257,9.99,550531,80,Indie,OverDrift Crew,OverDrift Crew,https://shared.akamai.steamstatic.com/store_item_assets/steam/apps/1273440/header.jpg?t=1724747397,https://store.steampowered.com/app/1273440
2059670,Moss: Book II,False,2022-10-20T04:00:00.000Z,False,34241,19.99,544758,99,Indie,Polyarc,Polyarc,https://shared.akamai.steamstatic.com/store_item_assets/steam/apps/2059670/header.jpg?t=1758223181,https://store.steampowered.com/app/2059670
2061250,Shin chan: Me and the Professor on Summer Vacation The Endless Seven-Day Journey,False,2022-08-31T04:00:00.000Z,False,29564,29.99,544562,83,Indie,Neos Corporation,Neos Corporation,https://shared.akamai.steamstatic.com/store_item_assets/steam/apps/2061250/d0f673c25b9d2f1a3684f0eadf9af2be22552062/header.jpg?t=1743989859,https://store.steampowered.com/app/2061250
1271100,Deadly Premonition 2: A Blessing in Disguise,False,2022-06-11T04:00:00.000Z,False,60553,39.99,543379,71,Indie,Rising Star Games,"Toy Box Inc.,White Owls Inc.",https://shared.akamai.steamstatic.com/store_item_assets/steam/apps/1271100/header.jpg?t=1688546947,https://store.steampowered.com/app/1271100
1697880,Junkyard Truck,False,2022-07-27T04:00:00.000Z,True,38573,14.99,540566,76,Indie,Keystone Knight,Keystone Knight,https://shared.akamai.steamstatic.com/store_item_assets/steam/apps/1697880/header.jpg?t=1707594358,https://store.steampowered.com/app/1697880
1592670,Soda Crisis,False,2022-05-23T04:00:00.000Z,False,85804,10.99,538543,93,AA,bilibili,Team Soda,https://shared.akamai.steamstatic.com/store_item_assets/steam/apps/1592670/header.jpg?t=1695347944,https://store.steampowered.com/app/1592670
1689910,Dōkyūsei: Bangin' Summer,False,2022-04-14T04:00:00.000Z,False,59251,19.99,536706,94,Indie,Shiravune,"Elf,Shiravune",https://shared.akamai.steamstatic.com/store_item_assets/steam/apps/1689910/header.jpg?t=1724911841,https://store.steampowered.com/app/1689910
2151290,Football Coach: College Dynasty,False,2022-12-11T05:00:00.000Z,False,41182,19.99,536432,96,Indie,Coach Apps,Coach Apps,https://shared.akamai.steamstatic.com/store_item_assets/steam/apps/2151290/header.jpg?t=1762544507,https://store.steampowered.com/app/2151290
801550,VAIL: Extraction,False,2022-11-16T05:00:00.000Z,False,96101,0,534835,75,Indie,AEXLAB,AEXLAB,https://shared.akamai.steamstatic.com/store_item_assets/steam/apps/801550/8a7d3c473b0039dbf8cdd3a2352556e3439d9e0b/header_alt_assets_1.jpg?t=1763160313,https://store.steampowered.com/app/801550
1711610,Dungeon 100,False,2022-11-25T05:00:00.000Z,False,62560,11.99,531623,82,Indie,可布和常常诶,可布和常常诶,https://shared.akamai.steamstatic.com/store_item_assets/steam/apps/1711610/header.jpg?t=1720776964,https://store.steampowered.com/app/1711610
1065520,Autobahn Police Simulator 3,False,2022-06-22T04:00:00.000Z,False,21037,29.99,530611,55,AA,Aerosoft GmbH,Z-Software,https://shared.akamai.steamstatic.com/store_item_assets/steam/apps/1065520/header.jpg?t=1757597770,https://store.steampowered.com/app/1065520
1887930,Idle Monster TD: Evolved,False,2022-02-11T05:00:00.000Z,False,109263,0,530449,77,Indie,"Monstermob USA, INC","Monstermob USA, INC",https://shared.akamai.steamstatic.com/store_item_assets/steam/apps/1887930/header.jpg?t=1702989209,https://store.steampowered.com/app/1887930
1611410,Stardom 3,False,2022-03-30T04:00:00.000Z,False,61965,12.99,529114,94,Indie,SOFTSTAR ENTERTAINMENT,SOFTSTAR ENTERTAINMENT,https://shared.akamai.steamstatic.com/store_item_assets/steam/apps/1611410/header.jpg?t=1696476628,https://store.steampowered.com/app/1611410
1622780,Latex Dungeon,False,2022-03-14T04:00:00.000Z,False,73988,9.99,527568,84,Indie,"Mango Party,Mango Party News","GODNASK,ZXC",https://shared.akamai.steamstatic.com/store_item_assets/steam/apps/1622780/header.jpg?t=1745388482,https://store.steampowered.com/app/1622780
1916310,Remnant Records,False,2022-07-19T04:00:00.000Z,False,50041,15.99,524746,77,Indie,Noctiluca Studio,Noctiluca Studio,https://shared.akamai.steamstatic.com/store_item_assets/steam/apps/1916310/c844ebc8a05aef7a68724e9bbbb56cbf41df7d79/header.jpg?t=1749813160,https://store.steampowered.com/app/1916310
990080,Hogwarts Legacy,False,2023-02-10T05:00:00.000Z,False,11014137,59.99,397515430,90,AAA,Warner Bros. Games,Avalanche Software,https://shared.akamai.steamstatic.com/store_item_assets/steam/apps/990080/a3cdc6f40d97df8ac993679c2dd1edeb5222421e/header.jpg?t=1753912780,https://store.steampowered.com/app/990080
1326470,Sons Of The Forest,False,2023-02-23T05:00:00.000Z,False,13732232,29.99,285894512,88,AA,Newnight,Endnight Games Ltd,https://shared.akamai.steamstatic.com/store_item_assets/steam/apps/1326470/header.jpg?t=1708624856,https://store.steampowered.com/app/1326470
1716740,Starfield,False,2023-09-05T04:00:00.000Z,False,2960430,69.99,183497463,57,AAA,Bethesda Softworks,Bethesda Game Studios,https://shared.akamai.steamstatic.com/store_item_assets/steam/apps/1716740/header.jpg?t=1749757928,https://store.steampowered.com/app/1716740
2050650,Resident Evil 4,False,2023-03-23T04:00:00.000Z,False,4568742,39.99,149488969,98,AAA,"CAPCOM Co., Ltd.","CAPCOM Co., Ltd.",https://shared.akamai.steamstatic.com/store_item_assets/steam/apps/2050650/header.jpg?t=1736385712,https://store.steampowered.com/app/2050650
1966720,Lethal Company,False,2023-10-23T04:00:00.000Z,True,16867600,9.99,144135326,97,AA,Zeekerss,Zeekerss,https://shared.akamai.steamstatic.com/store_item_assets/steam/apps/1966720/header.jpg?t=1762544438,https://store.steampowered.com/app/1966720
1364780,Street Fighter™ 6,False,2023-06-01T04:00:00.000Z,False,3351281,39.99,126767574,84,AAA,"CAPCOM Co., Ltd.","CAPCOM Co., Ltd.",https://shared.akamai.steamstatic.com/store_item_assets/steam/apps/1364780/header.jpg?t=1761116384,https://store.steampowered.com/app/1364780
1282100,REMNANT II®,False,2023-07-25T04:00:00.000Z,False,2784780,49.99,102106091,83,AA,Arc Games,Gunfire Games,https://shared.akamai.steamstatic.com/store_item_assets/steam/apps/1282100/header.jpg?t=1758242470,https://store.steampowered.com/app/1282100
1888160,ARMORED CORE™ VI FIRES OF RUBICON™,False,2023-08-24T04:00:00.000Z,False,1851849,59.99,92621450,92,AAA,"FromSoftware, Inc.,Bandai Namco Entertainment Inc.","FromSoftware, Inc.",https://shared.akamai.steamstatic.com/store_item_assets/steam/apps/1888160/header.jpg?t=1748630736,https://store.steampowered.com/app/1888160
949230,Cities: Skylines II,False,2023-10-24T04:00:00.000Z,False,2076986,49.99,87879284,52,AAA,Paradox Interactive,Colossal Order Ltd.,https://shared.akamai.steamstatic.com/store_item_assets/steam/apps/949230/header.jpg?t=1764061561,https://store.steampowered.com/app/949230
1888930,The Last of Us™ Part I,False,2023-03-28T04:00:00.000Z,False,2198869,59.99,86685483,82,AAA,PlayStation Publishing LLC,"Naughty Dog LLC,Iron Galaxy Studios",https://shared.akamai.steamstatic.com/store_item_assets/steam/apps/1888930/header.jpg?t=1750959031,https://store.steampowered.com/app/1888930
2399830,ARK: Survival Ascended,False,2023-10-25T04:00:00.000Z,True,2370422,44.99,81725032,59,AAA,"Studio Wildcard,Snail Games USA","Studio Wildcard,Grove Street Games,Instinct Games",https://shared.akamai.steamstatic.com/store_item_assets/steam/apps/2399830/d934813ca531af0fce69fe36bc972f1c90d1aa19/header.jpg?t=1760216941,https://store.steampowered.com/app/2399830
1260320,Party Animals,False,2023-09-20T04:00:00.000Z,False,5858436,19.99,80205300,79,AA,Source Technology,Recreate Games,https://shared.akamai.steamstatic.com/store_item_assets/steam/apps/1260320/header.jpg?t=1758512007,https://store.steampowered.com/app/1260320
1304930,The Outlast Trials,False,2023-05-18T04:00:00.000Z,False,3546406,39.99,77983246,93,AA,Red Barrels,Red Barrels,https://shared.akamai.steamstatic.com/store_item_assets/steam/apps/1304930/87eafb777f99903a131b8b1f4ac8508193cb3371/header.jpg?t=1761062162,https://store.steampowered.com/app/1304930
1973530,Limbus Company,False,2023-02-26T05:00:00.000Z,False,2224605,0,74213495,86,AA,ProjectMoon,ProjectMoon,https://shared.akamai.steamstatic.com/store_item_assets/steam/apps/1973530/header.jpg?t=1747619569,https://store.steampowered.com/app/1973530
2357570,Overwatch® 2,False,2023-08-10T04:00:00.000Z,False,14646751,0,73928610,26,AA,"Blizzard Entertainment, Inc.","Blizzard Entertainment, Inc.",https://shared.akamai.steamstatic.com/store_item_assets/steam/apps/2357570/087a8e54a6fa8cd090cf4d40316938d4791b4440/header_alt_assets_17.jpg?t=1763157251,https://store.steampowered.com/app/2357570
2073850,THE FINALS,False,2023-12-07T05:00:00.000Z,False,17719456,0,71124425,78,AA,Embark Studios,Embark Studios,https://shared.akamai.steamstatic.com/store_item_assets/steam/apps/2073850/a32b488108690704908fd54963c208cf85f39714/header.jpg?t=1763115033,https://store.steampowered.com/app/2073850
671860,BattleBit Remastered,False,2023-06-15T04:00:00.000Z,True,4915861,14.99,64631241,82,AA,SgtOkiDoki,"SgtOkiDoki,Vilaskis,TheLiquidHorse",https://shared.akamai.steamstatic.com/store_item_assets/steam/apps/671860/header.jpg?t=1730393449,https://store.steampowered.com/app/671860
2344520,Diablo® IV,False,2023-10-17T04:00:00.000Z,False,1999306,49.99,62860062,66,AA,"Blizzard Entertainment, Inc.","Blizzard Entertainment, Inc.",https://shared.akamai.steamstatic.com/store_item_assets/steam/apps/2344520/80f21a42e378b93e8fbb68ee43103be8ab84891b/header.jpg?t=1758649357,https://store.steampowered.com/app/2344520
1774580,STAR WARS Jedi: Survivor™,False,2023-04-27T04:00:00.000Z,False,1845197,69.99,62434451,70,AAA,Electronic Arts,Respawn,https://shared.akamai.steamstatic.com/store_item_assets/steam/apps/1774580/header.jpg?t=1748945254,https://store.steampowered.com/app/1774580
1627720,Lies of P,False,2023-09-18T04:00:00.000Z,False,1636274,59.99,61424203,92,AA,NEOWIZ,NEOWIZ,https://shared.akamai.steamstatic.com/store_item_assets/steam/apps/1627720/header.jpg?t=1754552654,https://store.steampowered.com/app/1627720
2141910,Magic: The Gathering Arena,False,2023-05-23T04:00:00.000Z,False,2122819,0,53010985,62,AA,Wizards of the Coast LLC,Wizards of the Coast LLC,https://shared.akamai.steamstatic.com/store_item_assets/steam/apps/2141910/160673d4b4cd6940c304aa434ef3e1b52b948426/header.jpg?t=1763586064,https://store.steampowered.com/app/2141910
1693980,Dead Space,False,2023-01-27T05:00:00.000Z,False,1733775,59.99,50763005,91,AAA,Electronic Arts,Motive,https://shared.akamai.steamstatic.com/store_item_assets/steam/apps/1693980/header.jpg?t=1749125590,https://store.steampowered.com/app/1693980
668580,Atomic Heart,False,2023-02-20T05:00:00.000Z,False,1641249,59.99,50705615,81,AAA,"Focus Entertainment,4Divinity",Mundfish,https://shared.akamai.steamstatic.com/store_item_assets/steam/apps/668580/header.jpg?t=1759927632,https://store.steampowered.com/app/668580
1669000,Age of Wonders 4,False,2023-05-02T04:00:00.000Z,False,1115445,49.99,42091667,81,AAA,Paradox Interactive,Triumph Studios,https://shared.akamai.steamstatic.com/store_item_assets/steam/apps/1669000/f136099cdcf70a3b0804a5c9d1184b13a231ccbd/header_alt_assets_10.jpg?t=1763454184,https://store.steampowered.com/app/1669000
2186680,"Warhammer 40,000: Rogue Trader",False,2023-12-07T05:00:00.000Z,False,1257636,49.99,41996321,87,AA,Owlcat Games,Owlcat Games,https://shared.akamai.steamstatic.com/store_item_assets/steam/apps/2186680/e2f6e6af9d49ea5871650a8b0639873211ebf196/header_alt_assets_0.jpg?t=1762499419,https://store.steampowered.com/app/2186680
1971870,Mortal Kombat 1,False,2023-09-19T04:00:00.000Z,False,1091435,49.99,39149865,71,AAA,Warner Bros. Games,"NetherRealm Studios,QLOC",https://shared.akamai.steamstatic.com/store_item_assets/steam/apps/1971870/header.jpg?t=1750176505,https://store.steampowered.com/app/1971870
1272080,PAYDAY 3,False,2023-09-21T04:00:00.000Z,False,1316589,29.99,36082287,44,AAA,Deep Silver,Starbreeze Studios,https://shared.akamai.steamstatic.com/store_item_assets/steam/apps/1272080/header.jpg?t=1758819947,https://store.steampowered.com/app/1272080
1501750,Lords of the Fallen,False,2023-10-13T04:00:00.000Z,False,1026244,29.99,34693637,67,AA,CI Games,CI Games,https://shared.akamai.steamstatic.com/store_item_assets/steam/apps/1501750/c793d85dc133f22112c7283b79dd89e2c0aa58a4/header.jpg?t=1763379088,https://store.steampowered.com/app/1501750
1677280,Company of Heroes 3,False,2023-02-23T05:00:00.000Z,False,851735,59.99,34654127,57,AA,Relic Entertainment,Relic Entertainment,https://shared.akamai.steamstatic.com/store_item_assets/steam/apps/1677280/header.jpg?t=1763061554,https://store.steampowered.com/app/1677280
1562430,DREDGE,False,2023-03-30T04:00:00.000Z,False,2000307,26.99,34504454,96,AA,Team17,Black Salt Games,https://shared.akamai.steamstatic.com/store_item_assets/steam/apps/1562430/header.jpg?t=1763037313,https://store.steampowered.com/app/1562430
1190970,House Flipper 2,False,2023-12-14T05:00:00.000Z,False,1110631,39.99,34307504,86,AA,Frozen District,Frozen District,https://shared.akamai.steamstatic.com/store_item_assets/steam/apps/1190970/a8c4bf872d073e27e96c2179e19a5cd9971bfd2e/header.jpg?t=1763977509,https://store.steampowered.com/app/1190970
2138710,Sifu,False,2023-03-28T04:00:00.000Z,False,1521522,39.99,29311825,92,AA,"Sloclap,Kepler Interactive",Sloclap,https://shared.akamai.steamstatic.com/store_item_assets/steam/apps/2138710/header.jpg?t=1754555101,https://store.steampowered.com/app/2138710
2349820,Hero's Land,False,2023-05-17T04:00:00.000Z,False,2793012,0,25114711,54,Indie,Orienjoy,钢之直男工作室,https://shared.akamai.steamstatic.com/store_item_assets/steam/apps/2349820/header.jpg?t=1763437552,https://store.steampowered.com/app/2349820
1448440,Wo Long: Fallen Dynasty,False,2023-03-03T05:00:00.000Z,False,629669,39.99,24937133,49,AA,"KOEI TECMO GAMES CO., LTD.,CE-Asia(Asia)","KOEI TECMO GAMES CO., LTD.",https://shared.akamai.steamstatic.com/store_item_assets/steam/apps/1448440/header.jpg?t=1760595126,https://store.steampowered.com/app/1448440
1940340,Darkest Dungeon® II,False,2023-05-08T04:00:00.000Z,False,960535,39.99,24437828,75,AA,Red Hook Studios,Red Hook Studios,https://shared.akamai.steamstatic.com/store_item_assets/steam/apps/1940340/header.jpg?t=1759351183,https://store.steampowered.com/app/1940340
2231380,Tom Clancy's Ghost Recon® Breakpoint,False,2023-01-23T05:00:00.000Z,False,2281151,59.99,24253415,73,AAA,Ubisoft,Ubisoft Paris,https://shared.akamai.steamstatic.com/store_item_assets/steam/apps/2231380/header.jpg?t=1736258902,https://store.steampowered.com/app/2231380
633230,NARUTO TO BORUTO: SHINOBI STRIKER,False,2023-06-29T04:00:00.000Z,False,1969353,39.99,24154039,84,AAA,Bandai Namco Entertainment,Soleil Ltd.,https://shared.akamai.steamstatic.com/store_item_assets/steam/apps/633230/header.jpg?t=1763679636,https://store.steampowered.com/app/633230
2668080,Snowbreak: Containment Zone,False,2023-12-24T05:00:00.000Z,False,676600,0,23597945,74,Indie,Amazing Seasun Games,Amazing Seasun Games,https://shared.akamai.steamstatic.com/store_item_assets/steam/apps/2668080/9e8a2143f52186b8e7806b4a3bd9c2a491fd3d8a/header.jpg?t=1762376130,https://store.steampowered.com/app/2668080
1895880,Ratchet & Clank: Rift Apart,False,2023-07-26T04:00:00.000Z,False,509379,59.99,23357610,91,AAA,PlayStation Publishing LLC,"Insomniac Games,Nixxes Software",https://shared.akamai.steamstatic.com/store_item_assets/steam/apps/1895880/header.jpg?t=1750956328,https://store.steampowered.com/app/1895880
1548850,Six Days in Fallujah,False,2023-06-22T04:00:00.000Z,True,670512,39.99,22945865,81,Indie,Victura,Highwire Games,https://shared.akamai.steamstatic.com/store_item_assets/steam/apps/1548850/6fda8341b3559754cf71ca839e69460c3e54479e/header.jpg?t=1762894651,https://store.steampowered.com/app/1548850
1817230,Hi-Fi RUSH,False,2023-01-25T05:00:00.000Z,False,974487,29.99,22929786,97,AAA,Bethesda Softworks,Tango Gameworks,https://shared.akamai.steamstatic.com/store_item_assets/steam/apps/1817230/header.jpg?t=1763078898,https://store.steampowered.com/app/1817230
756800,Contraband Police,False,2023-03-08T05:00:00.000Z,False,1383411,29.99,22878864,95,AA,PlayWay S.A.,Crazy Rocks,https://shared.akamai.steamstatic.com/store_item_assets/steam/apps/756800/18d980a530540d58324982aa4538edfabc182b59/header.jpg?t=1763067656,https://store.steampowered.com/app/756800
1971650,OCTOPATH TRAVELER II,False,2023-02-24T05:00:00.000Z,False,578401,59.99,21132464,94,AA,Square Enix,"Square Enix,ACQUIRE Corp.",https://shared.akamai.steamstatic.com/store_item_assets/steam/apps/1971650/header.jpg?t=1763544449,https://store.steampowered.com/app/1971650
1466060,Tainted Grail: The Fall of Avalon,False,2023-03-30T04:00:00.000Z,False,605738,44.99,20652654,88,Indie,Awaken Realms,Questline,https://shared.akamai.steamstatic.com/store_item_assets/steam/apps/1466060/2f5d7c8e54111f296d46c49af0a0310efc3d9862/header.jpg?t=1763126852,https://store.steampowered.com/app/1466060
2369390,Far Cry® 6,False,2023-05-11T04:00:00.000Z,False,1457908,59.99,20193472,71,AAA,Ubisoft,"Ubisoft Toronto,Ubisoft Montreal,Ubisoft Kyiv,Ubisoft Shanghai,Ubisoft Berlin",https://shared.akamai.steamstatic.com/store_item_assets/steam/apps/2369390/header.jpg?t=1758656170,https://store.steampowered.com/app/2369390
1985810,Call of Duty®: Black Ops Cold War,False,2023-03-08T05:00:00.000Z,False,811417,59.99,19742709,80,AAA,Activision,"Treyarch,Raven Software,High Moon Studios,Beenox,Activision Shanghai,Sledgehammer Games",https://shared.akamai.steamstatic.com/store_item_assets/steam/apps/1985810/header.jpg?t=1731607699,https://store.steampowered.com/app/1985810
2080690,Sunkenland,False,2023-08-25T04:00:00.000Z,True,1230938,19.99,19347380,81,Indie,Vector3 Studio,Vector3 Studio,https://shared.akamai.steamstatic.com/store_item_assets/steam/apps/2080690/header.jpg?t=1748457033,https://store.steampowered.com/app/2080690
1268750,Starship Troopers: Extermination,False,2023-05-17T04:00:00.000Z,False,823630,29.99,19091132,80,AA,Offworld,Offworld,https://shared.akamai.steamstatic.com/store_item_assets/steam/apps/1268750/header.jpg?t=1762975692,https://store.steampowered.com/app/1268750
1929610,Demonologist,False,2023-03-27T04:00:00.000Z,False,1481108,19.99,18675815,86,Indie,Clock Wizard Games,Clock Wizard Games,https://shared.akamai.steamstatic.com/store_item_assets/steam/apps/1929610/header.jpg?t=1761136310,https://store.steampowered.com/app/1929610
2322560,Love Is All Around,False,2023-10-17T04:00:00.000Z,False,2707700,9.99,18419967,93,Indie,intiny,intiny,https://shared.akamai.steamstatic.com/store_item_assets/steam/apps/2322560/header.jpg?t=1752212014,https://store.steampowered.com/app/2322560
954850,Kerbal Space Program 2,False,2023-02-24T05:00:00.000Z,True,405171,49.99,18224154,27,AA,Private Division,Intercept Games,https://shared.akamai.steamstatic.com/store_item_assets/steam/apps/954850/header.jpg?t=1738037583,https://store.steampowered.com/app/954850
2000950,Call of Duty®: Modern Warfare®,False,2023-03-08T05:00:00.000Z,False,845273,59.99,17982725,79,AAA,Activision,"Infinity Ward,Beenox,High Moon Studios,Raven Software",https://shared.akamai.steamstatic.com/store_item_assets/steam/apps/2000950/header.jpg?t=1678294805,https://store.steampowered.com/app/2000950
1876890,Wandering Sword,False,2023-09-14T04:00:00.000Z,False,1084287,24.99,17590927,95,Indie,Spiral Up Games,The Swordman Studio,https://shared.akamai.steamstatic.com/store_item_assets/steam/apps/1876890/44686407cf63ce1c05c9fe3bd07e0df55307bd01/header.jpg?t=1762224191,https://store.steampowered.com/app/1876890
1367080,MOBILE SUIT GUNDAM BATTLE OPERATION 2,False,2023-05-30T04:00:00.000Z,False,673895,0,17505435,22,AA,Bandai Namco Entertainment Inc.,Bandai Namco Forge Digitals Inc.,https://shared.akamai.steamstatic.com/store_item_assets/steam/apps/1367080/3ec6f12d06d37ebede5194b861cf756cedc7278b/header.jpg?t=1762485995,https://store.steampowered.com/app/1367080
2273430,BlazBlue Entropy Effect,False,2023-08-15T04:00:00.000Z,False,1349495,19.99,17408916,95,Indie,91Act,91Act,https://shared.akamai.steamstatic.com/store_item_assets/steam/apps/2273430/header.jpg?t=1762901205,https://store.steampowered.com/app/2273430
1676840,For The King II,False,2023-11-02T04:00:00.000Z,False,1018848,24.99,16647600,70,AA,Curve Games,IronOak Games,https://shared.akamai.steamstatic.com/store_item_assets/steam/apps/1676840/1c3ecfad8016db86d4ee8656e688df9813047859/header_alt_assets_8.jpg?t=1764004048,https://store.steampowered.com/app/1676840
3595270,Call of Duty®: Modern Warfare® III,False,2023-11-10T00:00:00.000Z,False,288452,69.99,16592837,38,AAA,Activision,"Sledgehammer Games,Treyarch,Infinity Ward,Beenox,Raven Software,High Moon Studios,Demonware",https://shared.akamai.steamstatic.com/store_item_assets/steam/apps/3595270/7d0f21912a075c33bbb5ea558100e187ceb234ac/header.jpg?t=1763413443,https://store.steampowered.com/app/3595270
2140330,Madden NFL 24,False,2023-08-17T04:00:00.000Z,False,281147,0,16438112,46,AAA,Electronic Arts,Tiburon,https://shared.akamai.steamstatic.com/store_item_assets/steam/apps/2140330/header.jpg?t=1748950451,https://store.steampowered.com/app/2140330
2071280,Ravenswatch,False,2023-04-06T04:00:00.000Z,False,1067183,24.99,16348100,80,AA,Nacon,Passtech Games,https://shared.akamai.steamstatic.com/store_item_assets/steam/apps/2071280/header.jpg?t=1760445342,https://store.steampowered.com/app/2071280
2221490,Tom Clancy’s The Division® 2,False,2023-01-12T05:00:00.000Z,False,1598886,29.99,15203243,78,AAA,Ubisoft,Ubisoft,https://shared.akamai.steamstatic.com/store_item_assets/steam/apps/2221490/header.jpg?t=1764092264,https://store.steampowered.com/app/2221490
1649240,Returnal™,False,2023-02-15T05:00:00.000Z,False,337514,59.99,15117040,82,AAA,PlayStation Publishing LLC,"Housemarque,Climax Studios",https://shared.akamai.steamstatic.com/store_item_assets/steam/apps/1649240/header.jpg?t=1750956860,https://store.steampowered.com/app/1649240
2290180,Riders Republic,False,2023-06-08T04:00:00.000Z,False,1920626,39.99,14768758,82,AA,Ubisoft Entertainment,"Ubisoft Annecy,Ubisoft Belgrade,Ubisoft Kyiv,Ubisoft Pune,Ubisoft Odesa",https://shared.akamai.steamstatic.com/store_item_assets/steam/apps/2290180/2eb6256ba124d79e77b005e29293671acb77e504/header.jpg?t=1760115205,https://store.steampowered.com/app/2290180
1681430,RoboCop: Rogue City,False,2023-11-02T04:00:00.000Z,False,1034855,39.99,14509047,88,AA,Nacon,Teyon,https://shared.akamai.steamstatic.com/store_item_assets/steam/apps/1681430/header.jpg?t=1760345165,https://store.steampowered.com/app/1681430
1547000,Grand Theft Auto: San Andreas – The Definitive Edition,False,2023-01-19T05:00:00.000Z,False,544079,59.99,14316970,78,AAA,Rockstar Games,Rockstar Games,https://shared.akamai.steamstatic.com/store_item_assets/steam/apps/1547000/header.jpg?t=1741117455,https://store.steampowered.com/app/1547000
2231450,Pizza Tower,False,2023-01-26T05:00:00.000Z,False,837271,19.99,13693110,98,Indie,Tour De Pizza,Tour De Pizza,https://shared.akamai.steamstatic.com/store_item_assets/steam/apps/2231450/header.jpg?t=1732516978,https://store.steampowered.com/app/2231450
1337520,Risk of Rain Returns,False,2023-11-08T05:00:00.000Z,False,1156842,14.99,13375365,90,AA,Gearbox Publishing,Hopoo Games,https://shared.akamai.steamstatic.com/store_item_assets/steam/apps/1337520/header.jpg?t=1759857583,https://store.steampowered.com/app/1337520
1084160,Jagged Alliance 3,False,2023-07-14T04:00:00.000Z,False,433413,44.99,13333071,89,AA,THQ Nordic,Haemimont Games,https://shared.akamai.steamstatic.com/store_item_assets/steam/apps/1084160/header.jpg?t=1725000793,https://store.steampowered.com/app/1084160
1451190,Undisputed,False,2023-01-31T05:00:00.000Z,False,426821,49.99,13331753,61,AAA,Deep Silver,Steel City Interactive,https://shared.akamai.steamstatic.com/store_item_assets/steam/apps/1451190/header.jpg?t=1761667556,https://store.steampowered.com/app/1451190
2440510,Forza Motorsport,False,2023-10-09T04:00:00.000Z,False,285131,69.99,12767047,50,AAA,Xbox Game Studios,Turn 10,https://shared.akamai.steamstatic.com/store_item_assets/steam/apps/2440510/header.jpg?t=1747073895,https://store.steampowered.com/app/2440510
1433140,The Texas Chain Saw Massacre,False,2023-08-18T04:00:00.000Z,False,488363,19.99,12389311,66,Indie,Gun Interactive,Sumo Digital,https://shared.akamai.steamstatic.com/store_item_assets/steam/apps/1433140/header.jpg?t=1758556877,https://store.steampowered.com/app/1433140
1331550,Big Ambitions,False,2023-03-10T05:00:00.000Z,True,653636,22.99,12100729,93,Indie,Hovgaard Games,Hovgaard Games,https://shared.akamai.steamstatic.com/store_item_assets/steam/apps/1331550/header.jpg?t=1760964927,https://store.steampowered.com/app/1331550
986130,Shadows of Doubt,False,2023-04-24T04:00:00.000Z,False,743404,24.99,12040376,83,AA,Fireshine Games,ColePowered Games,https://shared.akamai.steamstatic.com/store_item_assets/steam/apps/986130/header.jpg?t=1760543669,https://store.steampowered.com/app/986130
2005010,"Warhammer 40,000: Boltgun",False,2023-05-23T04:00:00.000Z,False,750517,21.99,11885549,90,AAA,Focus Entertainment,Auroch Digital,https://shared.akamai.steamstatic.com/store_item_assets/steam/apps/2005010/header.jpg?t=1763026019,https://store.steampowered.com/app/2005010
1669980,Volcano Princess,False,2023-04-20T04:00:00.000Z,False,1677722,10.99,11852035,98,Indie,养蛋人 Egg Hatcher,养蛋人 Egg Hatcher,https://shared.akamai.steamstatic.com/store_item_assets/steam/apps/1669980/header.jpg?t=1746063344,https://store.steampowered.com/app/1669980
1159690,Voidtrain,False,2023-05-09T04:00:00.000Z,False,526855,29.99,11593018,75,AA,HypeTrain Digital,HypeTrain Digital,https://shared.akamai.steamstatic.com/store_item_assets/steam/apps/1159690/13bcfb7578af2b16612626093df76768842b96ee/header_alt_assets_0.jpg?t=1762539790,https://store.steampowered.com/app/1159690
1353230,Bomb Rush Cyberfunk,False,2023-08-18T04:00:00.000Z,False,352397,39.99,11570007,98,Indie,Team Reptile,Team Reptile,https://shared.akamai.steamstatic.com/store_item_assets/steam/apps/1353230/header.jpg?t=1749851384,https://store.steampowered.com/app/1353230
1607250,MY HERO ULTRA RUMBLE,False,2023-09-28T04:00:00.000Z,False,2538135,0,11440973,67,AAA,Bandai Namco Entertainment,Byking Inc.,https://shared.akamai.steamstatic.com/store_item_assets/steam/apps/1607250/header.jpg?t=1763604022,https://store.steampowered.com/app/1607250
1938010,WILD HEARTS™,False,2023-02-16T05:00:00.000Z,False,265509,69.99,11177344,47,AAA,Electronic Arts,"KOEI TECMO GAMES CO., LTD.",https://shared.akamai.steamstatic.com/store_item_assets/steam/apps/1938010/header.jpg?t=1750953389,https://store.steampowered.com/app/1938010
1150440,Aliens: Dark Descent,False,2023-06-19T04:00:00.000Z,False,436000,39.99,11006071,88,AAA,Focus Entertainment,Tindalos Interactive,https://shared.akamai.steamstatic.com/store_item_assets/steam/apps/1150440/header.jpg?t=1757943677,https://store.steampowered.com/app/1150440
1948980,Hero's Adventure: Road to Passion,False,2023-03-07T05:00:00.000Z,False,1005368,17.99,10992277,84,AA,XD,半瓶醋工作室（Half Amateur Studio）,https://shared.akamai.steamstatic.com/store_item_assets/steam/apps/1948980/3b4c99950f5c84c72a200139b6f10c8ddd08cfa0/header.jpg?t=1762224183,https://store.steampowered.com/app/1948980
601050,Attack on Titan 2 - A.O.T.2,False,2023-04-26T04:00:00.000Z,False,276338,39.99,10880298,93,AA,"KOEI TECMO GAMES CO., LTD.","KOEI TECMO GAMES CO., LTD.",https://shared.akamai.steamstatic.com/store_item_assets/steam/apps/601050/header.jpg?t=1760594755,https://store.steampowered.com/app/601050
1881700,Undawn,False,2023-06-13T04:00:00.000Z,False,633077,0,10872592,54,Indie,Level Infinite,Lightspeed Studios,https://shared.akamai.steamstatic.com/store_item_assets/steam/apps/1881700/header.jpg?t=1709540647,https://store.steampowered.com/app/1881700
1063420,Void Crew,False,2023-09-07T04:00:00.000Z,False,576883,24.99,10793681,87,AAA,Focus Entertainment,Hutlihut Games,https://shared.akamai.steamstatic.com/store_item_assets/steam/apps/1063420/header.jpg?t=1758891723,https://store.steampowered.com/app/1063420
1244090,Sea of Stars,False,2023-08-28T04:00:00.000Z,False,405589,34.99,10774964,89,Indie,Sabotage Studio,Sabotage Studio,https://shared.akamai.steamstatic.com/store_item_assets/steam/apps/1244090/header.jpg?t=1756414027,https://store.steampowered.com/app/1244090
768200,Smalland: Survive the Wilds,False,2023-03-29T04:00:00.000Z,False,516276,34.99,10318387,82,Indie,Maximum Entertainment,Merge Games,https://shared.akamai.steamstatic.com/store_item_assets/steam/apps/768200/324de34fef42359d9ac687494c219200084deb9e/header_alt_assets_5.jpg?t=1763148312,https://store.steampowered.com/app/768200
2484110,FINAL FANTASY VII EVER CRISIS,False,2023-12-06T05:00:00.000Z,False,535473,0,10235325,61,AA,Square Enix,"Square Enix,Applibot, Inc.",https://shared.akamai.steamstatic.com/store_item_assets/steam/apps/2484110/header.jpg?t=1763536773,https://store.steampowered.com/app/2484110
1546990,Grand Theft Auto: Vice City – The Definitive Edition,False,2023-01-19T05:00:00.000Z,False,408718,59.99,10187119,81,AAA,Rockstar Games,Rockstar Games,https://shared.akamai.steamstatic.com/store_item_assets/steam/apps/1546990/header.jpg?t=1741117543,https://store.steampowered.com/app/1546990
2346550,Rise of Eros,False,2023-07-16T04:00:00.000Z,False,310069,0,9904288,61,Indie,PINKCORE,THE SHADOW STUDIO,https://shared.akamai.steamstatic.com/store_item_assets/steam/apps/2346550/header.jpg?t=1752551857,https://store.steampowered.com/app/2346550
1702010,Sengoku Dynasty,False,2023-08-10T04:00:00.000Z,False,433802,29.99,9831514,74,AA,Toplitz Productions,Superkami,https://shared.akamai.steamstatic.com/store_item_assets/steam/apps/1702010/header.jpg?t=1761205484,https://store.steampowered.com/app/1702010
2375550,Like a Dragon Gaiden: The Man Who Erased His Name,False,2023-11-08T05:00:00.000Z,False,284330,49.99,9677667,96,AAA,SEGA,Ryu Ga Gotoku Studio,https://shared.akamai.steamstatic.com/store_item_assets/steam/apps/2375550/header.jpg?t=1763646695,https://store.steampowered.com/app/2375550
482400,System Shock,False,2023-05-30T04:00:00.000Z,False,401651,39.99,9500624,91,Indie,"Atari,Nightdive Studios",Nightdive Studios,https://shared.akamai.steamstatic.com/store_item_assets/steam/apps/482400/header.jpg?t=1758387789,https://store.steampowered.com/app/482400
1902690,Fate/Samurai Remnant,False,2023-09-28T04:00:00.000Z,False,240836,39.99,9374517,91,AA,"KOEI TECMO GAMES CO., LTD.","KOEI TECMO GAMES CO., LTD.",https://shared.akamai.steamstatic.com/store_item_assets/steam/apps/1902690/header.jpg?t=1760594680,https://store.steampowered.com/app/1902690
1849250,EA SPORTS™ WRC,False,2023-11-02T04:00:00.000Z,False,316091,49.99,9324914,62,AAA,Electronic Arts,Codemasters,https://shared.akamai.steamstatic.com/store_item_assets/steam/apps/1849250/header.jpg?t=1748913259,https://store.steampowered.com/app/1849250
2157560,Granblue Fantasy Versus: Rising,False,2023-12-13T05:00:00.000Z,False,289576,49.99,9316790,83,AA,"Cygames, Inc.","Cygames, Inc.,Arc System Works",https://shared.akamai.steamstatic.com/store_item_assets/steam/apps/2157560/header.jpg?t=1760495460,https://store.steampowered.com/app/2157560
1928420,Farlight 84,False,2023-04-23T04:00:00.000Z,False,5000409,0,9216005,77,Indie,Farlight Games,Farlight Games,https://shared.akamai.steamstatic.com/store_item_assets/steam/apps/1928420/327966725378629316d072eb910645ceb8ca3c61/header.jpg?t=1760342230,https://store.steampowered.com/app/1928420
1171690,Wayfinder,False,2023-08-17T04:00:00.000Z,False,566576,24.99,9173690,59,Indie,Airship Syndicate,Airship Syndicate,https://shared.akamai.steamstatic.com/store_item_assets/steam/apps/1171690/c160c2414475275fdde381833e04ba2f631fa3c7/header.jpg?t=1758644637,https://store.steampowered.com/app/1171690
2239150,Thronefall,False,2023-08-02T04:00:00.000Z,False,1319225,12.99,8879983,96,Indie,GrizzlyGames,GrizzlyGames,https://shared.akamai.steamstatic.com/store_item_assets/steam/apps/2239150/header.jpg?t=1746797616,https://store.steampowered.com/app/2239150
1989270,Slay the Princess — The Pristine Cut,False,2023-10-23T04:00:00.000Z,False,632336,17.99,8788652,97,Indie,"Black Tabby Games,Serenity Forge",Black Tabby Games,https://shared.akamai.steamstatic.com/store_item_assets/steam/apps/1989270/74a54248cfec29144de5e867a333c30e6d62801d/header.jpg?t=1760978593,https://store.steampowered.com/app/1989270
2114740,Blasphemous 2,False,2023-08-24T04:00:00.000Z,False,520333,29.99,8780865,91,AA,Team17,The Game Kitchen,https://shared.akamai.steamstatic.com/store_item_assets/steam/apps/2114740/header.jpg?t=1763037082,https://store.steampowered.com/app/2114740
2248760,Car For Sale Simulator 2023,False,2023-05-18T04:00:00.000Z,False,680207,16.99,8777374,79,Indie,Red Axe Games,Red Axe Games,https://shared.akamai.steamstatic.com/store_item_assets/steam/apps/2248760/c09b8f8f73193e63b66b6109ab8e0301a31d09b7/header.jpg?t=1762336593,https://store.steampowered.com/app/2248760
1805480,Like a Dragon: Ishin!,False,2023-02-21T05:00:00.000Z,False,265087,59.99,8606204,82,AAA,SEGA,Ryu Ga Gotoku Studio,https://shared.akamai.steamstatic.com/store_item_assets/steam/apps/1805480/header.jpg?t=1763648406,https://store.steampowered.com/app/1805480
1641960,Forever Skies,False,2023-06-22T04:00:00.000Z,False,378474,29.99,8514378,80,Indie,Far From Home,Far From Home,https://shared.akamai.steamstatic.com/store_item_assets/steam/apps/1641960/eb47b5aab26a22a37d534111f3d65b755e8b8a2f/header_alt_assets_5.jpg?t=1764001786,https://store.steampowered.com/app/1641960
2144740,Ghostrunner 2,False,2023-10-26T04:00:00.000Z,False,499478,39.99,8503688,80,AA,505 Games,One More Level,https://shared.akamai.steamstatic.com/store_item_assets/steam/apps/2144740/header.jpg?t=1741369902,https://store.steampowered.com/app/2144740
1574360,Uncharted Waters Origin,False,2023-03-05T05:00:00.000Z,False,240527,0,8295668,46,Indie,LINE Games Corporation,"KOEI TECMO GAMES CO., LTD.,LINE Games Corporation,Motif Co.,Ltd.",https://shared.akamai.steamstatic.com/store_item_assets/steam/apps/1574360/header.jpg?t=1757505024,https://store.steampowered.com/app/1574360
774801,Crab Champions,False,2023-04-01T04:00:00.000Z,True,909905,9.99,7984992,98,Indie,Noisestorm,Noisestorm,https://shared.akamai.steamstatic.com/store_item_assets/steam/apps/774801/header.jpg?t=1754771711,https://store.steampowered.com/app/774801
814000,ONE PIECE ODYSSEY,False,2023-01-12T05:00:00.000Z,False,172147,39.99,7927473,79,AA,Bandai Namco Entertainment Inc.,"ILCA, Inc.",https://shared.akamai.steamstatic.com/store_item_assets/steam/apps/814000/header.jpg?t=1703657096,https://store.steampowered.com/app/814000
669330,Mechabellum,False,2023-05-11T04:00:00.000Z,False,685760,14.99,7903465,84,Indie,Dreamhaven,Game River,https://shared.akamai.steamstatic.com/store_item_assets/steam/apps/669330/header.jpg?t=1763985496,https://store.steampowered.com/app/669330
2103140,Magicraft,False,2023-11-01T04:00:00.000Z,False,815238,15.99,7499153,93,AA,bilibili,Wave Games,https://shared.akamai.steamstatic.com/store_item_assets/steam/apps/2103140/9564135436fafe4e374a30cb2ff7af0fd6ee094b/header_alt_assets_1.jpg?t=1761900111,https://store.steampowered.com/app/2103140
1546970,Grand Theft Auto III – The Definitive Edition,False,2023-01-19T05:00:00.000Z,False,299925,59.99,7463978,66,AAA,Rockstar Games,Rockstar Games,https://shared.akamai.steamstatic.com/store_item_assets/steam/apps/1546970/header.jpg?t=1741117830,https://store.steampowered.com/app/1546970
1607680,Bread & Fred,False,2023-05-23T04:00:00.000Z,False,640876,14.99,7306970,80,Indie,Infogrames,SandCastles Studio,https://shared.akamai.steamstatic.com/store_item_assets/steam/apps/1607680/header.jpg?t=1752169833,https://store.steampowered.com/app/1607680
1680880,Forspoken,False,2023-01-24T05:00:00.000Z,False,165386,69.99,7086138,62,AA,Square Enix,Square Enix,https://shared.akamai.steamstatic.com/store_item_assets/steam/apps/1680880/header.jpg?t=1749705225,https://store.steampowered.com/app/1680880
1593030,Terra Nil,False,2023-03-28T04:00:00.000Z,False,404384,24.99,6940594,88,AA,Devolver Digital,"Free Lives,Clockwork Acorn",https://shared.akamai.steamstatic.com/store_item_assets/steam/apps/1593030/60d7b58280ba8d126365e4d5186ae497f6c10b39/header.jpg?t=1756318967,https://store.steampowered.com/app/1593030
1931770,Chants of Sennaar,False,2023-09-05T04:00:00.000Z,False,504226,19.99,6872629,98,AAA,Focus Entertainment,Rundisc,https://shared.akamai.steamstatic.com/store_item_assets/steam/apps/1931770/header.jpg?t=1762960854,https://store.steampowered.com/app/1931770
1766060,HumanitZ,False,2023-09-18T04:00:00.000Z,True,509256,19.99,6809782,77,Indie,indie.io,Yodubzz Studios,https://shared.akamai.steamstatic.com/store_item_assets/steam/apps/1766060/header.jpg?t=1750952716,https://store.steampowered.com/app/1766060
2203070,Dragonheir: Silent Gods,False,2023-10-26T04:00:00.000Z,False,275027,0,6807361,60,Indie,Proxima Beta Pte. Limited,SGRA Studio,https://shared.akamai.steamstatic.com/store_item_assets/steam/apps/2203070/04513cb6092582aec59ee1e791c4d65b281f3840/header.jpg?t=1764061068,https://store.steampowered.com/app/2203070
1321440,Cassette Beasts,False,2023-04-26T04:00:00.000Z,False,500406,19.99,6683100,95,AA,Raw Fury,Bytten Studio,https://shared.akamai.steamstatic.com/store_item_assets/steam/apps/1321440/header.jpg?t=1763457022,https://store.steampowered.com/app/1321440
1937780,Total War: PHARAOH,False,2023-10-11T04:00:00.000Z,False,214504,39.99,6261467,63,AAA,SEGA,CREATIVE ASSEMBLY,https://shared.akamai.steamstatic.com/store_item_assets/steam/apps/1937780/header.jpg?t=1763646681,https://store.steampowered.com/app/1937780
1469610,Last Train Home,False,2023-11-28T05:00:00.000Z,False,232505,39.99,6250851,87,AA,THQ Nordic,Ashborne Games,https://shared.akamai.steamstatic.com/store_item_assets/steam/apps/1469610/header.jpg?t=1745406550,https://store.steampowered.com/app/1469610
2334730,Death Must Die,False,2023-11-14T05:00:00.000Z,True,1025278,6.99,6185440,91,Indie,Realm Archive,Realm Archive,https://shared.akamai.steamstatic.com/store_item_assets/steam/apps/2334730/70e0e4f26d9d6669fff784089ee35163c8401d0b/header.jpg?t=1744305567,https://store.steampowered.com/app/2334730
1624540,Storyteller,False,2023-03-23T04:00:00.000Z,False,531059,14.99,6054225,88,AA,Annapurna Interactive,Daniel Benmergui,https://shared.akamai.steamstatic.com/store_item_assets/steam/apps/1624540/header.jpg?t=1729098997,https://store.steampowered.com/app/1624540
2140020,Stronghold: Definitive Edition,False,2023-11-07T05:00:00.000Z,False,612725,14.99,5868069,86,Indie,Firefly Studios,Firefly Studios,https://shared.akamai.steamstatic.com/store_item_assets/steam/apps/2140020/header.jpg?t=1763055341,https://store.steampowered.com/app/2140020
2362300,Train Sim World® 4,False,2023-09-26T04:00:00.000Z,False,213933,39.99,5820452,79,Indie,Dovetail Games - TSW,Dovetail Games,https://shared.akamai.steamstatic.com/store_item_assets/steam/apps/2362300/header.jpg?t=1759145932,https://store.steampowered.com/app/2362300
1957780,Ghosts of Tabor,False,2023-03-20T04:00:00.000Z,True,287714,24.99,5807386,74,Indie,Beyond Frames,Combat Waffle Studios,https://shared.akamai.steamstatic.com/store_item_assets/steam/apps/1957780/header.jpg?t=1764010599,https://store.steampowered.com/app/1957780
1755830,Astrea: Six-Sided Oracles,False,2023-09-21T04:00:00.000Z,False,287974,24.99,5777017,92,Indie,Akupara Games,Little Leo Games,https://shared.akamai.steamstatic.com/store_item_assets/steam/apps/1755830/header.jpg?t=1751345532,https://store.steampowered.com/app/1755830
1282150,SpongeBob SquarePants: The Cosmic Shake,False,2023-01-31T05:00:00.000Z,False,241619,39.99,5565971,92,AA,THQ Nordic,Purple Lamp,https://shared.akamai.steamstatic.com/store_item_assets/steam/apps/1282150/header.jpg?t=1754079629,https://store.steampowered.com/app/1282150
2458530,魔女的夜宴,False,2023-07-21T04:00:00.000Z,False,284293,34.99,5506249,99,Indie,HIKARI FIELD,YUZUSOFT,https://shared.akamai.steamstatic.com/store_item_assets/steam/apps/2458530/header.jpg?t=1690430359,https://store.steampowered.com/app/2458530
1382070,Viewfinder,False,2023-07-18T04:00:00.000Z,False,375796,24.99,5502169,94,Indie,Thunderful Publishing,Sad Owl Studios,https://shared.akamai.steamstatic.com/store_item_assets/steam/apps/1382070/a69eb56f73446624325dec8a4fe74dc4ae09fb96/header.jpg?t=1759330564,https://store.steampowered.com/app/1382070
2218750,Halls of Torment,False,2023-05-24T04:00:00.000Z,False,1282402,6.66,5446963,96,Indie,Chasing Carrots,Chasing Carrots,https://shared.akamai.steamstatic.com/store_item_assets/steam/apps/2218750/header.jpg?t=1761660851,https://store.steampowered.com/app/2218750
2287220,F1® Manager 2023,False,2023-07-31T04:00:00.000Z,False,189308,64.99,5341417,80,AA,Frontier Developments,Frontier Developments,https://shared.akamai.steamstatic.com/store_item_assets/steam/apps/2287220/header.jpg?t=1728992590,https://store.steampowered.com/app/2287220
2225070,Trackmania,False,2023-02-02T05:00:00.000Z,False,2270752,0,5310287,78,AAA,Ubisoft,Nadeo,https://shared.akamai.steamstatic.com/store_item_assets/steam/apps/2225070/header.jpg?t=1751554575,https://store.steampowered.com/app/2225070
2239550,Watch Dogs®: Legion,False,2023-01-26T05:00:00.000Z,False,590495,59.99,5284379,57,AAA,Ubisoft,Ubisoft Toronto,https://shared.akamai.steamstatic.com/store_item_assets/steam/apps/2239550/header.jpg?t=1747655055,https://store.steampowered.com/app/2239550
1937500,Let's School,False,2023-07-26T04:00:00.000Z,False,390044,19.99,5260336,93,Indie,"Pathea Games,PM Studios, inc.",Pathea Games,https://shared.akamai.steamstatic.com/store_item_assets/steam/apps/1937500/header.jpg?t=1753339721,https://store.steampowered.com/app/1937500
1150530,Wizard with a Gun,False,2023-10-16T04:00:00.000Z,False,327259,24.99,5233277,81,AA,Devolver Digital,Galvanic Games,https://shared.akamai.steamstatic.com/store_item_assets/steam/apps/1150530/header.jpg?t=1728948079,https://store.steampowered.com/app/1150530
1920490,The Outer Worlds: Spacer's Choice Edition,False,2023-03-07T05:00:00.000Z,False,212018,59.99,5230699,76,AA,Private Division,"Obsidian Entertainment,Virtuos Games",https://shared.akamai.steamstatic.com/store_item_assets/steam/apps/1920490/header.jpg?t=1738037621,https://store.steampowered.com/app/1920490
1332720,Thief Simulator 2,False,2023-10-04T04:00:00.000Z,False,388640,19.99,5201468,89,AA,PlayWay S.A.,"CookieDev,Ultimate Games S.A.",https://shared.akamai.steamstatic.com/store_item_assets/steam/apps/1332720/header.jpg?t=1758640326,https://store.steampowered.com/app/1332720
1545560,Shadow Gambit: The Cursed Crew,False,2023-08-17T04:00:00.000Z,False,248696,39.99,5189715,92,AA,"Hooded Horse,Mimimi Games",Mimimi Games,https://shared.akamai.steamstatic.com/store_item_assets/steam/apps/1545560/bb7160b14abe27cca471ac6eca0f1bcead3cc0ba/header.jpg?t=1763978151,https://store.steampowered.com/app/1545560
820520,Deceive Inc.,False,2023-03-21T04:00:00.000Z,False,324879,19.99,5153143,82,AA,Tripwire Presents,Sweet Bandits Studios,https://shared.akamai.steamstatic.com/store_item_assets/steam/apps/820520/header.jpg?t=1709320483,https://store.steampowered.com/app/820520
2155180,Pioneers of Pagonia,False,2023-12-13T05:00:00.000Z,True,202139,34.99,5149205,84,Indie,Envision Entertainment,Envision Entertainment,https://shared.akamai.steamstatic.com/store_item_assets/steam/apps/2155180/header.jpg?t=1763736024,https://store.steampowered.com/app/2155180
2285150,The Front,False,2023-10-11T04:00:00.000Z,False,340888,19.99,5129987,68,Indie,Samar Studio,Samar Studio,https://shared.akamai.steamstatic.com/store_item_assets/steam/apps/2285150/7a625692b42e4ebfce79e723b8f6a846aa4241a2/header.jpg?t=1761825284,https://store.steampowered.com/app/2285150
1735700,Back to the Dawn,False,2023-11-02T04:00:00.000Z,False,371748,23.99,5091635,94,Indie,Spiral Up Games,Metal Head Games,https://shared.akamai.steamstatic.com/store_item_assets/steam/apps/1735700/72b25f7829cfc1a82a16f61e185cb11eb1527b61/header.jpg?t=1762917628,https://store.steampowered.com/app/1735700
835960,The Talos Principle 2,False,2023-11-02T04:00:00.000Z,False,258560,29.99,4941712,95,AA,Devolver Digital,Croteam,https://shared.akamai.steamstatic.com/store_item_assets/steam/apps/835960/header.jpg?t=1758794528,https://store.steampowered.com/app/835960
1651560,Fabledom,False,2023-04-13T04:00:00.000Z,False,408392,20.99,4899287,86,Indie,"Dear Villagers,Doyoyo Games",Grenaa Games,https://shared.akamai.steamstatic.com/store_item_assets/steam/apps/1651560/header.jpg?t=1758877732,https://store.steampowered.com/app/1651560
1270580,Mind Over Magic,False,2023-12-14T05:00:00.000Z,False,266935,24.99,4895756,87,Indie,Klei Publishing,Sparkypants,https://shared.akamai.steamstatic.com/store_item_assets/steam/apps/1270580/header.jpg?t=1741894770,https://store.steampowered.com/app/1270580
2238900,STAR OCEAN THE SECOND STORY R,False,2023-11-02T04:00:00.000Z,False,121937,49.99,4888557,94,AA,Square Enix,"Square Enix,Gemdrops, Inc.",https://shared.akamai.steamstatic.com/store_item_assets/steam/apps/2238900/header.jpg?t=1742381537,https://store.steampowered.com/app/2238900
1358700,STRANGER OF PARADISE FINAL FANTASY ORIGIN,False,2023-04-06T04:00:00.000Z,False,187946,39.99,4887823,84,AA,Square Enix,"Square Enix,KOEI TECMO GAMES CO., LTD.",https://shared.akamai.steamstatic.com/store_item_assets/steam/apps/1358700/header.jpg?t=1758252877,https://store.steampowered.com/app/1358700
1985820,Call of Duty®: Vanguard,False,2023-03-08T05:00:00.000Z,False,158037,59.99,4796197,68,AAA,Activision,"Sledgehammer Games,Treyarch,High Moon Studios,Raven Software,Beenox,Demonware",https://shared.akamai.steamstatic.com/store_item_assets/steam/apps/1985820/header.jpg?t=1731607702,https://store.steampowered.com/app/1985820
2674290,Kings Call,False,2023-12-25T05:00:00.000Z,False,32450,0,4731947,64,Indie,X Star Game Limited,X Star Game Limited,https://shared.akamai.steamstatic.com/store_item_assets/steam/apps/2674290/header.jpg?t=1750666208,https://store.steampowered.com/app/2674290
1696440,The Matchless Kungfu,False,2023-08-29T04:00:00.000Z,False,425758,19.99,4730520,83,AA,bilibili,HuanMos Game,https://shared.akamai.steamstatic.com/store_item_assets/steam/apps/1696440/header.jpg?t=1748418674,https://store.steampowered.com/app/1696440
1798010,Mega Man Battle Network Legacy Collection Vol. 1,False,2023-04-13T04:00:00.000Z,False,170492,39.99,4685942,87,AAA,"CAPCOM Co., Ltd.","CAPCOM Co., Ltd.",https://shared.akamai.steamstatic.com/store_item_assets/steam/apps/1798010/header.jpg?t=1727741837,https://store.steampowered.com/app/1798010
1020790,NARUTO X BORUTO Ultimate Ninja STORM CONNECTIONS,False,2023-11-16T05:00:00.000Z,False,117914,59.99,4601402,58,AAA,Bandai Namco Entertainment,"CyberConnect2 Co., Ltd.",https://shared.akamai.steamstatic.com/store_item_assets/steam/apps/1020790/header.jpg?t=1727301927,https://store.steampowered.com/app/1020790
2395210,Tony Hawk's™ Pro Skater™ 1 + 2,False,2023-10-03T04:00:00.000Z,False,243371,39.99,4590364,91,AAA,Activision,"Vicarious Visions,Iron Galaxy Studios",https://shared.akamai.steamstatic.com/store_item_assets/steam/apps/2395210/header.jpg?t=1754500878,https://store.steampowered.com/app/2395210
1485590,ENDLESS™ Dungeon - Definitive Edition,False,2023-10-19T04:00:00.000Z,False,185908,14.99,4577859,65,AA,AMPLITUDE Studios,AMPLITUDE Studios,https://shared.akamai.steamstatic.com/store_item_assets/steam/apps/1485590/d3bbc0007c1db60359f7bdd89cce5380961e8f3b/header.jpg?t=1762448904,https://store.steampowered.com/app/1485590
1650010,RIDE 5,False,2023-08-24T04:00:00.000Z,False,204573,59.99,4553010,81,AA,Milestone S.r.l.,Milestone S.r.l.,https://shared.akamai.steamstatic.com/store_item_assets/steam/apps/1650010/header.jpg?t=1763029608,https://store.steampowered.com/app/1650010
1530160,Digimon World: Next Order,False,2023-02-21T05:00:00.000Z,False,189938,59.99,4537084,81,AAA,Bandai Namco Entertainment,"HYDE, Inc.",https://shared.akamai.steamstatic.com/store_item_assets/steam/apps/1530160/header.jpg?t=1703657174,https://store.steampowered.com/app/1530160
2230110,Fae Farm,False,2023-09-08T04:00:00.000Z,False,147481,29.99,4507343,80,Indie,Gambit Digital,Phoenix Labs,https://shared.akamai.steamstatic.com/store_item_assets/steam/apps/2230110/header.jpg?t=1759165385,https://store.steampowered.com/app/2230110
1457320,Techtonica,False,2023-07-18T04:00:00.000Z,False,202210,29.99,4413329,66,Indie,Fire Hose Games,Fire Hose Games,https://shared.akamai.steamstatic.com/store_item_assets/steam/apps/1457320/header.jpg?t=1734628470,https://store.steampowered.com/app/1457320
2212330,Your Only Move Is HUSTLE,False,2023-02-02T05:00:00.000Z,False,994796,4.99,4391774,96,Indie,Ivy Sly,Ivy Sly,https://shared.akamai.steamstatic.com/store_item_assets/steam/apps/2212330/header.jpg?t=1702425086,https://store.steampowered.com/app/2212330
1658150,Moonstone Island,False,2023-09-20T04:00:00.000Z,False,300694,19.99,4347594,84,AA,Raw Fury,Studio Supersoft,https://shared.akamai.steamstatic.com/store_item_assets/steam/apps/1658150/header.jpg?t=1761769048,https://store.steampowered.com/app/1658150
1811990,Wildfrost,False,2023-04-12T04:00:00.000Z,False,260251,19.99,4346424,83,AA,Chucklefish,"Deadpan Games,Gaziter",https://shared.akamai.steamstatic.com/store_item_assets/steam/apps/1811990/3a7b21978b77eea47d91214ce3bc7f7e861fe986/header_alt_assets_2.jpg?t=1758806995,https://store.steampowered.com/app/1811990
1944430,Amnesia: The Bunker,False,2023-06-06T04:00:00.000Z,False,288715,24.99,4340010,93,Indie,Frictional Games,Frictional Games,https://shared.akamai.steamstatic.com/store_item_assets/steam/apps/1944430/header.jpg?t=1734702362,https://store.steampowered.com/app/1944430
1230530,Atlas Fallen: Reign Of Sand,False,2023-08-09T04:00:00.000Z,False,196265,39.99,4338919,73,AAA,Focus Entertainment,Deck13,https://shared.akamai.steamstatic.com/store_item_assets/steam/apps/1230530/header.jpg?t=1755090572,https://store.steampowered.com/app/1230530
1201540,HELLCARD,False,2023-02-16T05:00:00.000Z,False,290518,24.99,4308099,86,Indie,Skystone Games,Thing Trunk,https://shared.akamai.steamstatic.com/store_item_assets/steam/apps/1201540/header.jpg?t=1757952895,https://store.steampowered.com/app/1201540
1537830,Disney Speedstorm,False,2023-04-18T04:00:00.000Z,False,1008028,0,4240803,68,AA,Gameloft,Gameloft,https://shared.akamai.steamstatic.com/store_item_assets/steam/apps/1537830/header.jpg?t=1756378123,https://store.steampowered.com/app/1537830
1785150,Friends vs Friends,False,2023-05-30T04:00:00.000Z,False,838106,9.99,4198169,83,AA,Raw Fury,Brainwash Gang,https://shared.akamai.steamstatic.com/store_item_assets/steam/apps/1785150/header.jpg?t=1758031644,https://store.steampowered.com/app/1785150
1494810,Mortal Sin,False,2023-03-15T04:00:00.000Z,False,269410,24.99,4184178,95,Indie,Nikola Todorovic,Nikola Todorovic,https://shared.akamai.steamstatic.com/store_item_assets/steam/apps/1494810/b41130d8540063e8250074ccfa10c1681683c56a/header.jpg?t=1756489248,https://store.steampowered.com/app/1494810
1062810,Inkbound,False,2023-05-22T04:00:00.000Z,False,227521,29.99,4079416,87,Indie,Shiny Shoe,Shiny Shoe,https://shared.akamai.steamstatic.com/store_item_assets/steam/apps/1062810/header.jpg?t=1761240163,https://store.steampowered.com/app/1062810
1436700,Trine 5: A Clockwork Conspiracy,False,2023-08-31T04:00:00.000Z,False,226005,29.99,4057200,91,AA,THQ Nordic,Frozenbyte,https://shared.akamai.steamstatic.com/store_item_assets/steam/apps/1436700/header.jpg?t=1725010303,https://store.steampowered.com/app/1436700
1869590,Omega Strikers,False,2023-04-27T04:00:00.000Z,False,2329226,0,4042806,84,Indie,Odyssey Interactive,Odyssey Interactive,https://shared.akamai.steamstatic.com/store_item_assets/steam/apps/1869590/header.jpg?t=1758746829,https://store.steampowered.com/app/1869590
1540210,Arizona Sunshine® 2,False,2023-12-07T05:00:00.000Z,False,122343,49.99,4022303,84,Indie,Vertigo Games,Vertigo Games,https://shared.akamai.steamstatic.com/store_item_assets/steam/apps/1540210/header.jpg?t=1762963189,https://store.steampowered.com/app/1540210
1643310,Dungeons 4,False,2023-11-09T05:00:00.000Z,False,97360,59.99,3995102,88,AA,Kalypso Media,Realmforge Studios,https://shared.akamai.steamstatic.com/store_item_assets/steam/apps/1643310/header.jpg?t=1762867057,https://store.steampowered.com/app/1643310
1958220,WitchSpring R,False,2023-09-25T04:00:00.000Z,False,154204,34.99,3984514,96,Indie,KIWIWALKS,KIWIWALKS,https://shared.akamai.steamstatic.com/store_item_assets/steam/apps/1958220/be0561045559da62b7c19d12cc73687c7a678883/header_alt_assets_0.jpg?t=1755886509,https://store.steampowered.com/app/1958220
1286320,Exoprimal,False,2023-07-13T04:00:00.000Z,False,101850,59.99,3981183,69,AAA,"CAPCOM Co., Ltd.","CAPCOM Co., Ltd.",https://shared.akamai.steamstatic.com/store_item_assets/steam/apps/1286320/header.jpg?t=1733977429,https://store.steampowered.com/app/1286320
1357210,Galactic Civilizations IV,False,2023-04-27T04:00:00.000Z,False,112394,39.99,3979425,73,AA,Stardock Entertainment,Stardock Entertainment,https://shared.akamai.steamstatic.com/store_item_assets/steam/apps/1357210/header.jpg?t=1763045950,https://store.steampowered.com/app/1357210
2194530,Yog-Sothoth’s Yard,False,2023-10-19T04:00:00.000Z,False,563195,10.99,3964470,94,Indie,"Bone Nail,Shochiku (Japan)",Bone Nail,https://shared.akamai.steamstatic.com/store_item_assets/steam/apps/2194530/header.jpg?t=1752546973,https://store.steampowered.com/app/2194530
1999770,Atelier Ryza 3: Alchemist of the End & the Secret Key,False,2023-03-23T04:00:00.000Z,False,107327,59.99,3954989,90,AA,"KOEI TECMO GAMES CO., LTD.","KOEI TECMO GAMES CO., LTD.",https://shared.akamai.steamstatic.com/store_item_assets/steam/apps/1999770/header.jpg?t=1760597064,https://store.steampowered.com/app/1999770
731040,The Invincible,False,2023-11-06T05:00:00.000Z,False,196921,29.99,3909870,89,AA,11 bit studios,Starward Industries,https://shared.akamai.steamstatic.com/store_item_assets/steam/apps/731040/header.jpg?t=1763722071,https://store.steampowered.com/app/731040
1844380,Warhammer Age of Sigmar: Realms of Ruin,False,2023-11-17T05:00:00.000Z,False,176561,59.99,3854900,52,AA,Frontier Developments,Frontier Developments,https://shared.akamai.steamstatic.com/store_item_assets/steam/apps/1844380/header.jpg?t=1728992684,https://store.steampowered.com/app/1844380
538030,Xenonauts 2,False,2023-07-18T04:00:00.000Z,True,140449,39.99,3832846,80,AA,Hooded Horse,Goldhawk Interactive,https://shared.akamai.steamstatic.com/store_item_assets/steam/apps/538030/header.jpg?t=1764001601,https://store.steampowered.com/app/538030
1967430,Ghost Trick: Phantom Detective,False,2023-06-29T04:00:00.000Z,False,215557,29.99,3832145,98,AAA,"CAPCOM Co., Ltd.","CAPCOM Co., Ltd.",https://shared.akamai.steamstatic.com/store_item_assets/steam/apps/1967430/header.jpg?t=1761525968,https://store.steampowered.com/app/1967430
2163330,Yet Another Zombie Survivors,False,2023-07-13T04:00:00.000Z,True,549691,14.99,3830741,91,Indie,Awesome Games Studio,Awesome Games Studio,https://shared.akamai.steamstatic.com/store_item_assets/steam/apps/2163330/954bd505e2f9bf6e59d94b0b79e456e3f0f3e557/header.jpg?t=1759216813,https://store.steampowered.com/app/2163330
2378900,The Coffin of Andy and Leyley,False,2023-10-13T04:00:00.000Z,True,457626,11.99,3811680,96,Indie,Kit9 Studio,Kit9 Studio,https://shared.akamai.steamstatic.com/store_item_assets/steam/apps/2378900/0badd5423ec8cb36d543b7b156121ac2d38ef330/header.jpg?t=1760394751,https://store.steampowered.com/app/2378900
2131650,METAL GEAR SOLID 3: Snake Eater - Master Collection Version,False,2023-10-24T04:00:00.000Z,False,228447,19.99,3776699,88,AAA,KONAMI,KONAMI,https://shared.akamai.steamstatic.com/store_item_assets/steam/apps/2131650/header.jpg?t=1737564722,https://store.steampowered.com/app/2131650
742420,Saints Row,False,2023-08-24T04:00:00.000Z,False,325222,29.99,3770598,57,AAA,Deep Silver,Volition,https://shared.akamai.steamstatic.com/store_item_assets/steam/apps/742420/header.jpg?t=1726748689,https://store.steampowered.com/app/742420
2287520,Five Nights at Freddy's: Help Wanted 2,False,2023-12-14T05:00:00.000Z,False,106140,39.99,3766286,95,Indie,ScottGames,Steel Wool Studios,https://shared.akamai.steamstatic.com/store_item_assets/steam/apps/2287520/header.jpg?t=1718900946,https://store.steampowered.com/app/2287520
1294810,Redfall,False,2023-05-01T04:00:00.000Z,False,71341,39.99,3747163,38,AAA,Bethesda Softworks,Arkane Austin,https://shared.akamai.steamstatic.com/store_item_assets/steam/apps/1294810/header.jpg?t=1750785261,https://store.steampowered.com/app/1294810
2060160,The Farmer Was Replaced,False,2023-02-10T05:00:00.000Z,False,554626,9.99,3714555,96,Indie,"Metaroot,Timon Herzog",Timon Herzog,https://shared.akamai.steamstatic.com/store_item_assets/steam/apps/2060160/9fac021bb38df1426592cb7a0c6de43cc1b83eec/header_alt_assets_0.jpg?t=1763641856,https://store.steampowered.com/app/2060160
2131630,METAL GEAR SOLID - Master Collection Version,False,2023-10-24T04:00:00.000Z,False,241406,19.99,3665503,80,AAA,KONAMI,KONAMI,https://shared.akamai.steamstatic.com/store_item_assets/steam/apps/2131630/header.jpg?t=1737564028,https://store.steampowered.com/app/2131630
1644320,Railway Empire 2,False,2023-05-25T04:00:00.000Z,False,88145,59.99,3654967,73,AA,Kalypso Media,Gaming Minds Studios,https://shared.akamai.steamstatic.com/store_item_assets/steam/apps/1644320/bd0401d0ea33193625f64b66b17db1b5946f017b/header_alt_assets_6.jpg?t=1761661113,https://store.steampowered.com/app/1644320
1860510,Total Conflict: Resistance,False,2023-04-21T04:00:00.000Z,True,161935,29.99,3650523,75,Indie,Thunder Devs.,Thunder Devs.,https://shared.akamai.steamstatic.com/store_item_assets/steam/apps/1860510/header.jpg?t=1763453242,https://store.steampowered.com/app/1860510
2109370,The Great War: Western Front™,False,2023-03-30T04:00:00.000Z,False,161895,34.99,3616406,67,Indie,Frontier Foundry,Petroglyph,https://shared.akamai.steamstatic.com/store_item_assets/steam/apps/2109370/header.jpg?t=1738240238,https://store.steampowered.com/app/2109370
1963370,No One Survived,False,2023-01-14T05:00:00.000Z,True,271494,16.99,3600151,66,Indie,Cat Play Studio,Cat Play Studio,https://shared.akamai.steamstatic.com/store_item_assets/steam/apps/1963370/header.jpg?t=1758358211,https://store.steampowered.com/app/1963370
2296990,We Were Here Expeditions: The FriendShip,False,2023-09-14T04:00:00.000Z,False,1348953,3.99,3581426,91,Indie,Total Mayhem Games,Total Mayhem Games,https://shared.akamai.steamstatic.com/store_item_assets/steam/apps/2296990/header.jpg?t=1756979757,https://store.steampowered.com/app/2296990
2059170,Quasimorph,False,2023-10-02T04:00:00.000Z,True,222084,19.99,3561526,83,AA,HypeTrain Digital,Magnum Scriptum,https://shared.akamai.steamstatic.com/store_item_assets/steam/apps/2059170/header.jpg?t=1763132061,https://store.steampowered.com/app/2059170
2052410,WITCH ON THE HOLY NIGHT,False,2023-12-14T05:00:00.000Z,False,145167,39.99,3538693,98,Indie,Aniplex Inc.,"TYPE-MOON,Lasengle Inc.,Hunex",https://shared.akamai.steamstatic.com/store_item_assets/steam/apps/2052410/header.jpg?t=1753952335,https://store.steampowered.com/app/2052410
1686940,Bopl Battle,False,2023-11-16T05:00:00.000Z,False,425110,9.99,3517064,97,Indie,Zapray Games,Johan Grönvall,https://shared.akamai.steamstatic.com/store_item_assets/steam/apps/1686940/header.jpg?t=1746784732,https://store.steampowered.com/app/1686940
1422130,SimRail - The Railway Simulator,False,2023-01-13T05:00:00.000Z,False,117369,34.99,3492178,85,AA,PlayWay S.A.,SimRail S.A.,https://shared.akamai.steamstatic.com/store_item_assets/steam/apps/1422130/header.jpg?t=1742504686,https://store.steampowered.com/app/1422130
1028310,BOOK OF HOURS,False,2023-08-17T04:00:00.000Z,False,182672,24.99,3474960,90,Indie,Weather Factory,Weather Factory,https://shared.akamai.steamstatic.com/store_item_assets/steam/apps/1028310/header.jpg?t=1762944591,https://store.steampowered.com/app/1028310
1245560,Roots of Pacha,False,2023-04-25T04:00:00.000Z,False,187330,24.99,3473801,94,Indie,Soda Den,Soda Den,https://shared.akamai.steamstatic.com/store_item_assets/steam/apps/1245560/header.jpg?t=1745341195,https://store.steampowered.com/app/1245560
1351080,Pharaoh™: A New Era,False,2023-02-15T05:00:00.000Z,False,188373,22.99,3410332,75,Indie,Dotemu,Triskell Interactive,https://shared.akamai.steamstatic.com/store_item_assets/steam/apps/1351080/header.jpg?t=1738848947,https://store.steampowered.com/app/1351080
553540,Phantom Brigade,False,2023-02-28T05:00:00.000Z,False,151994,29.99,3409609,78,Indie,Brace Yourself Games,Brace Yourself Games,https://shared.akamai.steamstatic.com/store_item_assets/steam/apps/553540/eec49dc9fea0d95e8e161bea0dca19eaba078649/header.jpg?t=1763690953,https://store.steampowered.com/app/553540
2328760,Pinball FX,False,2023-04-13T04:00:00.000Z,False,205293,0,3356989,72,Indie,Zen Studios,Zen Studios,https://shared.akamai.steamstatic.com/store_item_assets/steam/apps/2328760/95a4add587fac74ba92f63151591ab6a1e2da5f6/header.jpg?t=1762521923,https://store.steampowered.com/app/2328760
2201940,Ship Graveyard Simulator 2,False,2023-08-16T04:00:00.000Z,False,211103,24.99,3277058,78,Indie,"Games Incubator,PlayWay S.A.","Games Incubator,Hypnotic Ants",https://shared.akamai.steamstatic.com/store_item_assets/steam/apps/2201940/82f87815ac34f076efc333883bae28839c54207a/header.jpg?t=1763988353,https://store.steampowered.com/app/2201940
307950,Caliber,False,2023-04-12T04:00:00.000Z,False,1485642,0,3271730,76,Indie,FOR-GAMES CR LTD,1C Game Studios,https://shared.akamai.steamstatic.com/store_item_assets/steam/apps/307950/20fd090399d4ed7b4834bedce598c54a7c9925d5/header_alt_assets_4.jpg?t=1763554103,https://store.steampowered.com/app/307950
1977170,Jusant,False,2023-10-31T04:00:00.000Z,False,203194,24.99,3259738,93,Indie,DON'T NOD,DON'T NOD,https://shared.akamai.steamstatic.com/store_item_assets/steam/apps/1977170/header.jpg?t=1762783362,https://store.steampowered.com/app/1977170
1457080,The Mageseeker: A League of Legends Story™,False,2023-04-18T04:00:00.000Z,False,141110,29.99,3223966,84,Indie,Riot Forge,Digital Sun,https://shared.akamai.steamstatic.com/store_item_assets/steam/apps/1457080/header.jpg?t=1720737340,https://store.steampowered.com/app/1457080
1701520,Afterimage,False,2023-04-24T04:00:00.000Z,False,277282,24.99,3178639,78,Indie,Maximum Entertainment,Aurogon Shanghai,https://shared.akamai.steamstatic.com/store_item_assets/steam/apps/1701520/header.jpg?t=1725487708,https://store.steampowered.com/app/1701520
1101120,Gunsmith Simulator,False,2023-07-19T04:00:00.000Z,False,211117,24.99,3176550,85,AA,PlayWay S.A.,GameHunters,https://shared.akamai.steamstatic.com/store_item_assets/steam/apps/1101120/3e84e808c8474b85bcc20dd161732cd02ce33108/header.jpg?t=1763106988,https://store.steampowered.com/app/1101120
1501610,Nova Lands,False,2023-06-22T04:00:00.000Z,False,216973,19.99,3168650,90,AA,HypeTrain Digital,BEHEMUTT,https://shared.akamai.steamstatic.com/store_item_assets/steam/apps/1501610/header.jpg?t=1762786893,https://store.steampowered.com/app/1501610
1689500,Dune: Imperium,False,2023-11-14T05:00:00.000Z,False,160562,22.99,3105854,94,Indie,Dire Wolf,Dire Wolf,https://shared.akamai.steamstatic.com/store_item_assets/steam/apps/1689500/header.jpg?t=1759162395,https://store.steampowered.com/app/1689500
2281730,Combat Master: Season 5,False,2023-04-21T04:00:00.000Z,False,3917707,0,3095667,88,Indie,Alfa Bravo Inc,Alfa Bravo Inc,https://shared.akamai.steamstatic.com/store_item_assets/steam/apps/2281730/da2e159469ce4cfef4c74da3ca9e48a08e27bae5/header.jpg?t=1761428433,https://store.steampowered.com/app/2281730
2492430,火焰征程,False,2023-10-25T04:00:00.000Z,False,21021,0,3038550,36,Indie,Starlight Games,Starlight Games,https://shared.akamai.steamstatic.com/store_item_assets/steam/apps/2492430/header.jpg?t=1729647919,https://store.steampowered.com/app/2492430
1497440,COCOON,False,2023-09-29T04:00:00.000Z,False,191126,24.99,3025338,95,AA,Annapurna Interactive,Geometric Interactive,https://shared.akamai.steamstatic.com/store_item_assets/steam/apps/1497440/header.jpg?t=1763721043,https://store.steampowered.com/app/1497440
1850160,Poly Bridge 3,False,2023-05-30T04:00:00.000Z,False,192931,19.99,3022556,96,Indie,Dry Cactus,Dry Cactus,https://shared.akamai.steamstatic.com/store_item_assets/steam/apps/1850160/header.jpg?t=1751450110,https://store.steampowered.com/app/1850160
1928870,Minecraft Legends,False,2023-04-18T04:00:00.000Z,False,102413,39.99,2978641,58,AAA,Xbox Game Studios,"Mojang Studios,Blackbird Interactive",https://shared.akamai.steamstatic.com/store_item_assets/steam/apps/1928870/header.jpg?t=1746133966,https://store.steampowered.com/app/1928870
2084000,Shogun Showdown,False,2023-06-27T04:00:00.000Z,False,313058,14.99,2972876,95,Indie,"Goblinz Publishing,Gamirror Games",Roboatino,https://shared.akamai.steamstatic.com/store_item_assets/steam/apps/2084000/header.jpg?t=1763395118,https://store.steampowered.com/app/2084000
2244130,Ratopia,False,2023-11-05T04:00:00.000Z,False,199038,22,2958235,87,Indie,Cassel Games,Cassel Games,https://shared.akamai.steamstatic.com/store_item_assets/steam/apps/2244130/header.jpg?t=1747128326,https://store.steampowered.com/app/2244130
2254740,Persona 5 Tactica,False,2023-11-16T05:00:00.000Z,False,72252,59.99,2952790,74,AAA,SEGA,ATLUS,https://shared.akamai.steamstatic.com/store_item_assets/steam/apps/2254740/header.jpg?t=1763531030,https://store.steampowered.com/app/2254740
2273420,Private Dorm Manager,False,2023-12-15T05:00:00.000Z,False,352100,10.99,2937575,94,Indie,"Mango Party,Mango Party News",HornyDoge,https://shared.akamai.steamstatic.com/store_item_assets/steam/apps/2273420/aa348060d57acde28acd4f5654d81a2acffb0612/header.jpg?t=1753682408,https://store.steampowered.com/app/2273420
1122340,Chef Life: A Restaurant Simulator,False,2023-02-23T05:00:00.000Z,False,201397,29.99,2937442,84,AA,Nacon,Cyanide Studio,https://shared.akamai.steamstatic.com/store_item_assets/steam/apps/1122340/header.jpg?t=1750165944,https://store.steampowered.com/app/1122340
1677350,EA SPORTS™ PGA TOUR™,False,2023-04-06T04:00:00.000Z,False,100663,69.99,2914158,53,AAA,Electronic Arts,Electronic Arts - Tiburon,https://shared.akamai.steamstatic.com/store_item_assets/steam/apps/1677350/header.jpg?t=1748913401,https://store.steampowered.com/app/1677350
1809700,Persona 3 Portable,False,2023-01-18T05:00:00.000Z,False,178466,19.99,2853548,80,AAA,SEGA,ATLUS,https://shared.akamai.steamstatic.com/store_item_assets/steam/apps/1809700/header.jpg?t=1763530922,https://store.steampowered.com/app/1809700
2439510,Doomsday: Last Survivors,False,2023-06-25T04:00:00.000Z,False,71213,0,2809510,66,Indie,IGG SINGAPORE PTE. LTD.,IGG SINGAPORE PTE. LTD.,https://shared.akamai.steamstatic.com/store_item_assets/steam/apps/2439510/4b2a3b9f4439826e3dac005af7d589e2d1f9e041/header.jpg?t=1760020574,https://store.steampowered.com/app/2439510
1494420,Silica,False,2023-05-03T04:00:00.000Z,True,153124,19.99,2768384,76,AAA,Bohemia Interactive,Martin 'Dram' Melichárek,https://shared.akamai.steamstatic.com/store_item_assets/steam/apps/1494420/header.jpg?t=1755610186,https://store.steampowered.com/app/1494420
2022670,SONIC SUPERSTARS,False,2023-10-16T04:00:00.000Z,False,71887,59.99,2716209,69,AAA,SEGA,SEGA,https://shared.akamai.steamstatic.com/store_item_assets/steam/apps/2022670/header.jpg?t=1741795573,https://store.steampowered.com/app/2022670
1214470,Hotel Renovator,False,2023-03-07T05:00:00.000Z,False,165443,24.99,2714714,77,AAA,Focus Entertainment,Two Horizons,https://shared.akamai.steamstatic.com/store_item_assets/steam/apps/1214470/header.jpg?t=1757947192,https://store.steampowered.com/app/1214470
1473350,(the) Gnorp Apologue,False,2023-12-14T05:00:00.000Z,False,453492,6.99,2708094,96,Indie,(Myco),Myco,https://shared.akamai.steamstatic.com/store_item_assets/steam/apps/1473350/header.jpg?t=1718997922,https://store.steampowered.com/app/1473350
1646850,SpaceBourne 2,False,2023-02-17T05:00:00.000Z,False,161640,19.99,2701685,78,Indie,Burak Dabak,Burak Dabak,https://shared.akamai.steamstatic.com/store_item_assets/steam/apps/1646850/95fe45cbcd7ba1cf3cec36e676063d93c584913f/header.jpg?t=1763489632,https://store.steampowered.com/app/1646850
1967630,Survival: Fountain of Youth,False,2023-04-19T04:00:00.000Z,False,157312,27.99,2668444,86,Indie,"Twin Sails Interactive,CE-Asia",Odinsoft Inc.,https://shared.akamai.steamstatic.com/store_item_assets/steam/apps/1967630/header.jpg?t=1747829204,https://store.steampowered.com/app/1967630
1159290,The Bloodline,False,2023-10-05T04:00:00.000Z,True,185836,19.99,2653714,83,Indie,505 Pulse,Shieldbearer Studios,https://shared.akamai.steamstatic.com/store_item_assets/steam/apps/1159290/header.jpg?t=1758122352,https://store.steampowered.com/app/1159290
2366120,Build Master: MarsVille,False,2023-12-11T05:00:00.000Z,False,11435,0,2632968,41,Indie,FIRST FUN HONG KONG LIMITED,FIRST FUN HONG KONG LIMITED,https://shared.akamai.steamstatic.com/store_item_assets/steam/apps/2366120/header.jpg?t=1702347589,https://store.steampowered.com/app/2366120
2351560,Apocalypse Party,False,2023-11-30T05:00:00.000Z,False,434917,9.99,2591481,74,Indie,"Breaker Games,Kepler Ghost",Breaker Games,https://shared.akamai.steamstatic.com/store_item_assets/steam/apps/2351560/header.jpg?t=1748419582,https://store.steampowered.com/app/2351560
2471100,Unnamed Space Idle,False,2023-07-27T04:00:00.000Z,True,592258,0,2591075,93,Indie,Jdog Corp,Sylv,https://shared.akamai.steamstatic.com/store_item_assets/steam/apps/2471100/header.jpg?t=1758726801,https://store.steampowered.com/app/2471100
1868180,Etrian Odyssey HD,False,2023-06-14T04:00:00.000Z,False,99459,39.99,2572324,88,AAA,SEGA,ATLUS,https://shared.akamai.steamstatic.com/store_item_assets/steam/apps/1868180/header.jpg?t=1763531289,https://store.steampowered.com/app/1868180
2140510,Town of Salem 2,False,2023-05-26T04:00:00.000Z,False,586392,0,2564001,72,Indie,Digital Bandidos,BlankMediaGames LLC,https://shared.akamai.steamstatic.com/store_item_assets/steam/apps/2140510/1d03d42e93f40dc1828d02e9290d4820e8f31340/header.jpg?t=1754334665,https://store.steampowered.com/app/2140510
1161590,Punch Club 2: Fast Forward,False,2023-07-20T04:00:00.000Z,False,203846,19.99,2549349,83,AA,tinyBuild,Lazy Bear Games,https://shared.akamai.steamstatic.com/store_item_assets/steam/apps/1161590/header.jpg?t=1763649078,https://store.steampowered.com/app/1161590
2168680,Nuclear Option,False,2023-10-15T04:00:00.000Z,True,161721,17.99,2540858,95,Indie,Shockfront Studios,Shockfront Studios,https://shared.akamai.steamstatic.com/store_item_assets/steam/apps/2168680/header.jpg?t=1758547095,https://store.steampowered.com/app/2168680
1956800,Thriving City: Song,False,2023-04-21T04:00:00.000Z,False,209299,18.99,2540378,81,AA,IndieArk,White Star Studio,https://shared.akamai.steamstatic.com/store_item_assets/steam/apps/1956800/header.jpg?t=1762481259,https://store.steampowered.com/app/1956800
1730700,We Love Katamari REROLL+ Royal Reverie,False,2023-06-01T04:00:00.000Z,False,168026,29.99,2531109,96,AAA,Bandai Namco Entertainment,MONKEYCRAFT Co. Ltd.,https://shared.akamai.steamstatic.com/store_item_assets/steam/apps/1730700/header.jpg?t=1706555303,https://store.steampowered.com/app/1730700
1715280,AirportSim,False,2023-10-19T04:00:00.000Z,False,93159,34.99,2530399,69,Indie,Iceberg Interactive,"MS GAMES,MK STUDIOS",https://shared.akamai.steamstatic.com/store_item_assets/steam/apps/1715280/header.jpg?t=1729256349,https://store.steampowered.com/app/1715280
1880330,Sanfu,False,2023-07-27T04:00:00.000Z,False,370227,10.99,2510019,83,AA,Gamirror Games,Shiying Studio,https://shared.akamai.steamstatic.com/store_item_assets/steam/apps/1880330/header.jpg?t=1745230872,https://store.steampowered.com/app/1880330
1599330,Wildmender,False,2023-09-28T04:00:00.000Z,False,135453,24.99,2505176,85,Indie,Kwalee,Muse Games,https://shared.akamai.steamstatic.com/store_item_assets/steam/apps/1599330/header.jpg?t=1754474668,https://store.steampowered.com/app/1599330
1920780,Stray Gods: The Roleplaying Musical,False,2023-08-09T04:00:00.000Z,False,99319,29.99,2472842,92,AA,Humble Games,Summerfall Studios,https://shared.akamai.steamstatic.com/store_item_assets/steam/apps/1920780/header.jpg?t=1750993379,https://store.steampowered.com/app/1920780
1581770,SpellForce: Conquest of Eo,False,2023-02-03T05:00:00.000Z,False,130655,29.99,2438927,81,AA,THQ Nordic,Owned by Gravity,https://shared.akamai.steamstatic.com/store_item_assets/steam/apps/1581770/header.jpg?t=1747227579,https://store.steampowered.com/app/1581770
2161440,Sailing Era,False,2023-01-11T05:00:00.000Z,False,145422,24.99,2431661,79,AA,bilibili,GY Games,https://shared.akamai.steamstatic.com/store_item_assets/steam/apps/2161440/header.jpg?t=1727606618,https://store.steampowered.com/app/2161440
2653790,The Exit 8,False,2023-11-29T05:00:00.000Z,False,726064,3.99,2420248,93,AA,PLAYISM,KOTAKE CREATE,https://shared.akamai.steamstatic.com/store_item_assets/steam/apps/2653790/header.jpg?t=1756464433,https://store.steampowered.com/app/2653790
2131640,METAL GEAR SOLID 2: Sons of Liberty - Master Collection Version,False,2023-10-24T04:00:00.000Z,False,145001,19.99,2365357,88,AAA,KONAMI,KONAMI,https://shared.akamai.steamstatic.com/store_item_assets/steam/apps/2131640/header.jpg?t=1737564625,https://store.steampowered.com/app/2131640
2338140,Dokapon Kingdom: Connect,False,2023-09-07T04:00:00.000Z,False,82767,49.99,2365079,89,Indie,Idea Factory International,"Idea Factory,Compile Heart,Sting",https://shared.akamai.steamstatic.com/store_item_assets/steam/apps/2338140/header.jpg?t=1761072612,https://store.steampowered.com/app/2338140
2230650,TEVI,False,2023-11-29T05:00:00.000Z,False,110689,29.99,2350308,89,Indie,"CreSpirit,Neverland Entertainment","CreSpirit,GemaYue,Ein Lee",https://shared.akamai.steamstatic.com/store_item_assets/steam/apps/2230650/header.jpg?t=1729749286,https://store.steampowered.com/app/2230650
1988550,To The Core,False,2023-08-10T04:00:00.000Z,False,319036,7.99,2326153,93,Indie,SomethingExtra,SomethingExtra,https://shared.akamai.steamstatic.com/store_item_assets/steam/apps/1988550/header.jpg?t=1740771959,https://store.steampowered.com/app/1988550
1683150,Railroader,False,2023-12-07T05:00:00.000Z,True,81413,29.99,2323566,97,Indie,Giraffe Lab LLC,Giraffe Lab LLC,https://shared.akamai.steamstatic.com/store_item_assets/steam/apps/1683150/709e5845e2c50a13780a89c786fb2471b36f612f/header.jpg?t=1762893290,https://store.steampowered.com/app/1683150
1194810,Meet Your Maker,False,2023-04-04T04:00:00.000Z,False,90886,19.99,2317623,72,AA,Behaviour Interactive Inc.,Behaviour Interactive Inc.,https://shared.akamai.steamstatic.com/store_item_assets/steam/apps/1194810/header.jpg?t=1732811476,https://store.steampowered.com/app/1194810
1566200,Tape to Tape,False,2023-05-03T04:00:00.000Z,True,135526,19.99,2305778,92,Indie,Excellent Rectangle,Excellent Rectangle,https://shared.akamai.steamstatic.com/store_item_assets/steam/apps/1566200/header.jpg?t=1761596036,https://store.steampowered.com/app/1566200
1016950,Blood Bowl 3,False,2023-02-23T05:00:00.000Z,False,103472,29.99,2284166,49,AA,Nacon,Cyanide Studio,https://shared.akamai.steamstatic.com/store_item_assets/steam/apps/1016950/dc9dbb444e247796f85c47edb2158772564c23e6/header.jpg?t=1760603077,https://store.steampowered.com/app/1016950
2095300,Breakout 13,False,2023-01-08T05:00:00.000Z,False,346050,9.99,2267533,88,Indie,ALT Lab,ALT Lab,https://shared.akamai.steamstatic.com/store_item_assets/steam/apps/2095300/header.jpg?t=1735374248,https://store.steampowered.com/app/2095300
1167750,The Lamplighters League,False,2023-10-03T04:00:00.000Z,False,63688,49.99,2253075,70,AAA,Paradox Interactive,Harebrained Schemes,https://shared.akamai.steamstatic.com/store_item_assets/steam/apps/1167750/header.jpg?t=1707725146,https://store.steampowered.com/app/1167750
1450900,Desynced,False,2023-08-15T04:00:00.000Z,True,95882,29.99,2252028,83,Indie,Forklift Interactive,Stage Games Inc.,https://shared.akamai.steamstatic.com/store_item_assets/steam/apps/1450900/6a4d5e902d7a007c1323b033a18bea9e47958f2d/header.jpg?t=1752828138,https://store.steampowered.com/app/1450900
1748620,FlipWitch - Forbidden Sex Hex,False,2023-11-17T05:00:00.000Z,False,191775,14.99,2247326,95,Indie,Critical Bliss,"MomoGames,Critical Bliss",https://shared.akamai.steamstatic.com/store_item_assets/steam/apps/1748620/header.jpg?t=1730717615,https://store.steampowered.com/app/1748620
1675900,Warlander,False,2023-01-24T05:00:00.000Z,False,961809,0,2236946,61,Indie,Toylogic Inc.,Toylogic Inc.,https://shared.akamai.steamstatic.com/store_item_assets/steam/apps/1675900/header.jpg?t=1743047623,https://store.steampowered.com/app/1675900
1036240,Definitely Not Fried Chicken,False,2023-01-18T05:00:00.000Z,False,136353,24.99,2225544,75,Indie,Silver Lining Interactive,Dope Games,https://shared.akamai.steamstatic.com/store_item_assets/steam/apps/1036240/header.jpg?t=1749037531,https://store.steampowered.com/app/1036240
2216830,The Jackbox Party Pack 10,False,2023-10-18T04:00:00.000Z,False,80926,29.99,2169733,65,AA,"Jackbox Games, Inc.","Jackbox Games, Inc.",https://shared.akamai.steamstatic.com/store_item_assets/steam/apps/2216830/header.jpg?t=1728584851,https://store.steampowered.com/app/2216830
1894430,Plan B: Terraform,False,2023-02-15T05:00:00.000Z,False,218684,15.99,2161846,91,Indie,Gaddy Games,Gaddy Games,https://shared.akamai.steamstatic.com/store_item_assets/steam/apps/1894430/b9402bd69c131dd8cd4ab224c7384c6493674656/header.jpg?t=1756796137,https://store.steampowered.com/app/1894430
1801110,BOKURA,False,2023-02-13T05:00:00.000Z,False,604077,5.49,2160474,92,Indie,Kodansha,tokoronyori,https://shared.akamai.steamstatic.com/store_item_assets/steam/apps/1801110/header.jpg?t=1748672108,https://store.steampowered.com/app/1801110
1574260,My Friendly Neighborhood,False,2023-07-18T04:00:00.000Z,False,84120,29.99,2159906,95,Indie,DreadXP,"John Szymanski,Evan Szymanski",https://shared.akamai.steamstatic.com/store_item_assets/steam/apps/1574260/5d9c2790882f3faf242dd5c92b4b99851c94130f/header.jpg?t=1752598029,https://store.steampowered.com/app/1574260
2179850,Cobalt Core,False,2023-11-08T05:00:00.000Z,False,130540,19.99,2153022,96,Indie,Brace Yourself Games,Rocket Rat Games,https://shared.akamai.steamstatic.com/store_item_assets/steam/apps/2179850/header.jpg?t=1753747411,https://store.steampowered.com/app/2179850
1622900,Star Trek: Infinite,False,2023-10-12T04:00:00.000Z,False,79761,29.99,2151689,43,AAA,Paradox Interactive,Nimble Giant Entertainment,https://shared.akamai.steamstatic.com/store_item_assets/steam/apps/1622900/header.jpg?t=1697483511,https://store.steampowered.com/app/1622900
1658040,I Am Future: Cozy Apocalypse Survival,False,2023-08-08T04:00:00.000Z,False,190893,19.99,2145394,86,AA,tinyBuild,Mandragora,https://shared.akamai.steamstatic.com/store_item_assets/steam/apps/1658040/bf45fa20a71ce86f97e6e47d0ad67fc81e94d69c/header.jpg?t=1763648727,https://store.steampowered.com/app/1658040
1451810,LEGO® 2K Drive,False,2023-05-18T04:00:00.000Z,False,66090,29.99,2128679,62,AAA,2K,Visual Concepts,https://shared.akamai.steamstatic.com/store_item_assets/steam/apps/1451810/header.jpg?t=1751037667,https://store.steampowered.com/app/1451810
2626940,Life Makeover,False,2023-11-15T05:00:00.000Z,False,102423,0,2110363,84,Indie,Archosaur Games,Archosaur Games,https://shared.akamai.steamstatic.com/store_item_assets/steam/apps/2626940/header.jpg?t=1763713836,https://store.steampowered.com/app/2626940
1560250,Rising Front,False,2023-01-14T05:00:00.000Z,True,157449,14.99,2099348,90,Indie,Sandstorm Studios Inc.,Sandstorm Studios Inc.,https://shared.akamai.steamstatic.com/store_item_assets/steam/apps/1560250/header.jpg?t=1743110926,https://store.steampowered.com/app/1560250
1903620,Killer Frequency,False,2023-06-01T04:00:00.000Z,False,164322,24.99,2093748,94,AA,Team17,Team17,https://shared.akamai.steamstatic.com/store_item_assets/steam/apps/1903620/header.jpg?t=1762770396,https://store.steampowered.com/app/1903620
2291680,The Arrogant Kaiju Princess and The Detective Servant,False,2023-12-20T05:00:00.000Z,False,182379,14.99,2088393,97,Indie,"Mango Party,Mango Party News","ARTcelerator,PantyParrot",https://shared.akamai.steamstatic.com/store_item_assets/steam/apps/2291680/header.jpg?t=1752806051,https://store.steampowered.com/app/2291680
1532200,Mars First Logistics,False,2023-06-21T04:00:00.000Z,False,147816,19.99,2041926,95,Indie,"Shape Shop,Outersloth",Shape Shop,https://shared.akamai.steamstatic.com/store_item_assets/steam/apps/1532200/header.jpg?t=1759990511,https://store.steampowered.com/app/1532200
2187290,Wall World,False,2023-04-05T04:00:00.000Z,False,610151,6.99,2011674,91,Indie,Alawar,Alawar,https://shared.akamai.steamstatic.com/store_item_assets/steam/apps/2187290/4a7c45db8286120e9c9b01d3ba4089b46e1199cb/header_alt_assets_6.jpg?t=1763010809,https://store.steampowered.com/app/2187290
2186320,Ages of Conflict: World War Simulator,False,2023-02-17T05:00:00.000Z,True,325439,6.99,2004826,96,Indie,JoySpark Games,JoySpark Games,https://shared.akamai.steamstatic.com/store_item_assets/steam/apps/2186320/header.jpg?t=1763060732,https://store.steampowered.com/app/2186320
1623940,Bramble: The Mountain King,False,2023-04-27T04:00:00.000Z,False,147793,29.99,1996675,95,Indie,Maximum Entertainment,Dimfrost Studio,https://shared.akamai.steamstatic.com/store_item_assets/steam/apps/1623940/header.jpg?t=1759850350,https://store.steampowered.com/app/1623940
1274600,The Last Faith,False,2023-11-15T05:00:00.000Z,False,107261,27.99,1995662,82,AA,Playstack,Kumi Souls Games,https://shared.akamai.steamstatic.com/store_item_assets/steam/apps/1274600/140831b46612bb395f7586c2b9954f51aabc044a/header_alt_assets_0.jpg?t=1762452247,https://store.steampowered.com/app/1274600
2379390,Tom Clancy’s Rainbow Six® Extraction,False,2023-06-15T04:00:00.000Z,False,200721,39.99,1984762,66,AAA,Ubisoft,Ubisoft Montreal,https://shared.akamai.steamstatic.com/store_item_assets/steam/apps/2379390/header.jpg?t=1752170297,https://store.steampowered.com/app/2379390
1649010,Miasma Chronicles,False,2023-05-23T04:00:00.000Z,False,74570,34.99,1968607,80,Indie,505 Games Official,The Bearded Ladies,https://shared.akamai.steamstatic.com/store_item_assets/steam/apps/1649010/header.jpg?t=1713542288,https://store.steampowered.com/app/1649010
1397390,The Break-In,False,2023-07-17T04:00:00.000Z,False,136503,19.99,1948322,88,Indie,jorgen games Ltd,"jorgen games Ltd,Oliver Josh",https://shared.akamai.steamstatic.com/store_item_assets/steam/apps/1397390/6d6de1511e85eb2a3434ec387ad793b583b058b2/header.jpg?t=1761209562,https://store.steampowered.com/app/1397390
2318310,Class of '09: The Re-Up,False,2023-06-01T04:00:00.000Z,False,146705,14.99,1943196,97,Indie,"SBN3,Wrath Club",SBN3,https://shared.akamai.steamstatic.com/store_item_assets/steam/apps/2318310/header.jpg?t=1704255196,https://store.steampowered.com/app/2318310
2303350,Sticky Business,False,2023-07-17T04:00:00.000Z,False,258387,9.99,1903458,94,Indie,Assemble Entertainment,Spellgarden Games,https://shared.akamai.steamstatic.com/store_item_assets/steam/apps/2303350/header.jpg?t=1755515415,https://store.steampowered.com/app/2303350
2343650,Waven,False,2023-08-16T04:00:00.000Z,True,427051,0,1878707,80,Indie,"Ankama Games,New Tales",Ankama Studio,https://shared.akamai.steamstatic.com/store_item_assets/steam/apps/2343650/header.jpg?t=1737559420,https://store.steampowered.com/app/2343650
1677310,In Stars And Time,False,2023-11-20T05:00:00.000Z,False,109635,19.99,1865827,97,Indie,Armor Games Studios,insertdisc5,https://shared.akamai.steamstatic.com/store_item_assets/steam/apps/1677310/header.jpg?t=1754400017,https://store.steampowered.com/app/1677310
2272400,Station to Station,False,2023-10-03T04:00:00.000Z,False,167274,17.99,1850702,90,Indie,Prismatika,Galaxy Grove,https://shared.akamai.steamstatic.com/store_item_assets/steam/apps/2272400/e59e5723d9f8dc1e3ad66fe63f838efb6c50f585/header.jpg?t=1758041467,https://store.steampowered.com/app/2272400
2486740,Sledders,False,2023-12-05T05:00:00.000Z,False,76888,29.99,1805909,95,Indie,Bonus Stage Publishing,Hanki Games,https://shared.akamai.steamstatic.com/store_item_assets/steam/apps/2486740/b525dc8fa823715d0c3f18a82953c8b8a858689a/header.jpg?t=1764059805,https://store.steampowered.com/app/2486740
2358260,Cricket 24,False,2023-10-04T04:00:00.000Z,False,52530,44.99,1800784,79,AA,Nacon,Big Ant Studios,https://shared.akamai.steamstatic.com/store_item_assets/steam/apps/2358260/header.jpg?t=1725870557,https://store.steampowered.com/app/2358260
2250600,Disgaea 7: Vows of the Virtueless,False,2023-10-03T04:00:00.000Z,False,35378,59.99,1791607,77,Indie,"NIS America, Inc.","Nippon Ichi Software, Inc.,Systemsoft beta, Inc.",https://shared.akamai.steamstatic.com/store_item_assets/steam/apps/2250600/header.jpg?t=1732584391,https://store.steampowered.com/app/2250600
2181610,Heretic's Fork,False,2023-09-13T04:00:00.000Z,False,240359,9.99,1789742,86,Indie,Ravenage Games,9FingerGames,https://shared.akamai.steamstatic.com/store_item_assets/steam/apps/2181610/header.jpg?t=1762547067,https://store.steampowered.com/app/2181610
2342950,God Of Weapons,False,2023-09-12T04:00:00.000Z,False,392517,5.99,1782545,85,Indie,Archmage Games Studio,Archmage Labs,https://shared.akamai.steamstatic.com/store_item_assets/steam/apps/2342950/c26539cca65906f4fe3c2c2ea8b16593ae5ad24f/header.jpg?t=1762838079,https://store.steampowered.com/app/2342950
2106840,PARANORMASIGHT: The Seven Mysteries of Honjo,False,2023-03-08T05:00:00.000Z,False,137586,19.99,1781735,96,AA,Square Enix,Square Enix,https://shared.akamai.steamstatic.com/store_item_assets/steam/apps/2106840/header.jpg?t=1751339920,https://store.steampowered.com/app/2106840
2166060,Amanda the Adventurer,False,2023-04-25T04:00:00.000Z,False,231797,8.99,1781280,94,Indie,DreadXP,MANGLEDmaw Games,https://shared.akamai.steamstatic.com/store_item_assets/steam/apps/2166060/header.jpg?t=1730134058,https://store.steampowered.com/app/2166060
2138610,The Legend of Heroes: Trails through Daybreak,False,2023-03-01T05:00:00.000Z,False,34360,59.99,1744150,92,Indie,"NIS America, Inc.","Nihon Falcom,PH3 GmbH",https://shared.akamai.steamstatic.com/store_item_assets/steam/apps/2138610/header.jpg?t=1760582673,https://store.steampowered.com/app/2138610
1333200,Song of Nunu: A League of Legends Story,False,2023-11-01T04:00:00.000Z,False,84738,29.99,1743931,95,Indie,Riot Forge,Tequila Works,https://shared.akamai.steamstatic.com/store_item_assets/steam/apps/1333200/header.jpg?t=1702617989,https://store.steampowered.com/app/1333200
1985170,"Warhammer 40,000: Warpforge",False,2023-10-19T04:00:00.000Z,False,192480,0,1735666,52,Indie,Everguild Ltd.,Everguild Ltd.,https://shared.akamai.steamstatic.com/store_item_assets/steam/apps/1985170/4170387503bfd4620d338e4fc93e7a299f4b7b29/header.jpg?t=1761226269,https://store.steampowered.com/app/1985170
1644940,Loddlenaut,False,2023-11-16T05:00:00.000Z,False,144140,19.99,1727767,98,AA,Secret Mode,Moon Lagoon,https://shared.akamai.steamstatic.com/store_item_assets/steam/apps/1644940/header.jpg?t=1763464758,https://store.steampowered.com/app/1644940
2290000,TerraScape,False,2023-04-05T04:00:00.000Z,False,174323,14.99,1703780,90,Indie,"Stray Fawn Publishing,INSTINCT3",Bitfall Studios,https://shared.akamai.steamstatic.com/store_item_assets/steam/apps/2290000/header.jpg?t=1763293010,https://store.steampowered.com/app/2290000
849100,Alaskan Road Truckers,False,2023-10-18T04:00:00.000Z,False,103944,21.99,1698562,63,Indie,"Green Man Gaming Publishing,Movie Games S.A.",Road Studio S.A.,https://shared.akamai.steamstatic.com/store_item_assets/steam/apps/849100/header.jpg?t=1764078931,https://store.steampowered.com/app/849100
2200780,My Dream Setup,False,2023-02-20T05:00:00.000Z,False,420496,5.99,1697725,91,Indie,Campfire Studio,Campfire Studio,https://shared.akamai.steamstatic.com/store_item_assets/steam/apps/2200780/header.jpg?t=1762181675,https://store.steampowered.com/app/2200780
2365810,Pseudoregalia,False,2023-07-28T04:00:00.000Z,False,325238,5.99,1677603,97,Indie,rittzler,rittzler,https://shared.akamai.steamstatic.com/store_item_assets/steam/apps/2365810/header.jpg?t=1736183956,https://store.steampowered.com/app/2365810
758690,Occupy Mars: The Game,False,2023-05-10T04:00:00.000Z,True,84234,29.99,1669716,74,Indie,"▲ Pyramid Games,PlayWay S.A.",▲ Pyramid Games,https://shared.akamai.steamstatic.com/store_item_assets/steam/apps/758690/37824e5314d55f3c94b307b31ff0614e590146e7/header_alt_assets_7.jpg?t=1763713878,https://store.steampowered.com/app/758690
1419850,Saleblazers,False,2023-09-29T04:00:00.000Z,True,82982,29.99,1653082,88,Indie,AIRSTRAFE INTERACTIVE,AIRSTRAFE INTERACTIVE,https://shared.akamai.steamstatic.com/store_item_assets/steam/apps/1419850/header.jpg?t=1753893303,https://store.steampowered.com/app/1419850
1368130,Park Beyond,False,2023-06-15T04:00:00.000Z,False,57684,74.99,1632028,62,Indie,Bandai Namco Europe S.A.S.,Limbic Entertainment,https://shared.akamai.steamstatic.com/store_item_assets/steam/apps/1368130/header.jpg?t=1727343145,https://store.steampowered.com/app/1368130
1963570,Cuisineer,False,2023-11-09T05:00:00.000Z,False,85075,24.99,1630057,78,AA,"Marvelous Europe,XSEED Games",BattleBrew Productions,https://shared.akamai.steamstatic.com/store_item_assets/steam/apps/1963570/header.jpg?t=1762794644,https://store.steampowered.com/app/1963570
2009100,Immortals of Aveum™,False,2023-08-21T04:00:00.000Z,False,75268,59.99,1614693,70,AAA,Electronic Arts,Ascendant Studios,https://shared.akamai.steamstatic.com/store_item_assets/steam/apps/2009100/header.jpg?t=1748944926,https://store.steampowered.com/app/2009100
2553870,The Genesis Order,False,2023-09-01T04:00:00.000Z,False,132923,14.99,1610211,88,Indie,NLT Media,NLT Media,https://shared.akamai.steamstatic.com/store_item_assets/steam/apps/2553870/header.jpg?t=1763063614,https://store.steampowered.com/app/2553870
1947500,The Walking Dead: Saints & Sinners - Chapter 2: Retribution,False,2023-03-21T04:00:00.000Z,False,53045,9.99,1582460,63,Indie,Skydance Interactive,Skydance Interactive,https://shared.akamai.steamstatic.com/store_item_assets/steam/apps/1947500/header.jpg?t=1744760929,https://store.steampowered.com/app/1947500
1608230,Planet of Lana,False,2023-05-23T04:00:00.000Z,False,160483,19.99,1573285,93,Indie,Thunderful Publishing,Wishfully,https://shared.akamai.steamstatic.com/store_item_assets/steam/apps/1608230/afc987687f2f80c5c4a93293f2f0f53a62032212/header.jpg?t=1763997712,https://store.steampowered.com/app/1608230
1202200,Paleo Pines,False,2023-09-26T04:00:00.000Z,False,81005,29.99,1570059,84,Indie,Maximum Entertainment,Italic Pig,https://shared.akamai.steamstatic.com/store_item_assets/steam/apps/1202200/header.jpg?t=1748541464,https://store.steampowered.com/app/1202200
1340480,The Cosmic Wheel Sisterhood,False,2023-08-16T04:00:00.000Z,False,130408,17.99,1567441,94,AA,Devolver Digital,Deconstructeam,https://shared.akamai.steamstatic.com/store_item_assets/steam/apps/1340480/header.jpg?t=1741962755,https://store.steampowered.com/app/1340480
2276930,Chillquarium,False,2023-09-06T04:00:00.000Z,False,353717,5.99,1567397,93,Indie,Ben Reber,Ben Reber,https://shared.akamai.steamstatic.com/store_item_assets/steam/apps/2276930/header.jpg?t=1751390547,https://store.steampowered.com/app/2276930
2134770,SteamWorld Build,False,2023-12-01T05:00:00.000Z,False,110262,24.99,1554137,84,Indie,Thunderful Publishing,The Station,https://shared.akamai.steamstatic.com/store_item_assets/steam/apps/2134770/header.jpg?t=1759330706,https://store.steampowered.com/app/2134770
2291760,Papa's Freezeria Deluxe,False,2023-03-31T04:00:00.000Z,False,294891,5.99,1548981,99,Indie,Flipline Studios,Flipline Studios,https://shared.akamai.steamstatic.com/store_item_assets/steam/apps/2291760/header.jpg?t=1700157490,https://store.steampowered.com/app/2291760
1589120,Above Snakes,False,2023-05-25T04:00:00.000Z,False,92121,24.99,1546892,76,Indie,Crytivo,Square Glade Games,https://shared.akamai.steamstatic.com/store_item_assets/steam/apps/1589120/header.jpg?t=1762873215,https://store.steampowered.com/app/1589120
2130460,FATAL FRAME / PROJECT ZERO: Mask of the Lunar Eclipse,False,2023-03-08T05:00:00.000Z,False,42360,49.99,1545605,90,AA,"KOEI TECMO GAMES CO., LTD.","KOEI TECMO GAMES CO., LTD.",https://shared.akamai.steamstatic.com/store_item_assets/steam/apps/2130460/header.jpg?t=1760595194,https://store.steampowered.com/app/2130460
2131680,METAL GEAR & METAL GEAR 2: Solid Snake,False,2023-10-24T04:00:00.000Z,False,93226,19.99,1542783,84,AAA,KONAMI,KONAMI,https://shared.akamai.steamstatic.com/store_item_assets/steam/apps/2131680/header.jpg?t=1724876235,https://store.steampowered.com/app/2131680
2415010,A Date with Death,False,2023-12-07T05:00:00.000Z,False,352874,0,1539359,98,Indie,Two and a Half Studios,Two and a Half Studios,https://shared.akamai.steamstatic.com/store_item_assets/steam/apps/2415010/header.jpg?t=1760661830,https://store.steampowered.com/app/2415010
2314160,Tactical Assault VR,False,2023-03-26T04:00:00.000Z,True,120253,17.99,1531619,83,Indie,2080 Games,HammerFire Interactive,https://shared.akamai.steamstatic.com/store_item_assets/steam/apps/2314160/header.jpg?t=1756933072,https://store.steampowered.com/app/2314160
1922010,Breachers™,False,2023-04-13T04:00:00.000Z,False,57404,19.99,1522812,84,Indie,Triangle Factory,Triangle Factory,https://shared.akamai.steamstatic.com/store_item_assets/steam/apps/1922010/08f14e65b035fdf2697a2bd4e12c359b4da84253/header.jpg?t=1760619059,https://store.steampowered.com/app/1922010
2399220,NUKITASHI,False,2023-06-23T04:00:00.000Z,False,120414,24.99,1507555,96,Indie,Shiravune,Qruppo,https://shared.akamai.steamstatic.com/store_item_assets/steam/apps/2399220/c2c0ce4c518cdb4de1e3e06fec01013a05a14fe4/header.jpg?t=1759289337,https://store.steampowered.com/app/2399220
1913370,OPERATOR,False,2023-08-01T04:00:00.000Z,True,85795,19.99,1506725,82,Indie,VECTOR INTERACTIVE,VECTOR INTERACTIVE,https://shared.akamai.steamstatic.com/store_item_assets/steam/apps/1913370/header.jpg?t=1757873676,https://store.steampowered.com/app/1913370
1445790,Make Way,False,2023-12-04T05:00:00.000Z,False,149311,14.99,1501066,92,AA,Secret Mode,Ice BEAM,https://shared.akamai.steamstatic.com/store_item_assets/steam/apps/1445790/header.jpg?t=1761723716,https://store.steampowered.com/app/1445790
2497900,DON'T SCREAM,False,2023-10-27T04:00:00.000Z,False,182039,7.99,1498512,64,Indie,Digital Cybercherries,Digital Cybercherries,https://shared.akamai.steamstatic.com/store_item_assets/steam/apps/2497900/a7ce95275b7c88844334150fa7aa0d026023d4df/header.jpg?t=1762294386,https://store.steampowered.com/app/2497900
1116540,DAVIGO: VR vs. PC,False,2023-11-29T05:00:00.000Z,True,64242,24.99,1487032,86,Indie,Davigo Studio,Davigo Studio,https://shared.akamai.steamstatic.com/store_item_assets/steam/apps/1116540/header.jpg?t=1753109998,https://store.steampowered.com/app/1116540
1793250,Take Me To The Dungeon!!,False,2023-06-28T04:00:00.000Z,False,168296,10.99,1471084,94,Indie,"Mango Party,Mango Party News",Hanabi Fuusen,https://shared.akamai.steamstatic.com/store_item_assets/steam/apps/1793250/header.jpg?t=1736151155,https://store.steampowered.com/app/1793250
2005160,Naheulbeuk's Dungeon Master,False,2023-11-15T05:00:00.000Z,False,80970,24.99,1468449,71,Indie,Dear Villagers,Artefacts Studio,https://shared.akamai.steamstatic.com/store_item_assets/steam/apps/2005160/header.jpg?t=1726475577,https://store.steampowered.com/app/2005160
2272250,Forgive Me Father 2,False,2023-10-19T04:00:00.000Z,False,91207,24.99,1452392,84,AA,Fulqrum Publishing,Byte Barrel,https://shared.akamai.steamstatic.com/store_item_assets/steam/apps/2272250/header.jpg?t=1761586081,https://store.steampowered.com/app/2272250
2205850,"Dwarves: Glory, Death and Loot",False,2023-08-16T04:00:00.000Z,True,148218,14.99,1447878,82,Indie,"Sidekick Publishing,Gamersky Games",Hamma Studios,https://shared.akamai.steamstatic.com/store_item_assets/steam/apps/2205850/header.jpg?t=1763692955,https://store.steampowered.com/app/2205850
1426440,MICROVOLTS: Recharged,False,2023-09-08T04:00:00.000Z,False,268962,0,1447473,67,Indie,Masangsoft,Masangsoft,https://shared.akamai.steamstatic.com/store_item_assets/steam/apps/1426440/header.jpg?t=1759221083,https://store.steampowered.com/app/1426440
1963040,The Lost Village,False,2023-01-14T05:00:00.000Z,False,186522,11.99,1431665,73,Indie,FunYoo Games,FunYoo Games,https://shared.akamai.steamstatic.com/store_item_assets/steam/apps/1963040/header.jpg?t=1758594311,https://store.steampowered.com/app/1963040
2183650,MEGA MAN X DiVE Offline,False,2023-09-01T04:01:07.000Z,False,90728,29.99,1431444,81,AAA,"CAPCOM Co., Ltd.","CAPCOM Co., Ltd.",https://shared.akamai.steamstatic.com/store_item_assets/steam/apps/2183650/header.jpg?t=1711930316,https://store.steampowered.com/app/2183650
638510,dotAGE,False,2023-10-04T04:00:00.000Z,False,100491,17.59,1430926,95,Indie,Michele Pirovano,Michele Pirovano,https://shared.akamai.steamstatic.com/store_item_assets/steam/apps/638510/header.jpg?t=1763975666,https://store.steampowered.com/app/638510
2111170,STORY OF SEASONS: A Wonderful Life,False,2023-06-27T04:00:00.000Z,False,47356,39.99,1429640,79,Indie,"Marvelous,Marvelous Europe,XSEED Games",Marvelous Inc.,https://shared.akamai.steamstatic.com/store_item_assets/steam/apps/2111170/header.jpg?t=1743091775,https://store.steampowered.com/app/2111170
1652250,Tales & Tactics,False,2023-08-10T04:00:00.000Z,False,121636,17.99,1429028,78,Indie,"Yogscast Games,Gamersky Games",Table 9 Studio,https://shared.akamai.steamstatic.com/store_item_assets/steam/apps/1652250/header.jpg?t=1762430383,https://store.steampowered.com/app/1652250
1737340,Noobs Want to Live,False,2023-02-13T05:00:00.000Z,False,429907,4.99,1423064,89,AA,Lightning Games,元气弹工作室(GD Studio),https://shared.akamai.steamstatic.com/store_item_assets/steam/apps/1737340/header.jpg?t=1737527172,https://store.steampowered.com/app/1737340
1654660,En Garde!,False,2023-08-16T04:00:00.000Z,False,135697,19.99,1422249,91,Indie,"Fireplace Games,Kepler Ghost",Fireplace Games,https://shared.akamai.steamstatic.com/store_item_assets/steam/apps/1654660/header.jpg?t=1732721748,https://store.steampowered.com/app/1654660
1538970,Hammerwatch II,False,2023-08-15T04:00:00.000Z,False,84299,24.99,1414998,61,Indie,Maximum Entertainment,Crackshell,https://shared.akamai.steamstatic.com/store_item_assets/steam/apps/1538970/header.jpg?t=1725486530,https://store.steampowered.com/app/1538970
2321210,Neon Echo,False,2023-04-20T04:00:00.000Z,True,128123,14.99,1409488,55,Indie,Xinyuan Studio,Xinyuan Studio,https://shared.akamai.steamstatic.com/store_item_assets/steam/apps/2321210/header.jpg?t=1683859322,https://store.steampowered.com/app/2321210
1949030,Sherlock Holmes The Awakened,False,2023-04-11T04:00:00.000Z,False,98585,39.99,1406370,83,Indie,Frogwares,Frogwares,https://shared.akamai.steamstatic.com/store_item_assets/steam/apps/1949030/header.jpg?t=1758522954,https://store.steampowered.com/app/1949030
843390,Vertigo 2,False,2023-03-30T04:00:00.000Z,False,54136,29.99,1406106,95,Indie,Zulubo Productions,Zach Tsiakalis-Brown,https://shared.akamai.steamstatic.com/store_item_assets/steam/apps/843390/header.jpg?t=1732293919,https://store.steampowered.com/app/843390
1243850,This Bed We Made,False,2023-11-01T04:00:00.000Z,False,74376,24.99,1403442,91,Indie,Lowbirth Games,Lowbirth Games,https://shared.akamai.steamstatic.com/store_item_assets/steam/apps/1243850/header.jpg?t=1739896855,https://store.steampowered.com/app/1243850
2506160,Fears to Fathom - Ironbark Lookout,False,2023-10-20T04:00:00.000Z,False,224870,9.99,1403174,93,Indie,Rayll Studios,Rayll Studios,https://shared.akamai.steamstatic.com/store_item_assets/steam/apps/2506160/header.jpg?t=1761626826,https://store.steampowered.com/app/2506160
2237970,Outpath,False,2023-10-16T04:00:00.000Z,False,137829,14.99,1398288,94,Indie,"GrabTheGames,UpgradePoint",David Moralejo Sánchez,https://shared.akamai.steamstatic.com/store_item_assets/steam/apps/2237970/header.jpg?t=1763037276,https://store.steampowered.com/app/2237970
1931730,Fort Solis,False,2023-08-22T04:00:00.000Z,False,81520,24.99,1362129,67,Indie,Dear Villagers,"Fallen Leaf,Black Drakkar Games",https://shared.akamai.steamstatic.com/store_item_assets/steam/apps/1931730/header.jpg?t=1745509581,https://store.steampowered.com/app/1931730
1981820,Strike Force Heroes,False,2023-11-10T05:00:00.000Z,False,100051,19.99,1358611,81,AA,IndieArk,Sky9 Games,https://shared.akamai.steamstatic.com/store_item_assets/steam/apps/1981820/header.jpg?t=1754296893,https://store.steampowered.com/app/1981820
2088160,天外武林 (Traveler of Wuxia),False,2023-01-05T05:00:00.000Z,False,81680,24.99,1346485,86,Indie,香港商河洛互動娛樂股份有限公司,香港商河洛互動娛樂股份有限公司,https://shared.akamai.steamstatic.com/store_item_assets/steam/apps/2088160/header.jpg?t=1742542638,https://store.steampowered.com/app/2088160
1487210,Super Mega Baseball™ 4,False,2023-06-02T04:00:00.000Z,False,78626,49.99,1340935,76,AAA,Electronic Arts,Metalhead Software Inc.,https://shared.akamai.steamstatic.com/store_item_assets/steam/apps/1487210/header.jpg?t=1748945474,https://store.steampowered.com/app/1487210
1668540,The Legend of Heroes: Trails into Reverie,False,2023-07-07T04:00:00.000Z,False,29131,59.99,1325186,94,Indie,"NIS America, Inc.","Nihon Falcom,PH3 GmbH",https://shared.akamai.steamstatic.com/store_item_assets/steam/apps/1668540/header.jpg?t=1732662761,https://store.steampowered.com/app/1668540
2498570,Canvas of Kings,False,2023-08-03T04:00:00.000Z,True,82068,18.99,1322550,94,Indie,Hannes Breuer,Hannes Breuer,https://shared.akamai.steamstatic.com/store_item_assets/steam/apps/2498570/header.jpg?t=1738096697,https://store.steampowered.com/app/2498570
1810820,Etrian Odyssey III HD,False,2023-06-14T04:00:00.000Z,False,51951,39.99,1321532,90,AAA,SEGA,ATLUS,https://shared.akamai.steamstatic.com/store_item_assets/steam/apps/1810820/header.jpg?t=1763531464,https://store.steampowered.com/app/1810820
1822550,Microcivilization,False,2023-11-13T05:00:00.000Z,True,88674,17.99,1311673,83,Indie,Ondrej Homola,Ondrej Homola,https://shared.akamai.steamstatic.com/store_item_assets/steam/apps/1822550/header.jpg?t=1738587801,https://store.steampowered.com/app/1822550
2218400,Greedland,False,2023-08-04T04:00:00.000Z,False,167160,12.99,1302642,84,AA,"Gamersky Games,2P Games",VaMP He,https://shared.akamai.steamstatic.com/store_item_assets/steam/apps/2218400/343b85ee5799d9ca115207374841ba72c111619c/header.jpg?t=1763985576,https://store.steampowered.com/app/2218400
1754870,Lust Theory Season 2,False,2023-01-27T05:00:00.000Z,False,67098,29.99,1291548,75,Indie,Inceton Games,Inceton Games,https://shared.akamai.steamstatic.com/store_item_assets/steam/apps/1754870/header.jpg?t=1759423660,https://store.steampowered.com/app/1754870
1021210,Cyber Knights: Flashpoint,False,2023-10-17T04:00:00.000Z,False,55327,29.99,1288868,94,Indie,Trese Brothers,Trese Brothers,https://shared.akamai.steamstatic.com/store_item_assets/steam/apps/1021210/0dd5a4075eb492ad6c90dff80669a0fcdcad64b4/header.jpg?t=1763776755,https://store.steampowered.com/app/1021210
2020710,Havendock,False,2023-04-20T04:00:00.000Z,False,104064,19.99,1288662,80,Indie,"Pretty Soon,IndieArk",YYZ Studio,https://shared.akamai.steamstatic.com/store_item_assets/steam/apps/2020710/623511daec17162b70a34d825d41110e3fcbb688/header_alt_assets_7.jpg?t=1764110876,https://store.steampowered.com/app/2020710
2514960,Refind Self: The Personality Test Game,False,2023-11-13T05:00:00.000Z,False,194578,7.99,1288496,87,AA,PLAYISM,Lizardry,https://shared.akamai.steamstatic.com/store_item_assets/steam/apps/2514960/header.jpg?t=1759808401,https://store.steampowered.com/app/2514960
2014380,LIVE A LIVE,False,2023-04-27T04:00:00.000Z,False,46383,49.99,1283689,86,AA,Square Enix,"Square Enix,historia Inc.",https://shared.akamai.steamstatic.com/store_item_assets/steam/apps/2014380/header.jpg?t=1751339991,https://store.steampowered.com/app/2014380
2371630,Sword Art Online: Integral Factor,False,2023-08-21T04:00:00.000Z,False,230327,0,1283275,64,AAA,Bandai Namco Entertainment,"Asobimo, Inc.",https://shared.akamai.steamstatic.com/store_item_assets/steam/apps/2371630/header.jpg?t=1762511822,https://store.steampowered.com/app/2371630
2198070,Cardboard Town,False,2023-04-12T04:00:00.000Z,False,145104,19.99,1276321,82,Indie,"Rogue Duck Interactive,Gamersky Games","Stratera Games,cukuto",https://shared.akamai.steamstatic.com/store_item_assets/steam/apps/2198070/header.jpg?t=1763542932,https://store.steampowered.com/app/2198070
2173800,Projekt: Passion - Season 1,False,2023-05-26T04:00:00.000Z,False,159201,11.99,1270477,93,Indie,Classy Lemon,Classy Lemon,https://shared.akamai.steamstatic.com/store_item_assets/steam/apps/2173800/header.jpg?t=1735459983,https://store.steampowered.com/app/2173800
858710,Gravity Circuit,False,2023-07-13T04:00:00.000Z,False,111094,16.99,1265574,94,Indie,"PID Games,Dear Villagers",Domesticated Ant Games,https://shared.akamai.steamstatic.com/store_item_assets/steam/apps/858710/header.jpg?t=1748595661,https://store.steampowered.com/app/858710
2017080,Nickelodeon All-Star Brawl 2,False,2023-11-07T05:00:00.000Z,False,60127,49.99,1264698,76,Indie,GameMill Entertainment,Fair Play Labs,https://shared.akamai.steamstatic.com/store_item_assets/steam/apps/2017080/header.jpg?t=1746026398,https://store.steampowered.com/app/2017080
2102520,Apex Point,False,2023-03-04T05:00:00.000Z,True,75158,18.99,1261001,87,Indie,Apex Studio,Apex Studio,https://shared.akamai.steamstatic.com/store_item_assets/steam/apps/2102520/header.jpg?t=1763848975,https://store.steampowered.com/app/2102520
2206270,Vampire Hunters,False,2023-07-26T04:00:00.000Z,False,134595,14.99,1257742,91,Indie,Gamecraft Studios,Gamecraft Studios,https://shared.akamai.steamstatic.com/store_item_assets/steam/apps/2206270/header.jpg?t=1758831737,https://store.steampowered.com/app/2206270
2328750,My Little Universe,False,2023-10-05T04:00:00.000Z,False,127924,14.99,1257043,86,Indie,SayGames,Estoty,https://shared.akamai.steamstatic.com/store_item_assets/steam/apps/2328750/header.jpg?t=1737019161,https://store.steampowered.com/app/2328750
695330,SEASON: A letter to the future,False,2023-01-31T05:00:00.000Z,False,73910,24.99,1242094,93,Indie,Scavengers Studio,Scavengers Studio,https://shared.akamai.steamstatic.com/store_item_assets/steam/apps/695330/header.jpg?t=1705518574,https://store.steampowered.com/app/695330
1356810,Hexarchy,False,2023-10-19T04:00:00.000Z,False,94376,19.99,1235444,82,Indie,"Yogscast Games,Gamersky Games",Main Tank Software,https://shared.akamai.steamstatic.com/store_item_assets/steam/apps/1356810/header.jpg?t=1755107907,https://store.steampowered.com/app/1356810
2348100,"YEAH! YOU WANT ""THOSE GAMES,"" RIGHT? SO HERE YOU GO! NOW, LET'S SEE YOU CLEAR THEM!",False,2023-07-19T04:00:00.000Z,False,137904,9.99,1234734,73,AA,D3PUBLISHER,MONKEYCRAFT Co. Ltd.,https://shared.akamai.steamstatic.com/store_item_assets/steam/apps/2348100/header.jpg?t=1704939030,https://store.steampowered.com/app/2348100
1796220,Laika: Aged Through Blood,False,2023-10-19T04:00:00.000Z,False,109913,19.99,1233283,92,Indie,Thunderful Publishing,Brainwash Gang,https://shared.akamai.steamstatic.com/store_item_assets/steam/apps/1796220/header.jpg?t=1759330781,https://store.steampowered.com/app/1796220
1761620,Headbangers: Rhythm Royale,False,2023-10-31T04:00:00.000Z,False,101810,19.99,1229832,71,AA,Team17,Glee-Cheese Studio,https://shared.akamai.steamstatic.com/store_item_assets/steam/apps/1761620/header.jpg?t=1761838683,https://store.steampowered.com/app/1761620
1566880,SWORD ART ONLINE Last Recollection,False,2023-10-05T04:00:00.000Z,False,29558,59.99,1220703,61,AAA,Bandai Namco Entertainment,"AQURIA Co., Ltd.",https://shared.akamai.steamstatic.com/store_item_assets/steam/apps/1566880/header.jpg?t=1750782355,https://store.steampowered.com/app/1566880
1946700,Layers of Fear,False,2023-06-15T04:00:00.000Z,False,57272,29.99,1213586,80,Indie,Bloober Team SA,"Anshar Studios,Bloober Team",https://shared.akamai.steamstatic.com/store_item_assets/steam/apps/1946700/header.jpg?t=1761589628,https://store.steampowered.com/app/1946700
2458490,A Shinobi's Fate,False,2023-12-18T05:00:00.000Z,False,110874,14.99,1212961,93,Indie,"Mango Party,Mango Party News",marron☆marron,https://shared.akamai.steamstatic.com/store_item_assets/steam/apps/2458490/956bcf4612fc3d9f9dbbd0c6072f57440442721d/header.jpg?t=1753259280,https://store.steampowered.com/app/2458490
1345890,Deliver Us Mars,False,2023-02-02T05:00:00.000Z,False,71002,29.99,1212122,75,Indie,Frontier Foundry,KeokeN Interactive,https://shared.akamai.steamstatic.com/store_item_assets/steam/apps/1345890/header.jpg?t=1738323432,https://store.steampowered.com/app/1345890
1402110,Eternights,False,2023-09-11T04:00:00.000Z,False,73147,29.99,1198660,86,Indie,"Studio Sai,Kepler Ghost",Studio Sai,https://shared.akamai.steamstatic.com/store_item_assets/steam/apps/1402110/header.jpg?t=1759232313,https://store.steampowered.com/app/1402110
1968840,Scarlet Maiden,False,2023-01-27T05:00:00.000Z,False,134876,10.99,1195756,94,Indie,Critical Bliss,Otterside Games,https://shared.akamai.steamstatic.com/store_item_assets/steam/apps/1968840/header.jpg?t=1763636798,https://store.steampowered.com/app/1968840
2455060,Taboo Trial,False,2023-07-31T04:00:00.000Z,False,132552,14.99,1185300,84,Indie,"NPC Entertainment,Cat Shine",Cat Shine,https://shared.akamai.steamstatic.com/store_item_assets/steam/apps/2455060/header.jpg?t=1721834727,https://store.steampowered.com/app/2455060
2551020,One-armed robber,False,2023-12-15T05:00:00.000Z,False,6169676,0,1164633,91,Indie,Duhndal,Duhndal,https://shared.akamai.steamstatic.com/store_item_assets/steam/apps/2551020/header.jpg?t=1726393211,https://store.steampowered.com/app/2551020
1571100,Passpartout 2: The Lost Artist,False,2023-04-04T04:00:00.000Z,False,57334,24.99,1161523,95,Indie,Flamebait Games,Flamebait Games,https://shared.akamai.steamstatic.com/store_item_assets/steam/apps/1571100/header.jpg?t=1726215878,https://store.steampowered.com/app/1571100
2064870,Deceit 2,False,2023-09-14T04:00:00.000Z,False,903463,0,1158714,59,Indie,World Makers,World Makers,https://shared.akamai.steamstatic.com/store_item_assets/steam/apps/2064870/2f74bbf707519a874ba5a8d858cd6c0e868a45ac/header.jpg?t=1760610461,https://store.steampowered.com/app/2064870
1211600,ZED ZONE,False,2023-03-29T04:00:00.000Z,True,140147,11.99,1156058,81,Indie,INDIECN,Leven Liu,https://shared.akamai.steamstatic.com/store_item_assets/steam/apps/1211600/header.jpg?t=1731310077,https://store.steampowered.com/app/1211600
2499470,Pumping Simulator 2,False,2023-09-12T04:00:00.000Z,False,71519,11.99,1149859,92,Indie,Lance Games,Lance Games,https://shared.akamai.steamstatic.com/store_item_assets/steam/apps/2499470/header.jpg?t=1740701307,https://store.steampowered.com/app/2499470
2318480,Last Train Outta' Wormtown,False,2023-04-20T04:00:00.000Z,False,147300,11.99,1128532,95,Indie,Get(Color) Games,Get(Color) Games,https://shared.akamai.steamstatic.com/store_item_assets/steam/apps/2318480/header.jpg?t=1752864862,https://store.steampowered.com/app/2318480
2518960,Wizardry: Proving Grounds of the Mad Overlord,False,2023-09-15T04:00:00.000Z,False,42871,34.99,1117141,78,Indie,Digital Eclipse,Digital Eclipse,https://shared.akamai.steamstatic.com/store_item_assets/steam/apps/2518960/header.jpg?t=1738700159,https://store.steampowered.com/app/2518960
1915510,Yao-Guai Hunter,False,2023-04-03T04:00:00.000Z,False,98237,16.99,1096675,84,Indie,"MòGames,MyACG Studio",MòGames,https://shared.akamai.steamstatic.com/store_item_assets/steam/apps/1915510/e9bd4c56f88da596de468c52b648fcf878de3956/header.jpg?t=1762984919,https://store.steampowered.com/app/1915510
2485460,State of Survival,False,2023-08-02T04:00:00.000Z,False,39805,0,1094032,57,Indie,FunPlus International AG,FunPlus International AG,https://shared.akamai.steamstatic.com/store_item_assets/steam/apps/2485460/header.jpg?t=1707105944,https://store.steampowered.com/app/2485460
1743830,One Military Camp,False,2023-03-02T05:00:00.000Z,False,58858,24.99,1086396,77,Indie,Abylight Studios,Abylight Barcelona,https://shared.akamai.steamstatic.com/store_item_assets/steam/apps/1743830/header.jpg?t=1762584108,https://store.steampowered.com/app/1743830
2121980,Void Stranger,False,2023-09-01T16:54:32.000Z,False,98982,11.99,1083555,91,Indie,System Erasure,System Erasure,https://shared.akamai.steamstatic.com/store_item_assets/steam/apps/2121980/header.jpg?t=1735612860,https://store.steampowered.com/app/2121980
1981610,Wanted: Dead,False,2023-02-14T05:00:00.000Z,False,42113,29.99,1081705,67,Indie,110 Industries SA,Soleil Ltd.,https://shared.akamai.steamstatic.com/store_item_assets/steam/apps/1981610/header.jpg?t=1712679422,https://store.steampowered.com/app/1981610
1201270,A Space for the Unbound,False,2023-01-19T05:00:00.000Z,False,83407,19.99,1077836,97,Indie,"Toge Productions,Cube Game",Mojiken,https://shared.akamai.steamstatic.com/store_item_assets/steam/apps/1201270/header.jpg?t=1761014941,https://store.steampowered.com/app/1201270
1331510,Battle Talent,False,2023-06-01T04:00:00.000Z,False,59082,19.99,1077613,77,Indie,CyDream,CyDream,https://shared.akamai.steamstatic.com/store_item_assets/steam/apps/1331510/header.jpg?t=1749444495,https://store.steampowered.com/app/1331510
2063610,Pro Cycling Manager 2023,False,2023-06-08T04:00:00.000Z,False,34576,39.99,1060904,77,AA,Nacon,Cyanide Studio,https://shared.akamai.steamstatic.com/store_item_assets/steam/apps/2063610/header.jpg?t=1726215369,https://store.steampowered.com/app/2063610
2100160,MotoGP™23,False,2023-06-08T04:00:00.000Z,False,53577,39.99,1055994,75,AA,Milestone S.r.l.,Milestone S.r.l.,https://shared.akamai.steamstatic.com/store_item_assets/steam/apps/2100160/header.jpg?t=1746000769,https://store.steampowered.com/app/2100160
1913210,AEW: Fight Forever,False,2023-06-29T04:00:00.000Z,False,33435,39.99,1048987,57,AA,"THQ Nordic,All Elite Wrestling, LLC",YUKE'S,https://shared.akamai.steamstatic.com/store_item_assets/steam/apps/1913210/header.jpg?t=1720617282,https://store.steampowered.com/app/1913210
1573280,WW2 Rebuilder,False,2023-01-16T05:00:00.000Z,False,77066,19.99,1047318,86,Indie,"Madnetic Games,PlayWay S.A.",Madnetic Games,https://shared.akamai.steamstatic.com/store_item_assets/steam/apps/1573280/header.jpg?t=1760966207,https://store.steampowered.com/app/1573280
1584940,Lakeburg Legacies,False,2023-07-20T04:00:00.000Z,False,63517,22.99,1045718,71,Indie,Ishtar Games,Ishtar Games,https://shared.akamai.steamstatic.com/store_item_assets/steam/apps/1584940/header.jpg?t=1739824171,https://store.steampowered.com/app/1584940
2236070,Peaks of Yore,False,2023-10-26T04:00:00.000Z,False,72752,18.99,1039176,98,Indie,TraipseWare,Anders Grube Jensen,https://shared.akamai.steamstatic.com/store_item_assets/steam/apps/2236070/header.jpg?t=1761483659,https://store.steampowered.com/app/2236070
1579880,The Light Brigade,False,2023-02-22T05:00:00.000Z,False,51155,24.99,1030941,90,Indie,"Funktronic Labs,Creature Label",Funktronic Labs,https://shared.akamai.steamstatic.com/store_item_assets/steam/apps/1579880/f69eb87843279762c4463d5cd613809aed707da1/header.jpg?t=1748535456,https://store.steampowered.com/app/1579880
843200,Alien Hominid Invasion,False,2023-11-01T04:00:00.000Z,False,59566,19.99,1029207,89,AA,The Behemoth,The Behemoth,https://shared.akamai.steamstatic.com/store_item_assets/steam/apps/843200/header.jpg?t=1750288336,https://store.steampowered.com/app/843200
1254320,Surviving the Abyss,False,2023-01-17T05:00:00.000Z,False,60133,19.99,1022466,66,Indie,Paradox Arc,Rocket Flair Studios,https://shared.akamai.steamstatic.com/store_item_assets/steam/apps/1254320/header.jpg?t=1755599106,https://store.steampowered.com/app/1254320
2027330,GoreBox,False,2023-07-21T04:00:00.000Z,False,190744,7.99,1016058,89,Indie,F²Games,Felix Filip,https://shared.akamai.steamstatic.com/store_item_assets/steam/apps/2027330/header.jpg?t=1734826638,https://store.steampowered.com/app/2027330
2055290,Sonic Colors: Ultimate,False,2023-02-06T05:00:00.000Z,False,61125,39.99,1010947,67,AAA,SEGA,Blind Squirrel Entertainment,https://shared.akamai.steamstatic.com/store_item_assets/steam/apps/2055290/header.jpg?t=1762761448,https://store.steampowered.com/app/2055290
2559270,Gym Simulator 24,False,2023-11-10T05:00:00.000Z,False,132489,12.99,1010703,85,Indie,Red Axe Games,Quatech,https://shared.akamai.steamstatic.com/store_item_assets/steam/apps/2559270/8e571a7f04698e04126a5eac501d80b89c92e1df/header.jpg?t=1753275629,https://store.steampowered.com/app/2559270
1708010,The Expanse: A Telltale Series,False,2023-11-20T05:00:00.000Z,False,82775,24.99,1009771,77,Indie,Telltale,Deck Nine,https://shared.akamai.steamstatic.com/store_item_assets/steam/apps/1708010/header.jpg?t=1762798055,https://store.steampowered.com/app/1708010
1276800,CONVERGENCE: A League of Legends Story™,False,2023-05-23T04:00:00.000Z,False,50826,29.99,1007745,89,Indie,Riot Forge,Double Stallion,https://shared.akamai.steamstatic.com/store_item_assets/steam/apps/1276800/header.jpg?t=1707178625,https://store.steampowered.com/app/1276800
226620,Desktop Dungeons,False,2023-04-18T04:00:00.000Z,False,163131,14.99,1003837,84,Indie,QCF Design,QCF Design,https://shared.akamai.steamstatic.com/store_item_assets/steam/apps/226620/header.jpg?t=1681842667,https://store.steampowered.com/app/226620
1597460,Fantasia Sango Mysteria,False,2023-01-10T05:00:00.000Z,False,32011,0,1003068,69,Indie,"USERJOY Technology Co.,Ltd.","USERJOY Technology Co.,Ltd.",https://shared.akamai.steamstatic.com/store_item_assets/steam/apps/1597460/header.jpg?t=1743408960,https://store.steampowered.com/app/1597460
1196090,Scars Above,False,2023-02-28T05:00:00.000Z,False,89220,29.99,998174,77,AA,Prime Matter,Mad Head Games,https://shared.akamai.steamstatic.com/store_item_assets/steam/apps/1196090/header.jpg?t=1681942670,https://store.steampowered.com/app/1196090
1815570,Aces & Adventures,False,2023-02-23T05:00:00.000Z,False,80993,19.99,994696,90,Indie,Yogscast Games,Triple.B.Titles,https://shared.akamai.steamstatic.com/store_item_assets/steam/apps/1815570/header.jpg?t=1731955791,https://store.steampowered.com/app/1815570
2258500,CRYMACHINA,False,2023-10-24T04:00:00.000Z,False,23188,59.99,983144,87,Indie,"NIS America, Inc.",FURYU Corporation,https://shared.akamai.steamstatic.com/store_item_assets/steam/apps/2258500/header.jpg?t=1734030134,https://store.steampowered.com/app/2258500
1663220,Coffee Talk Episode 2: Hibiscus & Butterfly,False,2023-04-20T04:00:00.000Z,False,87370,14.99,981310,97,Indie,Toge Productions,Toge Productions,https://shared.akamai.steamstatic.com/store_item_assets/steam/apps/1663220/header.jpg?t=1753949707,https://store.steampowered.com/app/1663220
1159830,Scene Investigators,False,2023-10-24T04:00:00.000Z,False,54268,24.99,975253,76,Indie,EQ Studios,EQ Studios,https://shared.akamai.steamstatic.com/store_item_assets/steam/apps/1159830/header.jpg?t=1732579823,https://store.steampowered.com/app/1159830
1420350,Fraymakers,False,2023-01-18T05:00:00.000Z,True,51492,19.99,974723,77,Indie,"Team Fray,McLeodGaming","Team Fray,McLeodGaming",https://shared.akamai.steamstatic.com/store_item_assets/steam/apps/1420350/dc60f11f9b424e7f059724bc44ae00d114f2bb66/header.jpg?t=1758235635,https://store.steampowered.com/app/1420350
2127010,Handyman Legend,False,2023-03-09T05:00:00.000Z,False,177147,6.99,973951,90,Indie,SupaShinKen Studio,SupaShinKen Studio,https://shared.akamai.steamstatic.com/store_item_assets/steam/apps/2127010/header.jpg?t=1748937113,https://store.steampowered.com/app/2127010
1668520,The Legend of Heroes: Trails to Azure,False,2023-03-14T04:00:00.000Z,False,29278,39.99,955053,98,Indie,"NIS America, Inc.","Nihon Falcom,PH3 GmbH",https://shared.akamai.steamstatic.com/store_item_assets/steam/apps/1668520/header.jpg?t=1732665115,https://store.steampowered.com/app/1668520
2334220,Home Sweet Home : Online,False,2023-06-21T04:00:00.000Z,False,160852,0,953694,51,Indie,Shift Now,YGGDRAZIL GROUP PUBLIC COMPANY LIMITED,https://shared.akamai.steamstatic.com/store_item_assets/steam/apps/2334220/header.jpg?t=1742593003,https://store.steampowered.com/app/2334220
2544090,Milfy City - Final Edition,False,2023-11-03T04:00:00.000Z,False,64266,19.99,952363,80,Indie,ICSTOR,ICSTOR,https://shared.akamai.steamstatic.com/store_item_assets/steam/apps/2544090/header.jpg?t=1699019797,https://store.steampowered.com/app/2544090
2243710,Rune Factory 3 Special,False,2023-09-05T04:00:00.000Z,False,46846,39.99,952212,95,AA,"XSEED Games,Marvelous USA, Inc.,Marvelous",Marvelous Inc.,https://shared.akamai.steamstatic.com/store_item_assets/steam/apps/2243710/header.jpg?t=1749767203,https://store.steampowered.com/app/2243710
2081400,Gal Guardians: Demon Purge,False,2023-02-23T05:00:00.000Z,False,60714,24.99,946006,80,Indie,"INTI CREATES CO., LTD.","INTI CREATES CO., LTD.",https://shared.akamai.steamstatic.com/store_item_assets/steam/apps/2081400/header.jpg?t=1727748258,https://store.steampowered.com/app/2081400
2231010,Fetish Locator Week Three,False,2023-05-24T04:00:00.000Z,False,62956,19.99,945307,73,Indie,ViNovella Games,ViNovella Games,https://shared.akamai.steamstatic.com/store_item_assets/steam/apps/2231010/header.jpg?t=1761137556,https://store.steampowered.com/app/2231010
1432100,The Bookwalker: Thief of Tales,False,2023-06-22T04:00:00.000Z,False,106452,14.99,941645,92,AA,tinyBuild,DO MY BEST,https://shared.akamai.steamstatic.com/store_item_assets/steam/apps/1432100/header.jpg?t=1763649337,https://store.steampowered.com/app/1432100
777390,Flyout,False,2023-11-17T05:00:00.000Z,True,51128,19.99,941598,82,Indie,Stonext Games,Stonext Games,https://shared.akamai.steamstatic.com/store_item_assets/steam/apps/777390/header.jpg?t=1700236817,https://store.steampowered.com/app/777390
2215260,Scott Pilgrim vs. The World™: The Game – Complete Edition,False,2023-01-05T05:00:00.000Z,False,180404,14.99,930546,76,AAA,Ubisoft,"Engine Software,Ubisoft Montreal,Ubisoft Chengdu,Ubisoft Pune Production",https://shared.akamai.steamstatic.com/store_item_assets/steam/apps/2215260/header.jpg?t=1747662040,https://store.steampowered.com/app/2215260
1813430,Beat Banger,False,2023-04-24T04:00:00.000Z,True,103338,9.99,927910,94,Indie,BunFan Games LLC,BunFan Games LLC,https://shared.akamai.steamstatic.com/store_item_assets/steam/apps/1813430/header.jpg?t=1763189472,https://store.steampowered.com/app/1813430
1543280,Espresso Tycoon,False,2023-06-07T04:00:00.000Z,False,70923,19.99,922273,86,AA,PlayWay S.A.,DreamWay Games,https://shared.akamai.steamstatic.com/store_item_assets/steam/apps/1543280/header.jpg?t=1763457319,https://store.steampowered.com/app/1543280
1249040,American Arcadia,False,2023-11-15T05:00:00.000Z,False,66236,19.99,920685,94,AA,Raw Fury,Out of the Blue Games,https://shared.akamai.steamstatic.com/store_item_assets/steam/apps/1249040/header.jpg?t=1750340804,https://store.steampowered.com/app/1249040
2171630,Return from Core,False,2023-12-15T05:00:00.000Z,False,85640,16.99,916573,77,Indie,"2P Games,Shochiku",Tanxun Studio,https://shared.akamai.steamstatic.com/store_item_assets/steam/apps/2171630/b25552cf9b1f32d11f3b935f9c06f878be7c2302/header.jpg?t=1753178736,https://store.steampowered.com/app/2171630
1956040,Kingdom Eighties,False,2023-06-26T04:00:00.000Z,False,139899,11.99,915772,75,AA,Raw Fury,Fury Studios,https://shared.akamai.steamstatic.com/store_item_assets/steam/apps/1956040/header.jpg?t=1749468262,https://store.steampowered.com/app/1956040
2639100,Inari,False,2023-12-21T05:00:00.000Z,False,96345,14.99,914484,94,Indie,HimitsuCP,Seikou Soft.,https://shared.akamai.steamstatic.com/store_item_assets/steam/apps/2639100/header.jpg?t=1727138445,https://store.steampowered.com/app/2639100
1479140,AK-xolotl: Together,False,2023-09-14T04:00:00.000Z,False,78576,18.99,908545,75,AA,Playstack,2Awesome Studio,https://shared.akamai.steamstatic.com/store_item_assets/steam/apps/1479140/6cd173eae37fc18ace70c39f72d54c8dfd786b6e/header.jpg?t=1761035337,https://store.steampowered.com/app/1479140
2242710,Koi x Shin Ai Kanojo,False,2023-08-04T04:00:00.000Z,False,61065,34.99,901478,90,Indie,HIKARI FIELD,Us:track,https://shared.akamai.steamstatic.com/store_item_assets/steam/apps/2242710/header.jpg?t=1696139814,https://store.steampowered.com/app/2242710
1839880,King Of The Castle,False,2023-03-02T05:00:00.000Z,False,168422,9.99,899447,89,AA,Team17,Tributary Games,https://shared.akamai.steamstatic.com/store_item_assets/steam/apps/1839880/header.jpg?t=1762773633,https://store.steampowered.com/app/1839880
2067780,Your Turn To Die -Death Game By Majority-,False,2023-02-20T05:00:00.000Z,True,65565,16.99,893597,98,Indie,0UP GAMES,Nankidai,https://shared.akamai.steamstatic.com/store_item_assets/steam/apps/2067780/header.jpg?t=1749009769,https://store.steampowered.com/app/2067780
1904790,Agatha Christie - Murder on the Orient Express,False,2023-10-19T04:00:00.000Z,False,50907,39.99,891952,85,Indie,Microids,Microids Studio Lyon,https://shared.akamai.steamstatic.com/store_item_assets/steam/apps/1904790/header.jpg?t=1743171940,https://store.steampowered.com/app/1904790
1812300,Aquatico,False,2023-01-12T05:00:00.000Z,False,58374,24.99,884455,68,Indie,Overseer Games,Digital Reef Games,https://shared.akamai.steamstatic.com/store_item_assets/steam/apps/1812300/header.jpg?t=1732638342,https://store.steampowered.com/app/1812300
2051120,HOT WHEELS UNLEASHED™ 2 - Turbocharged,False,2023-10-19T04:00:00.000Z,False,57015,49.99,878929,75,AA,Milestone S.r.l.,Milestone S.r.l.,https://shared.akamai.steamstatic.com/store_item_assets/steam/apps/2051120/header.jpg?t=1747235742,https://store.steampowered.com/app/2051120
1608640,OTXO,False,2023-04-20T04:00:00.000Z,False,91219,14.99,876823,93,Indie,Super Rare Originals,Lateralis Heavy Industries,https://shared.akamai.steamstatic.com/store_item_assets/steam/apps/1608640/header.jpg?t=1759413615,https://store.steampowered.com/app/1608640
2008100,Rule the Waves 3,False,2023-05-18T04:00:00.000Z,False,26009,39.99,870613,89,Indie,Matrix Games,Naval Warfare Simulations,https://shared.akamai.steamstatic.com/store_item_assets/steam/apps/2008100/header.jpg?t=1756304727,https://store.steampowered.com/app/2008100
1955830,Touhou Hero of Ice Fairy,False,2023-02-25T05:00:00.000Z,False,235592,6.99,870256,97,Indie,GAMEPULSE 游戏脉冲,GAMEPULSE 游戏脉冲,https://shared.akamai.steamstatic.com/store_item_assets/steam/apps/1955830/header.jpg?t=1757491175,https://store.steampowered.com/app/1955830
2392520,Power & Revolution 2023 Edition,False,2023-07-17T04:00:00.000Z,False,20507,49.99,869604,57,Indie,Eversim,Eversim,https://shared.akamai.steamstatic.com/store_item_assets/steam/apps/2392520/header.jpg?t=1697805035,https://store.steampowered.com/app/2392520
2026000,Our Adventurer Guild,False,2023-05-30T04:00:00.000Z,False,76855,14.99,860661,96,Indie,GreenGuy,GreenGuy,https://shared.akamai.steamstatic.com/store_item_assets/steam/apps/2026000/header.jpg?t=1760657263,https://store.steampowered.com/app/2026000
1403650,Everdream Valley,False,2023-05-30T04:00:00.000Z,False,56429,24.99,859395,72,Indie,"Untold Tales,VARSAV Game Studios",Mooneaters,https://shared.akamai.steamstatic.com/store_item_assets/steam/apps/1403650/header.jpg?t=1763928054,https://store.steampowered.com/app/1403650
2140650,Harvest Moon: The Winds of Anthos,False,2023-09-27T04:00:00.000Z,False,20527,49.99,859106,74,Indie,Natsume Inc.,"Appci Inc.,Natsume Inc.",https://shared.akamai.steamstatic.com/store_item_assets/steam/apps/2140650/header.jpg?t=1729787716,https://store.steampowered.com/app/2140650
2291850,Underground Blossom,False,2023-09-27T04:00:00.000Z,False,350771,4.99,856356,98,Indie,Rusty Lake,Rusty Lake,https://shared.akamai.steamstatic.com/store_item_assets/steam/apps/2291850/header.jpg?t=1713632188,https://store.steampowered.com/app/2291850
2389120,战姬军团,False,2023-12-18T05:00:00.000Z,False,105820,0,847890,89,Indie,Fcgame,Fcgame,https://shared.akamai.steamstatic.com/store_item_assets/steam/apps/2389120/header.jpg?t=1763100381,https://store.steampowered.com/app/2389120
1423330,Ancient Warfare: The Han Dynasty,False,2023-09-25T04:00:00.000Z,True,76593,16.99,846709,81,Indie,方块游戏(CubeGame),不秋草游戏工作室(Bamboo Games),https://shared.akamai.steamstatic.com/store_item_assets/steam/apps/1423330/header.jpg?t=1737520250,https://store.steampowered.com/app/1423330
2064810,CityDriver,False,2023-06-05T04:00:00.000Z,False,31670,29.99,844621,41,AA,Aerosoft GmbH,ViewApp,https://shared.akamai.steamstatic.com/store_item_assets/steam/apps/2064810/header.jpg?t=1751378765,https://store.steampowered.com/app/2064810
1998340,Labyrinth of Galleria: The Moon Society,False,2023-02-14T05:00:00.000Z,False,20977,49.99,844041,85,Indie,"NIS America, Inc.","Nippon Ichi Software, Inc.",https://shared.akamai.steamstatic.com/store_item_assets/steam/apps/1998340/header.jpg?t=1732584848,https://store.steampowered.com/app/1998340
2707940,FPV Kamikaze Drone,False,2023-12-15T05:00:00.000Z,True,457858,3.99,842889,88,Indie,HFM Games,HFM Games,https://shared.akamai.steamstatic.com/store_item_assets/steam/apps/2707940/header.jpg?t=1746874927,https://store.steampowered.com/app/2707940
1641700,Moving Out 2,False,2023-08-15T04:00:00.000Z,False,55501,29.99,841864,79,AA,Team17,"SMG Studio,Devm Games",https://shared.akamai.steamstatic.com/store_item_assets/steam/apps/1641700/header.jpg?t=1764005931,https://store.steampowered.com/app/1641700
2292060,Spell Disk,False,2023-09-18T04:00:00.000Z,False,73265,14.99,841839,90,Indie,Sunpeak Games,Sunpeak Games,https://shared.akamai.steamstatic.com/store_item_assets/steam/apps/2292060/header.jpg?t=1744224039,https://store.steampowered.com/app/2292060
1924170,TT Isle Of Man: Ride on the Edge 3,False,2023-05-11T04:00:00.000Z,False,31456,49.99,841833,75,AA,Nacon,Nacon Studio Milan,https://shared.akamai.steamstatic.com/store_item_assets/steam/apps/1924170/header.jpg?t=1764149285,https://store.steampowered.com/app/1924170
593150,Ooblets,False,2023-10-05T04:00:00.000Z,False,44405,29.99,841784,91,Indie,Glumberland,Glumberland,https://shared.akamai.steamstatic.com/store_item_assets/steam/apps/593150/header.jpg?t=1696517972,https://store.steampowered.com/app/593150
2128270,Path of Achra,False,2023-05-01T04:00:00.000Z,False,99340,9.99,841255,98,Indie,Slouching Beast LLC,Ulfsire,https://shared.akamai.steamstatic.com/store_item_assets/steam/apps/2128270/header.jpg?t=1735920523,https://store.steampowered.com/app/2128270
1910860,Grimlord,False,2023-06-22T04:00:00.000Z,False,34388,29.99,837012,79,Indie,"Metalcat Interactive Co.,Ltd","Metalcat Interactive Co.,Ltd",https://shared.akamai.steamstatic.com/store_item_assets/steam/apps/1910860/17c278f26c948bf60bb2b3d8d78d2cc5c0ff98a0/header.jpg?t=1748340291,https://store.steampowered.com/app/1910860
2113920,The Legend of Heroes: Kuro no Kiseki Ⅱ -CRIMSON SiN-	,False,2023-01-25T05:00:00.000Z,False,23458,59.99,836681,79,Indie,Clouded Leopard Entertainment,Nihon Falcom,https://shared.akamai.steamstatic.com/store_item_assets/steam/apps/2113920/header.jpg?t=1738817777,https://store.steampowered.com/app/2113920
2399160,Soulash 2,False,2023-12-04T05:00:00.000Z,True,50277,18.99,831619,86,Indie,Artur Smiarowski,Artur Smiarowski,https://shared.akamai.steamstatic.com/store_item_assets/steam/apps/2399160/header.jpg?t=1758749909,https://store.steampowered.com/app/2399160
1402120,9 Years of Shadows,False,2023-03-27T04:00:00.000Z,False,67794,19.99,830245,77,Indie,indie.io,Halberd Studios,https://shared.akamai.steamstatic.com/store_item_assets/steam/apps/1402120/header.jpg?t=1753748436,https://store.steampowered.com/app/1402120
1351210,Gord,False,2023-08-08T04:00:00.000Z,False,48479,39.99,829985,55,AA,Team17,Covenant.dev,https://shared.akamai.steamstatic.com/store_item_assets/steam/apps/1351210/header.jpg?t=1761835797,https://store.steampowered.com/app/1351210
2529170,Storage Hustle,False,2023-11-08T05:00:00.000Z,True,98517,11.99,829214,72,Indie,Broken Clock,Broken Clock,https://shared.akamai.steamstatic.com/store_item_assets/steam/apps/2529170/header.jpg?t=1754338750,https://store.steampowered.com/app/2529170
1835240,Spiritfall,False,2023-04-03T04:00:00.000Z,False,55451,19.99,828537,93,Indie,Gentle Giant,Gentle Giant,https://shared.akamai.steamstatic.com/store_item_assets/steam/apps/1835240/header.jpg?t=1748710100,https://store.steampowered.com/app/1835240
1857080,The Last Starship,False,2023-02-15T05:00:00.000Z,True,36719,24.99,818009,80,Indie,Introversion Software,Introversion Software,https://shared.akamai.steamstatic.com/store_item_assets/steam/apps/1857080/header.jpg?t=1758900075,https://store.steampowered.com/app/1857080
2544720,Workplace Fantasy,False,2023-10-10T04:00:00.000Z,False,99187,9.99,811178,85,Indie,HappyCreator,HappyCreator,https://shared.akamai.steamstatic.com/store_item_assets/steam/apps/2544720/1f4896b4da8c80f8b9d54e6fdc2cc2c456bf8ba3/header.jpg?t=1763138264,https://store.steampowered.com/app/2544720
1108000,Children of Silentown,False,2023-01-11T05:00:00.000Z,False,66506,19.99,803583,87,AA,Daedalic Entertainment,"Elf Games,Luna2 Studio",https://shared.akamai.steamstatic.com/store_item_assets/steam/apps/1108000/header.jpg?t=1728985491,https://store.steampowered.com/app/1108000
1266030,The Pale Beyond,False,2023-02-24T05:00:00.000Z,False,62544,19.99,799200,89,Indie,Fellow Traveller,Saltstone Studios,https://shared.akamai.steamstatic.com/store_item_assets/steam/apps/1266030/header.jpg?t=1758113480,https://store.steampowered.com/app/1266030
2216130,沉默的蟋蟀,False,2023-07-19T04:00:00.000Z,False,80207,14.99,795689,90,Indie,蓬莱飞鱼工作室,蓬莱飞鱼工作室,https://shared.akamai.steamstatic.com/store_item_assets/steam/apps/2216130/header.jpg?t=1752653582,https://store.steampowered.com/app/2216130
1421290,Battle Shapers,False,2023-10-03T04:00:00.000Z,False,46802,24.99,792077,83,Indie,"Metric Empire,Kepler Ghost",Metric Empire,https://shared.akamai.steamstatic.com/store_item_assets/steam/apps/1421290/78e3460cf67c4475e21507540fbdd1c42f1f31a6/header.jpg?t=1754322258,https://store.steampowered.com/app/1421290
1975440,Under The Waves,False,2023-08-28T04:00:00.000Z,False,43730,29.99,787687,78,Indie,Spotlight by Quantic Dream,Parallel Studio,https://shared.akamai.steamstatic.com/store_item_assets/steam/apps/1975440/header.jpg?t=1725963350,https://store.steampowered.com/app/1975440
2281410,River Town Factory,False,2023-03-31T04:00:00.000Z,False,87335,14.99,786164,89,Indie,"iFAction Studio,BOBO GAMES",iFAction Studio,https://shared.akamai.steamstatic.com/store_item_assets/steam/apps/2281410/header.jpg?t=1757737259,https://store.steampowered.com/app/2281410
1559600,The Ranch of Rivershine,False,2023-05-12T04:00:00.000Z,False,33229,29.99,782518,94,Indie,Cozy Bee Games,Cozy Bee Games,https://shared.akamai.steamstatic.com/store_item_assets/steam/apps/1559600/ae88237fff07e4605729c1205b967e5cd4cc70a7/header.jpg?t=1748018516,https://store.steampowered.com/app/1559600
1173220,Bleak Faith: Forsaken,False,2023-03-10T05:00:00.000Z,False,37325,29.99,779769,74,Indie,Archangel Studios,Archangel Studios,https://shared.akamai.steamstatic.com/store_item_assets/steam/apps/1173220/header.jpg?t=1722893835,https://store.steampowered.com/app/1173220
2296380,I Expect You To Die 3: Cog in the Machine,False,2023-09-28T04:00:00.000Z,False,41643,24.99,776513,92,Indie,Schell Games,Schell Games,https://shared.akamai.steamstatic.com/store_item_assets/steam/apps/2296380/13e40d7c85024a3c5840c78d10d06c5009ddadd5/header.jpg?t=1759936017,https://store.steampowered.com/app/2296380
1799370,Flash Party,False,2023-01-09T05:00:00.000Z,False,193461,0,771562,68,AA,XD,XD,https://shared.akamai.steamstatic.com/store_item_assets/steam/apps/1799370/header.jpg?t=1716944349,https://store.steampowered.com/app/1799370
1952370,Oblivion Override,False,2023-06-13T04:00:00.000Z,False,63760,17.99,769497,91,AA,XD,Humble Mill,https://shared.akamai.steamstatic.com/store_item_assets/steam/apps/1952370/header.jpg?t=1757054521,https://store.steampowered.com/app/1952370
2500750,Only Climb: Better Together,False,2023-07-25T04:00:00.000Z,False,229357,4.99,763885,54,Indie,Exbyte Studios,Exbyte Studios,https://shared.akamai.steamstatic.com/store_item_assets/steam/apps/2500750/header.jpg?t=1747040357,https://store.steampowered.com/app/2500750
1889040,Birth,False,2023-02-17T05:00:00.000Z,False,94193,10.99,760314,96,Indie,Madison Karrh,Madison Karrh,https://shared.akamai.steamstatic.com/store_item_assets/steam/apps/1889040/header.jpg?t=1739362118,https://store.steampowered.com/app/1889040
2078350,Bluey: The Videogame,False,2023-11-17T05:00:00.000Z,False,26716,39.99,754335,73,Indie,Outright Games Ltd.,"Artax Games.,Casual Brothers Ltd.",https://shared.akamai.steamstatic.com/store_item_assets/steam/apps/2078350/e4b5bd9e15e6fb7f1242e9897e01da3da8332d92/header.jpg?t=1759309640,https://store.steampowered.com/app/2078350
1179580,KAKU: Ancient Seal,False,2023-05-03T04:00:00.000Z,False,43009,24.99,746009,79,Indie,BINGOBELL,BINGOBELL,https://shared.akamai.steamstatic.com/store_item_assets/steam/apps/1179580/4921083a2a1b3517361e62ce058f24778c9d93f8/header.jpg?t=1757983511,https://store.steampowered.com/app/1179580
1777390,Robolife2 - Nova Duty,False,2023-03-10T05:00:00.000Z,False,61180,14.99,742062,90,Indie,"Critical Bliss,Mango Party",Barance Studio,https://shared.akamai.steamstatic.com/store_item_assets/steam/apps/1777390/header.jpg?t=1730718129,https://store.steampowered.com/app/1777390
850170,EMERGENCY,False,2023-08-15T04:00:00.000Z,False,763374,0,734847,69,Indie,Sixteen Tons Entertainment,Sixteen Tons Entertainment,https://shared.akamai.steamstatic.com/store_item_assets/steam/apps/850170/header.jpg?t=1746814262,https://store.steampowered.com/app/850170
1329880,Wild West Dynasty,False,2023-02-16T05:00:00.000Z,False,38517,26.99,734080,37,AA,Toplitz Productions,Moon Punch Studio,https://shared.akamai.steamstatic.com/store_item_assets/steam/apps/1329880/header.jpg?t=1761206806,https://store.steampowered.com/app/1329880
1964040,Do Not Feed the Monkeys 2099,False,2023-05-25T04:00:00.000Z,False,76422,14.99,729993,72,Indie,Joystick Ventures,Fictiorama Studios,https://shared.akamai.steamstatic.com/store_item_assets/steam/apps/1964040/header.jpg?t=1713517374,https://store.steampowered.com/app/1964040
2532550,LIZARDS MUST DIE,False,2023-09-27T04:00:00.000Z,False,653652,2.99,727856,96,Indie,"Smola Game Studio,Agafonoff",the Bratans,https://shared.akamai.steamstatic.com/store_item_assets/steam/apps/2532550/header.jpg?t=1729113763,https://store.steampowered.com/app/2532550
1812370,Little Goody Two Shoes,False,2023-10-31T04:00:00.000Z,False,50027,19.99,727002,95,AA,Square Enix,AstralShift,https://shared.akamai.steamstatic.com/store_item_assets/steam/apps/1812370/header.jpg?t=1761068385,https://store.steampowered.com/app/1812370
1597310,Airship: Kingdoms Adrift,False,2023-09-21T04:00:00.000Z,False,34424,29.99,725494,75,Indie,"indie.io,Gamersky Games",Revolution Industry,https://shared.akamai.steamstatic.com/store_item_assets/steam/apps/1597310/header.jpg?t=1739638710,https://store.steampowered.com/app/1597310
1798020,Mega Man Battle Network Legacy Collection Vol. 2,False,2023-04-13T04:00:00.000Z,False,26841,39.99,720172,86,AAA,"CAPCOM Co., Ltd.","CAPCOM Co., Ltd.",https://shared.akamai.steamstatic.com/store_item_assets/steam/apps/1798020/header.jpg?t=1727741849,https://store.steampowered.com/app/1798020
1338840,Death in the Water 2,False,2023-01-26T05:00:00.000Z,False,66846,14.99,718108,83,Indie,Lighthouse Games Studio,Lighthouse Games Studio,https://shared.akamai.steamstatic.com/store_item_assets/steam/apps/1338840/header.jpg?t=1738842003,https://store.steampowered.com/app/1338840
2058750,Monster Energy Supercross - The Official Videogame 6,False,2023-03-09T05:00:00.000Z,False,30381,49.99,710884,69,AA,Milestone S.r.l.,Milestone S.r.l.,https://shared.akamai.steamstatic.com/store_item_assets/steam/apps/2058750/header.jpg?t=1744270559,https://store.steampowered.com/app/2058750
754890,Firmament,False,2023-05-18T04:00:00.000Z,False,24132,34.99,705869,72,Indie,Cyan Worlds Inc,Cyan Worlds Inc,https://shared.akamai.steamstatic.com/store_item_assets/steam/apps/754890/header.jpg?t=1749770252,https://store.steampowered.com/app/754890
1982340,Blanc,False,2023-02-14T05:00:00.000Z,False,65378,14.99,704989,77,AA,Gearbox Publishing,Casus Ludi,https://shared.akamai.steamstatic.com/store_item_assets/steam/apps/1982340/header.jpg?t=1752189818,https://store.steampowered.com/app/1982340
2313140,"OPPAI Ero App Academy Bigger, Better, Electric Boobaloo!",False,2023-05-24T04:00:00.000Z,False,19858,39.99,698673,90,Indie,Frontwing USA,Milkfactory,https://shared.akamai.steamstatic.com/store_item_assets/steam/apps/2313140/header.jpg?t=1755589932,https://store.steampowered.com/app/2313140
1932160,Neptunia: Sisters VS Sisters,False,2023-01-24T05:00:00.000Z,False,25679,49.99,697397,83,Indie,Idea Factory International,"Idea Factory,Compile Heart",https://shared.akamai.steamstatic.com/store_item_assets/steam/apps/1932160/header.jpg?t=1730853317,https://store.steampowered.com/app/1932160
1155330,Showgunners,False,2023-05-02T04:00:00.000Z,False,36353,29.99,687794,94,AA,Good Shepherd Entertainment,,https://shared.akamai.steamstatic.com/store_item_assets/steam/apps/1155330/header.jpg?t=1761064916,https://store.steampowered.com/app/1155330
1816570,江湖十一,False,2023-01-10T05:00:00.000Z,False,52655,17.99,685652,41,Indie,万象皆春,万象皆春,https://shared.akamai.steamstatic.com/store_item_assets/steam/apps/1816570/header.jpg?t=1752307523,https://store.steampowered.com/app/1816570
2258940,Mage Kanade's Futanari Dungeon Quest,False,2023-03-13T04:00:00.000Z,False,32588,24.99,683486,89,Indie,Dieselmine,Dieselmine,https://shared.akamai.steamstatic.com/store_item_assets/steam/apps/2258940/header.jpg?t=1745545253,https://store.steampowered.com/app/2258940
1868170,Etrian Odyssey II HD,False,2023-06-14T04:00:00.000Z,False,27900,39.99,681022,84,AAA,SEGA,ATLUS,https://shared.akamai.steamstatic.com/store_item_assets/steam/apps/1868170/header.jpg?t=1763531945,https://store.steampowered.com/app/1868170
2296550,Axon TD: Uprising - Tower Defense,False,2023-08-02T04:00:00.000Z,False,40025,19.99,680928,88,Indie,Element Studios,Element Studios,https://shared.akamai.steamstatic.com/store_item_assets/steam/apps/2296550/header.jpg?t=1753878446,https://store.steampowered.com/app/2296550
1161830,Age of Reforging: The Freelands,False,2023-08-28T04:00:00.000Z,False,32887,29.99,678591,74,Indie,Kunpan Games,PersonaeGame Studio,https://shared.akamai.steamstatic.com/store_item_assets/steam/apps/1161830/7ff371c0cec09e11c106dd22f701f7217ba81afc/header.jpg?t=1763281885,https://store.steampowered.com/app/1161830
1951230,Pizza Possum,False,2023-09-28T04:00:00.000Z,False,157070,6.99,673793,94,AA,Raw Fury,"Friedemann,Noio Games",https://shared.akamai.steamstatic.com/store_item_assets/steam/apps/1951230/header.jpg?t=1763480408,https://store.steampowered.com/app/1951230
2529820,Wedding Witch,False,2023-11-03T04:00:00.000Z,False,192617,4.99,673092,90,Indie,Chowbie,Chowbie,https://shared.akamai.steamstatic.com/store_item_assets/steam/apps/2529820/header.jpg?t=1748787182,https://store.steampowered.com/app/2529820
1491670,Venba,False,2023-07-31T04:00:00.000Z,False,68168,14.99,666664,92,Indie,Visai Games,,https://shared.akamai.steamstatic.com/store_item_assets/steam/apps/1491670/header.jpg?t=1761077637,https://store.steampowered.com/app/1491670
2358720,Black Myth: Wukong,False,2024-08-19T00:00:00.000Z,False,15559418,59.99,675347616,97,AAA,Game Science,Game Science,https://shared.akamai.steamstatic.com/store_item_assets/steam/apps/2358720/header.jpg?t=1760601605,https://store.steampowered.com/app/2358720
553850,HELLDIVERS™ 2,False,2024-02-08T05:00:00.000Z,False,12849163,39.99,446708660,77,AAA,PlayStation Publishing LLC,Arrowhead Game Studios,https://shared.akamai.steamstatic.com/store_item_assets/steam/apps/553850/14293cf6c4eeb6959b9333ecd42fcc021a8fc1e3/header.jpg?t=1763568660,https://store.steampowered.com/app/553850
1623730,Palworld,False,2024-01-18T05:00:00.000Z,True,17780460,29.99,413705536,94,AA,Pocketpair,Pocketpair,https://shared.akamai.steamstatic.com/store_item_assets/steam/apps/1623730/058bd87dc17a7179e07c446aa64d0574ca43ab9d/header.jpg?t=1761725354,https://store.steampowered.com/app/1623730
2767030,Marvel Rivals,False,2024-12-05T00:00:00.000Z,False,24113267,0,264268352,77,AA,NetEase Games,NetEase Games,https://shared.akamai.steamstatic.com/store_item_assets/steam/apps/2767030/cf47274846d9c06c7d5711206f1bcb3dfdd0e6b4/header.jpg?t=1763125674,https://store.steampowered.com/app/2767030
2183900,"Warhammer 40,000: Space Marine 2",False,2024-09-09T00:00:00.000Z,False,4213677,59.99,196798448,83,AAA,Focus Entertainment,Saber Interactive,https://shared.akamai.steamstatic.com/store_item_assets/steam/apps/2183900/4fb68c83d832c3e257e74b326ce030ea6c6ba6b9/header_alt_assets_9.jpg?t=1764091362,https://store.steampowered.com/app/2183900
2074920,The First Descendant,False,2024-06-30T04:00:00.000Z,False,5791856,0,152310355,57,AA,NEXON,"NEXON Games Co., Ltd.",https://shared.akamai.steamstatic.com/store_item_assets/steam/apps/2074920/5e40f2023c7f486bed8b81f7612b81544d1be44b/header.jpg?t=1762413104,https://store.steampowered.com/app/2074920
2429640,THRONE AND LIBERTY,False,2024-10-01T00:00:00.000Z,False,4609868,0,151254255,68,AAA,Amazon Games,"NCSOFT,FirstSpark Games",https://shared.akamai.steamstatic.com/store_item_assets/steam/apps/2429640/497cc638fa3186f1aeefddaff89eaaf6f0c2e7dd/header.jpg?t=1762547422,https://store.steampowered.com/app/2429640
2694490,Path of Exile 2,False,2024-12-06T00:00:00.000Z,True,5213337,29.99,135373113,72,AA,Grinding Gear Games,Grinding Gear Games,https://shared.akamai.steamstatic.com/store_item_assets/steam/apps/2694490/bb2944f7d5c6e8e008c882938fddaa5ec6061457/header.jpg?t=1763507667,https://store.steampowered.com/app/2694490
2933620,Call of Duty®: Black Ops 6,False,2024-10-23T00:00:00.000Z,False,2092304,69.99,126068809,44,AAA,Activision,"Treyarch,Raven Software,Beenox,High Moon Studios,Activision Shanghai,Sledgehammer Games,Infinity Ward,Demonware",https://shared.akamai.steamstatic.com/store_item_assets/steam/apps/2933620/header.jpg?t=1763413675,https://store.steampowered.com/app/2933620
2139460,Once Human,False,2024-07-09T00:00:00.000Z,False,11256357,0,119740220,77,AA,Starry Studio,Starry Studio,https://shared.akamai.steamstatic.com/store_item_assets/steam/apps/2139460/75182e40297a2b9369c378b992e4395faf2cfd0d/header.jpg?t=1761817318,https://store.steampowered.com/app/2139460
1203620,Enshrouded,False,2024-01-24T05:00:00.000Z,True,4463828,29.99,108018844,86,AA,Keen Games GmbH,Keen Games GmbH,https://shared.akamai.steamstatic.com/store_item_assets/steam/apps/1203620/7b462e81072e94d96cb4242a75f8adddd9ec1cbd/header.jpg?t=1762874493,https://store.steampowered.com/app/1203620
2669320,EA SPORTS FC™ 25,False,2024-09-26T00:00:00.000Z,False,3021770,69.99,107133993,52,AAA,Electronic Arts,"EA Canada,EA Romania",https://shared.akamai.steamstatic.com/store_item_assets/steam/apps/2669320/ec3fb7747fd8080ef53d7686e0d98c5abe1f51f1/header.jpg?t=1752681627,https://store.steampowered.com/app/2669320
2054970,Dragon's Dogma 2,False,2024-03-21T04:00:00.000Z,False,1890916,69.99,104317947,61,AAA,"CAPCOM Co., Ltd.","CAPCOM Co., Ltd.",https://shared.akamai.steamstatic.com/store_item_assets/steam/apps/2054970/header.jpg?t=1732148252,https://store.steampowered.com/app/2054970
2215430,Ghost of Tsushima DIRECTOR'S CUT,False,2024-05-16T04:00:00.000Z,False,2141411,59.99,103397292,94,AAA,PlayStation Publishing LLC,"Sucker Punch Productions,Nixxes Software",https://shared.akamai.steamstatic.com/store_item_assets/steam/apps/2215430/header.jpg?t=1763409398,https://store.steampowered.com/app/2215430
1643320,S.T.A.L.K.E.R. 2: Heart of Chornobyl,False,2024-11-20T00:00:00.000Z,False,1791881,59.99,91587875,80,AA,"GSC Game World (worldwide),SEGA (Japan),4Divinity (China and South East Asia)",GSC Game World,https://shared.akamai.steamstatic.com/store_item_assets/steam/apps/1643320/99e94f792dd957655f2aeac07f1da818fea9f2be/header_alt_assets_4.jpg?t=1763461825,https://store.steampowered.com/app/1643320
1790600,DRAGON BALL: Sparking! ZERO,False,2024-10-10T00:00:00.000Z,False,1463901,99.99,89501739,88,AAA,Bandai Namco Entertainment,"Spike Chunsoft Co., Ltd.",https://shared.akamai.steamstatic.com/store_item_assets/steam/apps/1790600/header.jpg?t=1758754863,https://store.steampowered.com/app/1790600
1363080,Manor Lords,False,2024-04-26T04:00:00.000Z,True,3168882,39.99,85992138,85,AA,Hooded Horse,Slavic Magic,https://shared.akamai.steamstatic.com/store_item_assets/steam/apps/1363080/header.jpg?t=1764001107,https://store.steampowered.com/app/1363080
1145350,Hades II,False,2024-05-06T04:00:00.000Z,False,2924727,29.99,74511401,95,AA,Supergiant Games,Supergiant Games,https://shared.akamai.steamstatic.com/store_item_assets/steam/apps/1145350/91ac334a2c137d08968ccc0bc474a02579602100/header.jpg?t=1759973532,https://store.steampowered.com/app/1145350
2379780,Balatro,False,2024-02-20T05:00:00.000Z,False,5806698,14.99,72272761,98,AA,Playstack,LocalThunk,https://shared.akamai.steamstatic.com/store_item_assets/steam/apps/2379780/7a85430784e4d613cdb0547414d8cf16ffa45747/header.jpg?t=1762516142,https://store.steampowered.com/app/2379780
2300320,Farming Simulator 25,False,2024-11-12T00:00:00.000Z,False,1597368,29.99,70222259,85,AA,GIANTS Software,GIANTS Software,https://shared.akamai.steamstatic.com/store_item_assets/steam/apps/2300320/header.jpg?t=1761296764,https://store.steampowered.com/app/2300320
881020,Granblue Fantasy: Relink,False,2024-01-31T05:00:00.000Z,False,1678922,79.99,69814564,90,AA,"Cygames, Inc.","Cygames, Inc.",https://shared.akamai.steamstatic.com/store_item_assets/steam/apps/881020/header.jpg?t=1750906533,https://store.steampowered.com/app/881020
2507950,Delta Force,False,2024-12-04T00:00:00.000Z,False,13585252,0,64796290,58,AA,TiMi Studio Group,Team Jade,https://shared.akamai.steamstatic.com/store_item_assets/steam/apps/2507950/cea88d74c3fd2cd872e83dab8be8b7557ae9dc48/header.jpg?t=1764036796,https://store.steampowered.com/app/2507950
1778820,TEKKEN 8,False,2024-01-25T05:00:00.000Z,False,1174124,69.99,64287298,56,AAA,Bandai Namco Entertainment,Bandai Namco Studios Inc.,https://shared.akamai.steamstatic.com/store_item_assets/steam/apps/1778820/2f1c4b195a2d3c9e145be21b63def37ef030d97f/header.jpg?t=1760396803,https://store.steampowered.com/app/1778820
2679460,Metaphor: ReFantazio,False,2024-10-10T00:00:00.000Z,False,995652,69.99,52714616,90,AAA,SEGA,ATLUS,https://shared.akamai.steamstatic.com/store_item_assets/steam/apps/2679460/header.jpg?t=1759872361,https://store.steampowered.com/app/2679460
2161700,Persona 3 Reload,False,2024-02-01T05:00:00.000Z,False,1071640,59.99,51739844,94,AAA,SEGA,ATLUS,https://shared.akamai.steamstatic.com/store_item_assets/steam/apps/2161700/header.jpg?t=1763530131,https://store.steampowered.com/app/2161700
2878980,NBA 2K25,False,2024-09-03T00:00:00.000Z,False,1977200,69.99,48863472,59,AAA,2K,Visual Concepts,https://shared.akamai.steamstatic.com/store_item_assets/steam/apps/2878980/header.jpg?t=1754665445,https://store.steampowered.com/app/2878980
2322010,God of War Ragnarök,False,2024-09-19T00:00:00.000Z,False,936330,59.99,46261374,87,AAA,PlayStation Publishing LLC,"Santa Monica Studio,Jetpack Interactive",https://shared.akamai.steamstatic.com/store_item_assets/steam/apps/2322010/header.jpg?t=1750909504,https://store.steampowered.com/app/2322010
2124490,SILENT HILL 2,False,2024-10-07T00:00:00.000Z,False,802387,69.99,45260809,95,AAA,KONAMI,Bloober Team SA,https://shared.akamai.steamstatic.com/store_item_assets/steam/apps/2124490/header.jpg?t=1744248682,https://store.steampowered.com/app/2124490
3097560,Liar's Bar,False,2024-10-02T00:00:00.000Z,True,7319551,6.99,39527166,90,Indie,Curve Animation,Curve Animation,https://shared.akamai.steamstatic.com/store_item_assets/steam/apps/3097560/779fd888bc6ac673dd75254aad814b7e8a47ce7a/header.jpg?t=1750969308,https://store.steampowered.com/app/3097560
2420110,Horizon Forbidden West™ Complete Edition,False,2024-03-21T04:00:00.000Z,False,787126,59.99,38345701,89,AAA,PlayStation Publishing LLC,"Guerrilla,Nixxes Software",https://shared.akamai.steamstatic.com/store_item_assets/steam/apps/2420110/header.jpg?t=1763576690,https://store.steampowered.com/app/2420110
2479810,Gray Zone Warfare,False,2024-04-30T04:00:00.000Z,True,1126292,39.99,36871854,69,Indie,"MADFINGER Games, a.s.","MADFINGER Games, a.s.",https://shared.akamai.steamstatic.com/store_item_assets/steam/apps/2479810/cbf65dafc3aad7c2ed1b8191680f1bfd9a07dbf5/header.jpg?t=1764087876,https://store.steampowered.com/app/2479810
2406770,Bodycam,False,2024-06-07T04:00:00.000Z,True,1278516,33.32,35184809,75,Indie,Reissad Studio,Reissad Studio,https://shared.akamai.steamstatic.com/store_item_assets/steam/apps/2406770/bb577b428ed83ff9e3aa1c64844d1561814dffca/header.jpg?t=1763990615,https://store.steampowered.com/app/2406770
2670630,Supermarket Simulator,False,2024-02-20T05:00:00.000Z,False,3245432,19.99,34522922,94,Indie,Nokta Games,Nokta Games,https://shared.akamai.steamstatic.com/store_item_assets/steam/apps/2670630/267eef055b0e5d45cb1c874f816a31dded4bb88e/header.jpg?t=1760015194,https://store.steampowered.com/app/2670630
2881650,Content Warning,False,2024-04-01T04:00:00.000Z,False,5336187,7.99,33796133,94,AA,Landfall,"Wilnyl,Philip,thePetHen,Skog,Zorro",https://shared.akamai.steamstatic.com/store_item_assets/steam/apps/2881650/header.jpg?t=1736717925,https://store.steampowered.com/app/2881650
1845910,Dragon Age™: The Veilguard,False,2024-10-31T00:00:00.000Z,False,650031,59.99,32382048,69,AAA,Electronic Arts,BioWare,https://shared.akamai.steamstatic.com/store_item_assets/steam/apps/1845910/header.jpg?t=1748968382,https://store.steampowered.com/app/1845910
2567870,Chained Together,False,2024-06-19T04:00:00.000Z,False,7937926,4.99,31854687,90,Indie,Anegar Games,Anegar Games,https://shared.akamai.steamstatic.com/store_item_assets/steam/apps/2567870/header.jpg?t=1732288374,https://store.steampowered.com/app/2567870
3070070,TCG Card Shop Simulator,False,2024-09-15T00:00:00.000Z,True,2702994,12.99,30786949,97,Indie,OPNeon Games,OPNeon Games,https://shared.akamai.steamstatic.com/store_item_assets/steam/apps/3070070/b4f36532c943011a9f1600c2585ca7065ef5b1bb/header.jpg?t=1762475483,https://store.steampowered.com/app/3070070
2808930,Lust Goddess,False,2024-02-21T05:00:00.000Z,False,1486133,0,30036530,56,Indie,Pochemu LTD,Pochemu LTD,https://shared.akamai.steamstatic.com/store_item_assets/steam/apps/2808930/f2ad56a3f29fcce63d52b97bb82d80dd9983a2e5/header_alt_assets_9.jpg?t=1764084646,https://store.steampowered.com/app/2808930
2527500,MiSide,False,2024-12-10T00:00:00.000Z,False,2672679,14.99,28828888,98,AA,"IndieArk,Shochiku (Japan)",AIHASTO,https://shared.akamai.steamstatic.com/store_item_assets/steam/apps/2527500/header.jpg?t=1761879413,https://store.steampowered.com/app/2527500
1601580,Frostpunk 2,False,2024-09-20T00:00:00.000Z,False,801107,44.99,27695690,76,AA,11 bit studios,11 bit studios,https://shared.akamai.steamstatic.com/store_item_assets/steam/apps/1601580/header.jpg?t=1762355142,https://store.steampowered.com/app/1601580
2426960,Summoners War,False,2024-01-07T05:00:00.000Z,False,902138,0,27199008,72,AA,Com2uS,Com2uS,https://shared.akamai.steamstatic.com/store_item_assets/steam/apps/2426960/aff09e5b6524828ef6902009f5de3d78bd79c443/header.jpg?t=1763533096,https://store.steampowered.com/app/2426960
427410,Abiotic Factor,False,2024-05-02T04:00:00.000Z,False,1252713,34.99,27020786,96,AA,Playstack,Deep Field Games,https://shared.akamai.steamstatic.com/store_item_assets/steam/apps/427410/afe0e6c04aaa67d511a7fffe630aa8a54788c3b3/header.jpg?t=1762962345,https://store.steampowered.com/app/427410
2488620,F1® 24,False,2024-05-31T04:00:00.000Z,False,813882,69.99,26536199,74,AAA,Electronic Arts,Codemasters,https://shared.akamai.steamstatic.com/store_item_assets/steam/apps/2488620/header.jpg?t=1748912330,https://store.steampowered.com/app/2488620
2072450,Like a Dragon: Infinite Wealth,False,2024-01-25T05:00:00.000Z,False,568301,69.99,26388547,91,AAA,SEGA,Ryu Ga Gotoku Studio,https://shared.akamai.steamstatic.com/store_item_assets/steam/apps/2072450/header.jpg?t=1763646953,https://store.steampowered.com/app/2072450
1934680,Age of Mythology: Retold,False,2024-09-04T00:00:00.000Z,False,1119793,29.99,26186212,90,AAA,Xbox Game Studios,"World's Edge,Forgotten Empires,Tantalus Media,CaptureAge,Virtuos Games",https://shared.akamai.steamstatic.com/store_item_assets/steam/apps/1934680/header.jpg?t=1759256879,https://store.steampowered.com/app/1934680
1371980,No Rest for the Wicked,False,2024-04-18T04:00:00.000Z,True,901087,39.99,25553207,79,Indie,Moon Studios GmbH,Moon Studios GmbH,https://shared.akamai.steamstatic.com/store_item_assets/steam/apps/1371980/84ed28a12e7ab7547deaa2b979c653219ba17ef5/header.jpg?t=1763723899,https://store.steampowered.com/app/1371980
2515020,FINAL FANTASY XVI,False,2024-09-17T00:00:00.000Z,False,641232,49.99,24919457,79,AA,Square Enix,Square Enix,https://shared.akamai.steamstatic.com/store_item_assets/steam/apps/2515020/header.jpg?t=1741059170,https://store.steampowered.com/app/2515020
2677660,Indiana Jones and the Great Circle,False,2024-12-08T00:00:00.000Z,False,398242,69.99,24056336,90,AAA,Bethesda Softworks,MachineGames,https://shared.akamai.steamstatic.com/store_item_assets/steam/apps/2677660/151ae5a881f05ef630defef85d99b38146b7055c/header.jpg?t=1763745007,https://store.steampowered.com/app/2677660
2016590,Dark and Darker,False,2024-06-07T04:00:00.000Z,True,5496844,0,20085312,64,Indie,IRONMACE,IRONMACE,https://shared.akamai.steamstatic.com/store_item_assets/steam/apps/2016590/header.jpg?t=1761550505,https://store.steampowered.com/app/2016590
1458140,Pacific Drive,False,2024-02-21T05:00:00.000Z,False,981769,29.99,19987652,83,AA,Kepler Interactive,Ironwood Studios,https://shared.akamai.steamstatic.com/store_item_assets/steam/apps/1458140/d16d68461cdc5ea415e3e6a6f364659c19f35305/header_alt_assets_1.jpg?t=1763777212,https://store.steampowered.com/app/1458140
2537590,Microsoft Flight Simulator 2024,False,2024-11-19T00:00:00.000Z,False,308156,69.99,19435318,50,AAA,Xbox Game Studios,Asobo Studio,https://shared.akamai.steamstatic.com/store_item_assets/steam/apps/2537590/header.jpg?t=1747324291,https://store.steampowered.com/app/2537590
934700,Dead Island 2,False,2024-04-22T04:00:00.000Z,False,723641,49.99,18289751,78,AAA,Deep Silver,Dambuster Studios,https://shared.akamai.steamstatic.com/store_item_assets/steam/apps/934700/header.jpg?t=1761231459,https://store.steampowered.com/app/934700
2668510,Red Dead Redemption,False,2024-10-29T00:00:00.000Z,False,500565,49.99,18258470,92,AAA,Rockstar Games,"Rockstar Games,Double Eleven",https://shared.akamai.steamstatic.com/store_item_assets/steam/apps/2668510/header.jpg?t=1741118459,https://store.steampowered.com/app/2668510
2707930,Palia,False,2024-03-25T04:00:00.000Z,False,3287630,0,17532519,86,Indie,Singularity 6 Corporation,Singularity 6 Corporation,https://shared.akamai.steamstatic.com/store_item_assets/steam/apps/2707930/b083c84354a491693c46203f64e25eaaf7b78356/header.jpg?t=1747075758,https://store.steampowered.com/app/2707930
2437170,SMITE 2,False,2024-08-27T00:00:00.000Z,True,1460695,0,17281124,56,AA,Hi-Rez Studios,Titan Forge Games,https://shared.akamai.steamstatic.com/store_item_assets/steam/apps/2437170/header.jpg?t=1763735444,https://store.steampowered.com/app/2437170
1875830,Shin Megami Tensei V: Vengeance,False,2024-06-13T04:00:00.000Z,False,394268,59.99,16521127,93,AAA,SEGA,ATLUS,https://shared.akamai.steamstatic.com/store_item_assets/steam/apps/1875830/header.jpg?t=1763530264,https://store.steampowered.com/app/1875830
2321470,Deep Rock Galactic: Survivor,False,2024-02-14T05:00:00.000Z,False,2097619,12.99,16479907,86,Indie,Ghost Ship Publishing,Funday Games,https://shared.akamai.steamstatic.com/store_item_assets/steam/apps/2321470/25352662c44273f3b7e6cf66bbb8e4f1917c31c9/header_alt_assets_10.jpg?t=1763648336,https://store.steampowered.com/app/2321470
2832330,Aeons Echo,False,2024-08-22T00:00:00.000Z,False,773345,0,16131220,74,Indie,Nutaku Publishing,Aeons Studio,https://shared.akamai.steamstatic.com/store_item_assets/steam/apps/2832330/5ba48f7dfbb048c48fa81d9aa98b9e0016f015df/header.jpg?t=1763985967,https://store.steampowered.com/app/2832330
2646460,Soulmask,False,2024-05-30T04:00:00.000Z,True,702510,29.99,15793786,81,Indie,Qooland Games,CampFire Studio,https://shared.akamai.steamstatic.com/store_item_assets/steam/apps/2646460/210bda0694570e74fb11e671a63726d762f83095/header_alt_assets_21.jpg?t=1764070273,https://store.steampowered.com/app/2646460
1282270,Strinova,False,2024-11-21T00:00:00.000Z,False,1617159,0,15746077,75,Indie,iDreamSky,iDreamSky,https://shared.akamai.steamstatic.com/store_item_assets/steam/apps/1282270/9f2316553893c46fadf63fa27df1d2d0d3383f8f/header.jpg?t=1761717145,https://store.steampowered.com/app/1282270
2552430,KINGDOM HEARTS -HD 1.5+2.5 ReMIX-,False,2024-06-13T04:00:00.000Z,False,462771,49.99,15635481,85,AA,Square Enix,Square Enix,https://shared.akamai.steamstatic.com/store_item_assets/steam/apps/2552430/header.jpg?t=1726050740,https://store.steampowered.com/app/2552430
1809540,Nine Sols,False,2024-05-28T04:00:00.000Z,False,719701,29.99,15514588,95,Indie,RedCandleGames,RedCandleGames,https://shared.akamai.steamstatic.com/store_item_assets/steam/apps/1809540/header.jpg?t=1762838904,https://store.steampowered.com/app/1809540
2835570,Buckshot Roulette,False,2024-04-04T04:00:00.000Z,False,6794289,2.99,15259257,96,Indie,CRITICAL REFLEX,Mike Klubnika,https://shared.akamai.steamstatic.com/store_item_assets/steam/apps/2835570/header.jpg?t=1762442355,https://store.steampowered.com/app/2835570
2688950,Planet Coaster 2,False,2024-11-06T00:00:00.000Z,False,368984,64.99,15243823,70,AA,Frontier Developments,Frontier Developments,https://shared.akamai.steamstatic.com/store_item_assets/steam/apps/2688950/header.jpg?t=1762948664,https://store.steampowered.com/app/2688950
1040200,Crime Scene Cleaner,False,2024-08-14T00:00:00.000Z,False,963814,24.99,15012851,98,Indie,"President Studio,PlayWay S.A.",President Studio,https://shared.akamai.steamstatic.com/store_item_assets/steam/apps/1040200/e7d6fac5007adc8485b2a21e10456a9dd3695f40/header_alt_assets_1.jpg?t=1764078524,https://store.steampowered.com/app/1040200
1812450,Bellwright,False,2024-04-23T04:00:00.000Z,True,585500,29.99,14969094,81,Indie,"Donkey Crew,Snail Games USA",Donkey Crew,https://shared.akamai.steamstatic.com/store_item_assets/steam/apps/1812450/header.jpg?t=1763075288,https://store.steampowered.com/app/1812450
3156770,Witchfire,False,2024-09-23T00:00:00.000Z,True,408622,39.99,14127415,92,Indie,The Astronauts,The Astronauts,https://shared.akamai.steamstatic.com/store_item_assets/steam/apps/3156770/63afd571a280ecc620bbc605716308e16f3f6e00/header.jpg?t=1762546202,https://store.steampowered.com/app/3156770
1465460,Infection Free Zone,False,2024-04-11T04:00:00.000Z,True,767418,24.99,13994700,80,Indie,Games Operators,Jutsu Games,https://shared.akamai.steamstatic.com/store_item_assets/steam/apps/1465460/30867667e80580bed424dd9d946f1aa7110bf0c0/header.jpg?t=1761735519,https://store.steampowered.com/app/1465460
2198150,Tiny Glade,False,2024-09-23T00:00:00.000Z,False,1093413,14.99,13332713,97,Indie,Pounce Light,Pounce Light,https://shared.akamai.steamstatic.com/store_item_assets/steam/apps/2198150/header.jpg?t=1758039258,https://store.steampowered.com/app/2198150
2427700,Backpack Battles,False,2024-03-08T05:00:00.000Z,False,1361881,14.99,13104455,91,AA,"IndieArk,Shochiku (Japan)",PlayWithFurcifer,https://shared.akamai.steamstatic.com/store_item_assets/steam/apps/2427700/1c93592736de0d596a41c7d8d442c2863c3c9fae/header.jpg?t=1764041465,https://store.steampowered.com/app/2427700
813230,ANIMAL WELL,False,2024-05-09T04:00:00.000Z,False,681939,24.99,13004406,96,Indie,Bigmode,Billy Basso,https://shared.akamai.steamstatic.com/store_item_assets/steam/apps/813230/header.jpg?t=1736282851,https://store.steampowered.com/app/813230
2513280,SONIC X SHADOW GENERATIONS,False,2024-10-24T00:00:00.000Z,False,299384,49.99,12648593,97,AAA,SEGA,Sonic Team,https://shared.akamai.steamstatic.com/store_item_assets/steam/apps/2513280/header.jpg?t=1762761352,https://store.steampowered.com/app/2513280
1928980,Nightingale,False,2024-02-20T05:00:00.000Z,True,559182,29.99,12624034,67,Indie,Inflexion Games,Inflexion Games,https://shared.akamai.steamstatic.com/store_item_assets/steam/apps/1928980/header.jpg?t=1761602783,https://store.steampowered.com/app/1928980
2701660,DRAGON QUEST III HD-2D Remake,False,2024-11-14T00:00:00.000Z,False,237513,59.99,12337883,76,AA,Square Enix,"Square Enix,ARTDINK",https://shared.akamai.steamstatic.com/store_item_assets/steam/apps/2701660/header.jpg?t=1761871152,https://store.steampowered.com/app/2701660
2162800,shapez 2,False,2024-08-15T00:00:00.000Z,True,686715,24.99,12284259,98,Indie,"tobspr Games,Gamirror Games",tobspr Games,https://shared.akamai.steamstatic.com/store_item_assets/steam/apps/2162800/5110a1fcce9b65f9b8f83b053bf033fdfeb2460a/header.jpg?t=1763542856,https://store.steampowered.com/app/2162800
1887840,Another Crab's Treasure,False,2024-04-25T04:00:00.000Z,False,558151,29.99,12117736,94,AA,Aggro Crab,Aggro Crab,https://shared.akamai.steamstatic.com/store_item_assets/steam/apps/1887840/header.jpg?t=1748555967,https://store.steampowered.com/app/1887840
1575940,Sins of a Solar Empire II,False,2024-08-15T00:00:00.000Z,False,312302,49.99,11888631,85,AA,Stardock Entertainment,"Ironclad Games Corporation,Stardock Entertainment",https://shared.akamai.steamstatic.com/store_item_assets/steam/apps/1575940/header.jpg?t=1761673406,https://store.steampowered.com/app/1575940
2780980,LOCKDOWN Protocol,False,2024-07-22T00:00:00.000Z,False,1406484,9.99,11478825,86,Indie,Mirage Creative Lab,Mirage Creative Lab,https://shared.akamai.steamstatic.com/store_item_assets/steam/apps/2780980/header.jpg?t=1763485356,https://store.steampowered.com/app/2780980
2916430,Fast Food Simulator,False,2024-12-10T00:00:00.000Z,True,895768,14.99,11282133,92,Indie,No Ceiling Games,No Ceiling Games,https://shared.akamai.steamstatic.com/store_item_assets/steam/apps/2916430/header.jpg?t=1762536253,https://store.steampowered.com/app/2916430
2399420,Le Mans Ultimate,False,2024-02-20T05:00:00.000Z,False,327382,39.99,10892648,79,Indie,Studio 397,Studio 397,https://shared.akamai.steamstatic.com/store_item_assets/steam/apps/2399420/f510badbf573eecdf529ae735a49331f4b9919be/header.jpg?t=1761210908,https://store.steampowered.com/app/2399420
2325290,Sky: Children of the Light,False,2024-04-10T04:00:00.000Z,True,1855774,0,10813999,87,Indie,thatgamecompany,thatgamecompany,https://shared.akamai.steamstatic.com/store_item_assets/steam/apps/2325290/b479dd9cf274688a27fad74b74cc9d0b00082cfb/header.jpg?t=1763426745,https://store.steampowered.com/app/2325290
2933130,The Lord of the Rings: Return to Moria™,False,2024-08-27T00:00:00.000Z,False,590125,29.99,10185913,83,Indie,North Beach Games,Free Range Games,https://shared.akamai.steamstatic.com/store_item_assets/steam/apps/2933130/header.jpg?t=1763485093,https://store.steampowered.com/app/2933130
292000,No More Room in Hell 2,False,2024-10-22T00:00:00.000Z,True,410697,29.99,10127331,49,AA,Torn Banner Studios,Torn Banner Studios,https://shared.akamai.steamstatic.com/store_item_assets/steam/apps/292000/ba33a8aef67d6a1e3b17b0f1689731334c1ec541/header.jpg?t=1761666380,https://store.steampowered.com/app/292000
2408820,Luma Island,False,2024-11-20T00:00:00.000Z,False,733749,19.99,10007181,84,Indie,Feel Free Games,Feel Free Games,https://shared.akamai.steamstatic.com/store_item_assets/steam/apps/2408820/e65ffd9fbf0e49f9db54b74f795db641ae6a4aa7/header.jpg?t=1764075328,https://store.steampowered.com/app/2408820
2561580,Horizon Zero Dawn™ Remastered,False,2024-10-31T00:00:00.000Z,False,246284,49.99,9950779,83,AAA,PlayStation Publishing LLC,"Guerrilla Games,Nixxes Software",https://shared.akamai.steamstatic.com/store_item_assets/steam/apps/2561580/header.jpg?t=1750952943,https://store.steampowered.com/app/2561580
2315690,WWE 2K24,False,2024-03-07T05:00:00.000Z,False,255758,59.99,9829755,75,AAA,2K,Visual Concepts,https://shared.akamai.steamstatic.com/store_item_assets/steam/apps/2315690/header.jpg?t=1731609533,https://store.steampowered.com/app/2315690
1857090,Norland,False,2024-07-18T00:00:00.000Z,True,486341,29.99,9704440,81,AA,Hooded Horse,Long Jaunt,https://shared.akamai.steamstatic.com/store_item_assets/steam/apps/1857090/header.jpg?t=1764001372,https://store.steampowered.com/app/1857090
1911610,Windblown,False,2024-10-24T00:00:00.000Z,True,532729,24.99,9669315,90,AA,"Motion Twin,Kepler Ghost",Motion Twin,https://shared.akamai.steamstatic.com/store_item_assets/steam/apps/1911610/e888fc3bd015016492f86ad87e21cbaea1d289e9/header.jpg?t=1761922793,https://store.steampowered.com/app/1911610
2495450,Winter Memories,False,2024-01-05T05:00:00.000Z,False,808967,19.99,9656684,97,AA,Kagura Games,Dojin Otome,https://shared.akamai.steamstatic.com/store_item_assets/steam/apps/2495450/header.jpg?t=1755877347,https://store.steampowered.com/app/2495450
2764370,Starward,False,2024-04-24T04:00:00.000Z,False,285013,0,9594253,63,Indie,盛天游戏,Game Blender,https://shared.akamai.steamstatic.com/store_item_assets/steam/apps/2764370/78eccf23f82551585dbd8a0c193076792ef80ddf/header.jpg?t=1763090553,https://store.steampowered.com/app/2764370
2828860,The Forever Winter,False,2024-09-24T00:00:00.000Z,True,381466,29.99,9318120,71,Indie,Fun Dog Studios,Fun Dog Studios,https://shared.akamai.steamstatic.com/store_item_assets/steam/apps/2828860/88da091b058cc4e2b492c1f1dc965cb33f2a4437/header.jpg?t=1761823119,https://store.steampowered.com/app/2828860
2698940,The Crew Motorfest,False,2024-04-18T04:00:00.000Z,False,412214,69.99,9230085,78,AAA,Ubisoft,Ubisoft Ivory Tower,https://shared.akamai.steamstatic.com/store_item_assets/steam/apps/2698940/cb36f7ee99fe8c842cc869dedebb294fc2407ace/header_alt_assets_0.jpg?t=1764107335,https://store.steampowered.com/app/2698940
2524890,Pixel Gun 3D: PC Edition,False,2024-04-02T04:00:00.000Z,False,2776807,0,9070778,67,Indie,Cubic Games Studio,Cubic Games Studio,https://shared.akamai.steamstatic.com/store_item_assets/steam/apps/2524890/4a6cbf8a1f8ba94ba899fd63844f83103990b1a8/header.jpg?t=1763040460,https://store.steampowered.com/app/2524890
1114150,CarX Street,False,2024-08-29T00:00:00.000Z,False,643574,19.99,8996553,70,Indie,"CarX Technologies, LLC","CarX Technologies, LLC",https://shared.akamai.steamstatic.com/store_item_assets/steam/apps/1114150/1f75e1d54e74cc8c81c4baed87ac8b935a838d7a/header.jpg?t=1757415929,https://store.steampowered.com/app/1114150
315210,Suicide Squad: Kill the Justice League,False,2024-02-02T05:00:00.000Z,False,509311,69.99,8732989,62,AAA,Warner Bros. Games,Rocksteady Studios,https://shared.akamai.steamstatic.com/store_item_assets/steam/apps/315210/header.jpg?t=1739898445,https://store.steampowered.com/app/315210
2582560,EA SPORTS™ Madden NFL 25,False,2024-08-15T00:00:00.000Z,False,206444,69.99,8710714,55,AAA,Electronic Arts,Tiburon,https://shared.akamai.steamstatic.com/store_item_assets/steam/apps/2582560/header.jpg?t=1749121293,https://store.steampowered.com/app/2582560
1898300,ASKA,False,2024-06-20T04:00:00.000Z,True,489454,24.99,8544399,80,Indie,Thunderful Publishing,Sand Sailor Studio,https://shared.akamai.steamstatic.com/store_item_assets/steam/apps/1898300/f4c963a618e3f3d20023bc2e0749b9d138af052f/header_alt_assets_0.jpg?t=1763472986,https://store.steampowered.com/app/1898300
2291060,EARTH DEFENSE FORCE 6,False,2024-07-25T00:00:00.000Z,False,182031,59.99,8519561,68,AA,D3PUBLISHER,SANDLOT,https://shared.akamai.steamstatic.com/store_item_assets/steam/apps/2291060/header.jpg?t=1750929491,https://store.steampowered.com/app/2291060
2142790,Fields of Mistria,False,2024-08-05T00:00:00.000Z,True,648680,13.99,8227407,98,Indie,NPC Studio,NPC Studio,https://shared.akamai.steamstatic.com/store_item_assets/steam/apps/2142790/header.jpg?t=1759939537,https://store.steampowered.com/app/2142790
2842040,Star Wars Outlaws,False,2024-11-21T00:00:00.000Z,False,206421,69.99,8003813,73,AAA,Ubisoft,Massive Entertainment – A Ubisoft Studio,https://shared.akamai.steamstatic.com/store_item_assets/steam/apps/2842040/header.jpg?t=1748385237,https://store.steampowered.com/app/2842040
2445690,Lost Castle 2,False,2024-07-24T00:00:00.000Z,True,791847,14.99,8002733,79,Indie,Hunter Studio,Hunter Studio,https://shared.akamai.steamstatic.com/store_item_assets/steam/apps/2445690/07ce59aed5d17cd7a7f9d1ebec74883f12a57f64/header_alt_assets_1.jpg?t=1763729748,https://store.steampowered.com/app/2445690
2904000,The Spell Brigade,False,2024-09-16T00:00:00.000Z,True,1082127,9.99,7983615,84,Indie,Bolt Blaster Games,Bolt Blaster Games,https://shared.akamai.steamstatic.com/store_item_assets/steam/apps/2904000/1e137b999c5c05ce7df67076c474b26f9d4bdf82/header.jpg?t=1763396803,https://store.steampowered.com/app/2904000
3035570,Assassin's Creed Mirage,False,2024-10-17T00:00:00.000Z,False,400596,49.99,7939743,76,AAA,Ubisoft,Ubisoft Bordeaux,https://shared.akamai.steamstatic.com/store_item_assets/steam/apps/3035570/1cd60d00c6951960ce66c37dacbf65fb6bfd4462/header_alt_assets_1.jpg?t=1763681993,https://store.steampowered.com/app/3035570
1840080,Homeworld 3,False,2024-05-13T04:00:00.000Z,False,153487,59.99,7773283,40,AA,Gearbox Publishing,Blackbird Interactive,https://shared.akamai.steamstatic.com/store_item_assets/steam/apps/1840080/header.jpg?t=1754416598,https://store.steampowered.com/app/1840080
850190,Goat Simulator 3,False,2024-02-15T05:00:00.000Z,False,578036,29.99,7191020,98,AAA,Coffee Stain Publishing,Coffee Stain North,https://shared.akamai.steamstatic.com/store_item_assets/steam/apps/850190/9c10bb6a9cbcc010cfe86b8ef1f60359a1d9bc59/header_alt_assets_5.jpg?t=1763727895,https://store.steampowered.com/app/850190
2591280,F1® Manager 2024,False,2024-07-23T00:00:00.000Z,False,346335,44.99,7185077,81,AA,Frontier Developments,Frontier Developments,https://shared.akamai.steamstatic.com/store_item_assets/steam/apps/2591280/header.jpg?t=1744131889,https://store.steampowered.com/app/2591280
2622000,Astral Party ,False,2024-02-28T05:00:00.000Z,False,1505594,0,7134273,56,Indie,Neverland Entertainment,STAR ENGINE PROJECT,https://shared.akamai.steamstatic.com/store_item_assets/steam/apps/2622000/1d65a59655ea79543b84091638744f212a3f2f7d/header_alt_assets_0.jpg?t=1759055557,https://store.steampowered.com/app/2622000
2840770,Avatar: Frontiers of Pandora™,False,2024-06-17T04:00:00.000Z,False,258186,29.99,6955211,71,AAA,Ubisoft,"Massive Entertainment – A Ubisoft Studio,Ubisoft Montpellier,Ubisoft Shanghai,Ubisoft Toronto,Ubisoft Düsseldorf,Ubisoft Reflections",https://shared.akamai.steamstatic.com/store_item_assets/steam/apps/2840770/27aa6d8f9c3f11dc93a557164d30a9ba08a7c46a/header.jpg?t=1764095852,https://store.steampowered.com/app/2840770
2683150,Ale & Tale Tavern,False,2024-09-05T00:00:00.000Z,False,684427,14.99,6911157,89,Indie,"GrabTheGames,UpgradePoint",Scienart Games,https://shared.akamai.steamstatic.com/store_item_assets/steam/apps/2683150/2c88381f5697bb0d925a44c0db17f7778bac6a88/header.jpg?t=1764108088,https://store.steampowered.com/app/2683150
2903690,Horny Villa,False,2024-11-07T00:00:00.000Z,False,525463,0,6906166,72,Indie,Nutaku Publishing,GreenT,https://shared.akamai.steamstatic.com/store_item_assets/steam/apps/2903690/f714d76360ca23a2ce27fab10b17eb6627a77073/header_alt_assets_5.jpg?t=1763986855,https://store.steampowered.com/app/2903690
1177980,"Little Kitty, Big City",False,2024-05-09T04:00:00.000Z,False,364659,24.99,6872377,97,Indie,Double Dagger Studio,Double Dagger Studio,https://shared.akamai.steamstatic.com/store_item_assets/steam/apps/1177980/c6f401a25f3c49c72adbb8936013648a51935c4b/header.jpg?t=1756399078,https://store.steampowered.com/app/1177980
2051620,Enlisted,False,2024-03-28T04:00:00.000Z,False,2126069,0,6833538,80,AAA,Gaijin Network Ltd,Darkflow Software,https://shared.akamai.steamstatic.com/store_item_assets/steam/apps/2051620/6e1d0899d9deae3212fa4cc10f3ea5ff999461fe/header.jpg?t=1763569984,https://store.steampowered.com/app/2051620
3146520,WEBFISHING,False,2024-10-11T00:00:00.000Z,False,1434595,4.99,6713362,98,Indie,lamedeveloper,lamedeveloper,https://shared.akamai.steamstatic.com/store_item_assets/steam/apps/3146520/header.jpg?t=1728673229,https://store.steampowered.com/app/3146520
2135150,Elin,False,2024-11-01T00:00:00.000Z,True,383169,19.99,6706087,94,Indie,Lafrontier,Lafrontier,https://shared.akamai.steamstatic.com/store_item_assets/steam/apps/2135150/header.jpg?t=1734443460,https://store.steampowered.com/app/2135150
2967990,Train Sim World® 5,False,2024-09-17T00:00:00.000Z,False,305783,49.99,6670489,79,Indie,Dovetail Games - TSW,Dovetail Games,https://shared.akamai.steamstatic.com/store_item_assets/steam/apps/2967990/header.jpg?t=1759146123,https://store.steampowered.com/app/2967990
983870,FOUNDRY,False,2024-05-02T04:00:00.000Z,True,288052,29.99,6637711,80,AAA,Paradox Interactive,Channel 3 Entertainment,https://shared.akamai.steamstatic.com/store_item_assets/steam/apps/983870/0608c22323c3eb742de2c07da639c97c54bccf17/header.jpg?t=1763113684,https://store.steampowered.com/app/983870
2475490,Mouthwashing,False,2024-09-26T00:00:00.000Z,False,608760,12.99,6623452,96,Indie,CRITICAL REFLEX,Wrong Organ,https://shared.akamai.steamstatic.com/store_item_assets/steam/apps/2475490/header.jpg?t=1761655156,https://store.steampowered.com/app/2475490
2849080,Kingdom Rush 5: Alliance TD,False,2024-07-25T00:00:00.000Z,False,505976,19.99,6607345,88,Indie,Ironhide Game Studio,Ironhide Game Studio,https://shared.akamai.steamstatic.com/store_item_assets/steam/apps/2849080/header.jpg?t=1758894483,https://store.steampowered.com/app/2849080
1493640,Banishers: Ghosts of New Eden,False,2024-02-12T05:00:00.000Z,False,216731,49.99,6566408,85,AAA,Focus Entertainment,DON'T NOD,https://shared.akamai.steamstatic.com/store_item_assets/steam/apps/1493640/header.jpg?t=1763044792,https://store.steampowered.com/app/1493640
1708850,Drug Dealer Simulator 2,False,2024-06-20T04:00:00.000Z,False,299742,24.99,6416872,70,Indie,Movie Games S.A.,Byterunners,https://shared.akamai.steamstatic.com/store_item_assets/steam/apps/1708850/e713558ce9a0e08efe2694dade4d5337f2079cc6/header.jpg?t=1763113022,https://store.steampowered.com/app/1708850
2477340,Expeditions: A MudRunner Game,False,2024-03-05T05:00:00.000Z,False,205612,39.99,6262963,56,AAA,Focus Entertainment,Saber Interactive,https://shared.akamai.steamstatic.com/store_item_assets/steam/apps/2477340/d6cb3d31368b281910ab7cc71c7d750b46364273/header_alt_assets_5.jpg?t=1763660964,https://store.steampowered.com/app/2477340
1442430,Storage Hunter Simulator,False,2024-10-10T00:00:00.000Z,True,315651,24.99,6241137,83,AA,astragon Entertainment,Raccoons Studio,https://shared.akamai.steamstatic.com/store_item_assets/steam/apps/1442430/header.jpg?t=1762863577,https://store.steampowered.com/app/1442430
1672500,GUNDAM BREAKER 4,False,2024-08-28T00:00:00.000Z,False,116511,59.99,6157878,74,AA,Bandai Namco Entertainment Inc.,"CRAFTS & MEISTER Co., Ltd.",https://shared.akamai.steamstatic.com/store_item_assets/steam/apps/1672500/header.jpg?t=1757316320,https://store.steampowered.com/app/1672500
2478970,Tomb Raider I-III Remastered Starring Lara Croft,False,2024-02-13T05:00:00.000Z,False,307702,29.99,6084288,89,Indie,Aspyr,"Aspyr,Crystal Dynamics",https://shared.akamai.steamstatic.com/store_item_assets/steam/apps/2478970/header.jpg?t=1711475398,https://store.steampowered.com/app/2478970
2552450,KINGDOM HEARTS III + Re Mind (DLC),False,2024-06-13T04:00:00.000Z,False,142789,59.99,5991190,91,AA,Square Enix,Square Enix,https://shared.akamai.steamstatic.com/store_item_assets/steam/apps/2552450/header.jpg?t=1726051317,https://store.steampowered.com/app/2552450
1001270,Kebab Chefs! - Restaurant Simulator,False,2024-01-19T05:00:00.000Z,True,414621,17.99,5952392,84,Indie,Biotech Gameworks,Biotech Gameworks,https://shared.akamai.steamstatic.com/store_item_assets/steam/apps/1001270/803d84b8ddf112cb748120c5d37f0ecbfdb4d8a8/header_alt_assets_0.jpg?t=1754673197,https://store.steampowered.com/app/1001270
2217000,Rivals of Aether II,False,2024-10-23T00:00:00.000Z,False,222444,29.99,5880719,80,Indie,"Aether Studios,offbrand games",Aether Studios,https://shared.akamai.steamstatic.com/store_item_assets/steam/apps/2217000/14df0fae1b5de9f416a0a0a39fc8f6cfa6dd9878/header.jpg?t=1762853737,https://store.steampowered.com/app/2217000
1286220,Sea Power : Naval Combat in the Missile Age,False,2024-11-12T00:00:00.000Z,True,138062,49.99,5861700,90,Indie,MicroProse Software,Triassic Games AB,https://shared.akamai.steamstatic.com/store_item_assets/steam/apps/1286220/header.jpg?t=1760090374,https://store.steampowered.com/app/1286220
2124120,SULFUR,False,2024-10-28T00:00:00.000Z,True,303604,24.99,5750301,87,Indie,Perfect Random,Perfect Random,https://shared.akamai.steamstatic.com/store_item_assets/steam/apps/2124120/87cdc6bc5117bd0a90c4a20f4a23a86018f2371a/header_alt_assets_7.jpg?t=1762764087,https://store.steampowered.com/app/2124120
1147860,UFO 50,False,2024-09-18T00:00:00.000Z,False,254659,24.99,5730900,95,Indie,Mossmouth,Mossmouth,https://shared.akamai.steamstatic.com/store_item_assets/steam/apps/1147860/header.jpg?t=1736122321,https://store.steampowered.com/app/1147860
2187220,Apollo Justice: Ace Attorney Trilogy,False,2024-01-24T05:00:00.000Z,False,170705,49.99,5722193,89,AAA,"CAPCOM Co., Ltd.","CAPCOM Co., Ltd.",https://shared.akamai.steamstatic.com/store_item_assets/steam/apps/2187220/header.jpg?t=1763346372,https://store.steampowered.com/app/2187220
1566690,Outpost: Infinity Siege,False,2024-03-26T04:00:00.000Z,False,290783,24.99,5535600,66,AA,Lightning Games,Team Ranger,https://shared.akamai.steamstatic.com/store_item_assets/steam/apps/1566690/header.jpg?t=1747043120,https://store.steampowered.com/app/1566690
2132850,Rabbit and Steel,False,2024-05-09T04:00:00.000Z,False,436447,14.99,5495757,97,Indie,mino_dev,mino_dev,https://shared.akamai.steamstatic.com/store_item_assets/steam/apps/2132850/header.jpg?t=1729771333,https://store.steampowered.com/app/2132850
2768430,ATLYSS,False,2024-11-22T00:00:00.000Z,True,657604,9.99,5355422,97,Indie,KisSoft,Kiseff,https://shared.akamai.steamstatic.com/store_item_assets/steam/apps/2768430/header.jpg?t=1763765572,https://store.steampowered.com/app/2768430
2593370,The Hungry Lamb: Traveling in the Late Ming Dynasty,False,2024-04-22T04:00:00.000Z,False,878080,9.99,5348209,95,Indie,"零创游戏(ZerocreationGame),2P Games",零创游戏(ZerocreationGame),https://shared.akamai.steamstatic.com/store_item_assets/steam/apps/2593370/header.jpg?t=1759850421,https://store.steampowered.com/app/2593370
2526380,Sword of Convallaria,False,2024-07-31T00:00:00.000Z,False,397981,0,5281915,75,AA,XD,XD,https://shared.akamai.steamstatic.com/store_item_assets/steam/apps/2526380/header.jpg?t=1761300390,https://store.steampowered.com/app/2526380
2695940,PANICORE,False,2024-05-31T04:00:00.000Z,False,1279616,4.99,5247205,80,Indie,ZTEK Studio,ZTEK Studio,https://shared.akamai.steamstatic.com/store_item_assets/steam/apps/2695940/ae7913a03788c22d396b39f99cdea71d017a469d/header.jpg?t=1760284560,https://store.steampowered.com/app/2695940
1684350,The Thaumaturge,False,2024-03-04T05:00:00.000Z,False,236849,34.99,5230469,83,AA,11 bit studios,Fool's Theory,https://shared.akamai.steamstatic.com/store_item_assets/steam/apps/1684350/header.jpg?t=1759743817,https://store.steampowered.com/app/1684350
1249970,Test Drive Unlimited Solar Crown,False,2024-09-12T00:00:00.000Z,False,129367,49.99,5229034,37,AA,Nacon,KT Racing,https://shared.akamai.steamstatic.com/store_item_assets/steam/apps/1249970/79da59ee68bffa431baa57803f63245c486daf9a/header_alt_assets_4.jpg?t=1762440286,https://store.steampowered.com/app/1249970
2455640,Romancing SaGa 2: Revenge of the Seven,False,2024-10-24T00:00:00.000Z,False,141277,49.99,5223561,94,AA,Square Enix,"Square Enix,xeen Inc.",https://shared.akamai.steamstatic.com/store_item_assets/steam/apps/2455640/header.jpg?t=1758700299,https://store.steampowered.com/app/2455640
2172010,Until Dawn™,False,2024-10-04T00:00:00.000Z,False,101727,59.99,5201885,81,AAA,PlayStation Publishing LLC,Ballistic Moon,https://shared.akamai.steamstatic.com/store_item_assets/steam/apps/2172010/header.jpg?t=1750959555,https://store.steampowered.com/app/2172010
2920570,Dale & Dawson Stationery Supplies,False,2024-08-30T00:00:00.000Z,False,745601,7.99,5121177,92,Indie,Striped Panda Studios,Striped Panda Studios,https://shared.akamai.steamstatic.com/store_item_assets/steam/apps/2920570/header.jpg?t=1738015624,https://store.steampowered.com/app/2920570
1422440,Cataclismo,False,2024-07-22T00:00:00.000Z,False,248157,29.99,5035735,90,AA,Hooded Horse,Digital Sun,https://shared.akamai.steamstatic.com/store_item_assets/steam/apps/1422440/header.jpg?t=1763977700,https://store.steampowered.com/app/1422440
2909110,Nuclear Nightmare,False,2024-10-20T00:00:00.000Z,True,1463068,6.99,4995491,82,Indie,BG Productions,BG Productions,https://shared.akamai.steamstatic.com/store_item_assets/steam/apps/2909110/header.jpg?t=1761683829,https://store.steampowered.com/app/2909110
1859910,Legend of Mortal,False,2024-06-14T04:00:00.000Z,False,327026,19.99,4986103,74,Indie,"Paras Games,Obb Studio Inc.",Obb Studio Inc.,https://shared.akamai.steamstatic.com/store_item_assets/steam/apps/1859910/header.jpg?t=1762162944,https://store.steampowered.com/app/1859910
2461850,Senua’s Saga: Hellblade II,False,2024-05-21T04:00:00.000Z,False,137777,49.99,4882618,87,AAA,Xbox Game Studios,Ninja Theory,https://shared.akamai.steamstatic.com/store_item_assets/steam/apps/2461850/eeba63cff53a732f380249a09b0be2bbf49f2635/header.jpg?t=1754991471,https://store.steampowered.com/app/2461850
1585180,Drova - Forsaken Kin,False,2024-10-15T00:00:00.000Z,False,242388,24.99,4858325,95,Indie,Deck13,Just2D,https://shared.akamai.steamstatic.com/store_item_assets/steam/apps/1585180/header.jpg?t=1763980626,https://store.steampowered.com/app/1585180
2725260,ENDER MAGNOLIA: Bloom in the Mist,False,2024-03-25T04:00:00.000Z,False,285862,24.99,4786241,95,Indie,Binary Haze Interactive,"Adglobe,Live Wire",https://shared.akamai.steamstatic.com/store_item_assets/steam/apps/2725260/header.jpg?t=1740447961,https://store.steampowered.com/app/2725260
1995520,Pax Dei,False,2024-06-18T04:00:00.000Z,False,153679,29.99,4783385,60,Indie,Mainframe Industries,Mainframe Industries,https://shared.akamai.steamstatic.com/store_item_assets/steam/apps/1995520/de17115127459af00a30c24bdd516af4d5f40fd9/header.jpg?t=1763056439,https://store.steampowered.com/app/1995520
2446550,STAR WARS™: Battlefront Classic Collection,False,2024-03-13T04:00:00.000Z,False,142248,35.01,4715061,24,Indie,Aspyr,Aspyr,https://shared.akamai.steamstatic.com/store_item_assets/steam/apps/2446550/header.jpg?t=1715189030,https://store.steampowered.com/app/2446550
1874000,Life is Strange: Double Exposure,False,2024-10-29T00:00:00.000Z,False,117963,49.99,4702240,68,AA,Square Enix,Deck Nine Games,https://shared.akamai.steamstatic.com/store_item_assets/steam/apps/1874000/header.jpg?t=1747227819,https://store.steampowered.com/app/1874000
2288150,ROMANCE OF THE THREE KINGDOMS 8 REMAKE,False,2024-10-23T00:00:00.000Z,False,94870,59.99,4679379,49,AA,"KOEI TECMO GAMES CO., LTD.","KOEI TECMO GAMES CO., LTD.",https://shared.akamai.steamstatic.com/store_item_assets/steam/apps/2288150/header.jpg?t=1761811966,https://store.steampowered.com/app/2288150
1351240,Taxi Life: A City Driving Simulator,False,2024-03-07T05:00:00.000Z,False,220460,29.99,4667860,62,AA,Nacon,Simteract,https://shared.akamai.steamstatic.com/store_item_assets/steam/apps/1351240/header.jpg?t=1761035062,https://store.steampowered.com/app/1351240
2527390,Dead Rising Deluxe Remaster,False,2024-09-18T00:00:00.000Z,False,105216,59.99,4560862,81,AAA,"CAPCOM Co., Ltd.","CAPCOM Co., Ltd.",https://shared.akamai.steamstatic.com/store_item_assets/steam/apps/2527390/header.jpg?t=1756803344,https://store.steampowered.com/app/2527390
2336220,Feed the Cups,False,2024-02-20T05:00:00.000Z,True,412361,15.99,4549953,73,AA,IndieArk,Vambear Games,https://shared.akamai.steamstatic.com/store_item_assets/steam/apps/2336220/header.jpg?t=1758506725,https://store.steampowered.com/app/2336220
2698780,ContractVille,False,2024-05-31T04:00:00.000Z,False,290571,9.99,4522510,82,Indie,FiftyEight Studios,MYM Games Studios,https://shared.akamai.steamstatic.com/store_item_assets/steam/apps/2698780/123c178d59b4141e64072d768e775ae20bd1794c/header.jpg?t=1761937579,https://store.steampowered.com/app/2698780
1858630,SWORD ART ONLINE Fractured Daydream,False,2024-10-03T00:00:00.000Z,False,85994,59.99,4466466,65,AAA,Bandai Namco Entertainment,Dimps Corporation,https://shared.akamai.steamstatic.com/store_item_assets/steam/apps/1858630/header.jpg?t=1759890896,https://store.steampowered.com/app/1858630
2015270,Rotwood,False,2024-04-24T04:00:00.000Z,True,544844,19.99,4456693,76,AA,Klei Entertainment,Klei Entertainment,https://shared.akamai.steamstatic.com/store_item_assets/steam/apps/2015270/header.jpg?t=1757620445,https://store.steampowered.com/app/2015270
1677110,Lightyear Frontier,False,2024-03-19T04:00:00.000Z,True,243334,24.99,4441576,84,Indie,FRAME BREAK,FRAME BREAK,https://shared.akamai.steamstatic.com/store_item_assets/steam/apps/1677110/17f75bb376a75f5f8b52b3c32ad49eac062342f4/header_alt_assets_4.jpg?t=1763485753,https://store.steampowered.com/app/1677110
1043810,Tactical Breach Wizards,False,2024-08-22T00:00:00.000Z,False,260401,19.99,4407029,98,Indie,Suspicious Developments,Suspicious Developments,https://shared.akamai.steamstatic.com/store_item_assets/steam/apps/1043810/header.jpg?t=1764084337,https://store.steampowered.com/app/1043810
1283700,SUPERVIVE,False,2024-11-20T00:00:00.000Z,False,2368091,0,4389544,86,Indie,"Theorycraft Games,NetEase Games",Theorycraft Games,https://shared.akamai.steamstatic.com/store_item_assets/steam/apps/1283700/626a673d8171b46ba04c9d00f689732fce279098/header.jpg?t=1761160597,https://store.steampowered.com/app/1283700
3199170,Blood Strike,False,2024-10-18T00:00:00.000Z,False,1642828,0,4386177,80,AA,NetEase Games,NetEase Games,https://shared.akamai.steamstatic.com/store_item_assets/steam/apps/3199170/header.jpg?t=1748342194,https://store.steampowered.com/app/3199170
2458860,Summer Clover,False,2024-06-26T04:00:00.000Z,False,314430,17.99,4342715,98,Indie,"Mango Party,Mango Party News",Connection,https://shared.akamai.steamstatic.com/store_item_assets/steam/apps/2458860/header.jpg?t=1735296194,https://store.steampowered.com/app/2458860
2333480,RAID: Shadow Legends,False,2024-01-09T05:00:00.000Z,False,213025,0,4285413,61,Indie,Plarium Global Ltd,Plarium Global Ltd,https://shared.akamai.steamstatic.com/store_item_assets/steam/apps/2333480/header.jpg?t=1764002233,https://store.steampowered.com/app/2333480
2692440,LoveCraft,False,2024-04-09T04:00:00.000Z,False,273155,0,4267370,71,Indie,WEALTHBIRD,WEALTHBIRD,https://shared.akamai.steamstatic.com/store_item_assets/steam/apps/2692440/header.jpg?t=1749055518,https://store.steampowered.com/app/2692440
2429860,Living With Sister: Monochrome Fantasy,False,2024-03-22T04:00:00.000Z,False,519265,12.99,4245357,96,AA,Kagura Games,Inusuku,https://shared.akamai.steamstatic.com/store_item_assets/steam/apps/2429860/header.jpg?t=1760542533,https://store.steampowered.com/app/2429860
2696050,Yarimono,False,2024-08-30T00:00:00.000Z,False,250977,24.99,4195156,88,Indie,072 Project,にゅう工房,https://shared.akamai.steamstatic.com/store_item_assets/steam/apps/2696050/header.jpg?t=1763430788,https://store.steampowered.com/app/2696050
2634890,MARVEL vs. CAPCOM Fighting Collection: Arcade Classics,False,2024-09-11T00:00:00.000Z,False,100034,49.99,4191436,94,AAA,"CAPCOM Co., Ltd.","CAPCOM Co., Ltd.",https://shared.akamai.steamstatic.com/store_item_assets/steam/apps/2634890/header.jpg?t=1745452970,https://store.steampowered.com/app/2634890
1658280,Eiyuden Chronicle: Hundred Heroes,False,2024-04-23T04:00:00.000Z,False,113211,49.99,4086614,76,AA,505 Games,Rabbit & Bear Studios,https://shared.akamai.steamstatic.com/store_item_assets/steam/apps/1658280/header.jpg?t=1752751979,https://store.steampowered.com/app/1658280
2380050,Star Trucker,False,2024-09-03T00:00:00.000Z,False,217030,24.99,4047897,79,AA,Raw Fury,Monster and Monster,https://shared.akamai.steamstatic.com/store_item_assets/steam/apps/2380050/header.jpg?t=1758025281,https://store.steampowered.com/app/2380050
2918150,ONE PIECE Bounty Rush,False,2024-09-23T00:00:00.000Z,False,549024,0,3976048,68,AA,Bandai Namco Entertainment Inc.,SEGA,https://shared.akamai.steamstatic.com/store_item_assets/steam/apps/2918150/header.jpg?t=1762511808,https://store.steampowered.com/app/2918150
3107230,Pantheon: Rise of the Fallen,False,2024-12-13T00:00:00.000Z,True,102438,39.99,3973562,74,Indie,Visionary Realms,Visionary Realms,https://shared.akamai.steamstatic.com/store_item_assets/steam/apps/3107230/d035e24caff895b5816a861361b4acd84990d5f9/header.jpg?t=1747753972,https://store.steampowered.com/app/3107230
1606180,下一站江湖Ⅱ,False,2024-04-17T04:00:00.000Z,False,230746,24.99,3929477,71,Indie,白玉京工作室,白玉京工作室,https://shared.akamai.steamstatic.com/store_item_assets/steam/apps/1606180/f9a21c734f2ca5bbe49c02e38ca49bf720d27fe2/header.jpg?t=1763696877,https://store.steampowered.com/app/1606180
1746030,Murders on the Yangtze River,False,2024-01-30T05:00:00.000Z,False,420650,14.99,3925450,97,Indie,"OMEGAMES STUDIO,NPC Entertainment",OMEGAMES STUDIO,https://shared.akamai.steamstatic.com/store_item_assets/steam/apps/1746030/header.jpg?t=1757902064,https://store.steampowered.com/app/1746030
2644470,PICO PARK 2,False,2024-09-12T00:00:00.000Z,False,564901,8.99,3803085,89,Indie,TECOPARK,"TECOPARK,Gemdrops, Inc.",https://shared.akamai.steamstatic.com/store_item_assets/steam/apps/2644470/header.jpg?t=1760143639,https://store.steampowered.com/app/2644470
2307350,Into the Radius 2,False,2024-07-24T00:00:00.000Z,True,115564,39.99,3793337,81,Indie,CM Games,CM Games,https://shared.akamai.steamstatic.com/store_item_assets/steam/apps/2307350/dca027de77ed2295100c291fead824c13ed991c7/header_alt_assets_5.jpg?t=1763557375,https://store.steampowered.com/app/2307350
3092660,Reverse: 1999,False,2024-10-08T00:00:00.000Z,False,239743,0,3784128,94,Indie,"BLUEPOCH GAMES CO., LIMITED","BLUEPOCH GAMES CO., LIMITED",https://shared.akamai.steamstatic.com/store_item_assets/steam/apps/3092660/c2d80c703dc1a01eef73b09e75164a92713c6176/header.jpg?t=1761722014,https://store.steampowered.com/app/3092660
2116120,Incursion Red River,False,2024-04-10T04:00:00.000Z,True,251164,18.99,3775732,76,Indie,Games Of Tomorrow GmbH,Games Of Tomorrow GmbH,https://shared.akamai.steamstatic.com/store_item_assets/steam/apps/2116120/6c66348321c489572a5dbf6d5a7322db8e111616/header.jpg?t=1750875024,https://store.steampowered.com/app/2116120
2076010,UNDER NIGHT IN-BIRTH II Sys:Celes,False,2024-01-24T05:00:00.000Z,False,102800,49.99,3770743,86,AA,Arc System Works,"FRENCH-BREAD,Arc System Works",https://shared.akamai.steamstatic.com/store_item_assets/steam/apps/2076010/header.jpg?t=1755568271,https://store.steampowered.com/app/2076010
2000890,MechWarrior 5: Clans,False,2024-10-16T00:00:00.000Z,False,111035,29.99,3752744,75,Indie,Piranha Games Inc.,Piranha Games Inc.,https://shared.akamai.steamstatic.com/store_item_assets/steam/apps/2000890/header.jpg?t=1762447474,https://store.steampowered.com/app/2000890
2484250,ASTRA: Knights of Veda,False,2024-04-01T04:00:00.000Z,False,276465,0,3729932,46,Indie,DRIMAGE,FLINT,https://shared.akamai.steamstatic.com/store_item_assets/steam/apps/2484250/8b9713ec8d97bb85d422fdfc7ccc18c1d6b3e887/header.jpg?t=1754276051,https://store.steampowered.com/app/2484250
2366980,Thank Goodness You're Here!,False,2024-08-01T00:00:00.000Z,False,230932,19.99,3622554,96,Indie,Panic,Coal Supper,https://shared.akamai.steamstatic.com/store_item_assets/steam/apps/2366980/header.jpg?t=1733154706,https://store.steampowered.com/app/2366980
1128860,Men of War II,False,2024-05-15T04:00:00.000Z,False,110182,44.99,3554410,63,AA,Fulqrum Publishing,Best Way,https://shared.akamai.steamstatic.com/store_item_assets/steam/apps/1128860/header.jpg?t=1760102187,https://store.steampowered.com/app/1128860
2751000,Prince of Persia The Lost Crown,False,2024-08-08T00:00:00.000Z,False,194280,29.99,3548077,85,AAA,Ubisoft,Ubisoft Montpellier,https://shared.akamai.steamstatic.com/store_item_assets/steam/apps/2751000/header.jpg?t=1736259456,https://store.steampowered.com/app/2751000
2449710,Town of Sins,False,2024-03-25T04:00:00.000Z,False,263474,0,3535828,69,Indie,Nutaku Publishing,Hooligapps,https://shared.akamai.steamstatic.com/store_item_assets/steam/apps/2449710/header.jpg?t=1763987257,https://store.steampowered.com/app/2449710
1622910,Still Wakes the Deep,False,2024-06-18T04:00:00.000Z,False,178627,34.99,3528146,89,AA,Secret Mode,The Chinese Room,https://shared.akamai.steamstatic.com/store_item_assets/steam/apps/1622910/4922a49a07bf4f8eb23c33571e723d69de5dc5fb/header.jpg?t=1763737815,https://store.steampowered.com/app/1622910
1836730,Echo Point Nova,False,2024-09-24T00:00:00.000Z,False,186221,24.99,3526877,97,Indie,Greylock Studio,Greylock Studio,https://shared.akamai.steamstatic.com/store_item_assets/steam/apps/1836730/header.jpg?t=1755993859,https://store.steampowered.com/app/1836730
2739590,Mad Island,False,2024-05-23T04:00:00.000Z,True,223798,19.99,3514420,91,Indie,EmadePlus,EmadePlus,https://shared.akamai.steamstatic.com/store_item_assets/steam/apps/2739590/header.jpg?t=1747326361,https://store.steampowered.com/app/2739590
2208570,Dark Hours,False,2024-10-24T00:00:00.000Z,False,436651,14.99,3506062,83,Indie,"Piece of Cake studios,Kepler Ghost",Piece of Cake studios,https://shared.akamai.steamstatic.com/store_item_assets/steam/apps/2208570/64de5d8de8cc16b27b4de3026a9a7df934ca2552/header.jpg?t=1763982848,https://store.steampowered.com/app/2208570
1785650,TopSpin 2K25,False,2024-04-25T04:00:00.000Z,False,97594,19.99,3489471,53,Indie,2K Games,Hangar 13,https://shared.akamai.steamstatic.com/store_item_assets/steam/apps/1785650/header.jpg?t=1739858016,https://store.steampowered.com/app/1785650
2490990,Visions of Mana,False,2024-08-29T00:00:00.000Z,False,67052,59.99,3488582,79,AA,Square Enix,Square Enix,https://shared.akamai.steamstatic.com/store_item_assets/steam/apps/2490990/header.jpg?t=1740474763,https://store.steampowered.com/app/2490990
2739990,Mahjong Soul,False,2024-07-23T00:00:00.000Z,False,267213,0,3333154,86,Indie,YOSTAR HONG KONG LIMITED,Catfood Studio,https://shared.akamai.steamstatic.com/store_item_assets/steam/apps/2739990/header.jpg?t=1763537764,https://store.steampowered.com/app/2739990
2211170,Unrailed 2: Back on Track,False,2024-11-07T00:00:00.000Z,True,211917,19.99,3327223,88,Indie,"Indoor Astronaut,Kepler Ghost",Indoor Astronaut,https://shared.akamai.steamstatic.com/store_item_assets/steam/apps/2211170/header.jpg?t=1761659351,https://store.steampowered.com/app/2211170
2666510,Rusty's Retirement,False,2024-04-26T04:00:00.000Z,False,629731,6.99,3278861,97,Indie,Mister Morris Games,Mister Morris Games,https://shared.akamai.steamstatic.com/store_item_assets/steam/apps/2666510/1b9c3e5c1a8a08354bed63fbeed798fcec74aff9/header.jpg?t=1762703073,https://store.steampowered.com/app/2666510
2401970,Ace Attorney Investigations Collection,False,2024-09-05T00:00:00.000Z,False,115458,39.99,3273949,97,AAA,"CAPCOM Co., Ltd.","CAPCOM Co., Ltd.",https://shared.akamai.steamstatic.com/store_item_assets/steam/apps/2401970/header.jpg?t=1747359314,https://store.steampowered.com/app/2401970
2772750,Age of History 3,False,2024-10-23T00:00:00.000Z,False,444574,9.99,3229119,86,Indie,Łukasz Jakowski Games,Łukasz Jakowski,https://shared.akamai.steamstatic.com/store_item_assets/steam/apps/2772750/header.jpg?t=1754994534,https://store.steampowered.com/app/2772750
2667120,Ballionaire,False,2024-12-10T00:00:00.000Z,False,319201,12.34,3182857,86,AA,Raw Fury,newobject,https://shared.akamai.steamstatic.com/store_item_assets/steam/apps/2667120/header.jpg?t=1761747047,https://store.steampowered.com/app/2667120
2254890,The Killing Antidote,False,2024-10-05T00:00:00.000Z,True,144095,29.99,3179706,88,Indie,MetalStar Studio,MetalStar Studio,https://shared.akamai.steamstatic.com/store_item_assets/steam/apps/2254890/header.jpg?t=1763459978,https://store.steampowered.com/app/2254890
1839950,Terminator: Dark Fate - Defiance,False,2024-02-21T05:00:00.000Z,False,101244,39.99,3178578,83,AA,Slitherine Ltd.,Slitherine Ltd.,https://shared.akamai.steamstatic.com/store_item_assets/steam/apps/1839950/header.jpg?t=1753797115,https://store.steampowered.com/app/1839950
2418520,Farm Together 2,False,2024-05-07T04:00:00.000Z,False,180696,25.99,3173417,93,Indie,Milkstone Studios,Milkstone Studios,https://shared.akamai.steamstatic.com/store_item_assets/steam/apps/2418520/header.jpg?t=1760551701,https://store.steampowered.com/app/2418520
2638370,Five Nights at Freddy's: Into the Pit,False,2024-08-07T00:00:00.000Z,False,180635,19.99,3150473,96,Indie,Mega Cat Studios,Mega Cat Studios,https://shared.akamai.steamstatic.com/store_item_assets/steam/apps/2638370/header.jpg?t=1746172589,https://store.steampowered.com/app/2638370
2521380,Legacy of Kain™ Soul Reaver 1&2 Remastered,False,2024-12-10T00:00:00.000Z,False,144464,29.99,3147185,90,Indie,Aspyr,"Aspyr,Crystal Dynamics",https://shared.akamai.steamstatic.com/store_item_assets/steam/apps/2521380/header.jpg?t=1734033052,https://store.steampowered.com/app/2521380
2933080,Crime Boss: Rockay City,False,2024-06-18T04:00:00.000Z,False,665788,19.99,3141210,68,AA,505 Games,INGAME STUDIOS,https://shared.akamai.steamstatic.com/store_item_assets/steam/apps/2933080/header.jpg?t=1763485902,https://store.steampowered.com/app/2933080
1268590,Millennia,False,2024-03-26T04:00:00.000Z,False,93929,39.99,3127766,67,AAA,Paradox Interactive,C Prompt Games,https://shared.akamai.steamstatic.com/store_item_assets/steam/apps/1268590/header.jpg?t=1734339413,https://store.steampowered.com/app/1268590
2501600,DICEOMANCER,False,2024-10-09T00:00:00.000Z,False,273117,14.99,3077714,96,AA,Gamirror Games,超厚皮猪猪 Ultra Piggy Studio,https://shared.akamai.steamstatic.com/store_item_assets/steam/apps/2501600/header.jpg?t=1763520761,https://store.steampowered.com/app/2501600
2400510,Dungeons & Degenerate Gamblers,False,2024-08-08T00:00:00.000Z,False,252622,14.99,3075858,81,Indie,Yogscast Games,Purple Moss Collectors,https://shared.akamai.steamstatic.com/store_item_assets/steam/apps/2400510/header.jpg?t=1758565771,https://store.steampowered.com/app/2400510
3021100,Five Hearts Under One Roof,False,2024-10-02T00:00:00.000Z,False,206775,19.99,3062790,91,Indie,Storytaco,Storytaco,https://shared.akamai.steamstatic.com/store_item_assets/steam/apps/3021100/header.jpg?t=1762241483,https://store.steampowered.com/app/3021100
1465470,The Crust,False,2024-07-15T00:00:00.000Z,True,129815,29.99,3026917,77,Indie,Crytivo,VEOM Studio,https://shared.akamai.steamstatic.com/store_item_assets/steam/apps/1465470/header.jpg?t=1763635919,https://store.steampowered.com/app/1465470
2113850,Spirit City: Lofi Sessions,False,2024-04-08T04:00:00.000Z,False,365602,11.99,2984276,98,Indie,Mooncube Games,Mooncube Games,https://shared.akamai.steamstatic.com/store_item_assets/steam/apps/2113850/3119df4245279cdde2ca8b4b2cb47e6bbb751ac5/header_alt_assets_6.jpg?t=1763475187,https://store.steampowered.com/app/2113850
2071500,Islands of Insight,False,2024-02-13T05:00:00.000Z,False,147429,29.99,2978308,71,AA,Behaviour Interactive Inc.,Lunarch Studios,https://shared.akamai.steamstatic.com/store_item_assets/steam/apps/2071500/header.jpg?t=1730308751,https://store.steampowered.com/app/2071500
2963880,Murky Divers,False,2024-06-19T04:00:00.000Z,False,542073,8.99,2949627,88,Indie,Embers,Embers,https://shared.akamai.steamstatic.com/store_item_assets/steam/apps/2963880/582e04c544ef60fb5e3e35f0cdd8f7e8522393a0/header.jpg?t=1761823537,https://store.steampowered.com/app/2963880
2897760,Romantic Escapades,False,2024-08-02T00:00:00.000Z,False,200582,19.99,2946043,95,Indie,蠑螈,蠑螈,https://shared.akamai.steamstatic.com/store_item_assets/steam/apps/2897760/header.jpg?t=1760052939,https://store.steampowered.com/app/2897760
2396980,Fate/stay night REMASTERED,False,2024-08-07T00:00:00.000Z,False,131790,29.99,2819721,96,Indie,Aniplex Inc.,"TYPE-MOON,fuzz Inc.",https://shared.akamai.steamstatic.com/store_item_assets/steam/apps/2396980/header.jpg?t=1726036301,https://store.steampowered.com/app/2396980
2396910,吞食天地2：誕生Reborn,False,2024-02-16T05:00:00.000Z,False,31742,0,2795549,50,Indie,Chinesegamer,Chinesegamer,https://shared.akamai.steamstatic.com/store_item_assets/steam/apps/2396910/header.jpg?t=1764151812,https://store.steampowered.com/app/2396910
2288630,Taiko no Tatsujin: Rhythm Festival,False,2024-11-06T00:00:00.000Z,False,68566,49.99,2754351,85,AA,Bandai Namco Entertainment Inc.,Bandai Namco Amusement Lab Inc.,https://shared.akamai.steamstatic.com/store_item_assets/steam/apps/2288630/header.jpg?t=1763593278,https://store.steampowered.com/app/2288630
1627570,The Plucky Squire,False,2024-09-17T00:00:00.000Z,False,133016,29.99,2754251,85,AA,Devolver Digital,All Possible Futures,https://shared.akamai.steamstatic.com/store_item_assets/steam/apps/1627570/header.jpg?t=1757545827,https://store.steampowered.com/app/1627570
1699480,KLETKA,False,2024-12-13T00:00:00.000Z,True,368936,9.99,2728661,92,Indie,"Callback,ln404","Callback,ln404",https://shared.akamai.steamstatic.com/store_item_assets/steam/apps/1699480/59d3baf233fec05d550f01aaf2ddc7b628108fa2/header.jpg?t=1763533119,https://store.steampowered.com/app/1699480
1649950,News Tower,False,2024-02-13T05:00:00.000Z,False,159037,24.99,2714465,96,Indie,Twin Sails Interactive,Sparrow Night,https://shared.akamai.steamstatic.com/store_item_assets/steam/apps/1649950/bb6463d58a854a515c486d291650a59d6c4e45d2/header_alt_assets_4.jpg?t=1763999841,https://store.steampowered.com/app/1649950
2963870,Metal Slug: Awakening,False,2024-07-19T00:00:00.000Z,False,310721,0,2684933,68,Indie,HAOPLAY Limited,Tencent,https://shared.akamai.steamstatic.com/store_item_assets/steam/apps/2963870/header.jpg?t=1737939922,https://store.steampowered.com/app/2963870
2878420,Old Market Simulator,False,2024-05-21T04:00:00.000Z,False,506212,9.99,2678626,89,Indie,"Alcedo Games,Gamersky Games",Alcedo Games,https://shared.akamai.steamstatic.com/store_item_assets/steam/apps/2878420/header.jpg?t=1763985588,https://store.steampowered.com/app/2878420
3052450,Morimens,False,2024-08-01T00:00:00.000Z,False,200289,0,2670559,81,Indie,B.I.A.V. Studio,B.I.A.V. Studio,https://shared.akamai.steamstatic.com/store_item_assets/steam/apps/3052450/header.jpg?t=1739300850,https://store.steampowered.com/app/3052450
2223840,The Casting of Frank Stone™,False,2024-09-03T00:00:00.000Z,False,111308,29.99,2664953,63,AA,Behaviour Interactive Inc.,Supermassive Games,https://shared.akamai.steamstatic.com/store_item_assets/steam/apps/2223840/header.jpg?t=1754689015,https://store.steampowered.com/app/2223840
3121110,Zort,False,2024-12-07T00:00:00.000Z,True,853891,4,2660757,90,Indie,Londer Software,Londer Software,https://shared.akamai.steamstatic.com/store_item_assets/steam/apps/3121110/427d86c164dad942ec3a769cdbfa9dc358f23e37/header.jpg?t=1760437839,https://store.steampowered.com/app/3121110
2703850,Rooftops & Alleys: The Parkour Game,False,2024-05-21T04:00:00.000Z,False,164072,24.99,2643590,95,Indie,"MLMEDIA,Radical Theory,Shine Group",MLMEDIA,https://shared.akamai.steamstatic.com/store_item_assets/steam/apps/2703850/7a62174321720853b2b79ab1dfd554e8f0a491f7/header.jpg?t=1763586858,https://store.steampowered.com/app/2703850
1592280,Selaco,False,2024-05-31T04:00:00.000Z,True,123847,24.99,2620702,94,Indie,Altered Orbit Studios,Altered Orbit Studios,https://shared.akamai.steamstatic.com/store_item_assets/steam/apps/1592280/header.jpg?t=1753884172,https://store.steampowered.com/app/1592280
2067050,Squirrel with a Gun,False,2024-08-29T00:00:00.000Z,False,163116,19.99,2618255,86,Indie,Maximum Entertainment,Dee Dee Creations LLC,https://shared.akamai.steamstatic.com/store_item_assets/steam/apps/2067050/cf9bc171904eccf59598a2a61a1191640b0f375c/header_alt_assets_2.jpg?t=1763999535,https://store.steampowered.com/app/2067050
2786680,"Knowledge, or know Lady",False,2024-03-28T04:00:00.000Z,False,525904,6.99,2574664,95,Indie,蒸汽满满工作室,蒸汽满满工作室,https://shared.akamai.steamstatic.com/store_item_assets/steam/apps/2786680/header.jpg?t=1757668350,https://store.steampowered.com/app/2786680
3035500,Fantasy Map Simulator,False,2024-09-04T00:00:00.000Z,True,430468,7.99,2564394,90,Indie,The Stranger,The Stranger,https://shared.akamai.steamstatic.com/store_item_assets/steam/apps/3035500/4e2b900ae588e9b5a47ac540c62238cd12618a8d/header.jpg?t=1760523329,https://store.steampowered.com/app/3035500
1978590,Anger Foot,False,2024-07-11T00:00:00.000Z,False,142400,19.99,2509950,93,AA,Devolver Digital,Free Lives,https://shared.akamai.steamstatic.com/store_item_assets/steam/apps/1978590/header.jpg?t=1757596248,https://store.steampowered.com/app/1978590
2996040,Teenage Mutant Ninja Turtles: Splintered Fate,False,2024-11-06T00:00:00.000Z,False,139799,29.99,2502034,82,Indie,Super Evil Megacorp,Super Evil Megacorp,https://shared.akamai.steamstatic.com/store_item_assets/steam/apps/2996040/14ea7c0e73f682ddddbb3baeb5cfb22b54d78afc/header.jpg?t=1764108981,https://store.steampowered.com/app/2996040
1310410,Alone in the Dark,False,2024-03-20T04:00:00.000Z,False,84057,39.99,2484734,79,AA,THQ Nordic,Pieces Interactive,https://shared.akamai.steamstatic.com/store_item_assets/steam/apps/1310410/header.jpg?t=1754066311,https://store.steampowered.com/app/1310410
2709570,Supermarket Together,False,2024-08-09T00:00:00.000Z,False,11259291,0,2478756,95,Indie,DeadDevsTellNoLies,DeadDevsTellNoLies,https://shared.akamai.steamstatic.com/store_item_assets/steam/apps/2709570/header.jpg?t=1757788249,https://store.steampowered.com/app/2709570
2198510,New Cycle,False,2024-01-18T05:00:00.000Z,True,119151,29.99,2462099,79,AA,Daedalic Entertainment,Core Engage,https://shared.akamai.steamstatic.com/store_item_assets/steam/apps/2198510/header.jpg?t=1763643516,https://store.steampowered.com/app/2198510
1522160,Disney Epic Mickey: Rebrushed,False,2024-09-24T00:00:00.000Z,False,64954,59.99,2396823,94,AA,THQ Nordic,Purple Lamp,https://shared.akamai.steamstatic.com/store_item_assets/steam/apps/1522160/header.jpg?t=1732714651,https://store.steampowered.com/app/1522160
1939970,Nobody Wants to Die,False,2024-07-17T00:00:00.000Z,False,157411,24.99,2393399,85,Indie,PLAION,Critical Hit Games,https://shared.akamai.steamstatic.com/store_item_assets/steam/apps/1939970/header.jpg?t=1749822103,https://store.steampowered.com/app/1939970
1214650,SOUTH PARK: SNOW DAY!,False,2024-03-26T04:00:00.000Z,False,106498,29.99,2380456,50,AA,THQ Nordic,Question,https://shared.akamai.steamstatic.com/store_item_assets/steam/apps/1214650/header.jpg?t=1733320616,https://store.steampowered.com/app/1214650
2111190,MULLET MADJACK,False,2024-05-15T04:00:00.000Z,False,155197,19.99,2351553,98,Indie,"Epopeia Games,HAMMER95",HAMMER95,https://shared.akamai.steamstatic.com/store_item_assets/steam/apps/2111190/header.jpg?t=1737861143,https://store.steampowered.com/app/2111190
2608270,Intravenous 2,False,2024-08-15T00:00:00.000Z,False,169333,19.99,2345136,96,AA,HypeTrain Digital,Explosive Squat Games,https://shared.akamai.steamstatic.com/store_item_assets/steam/apps/2608270/header.jpg?t=1757946723,https://store.steampowered.com/app/2608270
2708450,Oh Deer,False,2024-03-15T04:00:00.000Z,False,320176,9.99,2341865,85,Indie,Cozy Cabin Studios,Cozy Cabin Studios,https://shared.akamai.steamstatic.com/store_item_assets/steam/apps/2708450/c110a0154e044bed656611b8e6fe8aa888010abe/header.jpg?t=1742266552,https://store.steampowered.com/app/2708450
2369900,Castlevania Dominus Collection,False,2024-08-27T00:00:00.000Z,False,113086,24.99,2340759,95,AAA,KONAMI,KONAMI,https://shared.akamai.steamstatic.com/store_item_assets/steam/apps/2369900/header.jpg?t=1745815495,https://store.steampowered.com/app/2369900
2021880,Ara History Untold: Anniversary Edition ,False,2024-09-24T00:00:00.000Z,False,46967,49.99,2333361,71,AAA,Xbox Game Studios,Oxide Games,https://shared.akamai.steamstatic.com/store_item_assets/steam/apps/2021880/38cf019ae19bfda2cdec5426fe6c8918056a694a/header.jpg?t=1758910354,https://store.steampowered.com/app/2021880
2658450,LOLLIPOP CHAINSAW RePOP,False,2024-09-11T00:00:00.000Z,False,72789,44.99,2333153,88,Indie,"DRAGAMI GAMES, LTD.","DRAGAMI GAMES, LTD.",https://shared.akamai.steamstatic.com/store_item_assets/steam/apps/2658450/header.jpg?t=1732876695,https://store.steampowered.com/app/2658450
2961880,Grocery Store Simulator,False,2024-06-10T04:00:00.000Z,False,296390,14.99,2314992,92,Indie,EXPERIMENT ONE,EXPERIMENT ONE,https://shared.akamai.steamstatic.com/store_item_assets/steam/apps/2961880/header.jpg?t=1746463148,https://store.steampowered.com/app/2961880
2356780,Dungeon Clawler,False,2024-11-21T00:00:00.000Z,True,287510,9.99,2293182,90,Indie,"Stray Fawn Publishing,Playworks",Stray Fawn Studio,https://shared.akamai.steamstatic.com/store_item_assets/steam/apps/2356780/header.jpg?t=1764008499,https://store.steampowered.com/app/2356780
1278540,Esports Godfather,False,2024-05-23T04:00:00.000Z,False,168294,19.99,2275680,91,Indie,Asteroid Game Studio,Asteroid Game Studio,https://shared.akamai.steamstatic.com/store_item_assets/steam/apps/1278540/045ff5eccb4bb4be6b770328f08746a624417c8e/header.jpg?t=1759146225,https://store.steampowered.com/app/1278540
2420660,Neva,False,2024-10-15T00:00:00.000Z,False,156462,19.99,2263149,94,AA,Devolver Digital,Nomada Studio,https://shared.akamai.steamstatic.com/store_item_assets/steam/apps/2420660/header.jpg?t=1763041574,https://store.steampowered.com/app/2420660
2356560,Monster Hunter Stories,False,2024-06-13T04:00:00.000Z,False,102341,29.99,2249526,91,AAA,"CAPCOM Co., Ltd.","CAPCOM Co., Ltd.",https://shared.akamai.steamstatic.com/store_item_assets/steam/apps/2356560/header.jpg?t=1732755730,https://store.steampowered.com/app/2356560
2459550,Emberward,False,2024-06-25T04:00:00.000Z,True,171310,14.99,2242930,97,Indie,Refic Games,Refic Games,https://shared.akamai.steamstatic.com/store_item_assets/steam/apps/2459550/44e4e61c24c26440fa8deaab2299aab603e47958/header.jpg?t=1763698654,https://store.steampowered.com/app/2459550
2853730,Skull and Bones,False,2024-08-22T00:00:00.000Z,False,134861,29.99,2230710,68,AAA,Ubisoft,Ubisoft Singapore,https://shared.akamai.steamstatic.com/store_item_assets/steam/apps/2853730/57473570430f487d6dda6e447f8f533a208fc19a/header.jpg?t=1761079248,https://store.steampowered.com/app/2853730
1817800,Oddsparks: An Automation Adventure,False,2024-04-24T04:00:00.000Z,False,118632,29.99,2221046,85,Indie,HandyGames,Massive Miniteam,https://shared.akamai.steamstatic.com/store_item_assets/steam/apps/1817800/9ba1eb6ce6608d6b778004c723d9c764532e06b1/header.jpg?t=1762936317,https://store.steampowered.com/app/1817800
2763740,Revolution Idle,False,2024-10-11T00:00:00.000Z,False,842487,0,2218807,85,Indie,Oni Gaming,"Oni Gaming,Nu Games",https://shared.akamai.steamstatic.com/store_item_assets/steam/apps/2763740/header.jpg?t=1751960350,https://store.steampowered.com/app/2763740
2669410,Metro Awakening,False,2024-11-07T00:00:00.000Z,False,75402,39.99,2203358,75,Indie,Vertigo Games,Vertigo Games,https://shared.akamai.steamstatic.com/store_item_assets/steam/apps/2669410/121346be34c54e123ded376ce25c752b321937ae/header.jpg?t=1762961125,https://store.steampowered.com/app/2669410
2928520,Recycling Center Simulator,False,2024-10-02T00:00:00.000Z,False,191466,19.99,2188250,87,AA,PlayWay S.A.,Balas Games,https://shared.akamai.steamstatic.com/store_item_assets/steam/apps/2928520/aa9e33e360aa06005e80095408c07d320c766068/header.jpg?t=1760631057,https://store.steampowered.com/app/2928520
1737870,REKA,False,2024-09-12T00:00:00.000Z,True,140470,19.99,2179162,84,AA,Fireshine Games,Emberstorm Entertainment,https://shared.akamai.steamstatic.com/store_item_assets/steam/apps/1737870/header.jpg?t=1761757648,https://store.steampowered.com/app/1737870
1885110,Cryptmaster,False,2024-05-09T04:00:00.000Z,False,100600,24.99,2153665,94,Indie,Akupara Games,"Paul Hart,Lee Williams,Akupara Games",https://shared.akamai.steamstatic.com/store_item_assets/steam/apps/1885110/header.jpg?t=1754059645,https://store.steampowered.com/app/1885110
2821800,Drill Core,False,2024-09-12T00:00:00.000Z,False,145668,19.99,2144851,85,AA,tinyBuild,Hungry Couch Games,https://shared.akamai.steamstatic.com/store_item_assets/steam/apps/2821800/78e7427c5ba4742cf72055a55afa43e1624a148b/header_alt_assets_5.jpg?t=1764103118,https://store.steampowered.com/app/2821800
1574820,Until Then,False,2024-06-25T04:00:00.000Z,False,167157,19.99,2139551,97,Indie,Maximum Entertainment,Polychroma Games,https://shared.akamai.steamstatic.com/store_item_assets/steam/apps/1574820/header.jpg?t=1746722193,https://store.steampowered.com/app/1574820
1875060,Reus 2,False,2024-05-28T04:00:00.000Z,False,121533,24.99,2127960,95,Indie,Firesquid,Abbey Games,https://shared.akamai.steamstatic.com/store_item_assets/steam/apps/1875060/14e5218552c32a2c9437669b97fffc84c9d112dd/header.jpg?t=1763660063,https://store.steampowered.com/app/1875060
2569510,MLB Rivals,False,2024-11-11T00:00:00.000Z,False,170279,0,2126931,77,AA,Com2uS,Com2uS,https://shared.akamai.steamstatic.com/store_item_assets/steam/apps/2569510/e8fb34a73b3739143cde809c179ad5cffbcab2ce/header.jpg?t=1760678404,https://store.steampowered.com/app/2569510
1556100,Killer Klowns from Outer Space: The Game,False,2024-06-04T04:00:00.000Z,False,60994,39.99,2122749,75,Indie,IllFonic Publishing,"IllFonic,Teravision Games",https://shared.akamai.steamstatic.com/store_item_assets/steam/apps/1556100/header.jpg?t=1756846163,https://store.steampowered.com/app/1556100
2458830,Towerborne,False,2024-09-10T00:00:00.000Z,True,102895,24.99,2090094,69,AAA,Xbox Game Studios,Stoic,https://shared.akamai.steamstatic.com/store_item_assets/steam/apps/2458830/header.jpg?t=1763255075,https://store.steampowered.com/app/2458830
1416920,Chinese Online Game,False,2024-07-18T00:00:00.000Z,False,317818,9.99,2081478,86,Indie,Wise Games,648工作室,https://shared.akamai.steamstatic.com/store_item_assets/steam/apps/1416920/85cb85c25400304f4510bcb8830568eb2394160b/header.jpg?t=1764057361,https://store.steampowered.com/app/1416920
2706170,Get To Work,False,2024-12-02T00:00:00.000Z,False,175809,12.99,2073135,89,Indie,Isto Inc.,Isto Inc.,https://shared.akamai.steamstatic.com/store_item_assets/steam/apps/2706170/header.jpg?t=1735594455,https://store.steampowered.com/app/2706170
3279780,Horizon Walker,False,2025-01-01T00:00:00.000Z,False,143359,0,2070596,70,Indie,Gentlemaniac,Gentlemaniac,https://shared.akamai.steamstatic.com/store_item_assets/steam/apps/3279780/header.jpg?t=1759957032,https://store.steampowered.com/app/3279780
2228280,MEMORIAPOLIS,False,2024-08-29T00:00:00.000Z,False,96839,24.99,2058587,77,Indie,5PM Studio,5PM Studio,https://shared.akamai.steamstatic.com/store_item_assets/steam/apps/2228280/header.jpg?t=1748847801,https://store.steampowered.com/app/2228280
2106670,Gatekeeper,False,2024-05-13T04:00:00.000Z,False,205207,14.99,2057874,84,AA,HypeTrain Digital,Gravity Lagoon,https://shared.akamai.steamstatic.com/store_item_assets/steam/apps/2106670/97ff42508f66f09a37d7f5108262344659ad6428/header.jpg?t=1762857320,https://store.steampowered.com/app/2106670
2510710,Kunitsu-Gami: Path of the Goddess,False,2024-07-18T00:00:00.000Z,False,51154,39.99,2054292,93,AAA,"CAPCOM Co., Ltd.","CAPCOM Co., Ltd.",https://shared.akamai.steamstatic.com/store_item_assets/steam/apps/2510710/ac83727512493337711c22ba6b96012064a161ce/header.jpg?t=1752199364,https://store.steampowered.com/app/2510710
1830970,The Last Flame,False,2024-01-17T05:00:00.000Z,False,163332,19.99,2032811,86,Indie,"Hotloop,Surefire.Games",Hotloop,https://shared.akamai.steamstatic.com/store_item_assets/steam/apps/1830970/header.jpg?t=1763223756,https://store.steampowered.com/app/1830970
1571200,Project QT,False,2024-01-16T05:00:00.000Z,False,158487,0,2030540,64,Indie,Nutaku Publishing,xDNA,https://shared.akamai.steamstatic.com/store_item_assets/steam/apps/1571200/8b62de20da847a40a51b8874f14694938bf6ef3a/header.jpg?t=1763987086,https://store.steampowered.com/app/1571200
1380070,Slaves of Rome,False,2024-02-12T05:00:00.000Z,False,115410,24.99,2026915,72,Indie,Biggus Diccus Games,Biggus Diccus Games,https://shared.akamai.steamstatic.com/store_item_assets/steam/apps/1380070/header.jpg?t=1761652626,https://store.steampowered.com/app/1380070
871540,BMX Streets,False,2024-04-04T04:00:00.000Z,False,67092,24.99,2026735,80,Indie,Mash Games,Mash Games,https://shared.akamai.steamstatic.com/store_item_assets/steam/apps/871540/8294fb36b4a4da708bc1a0fd9d738eb9ba036b8d/header.jpg?t=1759503582,https://store.steampowered.com/app/871540
2647680,ICBM: Escalation,False,2024-11-21T00:00:00.000Z,False,78003,29.99,2007839,88,AA,Slitherine Ltd.,SoftWarWare,https://shared.akamai.steamstatic.com/store_item_assets/steam/apps/2647680/header.jpg?t=1762422787,https://store.steampowered.com/app/2647680
1877020,Jujutsu Kaisen Cursed Clash,False,2024-02-01T05:00:00.000Z,False,39498,79.99,1996714,60,AA,Bandai Namco Entertainment Inc.,Byking Inc.,https://shared.akamai.steamstatic.com/store_item_assets/steam/apps/1877020/header.jpg?t=1734085250,https://store.steampowered.com/app/1877020
2019810,Boxes: Lost Fragments,False,2024-02-01T05:00:00.000Z,False,169985,14.99,1993315,93,Indie,Snapbreak,Big Loop Studios,https://shared.akamai.steamstatic.com/store_item_assets/steam/apps/2019810/header.jpg?t=1727863160,https://store.steampowered.com/app/2019810
2965660,PILGRIM,False,2024-05-31T04:00:00.000Z,True,294415,7.99,1966234,75,Indie,DESPERATE MEASURES,DESPERATE MEASURES,https://shared.akamai.steamstatic.com/store_item_assets/steam/apps/2965660/header.jpg?t=1724085112,https://store.steampowered.com/app/2965660
1107320,OUTBRK,False,2024-06-28T04:00:00.000Z,True,59965,34.99,1947842,80,Indie,Sublime,Sublime,https://shared.akamai.steamstatic.com/store_item_assets/steam/apps/1107320/header.jpg?t=1758038789,https://store.steampowered.com/app/1107320
2340650,古龙风云录,False,2024-02-01T05:00:00.000Z,False,99876,29.99,1936712,58,Indie,心火游戏,香港商河洛互動娛樂股份有限公司,https://shared.akamai.steamstatic.com/store_item_assets/steam/apps/2340650/header.jpg?t=1715163368,https://store.steampowered.com/app/2340650
1712350,Riven,False,2024-06-25T04:00:00.000Z,False,67470,34.99,1934834,93,Indie,Cyan Worlds Inc,Cyan Worlds Inc,https://shared.akamai.steamstatic.com/store_item_assets/steam/apps/1712350/header.jpg?t=1763490963,https://store.steampowered.com/app/1712350
2756770,Tavern Manager Simulator 🍻,False,2024-08-13T00:00:00.000Z,False,204240,14.99,1924680,92,Indie,One More Time,One More Time,https://shared.akamai.steamstatic.com/store_item_assets/steam/apps/2756770/942631559a5f70f5b090598fd50997f2a6df6703/header.jpg?t=1762453598,https://store.steampowered.com/app/2756770
2903950,Master Detective Archives: RAIN CODE Plus,False,2024-07-17T00:00:00.000Z,False,54096,59.99,1921399,81,AA,"Spike Chunsoft Co., Ltd.","Spike Chunsoft Co., Ltd.",https://shared.akamai.steamstatic.com/store_item_assets/steam/apps/2903950/header.jpg?t=1755220097,https://store.steampowered.com/app/2903950
2918300,Splitgate 2 Beta,False,2025-01-01T00:00:00.000Z,False,1674393,0,1920930,61,Indie,1047 Games,1047 Games,https://shared.akamai.steamstatic.com/store_item_assets/steam/apps/2918300/f2926801f1ba15b416105b24db08f0f354a075ea/header.jpg?t=1759432110,https://store.steampowered.com/app/2918300
1996010,Crow Country,False,2024-05-09T04:00:00.000Z,False,124589,19.99,1908367,98,Indie,SFB Games,SFB Games,https://shared.akamai.steamstatic.com/store_item_assets/steam/apps/1996010/header.jpg?t=1752238470,https://store.steampowered.com/app/1996010
1373960,INDIKA,False,2024-05-02T04:00:00.000Z,False,111721,24.99,1906967,90,AA,11 bit studios,Odd Meter,https://shared.akamai.steamstatic.com/store_item_assets/steam/apps/1373960/header.jpg?t=1758883679,https://store.steampowered.com/app/1373960
3198850,Play Together,False,2025-01-01T00:00:00.000Z,False,150511,0,1903848,73,Indie,"HAEGIN Co.,Ltd.","HAEGIN Co.,Ltd.",https://shared.akamai.steamstatic.com/store_item_assets/steam/apps/3198850/b3aeeda43b27534a23d438597b503db64b792933/header.jpg?t=1762391721,https://store.steampowered.com/app/3198850
1924490,Gigantic: Rampage Edition,False,2024-04-09T04:00:00.000Z,False,121938,19.99,1896379,67,AA,Arc Games,Abstraction Games,https://shared.akamai.steamstatic.com/store_item_assets/steam/apps/1924490/header.jpg?t=1717106915,https://store.steampowered.com/app/1924490
2816950,Yaoling: Mythical Journey,False,2024-07-15T00:00:00.000Z,False,144948,19.99,1895948,91,Indie,"RAYKA STUDIO,NPC Entertainment",RAYKA STUDIO,https://shared.akamai.steamstatic.com/store_item_assets/steam/apps/2816950/header.jpg?t=1750974058,https://store.steampowered.com/app/2816950
3036080,Shawarma Legend,False,2024-07-19T00:00:00.000Z,False,711406,2.99,1890049,92,Indie,Patates Games,Eyad Alshafei,https://shared.akamai.steamstatic.com/store_item_assets/steam/apps/3036080/header.jpg?t=1729991661,https://store.steampowered.com/app/3036080
2305840,Cat Quest III,False,2024-08-08T00:00:00.000Z,False,135268,19.99,1884555,95,AA,Kepler Interactive,The Gentlebros,https://shared.akamai.steamstatic.com/store_item_assets/steam/apps/2305840/f7da72faf8053958400677c4411b15816e78460c/header.jpg?t=1760435595,https://store.steampowered.com/app/2305840
2012510,Stormgate,False,2024-07-30T00:00:00.000Z,False,459605,0,1867598,49,Indie,Frost Giant Studios,Frost Giant Studios,https://shared.akamai.steamstatic.com/store_item_assets/steam/apps/2012510/1d48ad2eb7e5cff4fa4404f88ca41943cb418d80/header.jpg?t=1754678344,https://store.steampowered.com/app/2012510
2950340,LEGO® Harry Potter™ Collection,False,2024-10-08T00:00:00.000Z,False,117757,39.99,1865371,81,AAA,Warner Bros. Games,"TT Games,Double Eleven",https://shared.akamai.steamstatic.com/store_item_assets/steam/apps/2950340/header.jpg?t=1730915818,https://store.steampowered.com/app/2950340
1876590,I Am Your Beast,False,2024-09-10T00:00:00.000Z,False,120303,19.99,1852271,98,Indie,"Strange Scaffold,Frosty Pop",Strange Scaffold,https://shared.akamai.steamstatic.com/store_item_assets/steam/apps/1876590/header.jpg?t=1752670777,https://store.steampowered.com/app/1876590
2229850,Command & Conquer Red Alert™ 2 and Yuri’s Revenge™,False,2024-03-07T05:00:00.000Z,False,907840,0,1846485,93,AAA,Electronic Arts,"Westwood Pacific,Westwood Studios",https://shared.akamai.steamstatic.com/store_item_assets/steam/apps/2229850/header.jpg?t=1738077874,https://store.steampowered.com/app/2229850
2195410,Songs of Silence,False,2024-06-04T04:00:00.000Z,False,91669,29.99,1844199,81,Indie,"Chimera Entertainment,H2 Interactive (Korea and Japan)",Chimera Entertainment,https://shared.akamai.steamstatic.com/store_item_assets/steam/apps/2195410/edf3855310f99b775a9991cab6c059a0615f978a/header_alt_assets_5.jpg?t=1763986179,https://store.steampowered.com/app/2195410
2331330,The Bridge Curse 2: The Extrication,False,2024-05-09T04:00:00.000Z,False,114716,24.99,1838090,94,Indie,"PQube,Gamirror Games",SOFTSTAR ENTERTAINMENT,https://shared.akamai.steamstatic.com/store_item_assets/steam/apps/2331330/header.jpg?t=1746430270,https://store.steampowered.com/app/2331330
1979440,SAND LAND,False,2024-04-25T04:00:00.000Z,False,42499,59.99,1831310,88,AA,Bandai Namco Entertainment Inc.,"ILCA, Inc.",https://shared.akamai.steamstatic.com/store_item_assets/steam/apps/1979440/header.jpg?t=1744601452,https://store.steampowered.com/app/1979440
2289720,Kaiju Princess 2,False,2024-12-12T00:00:00.000Z,False,130855,17.99,1827252,98,Indie,"Mango Party,PantyParrot,Mango Party News",PantyParrot,https://shared.akamai.steamstatic.com/store_item_assets/steam/apps/2289720/header.jpg?t=1753718062,https://store.steampowered.com/app/2289720
2732960,Command & Conquer™ Generals Zero Hour,False,2024-03-07T05:00:00.000Z,False,677401,0,1814048,90,AAA,Electronic Arts,EA Pacific,https://shared.akamai.steamstatic.com/store_item_assets/steam/apps/2732960/header.jpg?t=1741704775,https://store.steampowered.com/app/2732960
2229870,Command & Conquer™ Generals,False,2024-03-07T05:00:00.000Z,False,349362,0,1808267,87,AAA,Electronic Arts,EA Pacific,https://shared.akamai.steamstatic.com/store_item_assets/steam/apps/2229870/header.jpg?t=1738077970,https://store.steampowered.com/app/2229870
2229880,Command & Conquer™ Tiberian Sun™ and Firestorm™,False,2024-03-07T05:00:00.000Z,False,223434,0,1803590,89,AAA,Electronic Arts,Westwood Studios,https://shared.akamai.steamstatic.com/store_item_assets/steam/apps/2229880/header.jpg?t=1738957176,https://store.steampowered.com/app/2229880
2229890,Command & Conquer Renegade™,False,2024-03-07T05:00:00.000Z,False,112112,0,1797224,85,AAA,Electronic Arts,Westwood Studios,https://shared.akamai.steamstatic.com/store_item_assets/steam/apps/2229890/header.jpg?t=1741704700,https://store.steampowered.com/app/2229890
2878600,Harry Potter: Quidditch Champions,False,2024-09-03T00:00:00.000Z,False,138332,29.99,1795744,76,AAA,Warner Bros. Games,Unbroken Studios,https://shared.akamai.steamstatic.com/store_item_assets/steam/apps/2878600/header.jpg?t=1733419991,https://store.steampowered.com/app/2878600
2962300,Royal Quest Online,False,2024-12-19T00:00:00.000Z,False,237202,0,1790998,80,Indie,East Games,BASE,https://shared.akamai.steamstatic.com/store_item_assets/steam/apps/2962300/1be53249b213823057ca11ae02a07a17bf09cbd9/header.jpg?t=1761907935,https://store.steampowered.com/app/2962300
2229840,"Command & Conquer Red Alert™, Counterstrike™ and The Aftermath™",False,2024-03-07T05:00:00.000Z,False,105416,0,1790519,80,AAA,Electronic Arts,Westwood Studios,https://shared.akamai.steamstatic.com/store_item_assets/steam/apps/2229840/header.jpg?t=1738708460,https://store.steampowered.com/app/2229840
2229830,Command & Conquer™ and The Covert Operations™,False,2024-03-07T05:00:00.000Z,False,90035,0,1787979,75,AAA,Electronic Arts,Westwood Studios,https://shared.akamai.steamstatic.com/store_item_assets/steam/apps/2229830/header.jpg?t=1738957170,https://store.steampowered.com/app/2229830
2791440,Brighter Shores,False,2024-11-06T00:00:00.000Z,True,389354,0,1786658,69,Indie,Fen Research Ltd,Fen Research Ltd,https://shared.akamai.steamstatic.com/store_item_assets/steam/apps/2791440/header.jpg?t=1752495018,https://store.steampowered.com/app/2791440
2313330,TerraTech Worlds,False,2024-03-22T04:00:00.000Z,True,68692,29.99,1777797,63,Indie,"Mythwright,4Divinity & Cube Game",Payload Studios,https://shared.akamai.steamstatic.com/store_item_assets/steam/apps/2313330/header.jpg?t=1760536109,https://store.steampowered.com/app/2313330
2441700,UNDERDOGS,False,2024-01-25T05:00:00.000Z,False,82563,29.99,1774296,98,Indie,One Hamsa,One Hamsa,https://shared.akamai.steamstatic.com/store_item_assets/steam/apps/2441700/header.jpg?t=1743500966,https://store.steampowered.com/app/2441700
2819520,Viking Rise,False,2024-05-21T04:00:00.000Z,False,70968,0,1773803,72,Indie,IGG SINGAPORE PTE. LTD.,IGG SINGAPORE PTE. LTD.,https://shared.akamai.steamstatic.com/store_item_assets/steam/apps/2819520/header.jpg?t=1745761718,https://store.steampowered.com/app/2819520
3174070,Texas Hold'em Poker: Pokerist,False,2024-12-01T00:00:00.000Z,False,388648,0,1759667,64,Indie,KamaGames Ltd.,KamaGames Entertainment Group Limited,https://shared.akamai.steamstatic.com/store_item_assets/steam/apps/3174070/header.jpg?t=1762969696,https://store.steampowered.com/app/3174070
2287330,Empire of the Ants,False,2024-11-06T00:00:00.000Z,False,55510,39.99,1735812,75,Indie,Microids,Tower Five,https://shared.akamai.steamstatic.com/store_item_assets/steam/apps/2287330/header.jpg?t=1752740587,https://store.steampowered.com/app/2287330
2233120,A Quiet Place: The Road Ahead,False,2024-10-17T00:00:00.000Z,False,68236,29.99,1733332,76,Indie,Saber Interactive,Stormind Games,https://shared.akamai.steamstatic.com/store_item_assets/steam/apps/2233120/header.jpg?t=1736876506,https://store.steampowered.com/app/2233120
2302660,Homicipher,False,2024-11-01T00:00:00.000Z,False,145067,13.99,1733050,97,AA,Gamirror Games,八名木Games,https://shared.akamai.steamstatic.com/store_item_assets/steam/apps/2302660/header.jpg?t=1754307794,https://store.steampowered.com/app/2302660
2178070,Towers of Aghasba,False,2024-11-19T00:00:00.000Z,True,64569,29.99,1723487,69,Indie,Dreamlit inc.,Dreamlit inc.,https://shared.akamai.steamstatic.com/store_item_assets/steam/apps/2178070/3bf3bae70cfc34c8f964232f58a86ccc6a6fd902/header.jpg?t=1759773354,https://store.steampowered.com/app/2178070
1796790,Chef RPG,False,2024-09-12T00:00:00.000Z,True,98816,19.99,1722927,88,Indie,World 2 Studio,World 2 Studio,https://shared.akamai.steamstatic.com/store_item_assets/steam/apps/1796790/header.jpg?t=1756663165,https://store.steampowered.com/app/1796790
2497920,A Difficult Game About Climbing,False,2024-03-06T05:00:00.000Z,False,195356,9.99,1719801,88,Indie,Pontypants,Pontypants,https://shared.akamai.steamstatic.com/store_item_assets/steam/apps/2497920/c90246d61d91e12b89791162afcd9ab34297fd09/header.jpg?t=1762799725,https://store.steampowered.com/app/2497920
2193540,Wizard of Legend 2,False,2024-10-03T00:00:00.000Z,False,89363,24.99,1714846,58,AA,Humble Games,Dead Mage,https://shared.akamai.steamstatic.com/store_item_assets/steam/apps/2193540/header.jpg?t=1755717024,https://store.steampowered.com/app/2193540
2716400,The Rise of the Golden Idol,False,2024-11-12T00:00:00.000Z,False,97364,19.99,1701272,94,AA,Playstack,Color Gray Games,https://shared.akamai.steamstatic.com/store_item_assets/steam/apps/2716400/header.jpg?t=1758890410,https://store.steampowered.com/app/2716400
2361680,Path of Kung Fu,False,2024-09-19T00:00:00.000Z,False,172808,14.99,1699173,72,Indie,Captcha Games,游鲤化龙工作室,https://shared.akamai.steamstatic.com/store_item_assets/steam/apps/2361680/e83cf98d13dc8b8cf20525568fe97c0b5e7a5928/header.jpg?t=1752803784,https://store.steampowered.com/app/2361680
1411910,Fallen Aces,False,2024-06-14T04:00:00.000Z,True,158398,14.99,1690484,98,AA,New Blood Interactive,"Trey Powell,Jason Bond",https://shared.akamai.steamstatic.com/store_item_assets/steam/apps/1411910/header.jpg?t=1748862476,https://store.steampowered.com/app/1411910
1266540,Ships At Sea,False,2024-05-23T04:00:00.000Z,True,77420,24.99,1685648,68,Indie,Misc Games,Misc Games,https://shared.akamai.steamstatic.com/store_item_assets/steam/apps/1266540/bd0f86d261afb25218d530bd268369dadd93b7f2/header_alt_assets_8.jpg?t=1764060034,https://store.steampowered.com/app/1266540
3247080,UNLIGHT:Revive,False,2024-12-06T00:00:00.000Z,False,44315,0,1680954,53,Indie,UNLIGHT LLC,UNLIGHT LLC,https://shared.akamai.steamstatic.com/store_item_assets/steam/apps/3247080/header.jpg?t=1750578542,https://store.steampowered.com/app/3247080
2440380,Megaloot,False,2024-08-30T00:00:00.000Z,False,206004,9.99,1676355,72,Indie,"Ravenage Games,INSTINCT3",axilirate,https://shared.akamai.steamstatic.com/store_item_assets/steam/apps/2440380/header.jpg?t=1762697872,https://store.steampowered.com/app/2440380
2078450,"Warhammer 40,000: Speed Freeks",False,2024-08-06T00:00:00.000Z,False,134315,19.99,1673406,81,Indie,Wired Productions,Caged Element Inc.,https://shared.akamai.steamstatic.com/store_item_assets/steam/apps/2078450/054780224d2a6c338f5f40b079add80dbe4e66bf/header.jpg?t=1763661438,https://store.steampowered.com/app/2078450
2511500,Dominions 6 - Rise of the Pantokrator,False,2024-01-17T05:00:00.000Z,False,43400,44.99,1660853,91,Indie,Illwinter Game Design,Illwinter Game Design,https://shared.akamai.steamstatic.com/store_item_assets/steam/apps/2511500/header.jpg?t=1742394476,https://store.steampowered.com/app/2511500
1675830,1000xRESIST,False,2024-05-09T04:00:00.000Z,False,107936,19.99,1660377,95,Indie,Fellow Traveller,sunset visitor 斜陽過客,https://shared.akamai.steamstatic.com/store_item_assets/steam/apps/1675830/header.jpg?t=1763149342,https://store.steampowered.com/app/1675830
2807150,Worshippers of Cthulhu,False,2024-10-21T00:00:00.000Z,False,98491,24.99,1651643,83,Indie,Crytivo,Crazy Goat Games,https://shared.akamai.steamstatic.com/store_item_assets/steam/apps/2807150/f1d0b1b635e524cde6fe543702963274572f563b/header.jpg?t=1762269533,https://store.steampowered.com/app/2807150
1536090,Echoes of the Plum Grove,False,2024-04-29T04:00:00.000Z,False,109184,19.99,1648492,88,Indie,indie.io,Unwound Games,https://shared.akamai.steamstatic.com/store_item_assets/steam/apps/1536090/header.jpg?t=1750088285,https://store.steampowered.com/app/1536090
2719160,Contractors Showdown : ExfilZone,False,2024-04-25T04:00:00.000Z,False,93362,19.99,1643945,68,Indie,Caveman Studio,Caveman Studio,https://shared.akamai.steamstatic.com/store_item_assets/steam/apps/2719160/d9b8073df71fed5f90348cb9aac7cc5c74b936d4/header.jpg?t=1761899795,https://store.steampowered.com/app/2719160
2581700,MotoGP™24,False,2024-05-02T04:00:00.000Z,False,58121,49.99,1610601,84,AA,Milestone S.r.l.,Milestone S.r.l.,https://shared.akamai.steamstatic.com/store_item_assets/steam/apps/2581700/header.jpg?t=1746000421,https://store.steampowered.com/app/2581700
2695490,Age of Water,False,2024-04-25T04:00:00.000Z,False,85049,29.99,1608312,71,AAA,Gaijin Network Ltd,Three Whales Studio,https://shared.akamai.steamstatic.com/store_item_assets/steam/apps/2695490/374f1e7323bab9e33ea209795e8a8477369fc16f/header.jpg?t=1751622232,https://store.steampowered.com/app/2695490
2682580,DUCKSIDE,False,2024-09-25T00:00:00.000Z,True,161569,14.99,1579279,74,AA,tinyBuild,tinyBuild Riga,https://shared.akamai.steamstatic.com/store_item_assets/steam/apps/2682580/header.jpg?t=1753689923,https://store.steampowered.com/app/2682580
1634860,Minishoot' Adventures,False,2024-04-02T04:00:00.000Z,False,136531,14.99,1575200,98,Indie,"SoulGame Studio,IndieArk",SoulGame Studio,https://shared.akamai.steamstatic.com/store_item_assets/steam/apps/1634860/header.jpg?t=1732623932,https://store.steampowered.com/app/1634860
2195120,Go-Go Town!,False,2024-06-18T04:00:00.000Z,True,79856,24.99,1568354,94,Indie,"CULT Games,Prideful Sloth",Prideful Sloth,https://shared.akamai.steamstatic.com/store_item_assets/steam/apps/2195120/4c4e5ac2fc790531b24bc5611f2d04dbf4ef49ea/header_alt_assets_3.jpg?t=1764118874,https://store.steampowered.com/app/2195120
2719030,Meme Mayhem,False,2024-09-13T00:00:00.000Z,False,134069,16.99,1560773,75,Indie,Cr3 Studio,Cr3 Studio,https://shared.akamai.steamstatic.com/store_item_assets/steam/apps/2719030/header.jpg?t=1741668612,https://store.steampowered.com/app/2719030
2453360,Cluckmech Oasis,False,2024-05-09T04:00:00.000Z,False,247733,9.99,1558122,88,Indie,"Mammorize,Flawless Gaming,Erabit",BlackLight,https://shared.akamai.steamstatic.com/store_item_assets/steam/apps/2453360/5ac81df370edc2497db28bcecdd03170445b121d/header.jpg?t=1741930837,https://store.steampowered.com/app/2453360
917950,Vellum,False,2024-03-28T04:00:00.000Z,False,100767,19.99,1539867,90,Indie,"Alvios, Inc.",Alvios Games,https://shared.akamai.steamstatic.com/store_item_assets/steam/apps/917950/09e12018fa1e6883cff59aab4aa40e43bfcc2178/header.jpg?t=1762810779,https://store.steampowered.com/app/917950
2175540,DRAGON QUEST MONSTERS: The Dark Prince,False,2024-09-11T00:00:00.000Z,False,47765,39.99,1537796,76,AA,Square Enix,Square Enix,https://shared.akamai.steamstatic.com/store_item_assets/steam/apps/2175540/header.jpg?t=1730958188,https://store.steampowered.com/app/2175540
2396240,SteamWorld Heist II,False,2024-08-08T00:00:00.000Z,False,85181,29.99,1531285,94,Indie,Thunderful Publishing,Thunderful Development,https://shared.akamai.steamstatic.com/store_item_assets/steam/apps/2396240/header.jpg?t=1759330639,https://store.steampowered.com/app/2396240
1481170,ZEPHON,False,2024-11-08T00:00:00.000Z,False,48211,39.99,1501941,85,Indie,Proxy Studios,Proxy Studios,https://shared.akamai.steamstatic.com/store_item_assets/steam/apps/1481170/header.jpg?t=1764020163,https://store.steampowered.com/app/1481170
2899050,Desert Stalker,False,2024-12-13T00:00:00.000Z,True,98649,17.99,1495334,97,Indie,Zetan,Zetan,https://shared.akamai.steamstatic.com/store_item_assets/steam/apps/2899050/header.jpg?t=1739481003,https://store.steampowered.com/app/2899050
2075070,KinitoPET,False,2024-01-09T05:00:00.000Z,False,277101,5.99,1494333,93,Indie,troy_en,troy_en,https://shared.akamai.steamstatic.com/store_item_assets/steam/apps/2075070/header.jpg?t=1726252734,https://store.steampowered.com/app/2075070
1915380,Garden Life: A Cozy Simulator,False,2024-02-22T05:00:00.000Z,False,83869,24.99,1483858,76,AA,Nacon,stillalive studios,https://shared.akamai.steamstatic.com/store_item_assets/steam/apps/1915380/header.jpg?t=1750166132,https://store.steampowered.com/app/1915380
2292260,STAR WARS™: Dark Forces Remaster,False,2024-02-28T13:00:17.000Z,False,62860,29.99,1463985,90,Indie,Nightdive Studios,"Nightdive Studios,LucasArts",https://shared.akamai.steamstatic.com/store_item_assets/steam/apps/2292260/header.jpg?t=1748544233,https://store.steampowered.com/app/2292260
2457540,Cardfight!! Vanguard Dear Days 2,False,2025-01-01T00:00:00.000Z,False,23292,69.99,1459664,70,Indie,Bushiroad Inc.,"FURYU Corporation,LANCARSE Ltd.",https://shared.akamai.steamstatic.com/store_item_assets/steam/apps/2457540/header.jpg?t=1759312328,https://store.steampowered.com/app/2457540
2271930,IfSunSets,False,2024-11-04T00:00:00.000Z,True,94605,19.99,1455091,75,Indie,Smilegate,POLYMORPH,https://shared.akamai.steamstatic.com/store_item_assets/steam/apps/2271930/39e4e26b1ef243494ac5d68fca75d674c12e391d/header.jpg?t=1759306400,https://store.steampowered.com/app/2271930
2008920,Lorelei and the Laser Eyes,False,2024-05-16T04:00:00.000Z,False,69524,24.99,1445685,94,AA,Annapurna Interactive,Simogo,https://shared.akamai.steamstatic.com/store_item_assets/steam/apps/2008920/a5346a6109802bb1711c391156814023073518be/header.jpg?t=1759241374,https://store.steampowered.com/app/2008920
2190220,Touhou Danmaku Kagura Phantasia Lost,False,2024-02-07T05:00:00.000Z,False,67890,29.99,1437184,81,Indie,Alliance Arts,"Alliance Arts,UnknownX",https://shared.akamai.steamstatic.com/store_item_assets/steam/apps/2190220/header.jpg?t=1759834746,https://store.steampowered.com/app/2190220
1231560,Aurelia,False,2024-12-17T00:00:00.000Z,False,93990,19.99,1427091,95,Indie,Critical Bliss,MirthalGames,https://shared.akamai.steamstatic.com/store_item_assets/steam/apps/1231560/header.jpg?t=1755887582,https://store.steampowered.com/app/1231560
2353250,Astrometica,False,2024-12-10T00:00:00.000Z,True,88256,19.99,1420508,84,Indie,RockGame S.A.,BeryMery,https://shared.akamai.steamstatic.com/store_item_assets/steam/apps/2353250/header.jpg?t=1756033840,https://store.steampowered.com/app/2353250
1808680,Snufkin: Melody of Moominvalley,False,2024-03-07T05:00:00.000Z,False,92003,19.99,1419659,97,AA,Raw Fury,Hyper Games,https://shared.akamai.steamstatic.com/store_item_assets/steam/apps/1808680/header.jpg?t=1763452654,https://store.steampowered.com/app/1808680
1771980,The Operator,False,2024-07-22T00:00:00.000Z,False,125385,13.99,1393767,92,Indie,"Bureau 81,indienova",Bureau 81,https://shared.akamai.steamstatic.com/store_item_assets/steam/apps/1771980/header.jpg?t=1755332606,https://store.steampowered.com/app/1771980
2834910,Rocksmith+,False,2024-06-06T04:00:00.000Z,False,136172,0,1388292,18,AAA,Ubisoft,"Ubisoft San Francisco,Ubisoft Osaka,Ubisoft Bucharest,Ubisoft Pune",https://shared.akamai.steamstatic.com/store_item_assets/steam/apps/2834910/header.jpg?t=1730219063,https://store.steampowered.com/app/2834910
2464530,VOIN,False,2024-12-10T00:00:00.000Z,True,94883,19.99,1387967,94,AA,tinyBuild,Nikita Sozidar,https://shared.akamai.steamstatic.com/store_item_assets/steam/apps/2464530/a75ceab1a64eb79c93d5ad21b902910b739f9646/header_alt_assets_5.jpg?t=1762336321,https://store.steampowered.com/app/2464530
2102450,Enotria: The Last Song,False,2024-09-16T00:00:00.000Z,False,42593,39.99,1382931,68,Indie,Jyamma Games,Jyamma Games,https://shared.akamai.steamstatic.com/store_item_assets/steam/apps/2102450/header.jpg?t=1730220222,https://store.steampowered.com/app/2102450
1983260,Dungeons of Hinterberg,False,2024-07-18T00:00:00.000Z,False,92257,22.99,1381816,94,AA,Curve Games,Microbird Games,https://shared.akamai.steamstatic.com/store_item_assets/steam/apps/1983260/header.jpg?t=1764084920,https://store.steampowered.com/app/1983260
1316680,VLADiK BRUTAL,False,2024-08-09T00:00:00.000Z,False,180411,11.99,1381283,90,Indie,BRUTAL SOFTWARE,BRUTAL SOFTWARE,https://shared.akamai.steamstatic.com/store_item_assets/steam/apps/1316680/header.jpg?t=1738081159,https://store.steampowered.com/app/1316680
1456760,ROBOBEAT,False,2024-05-14T04:00:00.000Z,False,97086,19.99,1380191,95,Indie,Kwalee,Simon Fredholm,https://shared.akamai.steamstatic.com/store_item_assets/steam/apps/1456760/8de7cc39657543354da7013a5b3c1c838dd36ed4/header.jpg?t=1762793640,https://store.steampowered.com/app/1456760
2797340,Cat God Ranch,False,2024-09-12T00:00:00.000Z,False,217644,9.99,1366262,94,Indie,CrazyPotato Studio,CrazyPotato Studio,https://shared.akamai.steamstatic.com/store_item_assets/steam/apps/2797340/735634fa50b74b0b91287ed90ea699391d559994/header.jpg?t=1762846191,https://store.steampowered.com/app/2797340
2570210,Eden Crafters,False,2024-10-16T00:00:00.000Z,True,87638,19.99,1356049,86,Indie,Osaris Games,Osaris Games,https://shared.akamai.steamstatic.com/store_item_assets/steam/apps/2570210/279d79832b5eff32bda0bf2167fb4f628a9fff4a/header.jpg?t=1757290649,https://store.steampowered.com/app/2570210
1582650,Caravan SandWitch,False,2024-09-12T00:00:00.000Z,False,74713,24.99,1354212,86,Indie,Dear Villagers,Studio Plane Toast,https://shared.akamai.steamstatic.com/store_item_assets/steam/apps/1582650/header.jpg?t=1757404894,https://store.steampowered.com/app/1582650
1893810,Solium Infernum,False,2024-02-22T05:00:00.000Z,False,44520,39.99,1340699,88,Indie,League of Geeks,League of Geeks,https://shared.akamai.steamstatic.com/store_item_assets/steam/apps/1893810/header.jpg?t=1712698213,https://store.steampowered.com/app/1893810
1723780,Finnish Cottage Simulator,False,2024-11-15T00:00:00.000Z,True,98250,14.99,1324228,94,Indie,RANELA GAMES,RANELA GAMES,https://shared.akamai.steamstatic.com/store_item_assets/steam/apps/1723780/header.jpg?t=1757864210,https://store.steampowered.com/app/1723780
2597080,Realm of Ink,False,2024-09-26T00:00:00.000Z,True,111624,16.99,1315578,93,AA,4Divinity,Leap Studio,https://shared.akamai.steamstatic.com/store_item_assets/steam/apps/2597080/header.jpg?t=1759133261,https://store.steampowered.com/app/2597080
983380,Car Manufacture,False,2024-08-01T00:00:00.000Z,True,76267,19.99,1298193,70,AA,PlayWay S.A.,STEREO GAMES S.A.,https://shared.akamai.steamstatic.com/store_item_assets/steam/apps/983380/header.jpg?t=1758276817,https://store.steampowered.com/app/983380
3263320,Carry The Glass,False,2024-10-23T00:00:00.000Z,False,368776,4.99,1297401,76,Indie,SlugShot Games,"Çağatay Demir,Enes Kaplan",https://shared.akamai.steamstatic.com/store_item_assets/steam/apps/3263320/e73515ea166913132353f23817c9709c24d691f4/header.jpg?t=1760220386,https://store.steampowered.com/app/3263320
2272900,Mirthwood,False,2024-11-06T00:00:00.000Z,False,67654,24.99,1287797,71,Indie,V Publishing,Bad Ridge Games,https://shared.akamai.steamstatic.com/store_item_assets/steam/apps/2272900/header.jpg?t=1763682284,https://store.steampowered.com/app/2272900
2776900,The Eminence in Shadow: Master of Garden,False,2024-08-28T00:00:00.000Z,False,53713,0,1285402,72,Indie,"Aiming Inc.,Crunchyroll, LLC",Team CARAVAN,https://shared.akamai.steamstatic.com/store_item_assets/steam/apps/2776900/bc105acf1d037b25730a483f59c5ff759d242d2d/header.jpg?t=1760412784,https://store.steampowered.com/app/2776900
2654470,BUNNY GARDEN,False,2024-04-18T04:00:00.000Z,False,61388,24.99,1285106,93,Indie,qureate,qureate,https://shared.akamai.steamstatic.com/store_item_assets/steam/apps/2654470/header.jpg?t=1759205583,https://store.steampowered.com/app/2654470
2663530,POOLS,False,2024-04-26T04:00:00.000Z,False,156074,9.79,1264065,95,Indie,"Tensori,UNIKAT Label",Tensori,https://shared.akamai.steamstatic.com/store_item_assets/steam/apps/2663530/header.jpg?t=1761804940,https://store.steampowered.com/app/2663530
1013140,Outcast - A New Beginning,False,2024-03-15T04:00:00.000Z,False,41619,39.99,1247881,79,AA,THQ Nordic,Appeal Studios,https://shared.akamai.steamstatic.com/store_item_assets/steam/apps/1013140/header.jpg?t=1744710731,https://store.steampowered.com/app/1013140
2510960,Temtem: Swarm,False,2024-11-13T00:00:00.000Z,True,147485,9.99,1238412,81,Indie,Crema,"Crema,GGTech Studios",https://shared.akamai.steamstatic.com/store_item_assets/steam/apps/2510960/99e3c7bda9a470ea718e9f9d4b239d04607111fa/header_alt_assets_4.jpg?t=1763717992,https://store.steampowered.com/app/2510960
1974520,Dusk Pub - Adult Only,False,2024-04-12T04:00:00.000Z,False,134608,12.99,1228118,92,Indie,YellowDuckWorks,YellowDuckWorks,https://shared.akamai.steamstatic.com/store_item_assets/steam/apps/1974520/header.jpg?t=1729728067,https://store.steampowered.com/app/1974520
2897580,Idle Hero TD - Tower Defense,False,2024-05-03T04:00:00.000Z,True,84747,0,1223057,84,Indie,Swell Games LLC,Swell Games LLC,https://shared.akamai.steamstatic.com/store_item_assets/steam/apps/2897580/header.jpg?t=1760516699,https://store.steampowered.com/app/2897580
1759380,Bandle Tale: A League of Legends Story,False,2024-02-21T05:00:00.000Z,False,66067,24.99,1222867,79,Indie,Riot Forge,Lazy Bear Games,https://shared.akamai.steamstatic.com/store_item_assets/steam/apps/1759380/header.jpg?t=1710190745,https://store.steampowered.com/app/1759380
2731870,Ys X: Nordics,False,2024-10-25T00:00:00.000Z,False,23392,59.99,1215356,84,Indie,"NIS America, Inc.","Nihon Falcom,PH3 GmbH",https://shared.akamai.steamstatic.com/store_item_assets/steam/apps/2731870/header.jpg?t=1760728677,https://store.steampowered.com/app/2731870
1069160,SKALD: Against the Black Priory,False,2024-05-30T04:00:00.000Z,False,106366,14.99,1212583,94,AA,Raw Fury,High North Studios AS,https://shared.akamai.steamstatic.com/store_item_assets/steam/apps/1069160/header.jpg?t=1750971668,https://store.steampowered.com/app/1069160
1975580,Wild Woods,False,2024-12-09T00:00:00.000Z,True,150172,14.99,1211337,81,AA,Daedalic Entertainment,Octofox Games,https://shared.akamai.steamstatic.com/store_item_assets/steam/apps/1975580/header.jpg?t=1763545545,https://store.steampowered.com/app/1975580
2354000,Slackers - Carts of Glory,False,2024-09-18T00:00:00.000Z,False,111651,12.99,1203680,91,Indie,Falling Saints,Falling Saints,https://shared.akamai.steamstatic.com/store_item_assets/steam/apps/2354000/header.jpg?t=1761043073,https://store.steampowered.com/app/2354000
2056210,LONESTAR,False,2024-01-18T05:00:00.000Z,False,142310,12.99,1192011,92,Indie,Thermite Games,Math Tide,https://shared.akamai.steamstatic.com/store_item_assets/steam/apps/2056210/03177695c575b9b23aaa4965467f49c9eb4c1fda/header.jpg?t=1761897849,https://store.steampowered.com/app/2056210
1662210,Arms Trade Tycoon: Tanks,False,2024-02-06T05:00:00.000Z,True,47010,29.99,1188955,75,Indie,MicroProse Software,FunGi,https://shared.akamai.steamstatic.com/store_item_assets/steam/apps/1662210/75040f92b295af6cf1ffd8a604e64fd3fd65e70b/header.jpg?t=1762918675,https://store.steampowered.com/app/1662210
2201710,Three Kingdoms Zhao Yun,False,2024-01-17T05:00:00.000Z,False,91745,19.99,1183868,66,Indie,"Merlion Games,ETime Studio",ZUIJIANGYUE Game,https://shared.akamai.steamstatic.com/store_item_assets/steam/apps/2201710/header.jpg?t=1731049555,https://store.steampowered.com/app/2201710
2494350,Pro Cycling Manager 2024,False,2024-06-06T04:00:00.000Z,False,38363,39.99,1172648,74,AA,Nacon,Cyanide Studio,https://shared.akamai.steamstatic.com/store_item_assets/steam/apps/2494350/header.jpg?t=1721833009,https://store.steampowered.com/app/2494350
1962890,IN HEAT: Lustful Nights,False,2024-06-21T04:00:00.000Z,True,98500,14.99,1171323,94,Indie,Critical Bliss,MonsterBox,https://shared.akamai.steamstatic.com/store_item_assets/steam/apps/1962890/header.jpg?t=1761617717,https://store.steampowered.com/app/1962890
2421410,Cyber Manhunt 2: New World - The Hacking Simulator,False,2024-05-09T04:00:00.000Z,False,169278,12.99,1164770,93,Indie,Spiral Up Games,Aluba Van+,https://shared.akamai.steamstatic.com/store_item_assets/steam/apps/2421410/header.jpg?t=1759121699,https://store.steampowered.com/app/2421410
2818260,Vigor,False,2024-05-16T04:00:00.000Z,False,762615,0,1163865,46,AAA,Bohemia Interactive,Bohemia Interactive,https://shared.akamai.steamstatic.com/store_item_assets/steam/apps/2818260/6f5dc1e936209a64c78eaec9b528163dc3a14856/header_alt_assets_1.jpg?t=1764149235,https://store.steampowered.com/app/2818260
1849790,Uncle Chop's Rocket Shop,False,2024-12-05T00:00:00.000Z,False,74568,19.99,1160483,86,Indie,Kasedo Games,Beard Envy,https://shared.akamai.steamstatic.com/store_item_assets/steam/apps/1849790/header.jpg?t=1741363567,https://store.steampowered.com/app/1849790
2419090,STAR WARS™: Bounty Hunter™,False,2024-07-31T00:00:00.000Z,False,86577,19.99,1150763,82,Indie,Aspyr,Aspyr,https://shared.akamai.steamstatic.com/store_item_assets/steam/apps/2419090/header.jpg?t=1742931481,https://store.steampowered.com/app/2419090
2059530,Dawn of Defiance,False,2024-08-15T00:00:00.000Z,True,74208,19.99,1150170,78,Indie,Traega Entertainment,Traega Entertainment,https://shared.akamai.steamstatic.com/store_item_assets/steam/apps/2059530/4e0517d405bcba32dde8b0e57a6b51cb8929ee23/header.jpg?t=1758906723,https://store.steampowered.com/app/2059530
2004080,Furnish Master,False,2024-02-19T05:00:00.000Z,True,92833,14.99,1126307,82,Indie,Alex Blintsov,Alex Blintsov,https://shared.akamai.steamstatic.com/store_item_assets/steam/apps/2004080/header.jpg?t=1763136315,https://store.steampowered.com/app/2004080
2604480,City Transport Simulator®,False,2024-06-20T04:00:00.000Z,False,46176,24.99,1114630,67,Indie,ViewApp,ViewApp,https://shared.akamai.steamstatic.com/store_item_assets/steam/apps/2604480/737d6a8c8075d374ec5d255e0661ef308a24eb8c/header.jpg?t=1761033441,https://store.steampowered.com/app/2604480
1901910,Ultimate General: American Revolution,False,2024-06-06T04:00:00.000Z,False,26609,49.99,1107932,55,Indie,Game-Labs,Game-Labs,https://shared.akamai.steamstatic.com/store_item_assets/steam/apps/1901910/header.jpg?t=1734702004,https://store.steampowered.com/app/1901910
2637990,Duck Detective: The Secret Salami,False,2024-05-23T04:00:00.000Z,False,134021,9.99,1105132,95,Indie,Happy Broccoli Games,Happy Broccoli Games,https://shared.akamai.steamstatic.com/store_item_assets/steam/apps/2637990/1170941bed8a49632e5e35ad052811f36cd33078/header.jpg?t=1758446378,https://store.steampowered.com/app/2637990
3062930,Unplagued,False,2024-10-10T00:00:00.000Z,False,175195,7.99,1104616,32,Indie,Euphoric Brothers,Euphoric Brothers,https://shared.akamai.steamstatic.com/store_item_assets/steam/apps/3062930/header.jpg?t=1728568434,https://store.steampowered.com/app/3062930
1663040,Amber Isle,False,2024-10-10T00:00:00.000Z,False,58946,34.99,1095047,83,AA,Team17,Ambertail Games,https://shared.akamai.steamstatic.com/store_item_assets/steam/apps/1663040/header.jpg?t=1763469894,https://store.steampowered.com/app/1663040
2093920,Dread Dawn,False,2024-09-30T00:00:00.000Z,False,79544,19.99,1093439,73,Indie,Kioop,Kioop,https://shared.akamai.steamstatic.com/store_item_assets/steam/apps/2093920/header.jpg?t=1756498473,https://store.steampowered.com/app/2093920
1887400,ANTONBLAST,False,2024-12-03T00:00:00.000Z,False,62700,19.99,1092931,96,Indie,"Summitsphere,Joystick Ventures",Summitsphere,https://shared.akamai.steamstatic.com/store_item_assets/steam/apps/1887400/header.jpg?t=1761506668,https://store.steampowered.com/app/1887400
2897700,Arizona Sunshine® Remake,False,2024-10-17T00:00:00.000Z,False,68185,29.99,1090358,89,Indie,Vertigo Games,Vertigo Games,https://shared.akamai.steamstatic.com/store_item_assets/steam/apps/2897700/header.jpg?t=1762963972,https://store.steampowered.com/app/2897700
1747760,Momodora: Moonlit Farewell,False,2024-01-11T05:00:00.000Z,False,85109,16.99,1090063,92,AA,PLAYISM,Bombservice,https://shared.akamai.steamstatic.com/store_item_assets/steam/apps/1747760/header.jpg?t=1750039435,https://store.steampowered.com/app/1747760
2614070,NUKITASHI 2,False,2024-02-15T05:00:00.000Z,False,81684,24.99,1078977,98,Indie,Shiravune,Qruppo,https://shared.akamai.steamstatic.com/store_item_assets/steam/apps/2614070/dc2d728e877a2fdaeb0ef1a814b95ddda6d776ed/header.jpg?t=1759289259,https://store.steampowered.com/app/2614070
2386310,Ultros,False,2024-02-13T05:00:00.000Z,False,79629,24.99,1076839,79,AA,Kepler Interactive,Hadoque,https://shared.akamai.steamstatic.com/store_item_assets/steam/apps/2386310/header.jpg?t=1733844176,https://store.steampowered.com/app/2386310
1823950,Laysara: Summit Kingdom,False,2024-04-10T04:00:00.000Z,True,71741,24.99,1076748,83,Indie,"Future Friends Games,Quite OK Games",Quite OK Games,https://shared.akamai.steamstatic.com/store_item_assets/steam/apps/1823950/header.jpg?t=1763452921,https://store.steampowered.com/app/1823950
2889660,Sex Formula,False,2024-09-05T00:00:00.000Z,False,30600,39.99,1075966,75,Indie,MIGI STUDIO,MIGI STUDIO,https://shared.akamai.steamstatic.com/store_item_assets/steam/apps/2889660/header.jpg?t=1727118538,https://store.steampowered.com/app/2889660
2357910,Home Safety Hotline,False,2024-01-16T05:00:00.000Z,False,81071,14.99,1074042,91,Indie,Night Signal Entertainment,Night Signal Entertainment,https://shared.akamai.steamstatic.com/store_item_assets/steam/apps/2357910/header.jpg?t=1745877171,https://store.steampowered.com/app/2357910
1990110,SpellRogue,False,2024-02-12T05:00:00.000Z,False,84679,19.99,1073223,87,Indie,Ghost Ship Publishing,Guidelight Games,https://shared.akamai.steamstatic.com/store_item_assets/steam/apps/1990110/41bced991eb3f9626c6b4567c079259bb7354ef1/header.jpg?t=1754555105,https://store.steampowered.com/app/1990110
1951410,WE ARE FOOTBALL 2024,False,2024-03-04T05:00:00.000Z,False,35835,39.99,1064008,81,Indie,"HandyGames,THQ Nordic",Winning Streak Games,https://shared.akamai.steamstatic.com/store_item_assets/steam/apps/1951410/header.jpg?t=1762937541,https://store.steampowered.com/app/1951410
1360810,Office Life,False,2024-05-19T04:00:00.000Z,False,81982,19.99,1047903,89,Indie,2P Games,LeiYun Games,https://shared.akamai.steamstatic.com/store_item_assets/steam/apps/1360810/header.jpg?t=1750933806,https://store.steampowered.com/app/1360810
2128940,THE 4 SINS,False,2024-06-02T04:00:00.000Z,False,184706,9.99,1045959,24,AA,"Gamirror Games,奇门互娱",奇门互娱,https://shared.akamai.steamstatic.com/store_item_assets/steam/apps/2128940/header.jpg?t=1757584290,https://store.steampowered.com/app/2128940
2955300,Idol Party,False,2024-08-15T00:00:00.000Z,False,47780,0,1044698,74,Indie,LONGYOU TECHNOLOGY PTE.LTD.,LONGYOU TECHNOLOGY PTE.LTD.,https://shared.akamai.steamstatic.com/store_item_assets/steam/apps/2955300/d733d703a5f4877476ccff3d649b9e83b86b35b9/header.jpg?t=1761047503,https://store.steampowered.com/app/2955300
1127700,Reverse Collapse: Code Name Bakery,False,2024-03-21T04:00:00.000Z,False,60173,24.99,1038150,79,AA,XD,"Shanghai Sunborn Network Technology Co., Ltd.",https://shared.akamai.steamstatic.com/store_item_assets/steam/apps/1127700/header.jpg?t=1762224382,https://store.steampowered.com/app/1127700
2086430,NIMRODS,False,2024-10-28T00:00:00.000Z,True,116343,9.99,1028652,86,Indie,Fiveamp,Fiveamp,https://shared.akamai.steamstatic.com/store_item_assets/steam/apps/2086430/121d01ea211486e0770f8b1f3aec09dccba60d2e/header_alt_assets_4.jpg?t=1763501411,https://store.steampowered.com/app/2086430
2749770,Galaxy Burger,False,2024-08-23T00:00:00.000Z,False,116883,11.99,1028046,97,Indie,Galactic Workshop,Galactic Workshop,https://shared.akamai.steamstatic.com/store_item_assets/steam/apps/2749770/header.jpg?t=1763460136,https://store.steampowered.com/app/2749770
3017450,Dirty League 🔞,False,2024-10-11T00:00:00.000Z,False,92538,0,1015295,70,Indie,Flushee 💘,Flushee 💘,https://shared.akamai.steamstatic.com/store_item_assets/steam/apps/3017450/header.jpg?t=1750952034,https://store.steampowered.com/app/3017450
2717880,The Rogue Prince of Persia,False,2024-05-27T04:00:00.000Z,False,58997,29.99,1004603,90,AAA,Ubisoft,Evil Empire,https://shared.akamai.steamstatic.com/store_item_assets/steam/apps/2717880/60249410daa51cc5e6cac5b32cafb369c44937e5/header.jpg?t=1758209745,https://store.steampowered.com/app/2717880
2178480,Shiren the Wanderer: The Mystery Dungeon of Serpentcoil Island,False,2024-12-11T00:00:00.000Z,False,30607,39.99,1004545,89,AA,"Spike Chunsoft Co., Ltd.","Spike Chunsoft Co., Ltd.",https://shared.akamai.steamstatic.com/store_item_assets/steam/apps/2178480/header.jpg?t=1738230227,https://store.steampowered.com/app/2178480
2693930,Dice & Fold,False,2024-06-24T04:00:00.000Z,False,123842,12.99,1000160,85,Indie,"Rogue Duck Interactive,Gamersky Games",Tinymice Entertainment,https://shared.akamai.steamstatic.com/store_item_assets/steam/apps/2693930/7fcbaff6b075af81fb43272f89ba2edf71c68902/header.jpg?t=1763543016,https://store.steampowered.com/app/2693930
1989070,Synergy,False,2024-05-21T04:00:00.000Z,False,55464,24.99,995929,81,Indie,"Goblinz Publishing,H2 Interactive Co., Ltd.",Leikir Studio,https://shared.akamai.steamstatic.com/store_item_assets/steam/apps/1989070/header.jpg?t=1745317904,https://store.steampowered.com/app/1989070
3204250,Lost But Found,False,2024-11-25T00:00:00.000Z,False,235224,6.99,992629,75,Indie,"Rogue Duck Interactive,Gamersky Games",Rogue Duck Interactive,https://shared.akamai.steamstatic.com/store_item_assets/steam/apps/3204250/header.jpg?t=1763543133,https://store.steampowered.com/app/3204250
1775490,Slice & Dice,False,2024-03-20T04:00:00.000Z,False,113683,8.99,984379,97,Indie,Tann,Tann,https://shared.akamai.steamstatic.com/store_item_assets/steam/apps/1775490/header.jpg?t=1747078938,https://store.steampowered.com/app/1775490
1416960,Everafter Falls,False,2024-06-20T04:00:00.000Z,False,62395,19.99,978901,84,Indie,Akupara Games,SquareHusky,https://shared.akamai.steamstatic.com/store_item_assets/steam/apps/1416960/header.jpg?t=1751346042,https://store.steampowered.com/app/1416960
1909840,JIANGHU CHRONICLES,False,2024-07-31T00:00:00.000Z,False,91074,17.99,972144,72,Indie,方块游戏(CubeGame),一品阁,https://shared.akamai.steamstatic.com/store_item_assets/steam/apps/1909840/856d7fa73181489bf810039eb8eda9723ab9daa6/header_alt_assets_0.jpg?t=1763435454,https://store.steampowered.com/app/1909840
2450450,MEGATON MUSASHI W: WIRED,False,2024-04-24T04:00:00.000Z,False,26710,49.99,968385,80,Indie,LEVEL5 Inc.,LEVEL5 Inc.,https://shared.akamai.steamstatic.com/store_item_assets/steam/apps/2450450/header.jpg?t=1732696320,https://store.steampowered.com/app/2450450
3107330,Nodebuster,False,2024-08-13T00:00:00.000Z,False,364066,2.99,964816,98,Indie,Goblobin,Goblobin,https://shared.akamai.steamstatic.com/store_item_assets/steam/apps/3107330/header.jpg?t=1746551295,https://store.steampowered.com/app/3107330
2458560,Zoochosis,False,2024-09-30T00:00:00.000Z,False,49472,24.99,958260,60,Indie,"Clapperheads,Playworks",Clapperheads,https://shared.akamai.steamstatic.com/store_item_assets/steam/apps/2458560/header.jpg?t=1756148300,https://store.steampowered.com/app/2458560
2467810,Orebound,False,2024-10-24T00:00:00.000Z,True,54401,24.99,956760,76,Indie,Emberforge,Emberforge,https://shared.akamai.steamstatic.com/store_item_assets/steam/apps/2467810/header.jpg?t=1763661135,https://store.steampowered.com/app/2467810
2594540,Motel Manager Simulator,False,2024-08-26T00:00:00.000Z,False,57471,17.99,935892,85,Indie,Denzone Games,Denzone Games,https://shared.akamai.steamstatic.com/store_item_assets/steam/apps/2594540/header.jpg?t=1752541428,https://store.steampowered.com/app/2594540
1507580,Enigma of Fear,False,2024-11-28T00:00:00.000Z,False,70120,29.99,934168,97,Indie,"Dumativa,CriticalLeap","Dumativa,Cellbit",https://shared.akamai.steamstatic.com/store_item_assets/steam/apps/1507580/header.jpg?t=1759955245,https://store.steampowered.com/app/1507580
1610440,Minds Beneath Us,False,2024-07-31T00:00:00.000Z,False,65028,19.99,928964,96,Indie,BearBoneStudio,BearBoneStudio,https://shared.akamai.steamstatic.com/store_item_assets/steam/apps/1610440/header.jpg?t=1763975720,https://store.steampowered.com/app/1610440
1519090,Welcome to ParadiZe,False,2024-02-29T05:00:00.000Z,False,46597,29.99,914023,67,AA,Nacon,Eko Software,https://shared.akamai.steamstatic.com/store_item_assets/steam/apps/1519090/header.jpg?t=1764149579,https://store.steampowered.com/app/1519090
2699820,Shin chan: Shiro and the Coal Town,False,2024-10-23T00:00:00.000Z,False,36242,29.99,909649,96,Indie,Neos Corporation,"h.a.n.d., Inc.",https://shared.akamai.steamstatic.com/store_item_assets/steam/apps/2699820/header.jpg?t=1748340501,https://store.steampowered.com/app/2699820
2689120,Gladio Mori,False,2024-11-26T00:00:00.000Z,True,75525,15.99,902723,84,Indie,"Bonus Stage Publishing,Korgi Digital (China)",Plebeian Studio,https://shared.akamai.steamstatic.com/store_item_assets/steam/apps/2689120/header.jpg?t=1759659552,https://store.steampowered.com/app/2689120
1858650,In Sink: A Co-op Escape Adventure,False,2024-11-12T00:00:00.000Z,False,87146,14.99,901632,87,Indie,Kwalee,Clock Out Games,https://shared.akamai.steamstatic.com/store_item_assets/steam/apps/1858650/header.jpg?t=1754475664,https://store.steampowered.com/app/1858650
2631250,Slitterhead,False,2024-11-08T00:00:00.000Z,False,25361,49.99,899587,79,Indie,Bokeh Game Studio lnc.,Bokeh Game Studio lnc.,https://shared.akamai.steamstatic.com/store_item_assets/steam/apps/2631250/header.jpg?t=1746673003,https://store.steampowered.com/app/2631250
2400770,Dungeon Tycoon,False,2024-09-25T00:00:00.000Z,False,75745,14.99,896866,78,Indie,"Goblinz Publishing,Maple Whispering Limited",Lunheim Studios,https://shared.akamai.steamstatic.com/store_item_assets/steam/apps/2400770/header.jpg?t=1753455547,https://store.steampowered.com/app/2400770
2649970,Steps of Debauchery,False,2024-02-05T05:00:00.000Z,True,74458,14.99,892335,93,Indie,FooxiedGames,FooxiedGames,https://shared.akamai.steamstatic.com/store_item_assets/steam/apps/2649970/header.jpg?t=1738922337,https://store.steampowered.com/app/2649970
2379910,Dystopika,False,2024-06-21T04:00:00.000Z,False,159252,6.99,885722,96,Indie,"Voids Within,UNIKAT Label",Voids Within,https://shared.akamai.steamstatic.com/store_item_assets/steam/apps/2379910/header.jpg?t=1763620973,https://store.steampowered.com/app/2379910
3170540,Backyard Baseball '97,False,2024-10-10T00:00:00.000Z,False,95893,9.99,882035,97,Indie,Playground Productions,Mega Cat Studios,https://shared.akamai.steamstatic.com/store_item_assets/steam/apps/3170540/header.jpg?t=1747961385,https://store.steampowered.com/app/3170540
2958970,The Thing: Remastered,False,2024-12-05T00:00:00.000Z,False,37194,29.99,874880,91,Indie,Nightdive Studios,"Nightdive Studios,Computer Artworks",https://shared.akamai.steamstatic.com/store_item_assets/steam/apps/2958970/header.jpg?t=1759332713,https://store.steampowered.com/app/2958970
1707990,Skydance's BEHEMOTH,False,2024-12-05T00:00:00.000Z,False,25924,39.99,873900,75,Indie,Skydance Games,Skydance Games,https://shared.akamai.steamstatic.com/store_item_assets/steam/apps/1707990/b52d0d980c44dda97e5a5f51e5c3acd5e77ce01a/header.jpg?t=1748977948,https://store.steampowered.com/app/1707990
2144640,Endzone 2,False,2024-08-26T00:00:00.000Z,False,55474,29.99,872016,70,Indie,Assemble Entertainment,Gentlymad Studios,https://shared.akamai.steamstatic.com/store_item_assets/steam/apps/2144640/32efc5c2665c63db6b235413a7923482b2afa797/header.jpg?t=1753366767,https://store.steampowered.com/app/2144640
1309950,Children of the Sun,False,2024-04-09T04:00:00.000Z,False,81662,14.99,859575,93,AA,Devolver Digital,René Rother,https://shared.akamai.steamstatic.com/store_item_assets/steam/apps/1309950/header.jpg?t=1745814512,https://store.steampowered.com/app/1309950
2694420,KILL KNIGHT,False,2024-10-02T00:00:00.000Z,False,83303,14.99,858933,94,Indie,PlaySide,PlaySide,https://shared.akamai.steamstatic.com/store_item_assets/steam/apps/2694420/5e25e0f0aad7a87dfdc1180de104b38728299d46/header_alt_assets_0.jpg?t=1761624338,https://store.steampowered.com/app/2694420
2739600,Kalpa of Sword,False,2024-01-31T05:00:00.000Z,False,311876,0,856735,70,Indie,Orienjoy,孤帆工作室,https://shared.akamai.steamstatic.com/store_item_assets/steam/apps/2739600/8db69f35370d1949098822effe92ee27df99ea26/header.jpg?t=1749519796,https://store.steampowered.com/app/2739600
2710480,The Wife Next Door,False,2024-11-27T00:00:00.000Z,False,76852,16.99,850216,89,Indie,"Playmeow,CS Game,Playmeow News","雪山雞白郎,SnowGBL",https://shared.akamai.steamstatic.com/store_item_assets/steam/apps/2710480/header.jpg?t=1755054659,https://store.steampowered.com/app/2710480
2676840,No Case Should Remain Unsolved,False,2024-01-17T05:00:00.000Z,False,156060,6.99,849801,97,Indie,Somi,Somi,https://shared.akamai.steamstatic.com/store_item_assets/steam/apps/2676840/header.jpg?t=1747299882,https://store.steampowered.com/app/2676840
2678990,Minami Lane,False,2024-02-28T05:00:00.000Z,False,206807,4.99,847642,98,Indie,"Doot Tiny Games,Wholesome Games Presents","Doot,Blibloop,Zakku",https://shared.akamai.steamstatic.com/store_item_assets/steam/apps/2678990/header.jpg?t=1761904200,https://store.steampowered.com/app/2678990
1713350,Project Castaway,False,2024-09-23T00:00:00.000Z,True,59008,19.99,847566,68,Indie,Mardonpol Inc.,Mardonpol Inc.,https://shared.akamai.steamstatic.com/store_item_assets/steam/apps/1713350/header.jpg?t=1742583319,https://store.steampowered.com/app/1713350
1631470,Critter Cove,False,2024-09-10T00:00:00.000Z,True,41697,24.99,845537,95,Indie,Gentleman Rat Studios,Gentleman Rat Studios,https://shared.akamai.steamstatic.com/store_item_assets/steam/apps/1631470/81e73a559086fb2a73b752adf7bce9b6c0a204f8/header.jpg?t=1763124200,https://store.steampowered.com/app/1631470
2235020,Contra: Operation Galuga,False,2024-03-12T04:00:00.000Z,False,31745,39.99,840152,87,AAA,KONAMI,WayForward,https://shared.akamai.steamstatic.com/store_item_assets/steam/apps/2235020/header.jpg?t=1747196458,https://store.steampowered.com/app/2235020
2644610,Menace from the Deep,False,2024-11-11T00:00:00.000Z,False,73753,16.99,838819,84,Indie,"Flat Lab,Gamersky Games",Flat Lab,https://shared.akamai.steamstatic.com/store_item_assets/steam/apps/2644610/header.jpg?t=1763993561,https://store.steampowered.com/app/2644610
2719200,SAMURAI WARRIORS 4 DX,False,2024-05-13T04:00:00.000Z,False,23178,49.99,838591,87,AA,"KOEI TECMO GAMES CO., LTD.","KOEI TECMO GAMES CO., LTD.",https://shared.akamai.steamstatic.com/store_item_assets/steam/apps/2719200/header.jpg?t=1760593937,https://store.steampowered.com/app/2719200
1691190,Rogue Waters,False,2024-09-30T00:00:00.000Z,False,38883,29.99,836305,80,AA,Tripwire Presents,Ice Code Games,https://shared.akamai.steamstatic.com/store_item_assets/steam/apps/1691190/header.jpg?t=1748339686,https://store.steampowered.com/app/1691190
2085370,Classified: France '44,False,2024-03-05T05:00:00.000Z,False,33856,34.99,832402,75,AA,Team17,Absolutely Games,https://shared.akamai.steamstatic.com/store_item_assets/steam/apps/2085370/header.jpg?t=1763036952,https://store.steampowered.com/app/2085370
998400,Trans-Siberian Railway Simulator,False,2024-05-30T04:00:00.000Z,True,57131,19.99,817610,91,AA,PlayWay S.A.,Pentacle,https://shared.akamai.steamstatic.com/store_item_assets/steam/apps/998400/header.jpg?t=1764003183,https://store.steampowered.com/app/998400
2386720,STRAFTAT,False,2024-10-24T00:00:00.000Z,False,1185638,0,817061,96,Indie,Lemaitre Bros,"Sirius Lemaitre,Léonard Lemaitre",https://shared.akamai.steamstatic.com/store_item_assets/steam/apps/2386720/ea002b484a1346a95d2c28f9bd932285e352f3c6/header.jpg?t=1762825738,https://store.steampowered.com/app/2386720
1471270,Seablip,False,2024-05-17T04:00:00.000Z,True,64175,14.99,813051,83,Indie,Vibedy,Jardar Solli,https://shared.akamai.steamstatic.com/store_item_assets/steam/apps/1471270/b92a9a4c7bab08eebdaca3c5df541beda05b3892/header.jpg?t=1764087666,https://store.steampowered.com/app/1471270
1439750,9-Bit Armies: A Bit Too Far,False,2024-02-23T05:00:00.000Z,False,52652,19.99,813010,82,Indie,Petroglyph,Petroglyph,https://shared.akamai.steamstatic.com/store_item_assets/steam/apps/1439750/header.jpg?t=1757962768,https://store.steampowered.com/app/1439750
2118810,Breachway,False,2024-09-26T00:00:00.000Z,True,56639,19.99,807828,75,AA,Hooded Horse,Edgeflow Studio,https://shared.akamai.steamstatic.com/store_item_assets/steam/apps/2118810/header.jpg?t=1764000762,https://store.steampowered.com/app/2118810
1590760,Metal Slug Tactics,False,2024-11-05T00:00:00.000Z,False,42560,24.99,807430,79,Indie,"Dotemu,Gamirror Games",Leikir Studio,https://shared.akamai.steamstatic.com/store_item_assets/steam/apps/1590760/header.jpg?t=1763548713,https://store.steampowered.com/app/1590760
2961530,Fears to Fathom - Woodbury Getaway,False,2024-09-12T00:00:00.000Z,False,95904,9.99,794264,87,Indie,Rayll Studios,Rayll Studios,https://shared.akamai.steamstatic.com/store_item_assets/steam/apps/2961530/header.jpg?t=1761626768,https://store.steampowered.com/app/2961530
2313020,Umamusume: Pretty Derby - Party Dash,False,2024-08-29T00:00:00.000Z,False,36319,44.99,793068,70,AA,"Cygames, Inc.","Cygames, Inc.,Arc System Works",https://shared.akamai.steamstatic.com/store_item_assets/steam/apps/2313020/header.jpg?t=1759219347,https://store.steampowered.com/app/2313020
2389040,ShapeHero Factory,False,2024-11-05T00:00:00.000Z,False,51038,23.99,792855,89,Indie,"Asobism.Co.,Ltd","Asobism.Co.,Ltd",https://shared.akamai.steamstatic.com/store_item_assets/steam/apps/2389040/59cb8dd40fc57435ce2aec87b6147532241eee2a/header.jpg?t=1761554229,https://store.steampowered.com/app/2389040
2533960,SUMMERHOUSE,False,2024-03-08T05:00:00.000Z,False,227422,4.99,792810,94,Indie,Future Friends Games,Friedemann,https://shared.akamai.steamstatic.com/store_item_assets/steam/apps/2533960/header.jpg?t=1763035504,https://store.steampowered.com/app/2533960
1452250,Underground Garage,False,2024-11-07T00:00:00.000Z,True,40138,24.99,790360,74,AA,astragon Entertainment,BeardedBrothers.games,https://shared.akamai.steamstatic.com/store_item_assets/steam/apps/1452250/32d501c6122767ee5c540ddd720340d02e80f429/header.jpg?t=1762863719,https://store.steampowered.com/app/1452250
2224640,Artisan TD,False,2024-07-22T00:00:00.000Z,False,58532,16.99,788026,89,Indie,Unexpected,4rtisans,https://shared.akamai.steamstatic.com/store_item_assets/steam/apps/2224640/header.jpg?t=1746434385,https://store.steampowered.com/app/2224640
2407830,Trash Goblin,False,2024-11-06T00:00:00.000Z,False,55470,19.99,777852,90,Indie,Spilt Milk Studios Ltd,Spilt Milk Studios Ltd,https://shared.akamai.steamstatic.com/store_item_assets/steam/apps/2407830/header.jpg?t=1763661920,https://store.steampowered.com/app/2407830
2674590,Beltmatic,False,2024-03-29T04:00:00.000Z,False,129231,6.99,770643,94,Indie,Notional Games,Notional Games,https://shared.akamai.steamstatic.com/store_item_assets/steam/apps/2674590/header.jpg?t=1744824205,https://store.steampowered.com/app/2674590
1286990,CONSCRIPT,False,2024-07-23T00:00:00.000Z,False,55626,19.99,767719,90,AA,Team17,"Jordan Mochi,Catchweight Studio",https://shared.akamai.steamstatic.com/store_item_assets/steam/apps/1286990/header.jpg?t=1763727882,https://store.steampowered.com/app/1286990
2653940,Star Trek: Resurgence,False,2024-05-23T04:00:00.000Z,False,51498,24.99,762606,90,Indie,Bruner House,Dramatic Labs,https://shared.akamai.steamstatic.com/store_item_assets/steam/apps/2653940/header.jpg?t=1720715203,https://store.steampowered.com/app/2653940
2289650,Mini Airways - ATC simulator,False,2024-07-30T00:00:00.000Z,False,102431,9.99,760422,93,Indie,Erabit,CCC Games,https://shared.akamai.steamstatic.com/store_item_assets/steam/apps/2289650/dc5c3bb955f1c134083f932285d754518adebc73/header.jpg?t=1759202093,https://store.steampowered.com/app/2289650
2445990,Bloomtown: A Different Story,False,2024-09-24T00:00:00.000Z,False,50738,24.99,756353,86,Indie,Twin Sails Interactive,"Lazy Bear Games,Different Sense Games",https://shared.akamai.steamstatic.com/store_item_assets/steam/apps/2445990/0493011e96fb4b23c836aa00f5728aef98c120e8/header.jpg?t=1759743416,https://store.steampowered.com/app/2445990
1417930,Lorn's Lure,False,2024-09-20T00:00:00.000Z,False,58537,14.99,749343,88,Indie,Rubeki Games,Rubeki Games,https://shared.akamai.steamstatic.com/store_item_assets/steam/apps/1417930/header.jpg?t=1742149194,https://store.steampowered.com/app/1417930
1955230,Penny’s Big Breakaway,False,2024-02-21T05:00:00.000Z,False,34611,29.99,748616,81,AA,Private Division,Evening Star,https://shared.akamai.steamstatic.com/store_item_assets/steam/apps/1955230/header.jpg?t=1738037593,https://store.steampowered.com/app/1955230
2299900,Felvidek,False,2024-03-29T04:00:00.000Z,False,81745,10.99,747977,99,Indie,Tutto Passa,"Jozef Pavelka,Vlado Ganaj",https://shared.akamai.steamstatic.com/store_item_assets/steam/apps/2299900/header.jpg?t=1748904703,https://store.steampowered.com/app/2299900
1456940,Level Zero: Extraction,False,2024-08-13T00:00:00.000Z,False,44713,19.99,740452,52,AA,tinyBuild,Doghowl Games,https://shared.akamai.steamstatic.com/store_item_assets/steam/apps/1456940/header.jpg?t=1757530019,https://store.steampowered.com/app/1456940
1159420,Robin Hood - Sherwood Builders,False,2024-02-29T05:00:00.000Z,False,36877,29.99,740176,70,AA,"PlayWay S.A.,Ritual Interactive",MeanAstronauts,https://shared.akamai.steamstatic.com/store_item_assets/steam/apps/1159420/header.jpg?t=1762260786,https://store.steampowered.com/app/1159420
2262080,Omega Crafter,False,2024-03-28T04:00:00.000Z,False,36285,24.99,737180,79,Indie,Preferred Networks,Preferred Networks,https://shared.akamai.steamstatic.com/store_item_assets/steam/apps/2262080/header.jpg?t=1747276827,https://store.steampowered.com/app/2262080
2962810,Galaxy Idle Clicker,False,2024-07-18T00:00:00.000Z,False,113845,0,733172,74,Indie,TimeLost Gaming,Soehnle,https://shared.akamai.steamstatic.com/store_item_assets/steam/apps/2962810/d6fc4de48e33a56bdfed87b4d124ca7028c47afc/header.jpg?t=1756072924,https://store.steampowered.com/app/2962810
1564600,The Last Plague: Blight,False,2024-10-03T00:00:00.000Z,True,53957,16.99,732628,90,Indie,Original Studios,Original Studios,https://shared.akamai.steamstatic.com/store_item_assets/steam/apps/1564600/header.jpg?t=1751993896,https://store.steampowered.com/app/1564600
2436570,DRAGON QUEST BUILDERS,False,2024-02-13T05:00:00.000Z,False,36080,27.99,732539,90,AA,Square Enix,Square Enix,https://shared.akamai.steamstatic.com/store_item_assets/steam/apps/2436570/header.jpg?t=1734542581,https://store.steampowered.com/app/2436570
2844850,FANTASIAN Neo Dimension,False,2024-12-05T00:00:00.000Z,False,19177,49.99,727700,79,AA,Square Enix,Mistwalker Corporation,https://shared.akamai.steamstatic.com/store_item_assets/steam/apps/2844850/header.jpg?t=1751340059,https://store.steampowered.com/app/2844850
2213190,DEATH NOTE Killer Within,False,2024-11-05T00:00:00.000Z,False,80802,9.99,720477,86,AA,Bandai Namco Entertainment Inc.,Grounding Inc.,https://shared.akamai.steamstatic.com/store_item_assets/steam/apps/2213190/header.jpg?t=1756245780,https://store.steampowered.com/app/2213190
2238040,Tiny Terry's Turbo Trip,False,2024-05-30T04:00:00.000Z,False,60184,17.99,719957,95,Indie,Super Rare Originals,snekflat,https://shared.akamai.steamstatic.com/store_item_assets/steam/apps/2238040/header.jpg?t=1763478739,https://store.steampowered.com/app/2238040
2428810,LEGO® Horizon Adventures™,False,2024-11-14T00:00:00.000Z,False,17742,39.99,717151,60,AAA,PlayStation Publishing LLC,"Guerrilla Games,Studio Gobo",https://shared.akamai.steamstatic.com/store_item_assets/steam/apps/2428810/header.jpg?t=1763579756,https://store.steampowered.com/app/2428810
2763670,Arctic Eggs,False,2024-05-16T04:00:00.000Z,False,102225,9.99,713042,96,Indie,CRITICAL REFLEX,"The Water Museum,cockydoody,abmarnie,Cameron Ginex",https://shared.akamai.steamstatic.com/store_item_assets/steam/apps/2763670/header.jpg?t=1751896964,https://store.steampowered.com/app/2763670
2706300,MILF's Plaza,False,2024-04-19T04:00:00.000Z,False,68092,14.99,706768,73,Indie,TopHouse Publishing,Texic,https://shared.akamai.steamstatic.com/store_item_assets/steam/apps/2706300/header.jpg?t=1763406287,https://store.steampowered.com/app/2706300
2774380,Hospital 666,False,2024-03-05T05:00:00.000Z,False,121616,7.99,706070,72,Indie,Lokin,Lokin,https://shared.akamai.steamstatic.com/store_item_assets/steam/apps/2774380/header.jpg?t=1744499333,https://store.steampowered.com/app/2774380
2450700,Drug Lord Tycoon,False,2024-07-31T00:00:00.000Z,True,70565,9.99,705482,82,Indie,Duhndal,Duhndal,https://shared.akamai.steamstatic.com/store_item_assets/steam/apps/2450700/header.jpg?t=1722431262,https://store.steampowered.com/app/2450700
2230980,Caribbean Legend,False,2024-02-15T05:00:00.000Z,False,46165,29.99,704214,77,Indie,"BlackMark Studio,Valkyrie Initiative",BlackMark Studio,https://shared.akamai.steamstatic.com/store_item_assets/steam/apps/2230980/2586da48bfd6ac63bd83b9067009508510c22d0f/header.jpg?t=1761930947,https://store.steampowered.com/app/2230980
2076140,Tavern Talk - A Cozy Visual Novel,False,2024-06-20T04:00:00.000Z,False,48611,17.99,703838,89,Indie,Gentle Troll Entertainment,Gentle Troll Entertainment,https://shared.akamai.steamstatic.com/store_item_assets/steam/apps/2076140/754dc75960f46ed0680b4bb1e16816eda86d3f04/header_alt_assets_10.jpg?t=1763374863,https://store.steampowered.com/app/2076140
2649480,Spirit Valley,False,2024-10-30T00:00:00.000Z,False,68732,14.99,701741,91,Indie,Critical Bliss,Otterside Games,https://shared.akamai.steamstatic.com/store_item_assets/steam/apps/2649480/b4ea08bb8d68f9048b835064352eb514e302f7a6/header.jpg?t=1763636698,https://store.steampowered.com/app/2649480
2544110,Broken Sword - Shadow of the Templars: Reforged,False,2024-09-19T00:00:00.000Z,False,31590,29.99,701013,96,Indie,Revolution Software Ltd,Revolution Software Ltd,https://shared.akamai.steamstatic.com/store_item_assets/steam/apps/2544110/header.jpg?t=1763664728,https://store.steampowered.com/app/2544110
2366970,Arco,False,2024-08-15T00:00:00.000Z,False,48241,19.99,700818,96,Indie,Panic,"Franek,Max Cahill,Bibiki,Fáyer",https://shared.akamai.steamstatic.com/store_item_assets/steam/apps/2366970/header.jpg?t=1732725413,https://store.steampowered.com/app/2366970
2153350,Brothers: A Tale of Two Sons Remake,False,2024-02-28T05:00:00.000Z,False,68193,19.99,697150,72,AA,505 Games,Avantgarden SRL,https://shared.akamai.steamstatic.com/store_item_assets/steam/apps/2153350/header.jpg?t=1727773982,https://store.steampowered.com/app/2153350
24880,The Saboteur™,False,2024-03-07T05:00:00.000Z,False,129779,9.99,689421,92,AAA,Electronic Arts,Pandemic Studios,https://shared.akamai.steamstatic.com/store_item_assets/steam/apps/24880/header.jpg?t=1718287884,https://store.steampowered.com/app/24880
2758000,Vanity Fair: The Pursuit,False,2024-02-19T05:00:00.000Z,False,155737,6.99,688762,88,Indie,"Wave Games,木焱工作室,CC_Games",木焱工作室,https://shared.akamai.steamstatic.com/store_item_assets/steam/apps/2758000/header.jpg?t=1761806268,https://store.steampowered.com/app/2758000
2507980,Meta-Ghost: The Breaking Show,False,2024-04-24T04:00:00.000Z,True,52414,17.99,682542,68,Indie,"Flawless Gaming,Erabit",Scarecrow Studio,https://shared.akamai.steamstatic.com/store_item_assets/steam/apps/2507980/header.jpg?t=1764063422,https://store.steampowered.com/app/2507980
2603020,Citadelum,False,2024-10-17T00:00:00.000Z,False,41003,24.99,682477,83,Indie,Abylight Studios,Abylight Barcelona,https://shared.akamai.steamstatic.com/store_item_assets/steam/apps/2603020/65204bce198b2cfad1b472d7b5f1e05ead3148e7/header.jpg?t=1762748641,https://store.steampowered.com/app/2603020
2275020,Backrooms Rec.,False,2024-03-06T05:00:00.000Z,True,143327,6.99,682195,70,Indie,Liminal Logic,Liminal Logic,https://shared.akamai.steamstatic.com/store_item_assets/steam/apps/2275020/8977db362c14bc1d99bc44c026c06492ec5bffd6/header.jpg?t=1742114481,https://store.steampowered.com/app/2275020
1108270,Nova: Space Armada,False,2024-10-21T00:00:00.000Z,False,10669,0,679515,49,Indie,STONE3 PTE. LTD.,STONE3 PTE. LTD.,https://shared.akamai.steamstatic.com/store_item_assets/steam/apps/1108270/header.jpg?t=1730497155,https://store.steampowered.com/app/1108270
2010030,Denizen,False,2024-04-29T04:00:00.000Z,True,39803,19.99,676791,76,Indie,Departure Interactive,Departure Interactive,https://shared.akamai.steamstatic.com/store_item_assets/steam/apps/2010030/8476751f42bd175389ff4371d8fca37624d8abb7/header.jpg?t=1755985954,https://store.steampowered.com/app/2010030
