steamId,firstReleaseDate,copiesSold,price,revenue,reviewScore
1172470,2020-11-04T05:00:00.000Z,73120117,0,1531911591,67
1086940,2020-10-06T04:00:00.000Z,15431751,59.99,756241033,97
1091500,2020-12-09T05:00:00.000Z,21415338,59.99,744203414,86
1172620,2020-06-03T04:00:00.000Z,12132753,39.99,273647625,89
739630,2020-09-18T04:00:00.000Z,21368718,19.99,246460503,96
261550,2020-03-30T04:00:00.000Z,6672317,49.99,234557001,88
526870,2020-06-08T00:00:00.000Z,7198812,39.99,170527866,97
782330,2020-03-19T04:00:00.000Z,6087471,39.99,169809262,91
1222670,2020-06-18T04:00:00.000Z,24506288,0,159524696,87
1158310,2020-09-01T04:00:00.000Z,5116811,49.99,152838251,91
397540,2020-03-13T04:00:00.000Z,8943311,59.99,143681302,81
962130,2020-07-28T04:00:00.000Z,4644612,39.99,121331922,90
1286830,2020-07-21T04:00:00.000Z,5711233,0,119540368,90
546560,2020-03-23T04:00:00.000Z,2892227,59.99,117361697,98
1238810,2020-06-01T00:00:00.000Z,16120717,49.99,112843008,71
1151340,2020-04-14T04:00:00.000Z,4991737,39.99,101218360,73
1222140,2020-06-18T04:00:00.000Z,6226511,39.99,98482630,96
1222680,2020-06-04T04:00:00.000Z,7958130,69.99,87999002,84
1250410,2020-08-17T04:00:00.000Z,1796304,59.99,86884565,79
1049590,2020-10-14T04:00:00.000Z,5641368,0,80607929,76
1057090,2020-03-10T04:00:00.000Z,5394795,29.99,77186670,97
1237970,2020-06-18T04:00:00.000Z,12401338,29.99,61576773,96
1056640,2020-08-05T04:00:00.000Z,2401759,0,61460921,70
495420,2020-03-13T04:00:00.000Z,3819607,29.99,57669579,83
1238840,2020-06-11T04:00:00.000Z,11672711,39.99,57051552,87
1217060,2020-05-05T04:00:00.000Z,4744915,19.99,54113965,93
1343400,2020-10-14T04:00:00.000Z,3897446,0,52538791,82
1167630,2020-10-29T04:00:00.000Z,2901191,29.99,52489136,96
1129580,2020-09-17T04:00:00.000Z,2197254,34.99,51628202,91
1139900,2020-10-27T04:00:00.000Z,2780059,29.99,50718336,91
851850,2020-01-16T05:00:00.000Z,1788027,19.99,50055663,93
1229490,2020-01-29T05:00:00.000Z,2356135,24.99,44874437,98
753640,2020-06-18T04:00:00.000Z,2763567,24.99,42274299,96
745920,2020-01-21T05:00:00.000Z,1316230,44.99,41559670,82
1030840,2020-09-24T04:00:00.000Z,3947549,39.99,40357776,87
1151640,2020-08-07T04:00:00.000Z,5498520,0,37302365,88
952060,2020-04-01T00:00:00.000Z,3171904,59.99,37238630,82
870780,2020-08-27T04:00:00.000Z,2501640,39.99,36388573,87
1237950,2020-06-11T04:00:00.000Z,3701933,39.99,34837120,88
1235140,2020-11-10T05:00:00.000Z,1269974,19.99,32202764,94
1222730,2020-10-01T04:00:00.000Z,1582771,39.99,31161358,65
719040,2020-08-27T04:00:00.000Z,890291,39.99,30199779,85
1258080,2020-05-05T04:00:00.000Z,3155154,0,30087261,78
1222700,2020-06-18T04:00:00.000Z,4794498,29.99,29899949,88
1113000,2020-06-13T04:00:00.000Z,1953162,19.99,29801540,97
578650,2020-10-23T04:00:00.000Z,1347133,29.99,27133882,83
1335200,2020-10-05T04:00:00.000Z,2327018,0,25117022,83
1404210,2020-12-01T05:00:00.000Z,2473418,19.99,24433860,83
1147560,2020-02-18T05:00:00.000Z,2351748,19.99,24283641,93
1307550,2020-09-04T04:00:00.000Z,1229666,24.99,22981349,77
1238860,2020-06-11T04:00:00.000Z,3674195,39.99,22387819,85
1213210,2020-06-05T04:00:00.000Z,1784297,19.99,21922374,91
837470,2020-09-23T04:00:00.000Z,2143666,19.99,21605550,96
1377580,2020-10-01T00:00:00.000Z,1413401,0,21391156,71
972660,2020-08-18T04:00:00.000Z,2248962,29.99,21091010,95
1089090,2020-03-26T04:00:00.000Z,1144320,39.99,20119248,92
1102190,2020-05-21T04:00:00.000Z,1452615,24.99,20097880,96
933110,2020-10-15T04:00:00.000Z,6570003,0,19741602,85
916840,2020-01-23T05:00:00.000Z,634281,19.99,19666684,86
1150690,2020-12-25T05:00:00.000Z,1346096,19.99,19638836,97
872410,2020-01-15T05:00:00.000Z,534468,59.99,19572174,63
1144400,2020-02-14T05:00:00.000Z,1024468,34.99,18365427,99
895400,2020-04-14T04:00:00.000Z,1251886,24.99,17996427,76
1030830,2020-05-19T04:00:00.000Z,1509406,29.99,17175451,73
1253920,2020-08-18T04:00:00.000Z,1019626,24.99,16349907,91
1211630,2020-10-14T04:00:00.000Z,649651,29.99,15878023,96
1049410,2020-11-05T05:00:00.000Z,1390653,19.99,15668069,95
1449690,2020-10-29T04:00:00.000Z,1544329,49.99,15532234,97
1295510,2020-12-04T05:00:00.000Z,593343,39.99,15489537,93
692890,2020-08-20T04:00:00.000Z,879020,24.99,15478631,95
1161580,2020-06-16T04:00:00.000Z,837024,34.99,15394383,89
969990,2020-06-23T04:00:00.000Z,862012,29.99,15231217,94
1126320,2020-02-13T05:00:00.000Z,1374132,13.99,14819427,96
1090630,2020-03-13T04:00:00.000Z,919542,19.99,14769398,83
803330,2020-07-28T04:00:00.000Z,747642,29.99,14655473,92
1227890,2020-06-14T04:00:00.000Z,2134292,19.99,14121983,93
610370,2020-06-16T04:00:00.000Z,665457,39.99,14033144,96
1089980,2020-08-07T04:00:00.000Z,1331561,14.99,13712537,99
1041720,2020-09-08T04:00:00.000Z,534210,39.99,13215287,77
1256670,2020-05-15T04:00:00.000Z,856499,29.99,13003655,94
1239080,2020-11-03T05:00:00.000Z,641371,24.99,12648064,96
1359090,2020-08-12T04:00:00.000Z,1783432,9.99,12307599,78
1066890,2020-03-31T04:00:00.000Z,621692,39.99,12125072,92
257420,2020-09-24T04:00:00.000Z,611461,39.99,11921412,83
1259980,2020-10-08T04:00:00.000Z,905923,39.99,11821972,82
1222690,2020-06-04T04:00:00.000Z,1347817,39.99,11666825,76
1094520,2020-01-02T05:00:00.000Z,1392344,14.99,11584340,82
953490,2020-07-23T04:00:00.000Z,1007660,19.99,11111474,95
625960,2020-02-06T05:00:00.000Z,848570,24.99,10789036,74
418530,2020-09-29T04:00:00.000Z,708502,19.99,10773642,93
1096530,2020-10-20T04:00:00.000Z,698495,29.99,10728431,87
895870,2020-12-01T05:00:00.000Z,571122,24.99,10652012,94
903950,2020-03-26T04:00:00.000Z,480030,29.99,10605838,62
1211020,2020-07-08T04:00:00.000Z,750516,24.99,10281159,97
536270,2020-08-27T04:00:00.000Z,766392,39.99,10116879,78
1483870,2020-12-27T05:00:00.000Z,4866301,2.99,9907633,84
1106840,2020-05-08T04:00:00.000Z,1039713,14.99,9861321,86
1139980,2020-07-28T04:00:00.000Z,858299,17.99,9850826,88
1167450,2020-02-13T05:00:00.000Z,289933,49.99,9734781,85
1333350,2020-08-14T04:00:00.000Z,523774,0,9647035,80
1262240,2020-06-04T04:00:00.000Z,1179911,29.99,9509714,71
960990,2020-06-18T04:00:00.000Z,1584379,19.99,9442274,88
601840,2020-06-14T04:00:00.000Z,843972,19.99,9414532,94
1377380,2020-08-27T04:00:00.000Z,538028,29.99,9341006,77
979110,2020-05-21T04:00:00.000Z,636642,22.99,9272822,86
682990,2020-04-16T04:00:00.000Z,997847,19.99,9120130,87
638230,2020-06-11T04:00:00.000Z,1375685,14.99,9107647,94
1262580,2020-06-18T04:00:00.000Z,1581231,29.99,9016912,86
1178490,2020-01-06T05:00:00.000Z,1331366,12.99,8919909,90
1038250,2020-11-05T05:00:00.000Z,262299,59.99,8914412,54
1367550,2020-10-15T04:00:00.000Z,672902,19.99,8726195,94
1054490,2020-09-17T04:00:00.000Z,715365,19.99,8688932,94
1307890,2020-11-02T05:00:00.000Z,532062,19.99,8616243,91
1071870,2020-03-26T04:00:00.000Z,1361701,14.99,8313821,86
1262540,2020-06-04T04:00:00.000Z,1019636,29.99,8311098,70
1194630,2020-10-29T04:00:00.000Z,562608,19.99,8147810,74
1302240,2020-10-28T04:00:00.000Z,1187557,9.99,8120755,85
1184050,2020-04-28T04:00:00.000Z,244605,29.99,8108330,75
1267910,2020-11-19T05:00:00.000Z,1243739,9.99,8017871,90
1030210,2020-06-13T04:00:00.000Z,360296,39.99,7912628,47
985890,2020-04-30T04:00:00.000Z,539005,24.99,7695677,93
1062160,2020-05-28T04:00:00.000Z,975728,14.99,7507434,95
933820,2020-04-02T04:00:00.000Z,810526,24.99,7374447,77
1286350,2020-09-15T04:00:00.000Z,554731,19.99,7268709,91
1128810,2020-02-19T05:00:00.000Z,8723049,0,7240060,80
960690,2020-03-26T04:00:00.000Z,463733,19.99,7138711,93
1292630,2020-07-14T04:00:00.000Z,761199,0,7114249,63
924980,2020-04-24T04:00:00.000Z,199142,49.99,7098846,92
1201240,2020-08-17T04:00:00.000Z,1492558,0,7095509,88
1284410,2020-05-19T04:00:00.000Z,2503543,0,7016830,86
1238000,2020-06-11T04:00:00.000Z,838781,39.99,6917333,74
1361000,2020-10-16T04:00:00.000Z,1059800,9.99,6879697,75
1150080,2020-02-13T05:00:00.000Z,240130,39.99,6695911,69
746850,2020-04-23T04:00:00.000Z,604216,19.99,6565654,88
882100,2020-04-23T04:00:00.000Z,781547,19.99,6552687,71
897450,2020-10-09T04:00:00.000Z,1131878,32.99,6544296,77
1123770,2020-03-03T05:00:00.000Z,713441,19.99,6508936,84
1223750,2020-03-03T05:00:00.000Z,401938,19.99,6506886,86
970830,2020-09-17T04:00:00.000Z,305644,34.99,6474632,87
965580,2020-08-20T04:00:00.000Z,645052,14.99,6446241,90
960910,2020-06-18T04:00:00.000Z,1111543,19.99,6426937,85
1328660,2020-11-06T05:00:00.000Z,778704,29.99,6385255,81
1150640,2020-03-24T04:00:00.000Z,300570,39.99,6259583,82
420560,2020-11-17T05:00:00.000Z,325717,24.99,6241630,81
604540,2020-12-01T05:00:00.000Z,207150,39.99,6134209,48
1166860,2020-06-24T04:00:00.000Z,200332,39.99,6046107,93
839770,2020-12-03T05:00:00.000Z,283288,24.99,6020196,73
1009290,2020-07-09T04:00:00.000Z,168127,59.99,5970793,61
1058650,2020-10-21T04:00:00.000Z,258177,9.99,5956025,63
773790,2020-03-19T04:00:00.000Z,255738,24.99,5857885,95
1213740,2020-04-29T04:00:00.000Z,480606,15.99,5714734,87
1291340,2020-06-30T04:00:00.000Z,1406997,5.99,5689747,95
848480,2020-12-03T05:00:00.000Z,317622,24.99,5652487,95
1262560,2020-06-18T04:00:00.000Z,1298388,19.99,5565242,77
913740,2020-02-20T05:00:00.000Z,401577,19.99,5542362,90
1227530,2020-10-14T04:00:00.000Z,443694,29.99,5533593,82
1410710,2020-10-06T04:00:00.000Z,364759,29.99,5491421,82
1240210,2020-08-06T04:00:00.000Z,597352,12.99,5466478,98
1238060,2020-06-18T04:00:00.000Z,837940,19.99,5430540,73
1230140,2020-06-18T04:00:00.000Z,498213,20.99,5419037,99
793460,2020-04-23T04:00:00.000Z,501695,24.99,5353602,90
1115690,2020-03-06T05:00:00.000Z,573270,19.99,5348662,87
1101190,2020-02-21T05:00:00.000Z,191117,29.99,5142562,66
803050,2020-12-03T05:00:00.000Z,259675,29.99,5131096,76
1163550,2020-08-01T00:00:00.000Z,216163,39.99,5126035,71
846770,2020-11-06T05:00:00.000Z,505759,19.99,5088334,91
684450,2020-10-22T04:00:00.000Z,277695,29.99,4985110,71
1238820,2020-06-11T04:00:00.000Z,930706,39.99,4950992,71
1024650,2020-09-25T04:00:00.000Z,160576,39.99,4853046,58
674500,2020-05-20T04:00:00.000Z,385204,19.99,4828641,79
798490,2020-07-27T04:00:00.000Z,292665,29.99,4821521,82
978520,2020-03-19T04:00:00.000Z,411976,19.99,4780273,79
1294760,2020-10-22T04:00:00.000Z,270119,19.99,4756870,84
1147550,2020-01-30T05:00:00.000Z,527787,24.99,4731037,94
1356670,2020-11-10T05:00:00.000Z,216384,29.99,4675676,92
1189630,2020-04-30T04:00:00.000Z,455465,34.99,4649721,78
999220,2020-10-20T04:00:00.000Z,323242,29.99,4582219,77
1196310,2020-08-27T04:00:00.000Z,56891,0,4582200,82
978780,2020-07-14T04:00:00.000Z,166613,39.99,4555539,94
1225570,2020-06-04T04:00:00.000Z,1082101,19.99,4525339,79
1266840,2020-05-01T04:00:00.000Z,292464,24.99,4521497,81
1250650,2020-03-16T04:00:00.000Z,81527,69.99,4389561,76
1434480,2020-10-30T04:00:00.000Z,261164,34.99,4262361,98
1368820,2020-09-24T04:00:00.000Z,375076,19.99,4071736,88
1233570,2020-06-04T04:00:00.000Z,993083,19.99,4050422,80
1261040,2020-08-21T04:00:00.000Z,413654,19.99,4044956,77
1158940,2020-09-09T04:00:00.000Z,420974,14.99,3978981,87
753650,2020-10-27T04:00:00.000Z,451370,9.99,3970181,82
1349230,2020-07-22T04:00:00.000Z,447087,11.99,3966244,97
407130,2020-02-20T05:00:00.000Z,393329,19.99,3954272,88
1162750,2020-09-21T04:00:00.000Z,177018,24.99,3935322,96
1000010,2020-10-16T04:00:00.000Z,263871,19.99,3831009,85
1455630,2020-12-11T05:00:00.000Z,552601,12.49,3727502,79
486860,2020-01-06T05:00:00.000Z,160986,24.99,3670883,86
1199030,2020-06-18T04:00:00.000Z,372834,19.99,3661820,90
1468260,2020-12-04T05:00:00.000Z,2061165,0,3631871,94
520950,2020-05-07T04:00:00.000Z,201419,29.99,3596682,72
1324780,2020-11-10T05:00:00.000Z,584213,8.99,3594773,90
1318690,2020-05-24T04:00:00.000Z,1205227,9.99,3573471,96
550320,2020-09-23T04:00:00.000Z,223168,24.99,3567013,93
1281630,2020-06-25T04:00:00.000Z,482176,14.99,3545864,82
964800,2020-11-09T05:00:00.000Z,170162,24.99,3461634,93
874390,2020-08-04T04:00:00.000Z,365691,14.99,3402153,94
991170,2020-06-15T04:00:00.000Z,264173,19.99,3359814,82
996770,2020-04-28T04:00:00.000Z,276301,24.99,3344491,80
1182020,2020-04-13T04:00:00.000Z,570721,0,3287002,62
1222800,2020-04-02T04:00:00.000Z,74403,0,3248821,74
628670,2020-07-30T04:00:00.000Z,125501,34.99,3228421,73
981430,2020-03-27T04:00:00.000Z,241005,19.99,3162849,89
1072040,2020-03-19T04:00:00.000Z,108300,39.99,3110156,85
1296770,2020-06-18T04:00:00.000Z,416228,9.99,3085441,94
1161490,2020-04-23T04:00:00.000Z,158422,19.99,3084513,89
1406990,2020-11-26T05:00:00.000Z,506021,9.99,3077358,97
1216710,2020-08-23T04:00:00.000Z,583671,9.99,3031837,93
1072500,2020-01-09T05:00:00.000Z,121812,49.99,3028598,70
914800,2020-01-29T05:00:00.000Z,386963,12.99,3009566,95
378760,2020-05-01T04:00:00.000Z,402318,0,2912276,74
983970,2020-12-03T05:00:00.000Z,307756,24.99,2900338,89
1343670,2020-12-16T05:00:00.000Z,397442,14.99,2862598,85
1018830,2020-02-28T05:00:00.000Z,310338,14.99,2775425,90
1215390,2020-06-12T04:00:00.000Z,289883,14.99,2733363,96
1260820,2020-04-24T04:00:00.000Z,159315,24.99,2729044,92
567630,2020-10-20T04:00:00.000Z,596786,0,2718388,76
1249800,2020-10-28T04:00:00.000Z,108343,34.99,2672564,63
1345820,2020-12-17T05:00:00.000Z,220715,24.99,2646705,94
1142100,2020-09-17T04:00:00.000Z,84349,39.99,2643426,57
1049890,2020-06-23T04:00:00.000Z,252583,24.99,2631773,84
991270,2020-03-23T04:00:00.000Z,79080,59.99,2618327,91
1186640,2020-10-23T04:00:00.000Z,280439,29.99,2615280,91
1238040,2020-06-04T04:00:00.000Z,441741,29.99,2586596,81
1282590,2020-08-20T04:00:00.000Z,294822,19.99,2570969,82
1079260,2020-12-17T05:00:00.000Z,243867,14.99,2551300,97
1360980,2020-07-27T04:00:00.000Z,335885,9.99,2534459,84
1207650,2020-12-04T05:00:00.000Z,369683,19.99,2529000,93
691260,2020-10-22T04:00:00.000Z,96304,19.99,2514283,83
1140270,2020-10-23T04:00:00.000Z,341019,11.99,2512326,97
1233260,2020-07-29T04:00:00.000Z,73150,59.99,2487432,74
675690,2020-11-12T05:00:00.000Z,157168,0,2472666,72
1227690,2020-04-28T04:00:00.000Z,597193,24.99,2463713,95
1176710,2020-10-15T04:00:00.000Z,190818,15.99,2390802,75
1353300,2020-07-27T04:00:00.000Z,957352,0,2389722,85
1264250,2020-10-16T04:00:00.000Z,98313,34.99,2367950,77
1058450,2020-03-12T04:00:00.000Z,151826,39.99,2354155,88
473950,2020-10-20T04:00:00.000Z,261487,19.99,2334750,95
999020,2020-02-25T05:00:00.000Z,158141,29.99,2318972,76
1360000,2020-08-06T04:00:00.000Z,200038,15.99,2260778,85
1262600,2020-06-04T04:00:00.000Z,478182,19.99,2252625,75
1166290,2020-02-20T05:00:00.000Z,572194,12.99,2233708,87
1238080,2020-06-04T04:00:00.000Z,334872,19.99,2163560,62
1040230,2020-06-17T04:00:00.000Z,261605,19.99,2160747,89
911430,2020-03-31T04:00:00.000Z,109814,24.99,2123021,74
873840,2020-06-23T04:00:00.000Z,134942,19.99,2120342,71
1352330,2020-08-24T04:00:00.000Z,495533,0,2092582,78
667610,2020-12-17T05:00:00.000Z,67941,29.99,2071810,63
1129190,2020-11-16T05:00:00.000Z,198014,0,2055896,99
1314140,2020-10-29T04:00:00.000Z,71372,34.99,2042613,76
1172450,2020-10-27T04:00:00.000Z,197871,19.99,2029083,96
1420770,2020-11-26T05:00:00.000Z,92148,24.99,2027956,82
1018800,2020-01-20T05:00:00.000Z,244142,14.99,1968196,92
1277930,2020-12-18T05:00:00.000Z,104089,34.99,1965212,98
1098292,2020-10-20T04:00:00.000Z,255437,19.99,1960375,67
1104380,2020-03-26T04:00:00.000Z,108223,24.99,1938548,97
1216320,2020-03-23T04:00:00.000Z,182833,17.99,1898848,87
654890,2020-08-21T04:00:00.000Z,52361,44.99,1893621,76
651670,2020-09-08T04:00:00.000Z,150832,24.99,1885313,83
1437880,2020-11-12T05:00:00.000Z,387982,6.99,1877581,80
1264710,2020-03-27T04:00:00.000Z,113166,19.99,1848702,93
739650,2020-10-01T04:00:00.000Z,89872,29.99,1848555,78
1069650,2020-03-04T05:00:00.000Z,81096,29.99,1833510,79
979640,2020-05-15T04:00:00.000Z,117135,19.99,1821077,77
566440,2020-09-07T04:00:00.000Z,120916,19.99,1812293,56
1293820,2020-05-25T04:00:00.000Z,110124,29.99,1789522,96
1237980,2020-06-11T04:00:00.000Z,330361,19.99,1784953,79
1402320,2020-12-10T05:00:00.000Z,43543,39.99,1772110,63
1397920,2020-09-30T04:00:00.000Z,1331452,0,1771201,92
1238020,2020-06-11T04:00:00.000Z,136300,29.99,1770064,76
1179680,2020-07-24T04:00:00.000Z,185127,0,1712574,62
1173400,2020-12-21T05:00:00.000Z,160385,11.99,1702071,86
757320,2020-09-17T04:00:00.000Z,343857,14.99,1693529,92
893850,2020-03-05T05:00:00.000Z,153010,14.99,1681402,92
1119700,2020-09-10T04:00:00.000Z,88712,24.99,1655483,72
1042490,2020-12-08T05:00:00.000Z,186760,19.99,1645742,88
1263370,2020-06-12T04:00:00.000Z,688351,3.99,1622501,85
988910,2020-05-13T04:00:00.000Z,72223,44.99,1613243,91
1178220,2020-11-17T05:00:00.000Z,99233,19.99,1611488,92
1062830,2020-05-21T04:00:00.000Z,173595,19.99,1588274,87
998740,2020-10-15T04:00:00.000Z,106872,19.99,1582113,92
1450830,2020-11-19T05:00:00.000Z,127753,15.99,1580604,94
1075740,2020-07-30T04:00:00.000Z,140594,19.99,1574929,79
1191630,2020-05-28T04:00:00.000Z,72004,29.99,1573449,90
1282210,2020-09-03T04:00:00.000Z,84708,24.99,1542843,87
1154810,2020-09-24T04:00:00.000Z,124381,19.99,1541452,91
938560,2020-08-21T04:00:00.000Z,202784,14.99,1538568,91
909660,2020-07-22T04:00:00.000Z,78099,29.99,1534523,86
1154040,2020-11-03T05:00:00.000Z,150903,19.99,1530902,88
1225560,2020-06-04T04:00:00.000Z,382925,19.99,1529310,90
1305420,2020-07-25T04:00:00.000Z,228169,4.99,1514694,87
730390,2020-10-15T04:00:00.000Z,85553,24.99,1507198,82
1334040,2020-07-02T04:00:00.000Z,152570,19.99,1503246,84
466630,2020-01-29T05:00:00.000Z,152141,19.99,1498088,97
1292040,2020-09-04T04:00:00.000Z,88931,19.99,1494699,80
1236720,2020-04-16T04:00:00.000Z,100647,24.99,1464018,92
965680,2020-08-13T04:00:00.000Z,150360,14.99,1457701,97
850320,2020-12-03T05:00:00.000Z,171423,24.99,1457516,80
785790,2020-10-22T04:00:00.000Z,162029,19.99,1454183,94
1262460,2020-04-03T04:00:00.000Z,104701,19.99,1441612,89
720560,2020-10-14T04:00:00.000Z,96150,21.99,1435807,86
1264670,2020-07-09T04:00:00.000Z,75074,29.99,1419849,69
1358250,2020-08-07T04:00:00.000Z,166303,9.99,1418828,91
1202900,2020-03-26T04:00:00.000Z,349127,7.99,1415872,91
1292940,2020-10-14T04:00:00.000Z,621650,4.99,1413199,98
1196630,2020-08-28T04:00:00.000Z,219089,19.99,1402099,91
1129310,2020-04-14T04:00:00.000Z,83049,19.99,1397695,91
1203630,2020-03-12T04:00:00.000Z,153421,19.99,1394645,93
1022310,2020-01-28T05:00:00.000Z,74293,29.99,1392089,62
1040420,2020-08-13T04:00:00.000Z,136211,24.99,1375367,88
1075190,2020-10-06T04:00:00.000Z,96839,19.99,1375114,70
1233880,2020-09-10T04:00:00.000Z,65671,39.99,1372761,88
991560,2020-02-27T05:00:00.000Z,68249,59.99,1371885,52
1205950,2020-01-31T05:00:00.000Z,83371,19.99,1369556,80
1440440,2020-12-02T05:00:00.000Z,91636,19.99,1369492,93
1209490,2020-03-17T04:00:00.000Z,261236,9.99,1365954,75
1213700,2020-05-07T04:00:00.000Z,284219,19.99,1361651,85
1259840,2020-05-28T04:00:00.000Z,125980,19.99,1359121,91
956030,2020-07-22T04:00:00.000Z,198221,19.99,1357773,95
1379130,2020-09-03T04:00:00.000Z,63605,0,1346527,59
897220,2020-02-05T05:00:00.000Z,68682,44.99,1344565,99
1148590,2020-03-19T04:00:00.000Z,601036,4.99,1341709,93
1112890,2020-12-15T05:00:00.000Z,152601,11.99,1333556,87
1227780,2020-02-19T05:00:00.000Z,66535,24.99,1313556,80
1333360,2020-07-17T04:00:00.000Z,91351,19.99,1312607,81
1120810,2020-08-14T04:00:00.000Z,138746,17.99,1311955,84
1100260,2020-04-15T04:00:00.000Z,160287,15.99,1304306,90
968970,2020-04-30T04:00:00.000Z,99616,19.99,1301228,71
1173370,2020-12-07T05:00:00.000Z,1971910,0,1284728,83
765810,2020-11-17T05:00:00.000Z,102921,19.99,1282610,84
1149440,2020-04-21T04:00:00.000Z,51966,39.99,1277210,77
1355090,2020-12-22T05:00:00.000Z,79262,29.99,1271536,85
909320,2020-08-25T04:00:00.000Z,74840,24.99,1254741,65
1152300,2020-01-14T05:00:00.000Z,48292,39.99,1241323,92
1314820,2020-08-13T04:00:00.000Z,34088,39.99,1226861,86
1160220,2020-09-04T04:00:00.000Z,125069,19.99,1226091,93
1232460,2020-10-14T04:00:00.000Z,41084,59.99,1222578,75
1037020,2020-02-06T05:00:00.000Z,131977,16.99,1218766,87
914010,2020-04-30T04:00:00.000Z,109929,18.99,1208572,82
334310,2020-04-08T04:00:00.000Z,108083,19.99,1200127,86
1101360,2020-07-21T04:00:00.000Z,100622,29.99,1196216,75
1022980,2020-09-10T04:00:00.000Z,71302,19.99,1191401,80
906100,2020-05-21T04:00:00.000Z,116462,24.99,1183400,78
1232580,2020-04-08T04:00:00.000Z,65562,24.99,1179682,84
823910,2020-02-07T05:00:00.000Z,151369,9.99,1174623,94
1275890,2020-06-11T04:00:00.000Z,139743,9.99,1167192,98
1100410,2020-01-24T05:00:00.000Z,87174,19.99,1166586,57
1194930,2020-01-17T05:00:00.000Z,86669,24.99,1148024,69
1102930,2020-03-31T04:00:00.000Z,86136,14.99,1136494,91
1232420,2020-05-14T04:00:00.000Z,49761,0,1123834,65
1008020,2020-01-09T05:00:00.000Z,144656,9.99,1118372,88
1202540,2020-02-28T05:00:00.000Z,129487,19.99,1117792,97
1337010,2020-12-11T05:00:00.000Z,184421,16.99,1114990,98
1054510,2020-06-01T04:00:00.000Z,209486,11.99,1114746,87
1135810,2020-11-20T05:00:00.000Z,96531,17.99,1107641,93
1386900,2020-11-10T05:00:00.000Z,78981,29.99,1103910,86
962580,2020-06-16T04:00:00.000Z,69802,19.99,1090563,75
1369370,2020-08-31T04:00:00.000Z,29314,59.99,1088072,82
1181830,2020-02-14T05:00:00.000Z,103422,13.99,1082441,88
1000030,2020-01-29T05:00:00.000Z,96899,19.99,1069989,91
1449280,2020-11-17T05:00:00.000Z,113415,24.99,1048935,90
1238880,2020-06-11T04:00:00.000Z,208902,39.99,1043133,69
1207780,2020-01-17T05:00:00.000Z,443305,2.99,1028649,90
964570,2020-02-18T05:00:00.000Z,60646,29.99,1025644,78
1057750,2020-02-19T05:00:00.000Z,178976,17.99,1019719,69
1286710,2020-06-22T04:00:00.000Z,93335,14.99,1012273,97
1244950,2020-08-20T04:00:00.000Z,112505,19.99,1006878,68
1394800,2020-10-03T04:00:00.000Z,345338,3.99,1006445,81
1149550,2020-01-23T05:00:00.000Z,49520,39.99,993431,93
1154840,2020-12-03T05:00:00.000Z,41274,39.99,990406,87
890720,2020-04-03T04:00:00.000Z,142545,14.99,968090,87
1394100,2020-11-12T05:00:00.000Z,61802,17.99,964862,88
826940,2020-07-28T04:00:00.000Z,88459,24.99,962074,79
1472660,2020-12-23T05:00:00.000Z,116198,19.99,961997,79
1135830,2020-04-27T04:00:00.000Z,63700,24.99,950666,90
1082180,2020-03-19T04:00:00.000Z,52294,29.99,940183,84
878670,2020-11-19T05:00:00.000Z,132201,29.99,937971,74
1348390,2020-10-15T04:00:00.000Z,25913,59.99,933705,80
760650,2020-10-27T04:00:00.000Z,51293,24.99,933575,57
1106530,2020-01-10T05:00:00.000Z,99691,12.99,932776,88
1060220,2020-03-10T04:00:00.000Z,36083,49.99,923416,73
1145960,2020-01-09T05:00:00.000Z,478317,3.99,920839,94
712190,2020-02-25T05:00:00.000Z,63485,19.99,906317,69
1233270,2020-02-27T05:00:00.000Z,71035,19.99,902615,86
1179210,2020-08-13T04:00:00.000Z,128070,12.99,902008,95
899310,2020-03-25T04:00:00.000Z,47319,19.99,893902,73
1186040,2020-12-01T05:00:00.000Z,180064,14.99,884550,57
1372320,2020-09-09T04:00:00.000Z,95438,17.99,852006,95
711980,2020-06-19T04:00:00.000Z,50964,19.99,849713,85
1102130,2020-02-13T05:00:00.000Z,374587,5.99,846257,93
1178790,2020-12-02T05:00:00.000Z,80445,19.99,846192,76
1021770,2020-03-25T04:00:00.000Z,343037,4.99,844556,89
1163590,2020-01-16T05:00:00.000Z,41853,29.99,841898,82
1173200,2020-02-03T05:00:00.000Z,116455,14.99,835228,83
1146310,2020-07-16T04:00:00.000Z,45606,34.99,834038,88
1114220,2020-06-01T04:00:00.000Z,132304,14.99,828352,87
1301390,2020-06-24T04:00:00.000Z,52334,19.99,827861,81
1135910,2020-07-16T04:00:00.000Z,71132,39.99,826103,68
1100140,2020-06-05T04:00:00.000Z,66887,14.99,825705,99
994910,2020-09-23T04:00:00.000Z,262614,0,824707,85
1226510,2020-09-22T04:00:00.000Z,54700,19.99,814191,69
1318090,2020-07-21T04:00:00.000Z,43605,19.99,814073,92
1089830,2020-02-04T05:00:00.000Z,51534,24.99,809747,88
883360,2020-06-11T04:00:00.000Z,46460,19.99,809514,88
1107790,2020-03-31T04:00:00.000Z,129990,14.99,809446,78
995980,2020-07-31T04:00:00.000Z,59992,19.99,807159,85
1292690,2020-08-14T04:00:00.000Z,84944,9.99,805999,92
1222300,2020-05-27T04:00:00.000Z,69132,19.99,801405,83
1067540,2020-07-23T04:00:00.000Z,107548,19.99,797077,89
1283190,2020-10-08T04:00:00.000Z,97500,14.99,795783,95
1218740,2020-03-24T04:00:00.000Z,165505,0,793369,62
1373430,2020-10-23T04:00:00.000Z,62025,34.99,781240,86
1139940,2020-05-11T04:00:00.000Z,165196,10.99,779005,84
1158420,2020-11-22T05:00:00.000Z,36864,24.99,775355,74
1162650,2020-03-25T04:00:00.000Z,22497,49.99,773902,94
1239690,2020-03-06T05:00:00.000Z,600644,2.99,770054,95
1191840,2020-03-30T04:00:00.000Z,272647,4.99,766817,90
1379930,2020-09-17T04:00:00.000Z,22481,49.99,766304,62
1052990,2020-09-10T04:00:00.000Z,62010,19.99,762800,95
1356240,2020-10-29T04:00:00.000Z,57106,29.99,748346,51
1278390,2020-11-20T05:00:00.000Z,87381,14.99,747714,83
1327080,2020-10-30T04:00:00.000Z,68320,12.99,745594,85
1259740,2020-11-15T05:00:00.000Z,77018,12.99,744027,80
1217390,2020-01-14T05:00:00.000Z,66359,14.99,742814,96
1285670,2020-08-06T04:00:00.000Z,353067,2.99,739736,97
1162130,2020-08-28T04:00:00.000Z,43463,19.99,738586,59
852220,2020-10-14T04:00:00.000Z,80734,14.99,735552,77
1263070,2020-07-29T04:00:00.000Z,47916,19.99,725727,63
939100,2020-02-12T05:00:00.000Z,55221,14.99,718388,63
1190400,2020-05-19T04:00:00.000Z,27031,30,710770,87
1444650,2020-11-23T05:00:00.000Z,57539,24.99,706012,89
1328890,2020-10-22T04:00:00.000Z,52840,19.99,704471,92
817840,2020-02-25T05:00:00.000Z,45780,19.99,700814,93
1257360,2020-07-10T04:00:00.000Z,76811,14.99,700766,85
955740,2020-04-24T04:00:00.000Z,125224,7.99,698819,88
1150950,2020-05-20T04:00:00.000Z,52951,17.99,697171,94
349730,2020-08-12T04:00:00.000Z,34269,24.99,694044,75
1189440,2020-02-07T05:00:00.000Z,26205,39.99,693296,94
1049100,2020-01-02T05:00:00.000Z,94193,14.99,687000,95
1189800,2020-03-24T04:00:00.000Z,27778,29.99,686600,66
1060210,2020-04-07T04:00:00.000Z,16618,59.99,685439,67
1220170,2020-05-06T04:00:00.000Z,69226,14.99,685211,72
1146630,2020-02-06T05:00:00.000Z,621399,1.99,672742,90
1352930,2020-09-16T04:00:00.000Z,70222,17.99,670145,90
1084640,2020-11-05T05:00:00.000Z,58829,19.99,667617,95
1276660,2020-12-03T05:00:00.000Z,69925,16.99,667323,68
1159560,2020-10-22T04:00:00.000Z,50384,24.99,666395,90
1165870,2020-04-28T04:00:00.000Z,30459,29.99,661790,80
1178780,2020-07-31T04:00:00.000Z,32118,24.99,656593,92
1378290,2020-08-05T04:00:00.000Z,63330,14.99,656159,92
1152310,2020-01-14T05:00:00.000Z,27441,39.99,655053,90
1213750,2020-07-29T04:00:00.000Z,42613,19.99,639460,93
1126310,2020-05-22T04:00:00.000Z,80173,11.99,638932,94
1245430,2020-07-10T04:00:00.000Z,67707,19.99,638589,85
1206430,2020-09-10T04:00:00.000Z,91538,14.99,634327,84
1096520,2020-01-29T05:00:00.000Z,46764,14.99,631590,69
1140890,2020-12-03T05:00:00.000Z,57656,24.99,628384,73
1004750,2020-09-08T04:00:00.000Z,131527,29.99,625831,74
1353270,2020-11-17T05:00:00.000Z,80606,14.99,625348,85
1218280,2020-06-15T04:00:00.000Z,153931,4.99,617663,87
1151440,2020-01-23T05:00:00.000Z,33484,39.99,616286,96
1335560,2020-11-19T05:00:00.000Z,57840,19.99,612571,96
1193340,2020-10-22T04:00:00.000Z,38666,19.99,610008,48
674090,2020-11-25T05:00:00.000Z,44121,19.49,606682,59
1016790,2020-06-18T04:00:00.000Z,75237,19.99,606312,72
994140,2020-01-15T05:00:00.000Z,39955,19.99,606164,91
1259800,2020-12-16T05:00:00.000Z,50495,29.99,599161,82
1003090,2020-01-30T05:00:00.000Z,60167,14.99,595383,84
1131240,2020-08-28T04:00:00.000Z,53379,14.99,594766,68
1058770,2020-07-24T04:00:00.000Z,106501,9.99,593915,82
524910,2020-03-12T04:00:00.000Z,139100,7.99,577378,94
1384630,2020-09-28T04:00:00.000Z,75814,9.99,575445,82
609920,2020-09-10T04:00:00.000Z,51938,19.99,571626,77
1203930,2020-03-20T04:00:00.000Z,46249,19.99,559697,61
1373510,2020-11-20T05:00:00.000Z,66415,14.99,557598,90
1121420,2020-02-28T05:00:00.000Z,34676,19.99,553509,92
1140290,2020-03-06T05:00:00.000Z,55167,14.99,552520,84
1127840,2020-04-30T04:00:00.000Z,40180,19.99,552126,82
1223910,2020-09-24T04:00:00.000Z,22306,39.99,550034,45
1315980,2020-10-29T04:00:00.000Z,55875,19.99,540490,85
835650,2020-05-27T04:00:00.000Z,36396,19.99,538639,72
1384770,2020-08-05T04:00:00.000Z,68640,9.99,533748,89
1299320,2020-09-18T04:00:00.000Z,50731,12.99,533168,94
1268110,2020-09-15T04:00:00.000Z,178632,3.99,532525,87
1329510,2020-08-20T04:00:00.000Z,43734,19.99,530394,80
1164050,2020-09-22T04:00:00.000Z,102624,7.99,530329,95
1152320,2020-01-14T05:00:00.000Z,22436,39.99,529699,88
1233800,2020-08-25T04:00:00.000Z,26084,29.99,525481,84
1243960,2020-10-22T04:00:00.000Z,100801,9.99,523925,89
1223810,2020-03-16T04:00:00.000Z,14790,39.99,523861,96
910830,2020-09-22T04:00:00.000Z,25874,29.99,521936,64
1082680,2020-09-29T04:00:00.000Z,24763,29.99,521066,47
1485100,2020-12-18T05:00:00.000Z,16054,34.99,520743,79
945710,2020-02-21T05:00:00.000Z,41078,19.99,517049,75
1599340,2021-06-11T00:00:00.000Z,29328576,0,441056460,71
1203220,2021-08-11T04:00:00.000Z,21573190,0,379256831,74
1144200,2021-12-17T05:00:00.000Z,8920967,49.99,265929390,76
1426210,2021-03-25T04:00:00.000Z,14934651,39.99,238715254,95
1551360,2021-11-08T05:00:00.000Z,7685786,59.99,237485482,89
892970,2021-02-02T05:00:00.000Z,16857780,19.99,220635265,94
1063730,2021-09-28T04:00:00.000Z,7156799,59.99,203118644,67
1517290,2021-11-19T05:00:00.000Z,9798292,59.99,158348987,47
1248130,2021-11-21T05:00:00.000Z,3462388,29.99,100800924,93
1466860,2021-10-28T04:00:00.000Z,3716412,39.99,89977096,86
924970,2021-10-12T04:00:00.000Z,4692549,59.99,78712912,69
1468810,2021-01-27T05:00:00.000Z,6024820,19.99,75010107,54
1196590,2021-05-07T04:00:00.000Z,4127909,49.99,74814824,96
1259420,2021-05-17T04:00:00.000Z,3317803,39.99,70929103,93
1665460,2021-09-29T04:00:00.000Z,7127095,0,60119883,49
1240440,2021-11-15T05:00:00.000Z,12248345,0,57131236,69
1407200,2021-04-28T04:00:00.000Z,4796586,0,56775295,81
1328670,2021-05-14T04:00:00.000Z,2703665,59.99,53417181,91
1325200,2021-02-05T05:00:00.000Z,1779046,49.99,49175549,88
1244460,2021-11-09T05:00:00.000Z,2602863,59.99,49149392,90
1366540,2021-01-20T05:00:00.000Z,3310526,19.99,48063082,98
1384160,2021-06-11T04:00:00.000Z,1753725,39.99,46004804,88
1290000,2021-05-19T04:00:00.000Z,2306128,24.99,43191011,96
1149460,2021-12-03T05:00:00.000Z,1945256,34.99,42588937,73
1092790,2021-10-19T04:00:00.000Z,3779499,19.99,42155905,97
1465360,2021-05-17T04:00:00.000Z,2346918,29.99,42152784,90
985810,2021-07-27T04:00:00.000Z,1567429,0,38468805,64
1794680,2021-12-17T05:00:00.000Z,10262406,4.99,36856032,98
699130,2021-09-21T04:00:00.000Z,2063184,29.99,35372829,83
1476970,2021-04-02T04:00:00.000Z,3099784,0,34863871,81
1184370,2021-09-02T04:00:00.000Z,1734740,19.99,34371856,84
1062090,2021-09-15T04:00:00.000Z,1673408,34.99,32086448,96
740130,2021-09-09T04:00:00.000Z,1231612,39.99,31886647,87
680420,2021-04-01T04:00:00.000Z,1558114,19.99,31128020,67
1527950,2021-12-01T05:00:00.000Z,1374105,34.99,30782110,88
1190000,2021-08-11T04:00:00.000Z,2189484,24.99,29406335,96
1206560,2021-12-02T05:00:00.000Z,1787747,19.99,28831330,95
1435790,2021-10-19T04:00:00.000Z,2536201,19.99,27388082,94
1274570,2021-01-28T05:00:00.000Z,6685926,9.99,27273357,91
1252330,2021-09-13T04:00:00.000Z,1251730,59.99,27164747,76
1533390,2021-02-12T05:00:00.000Z,1445209,19.99,26760375,91
860510,2021-02-10T05:00:00.000Z,2391764,29.99,26644467,93
1088850,2021-10-26T04:00:00.000Z,1320319,59.99,26459924,94
1113560,2021-04-23T04:00:00.000Z,860788,59.99,25813772,88
747660,2021-12-16T05:00:00.000Z,963993,39.99,25448081,86
1124300,2021-08-17T04:00:00.000Z,1279446,49.99,25131458,69
1119730,2021-03-04T05:00:00.000Z,2264486,24.99,23475972,80
1382330,2021-02-22T05:00:00.000Z,831902,59.99,22520667,88
1371580,2021-11-18T05:00:00.000Z,1223346,29.99,22480112,68
930210,2021-02-08T05:00:00.000Z,1306576,19.99,22300854,91
1721470,2021-10-12T04:00:00.000Z,6560388,0,22282141,85
775500,2021-06-24T04:00:00.000Z,742651,79.99,22126425,81
1210320,2021-09-21T04:00:00.000Z,2345686,19.99,21721746,93
997010,2021-06-17T04:00:00.000Z,994117,29.99,21010796,77
1178830,2021-11-11T05:00:00.000Z,1819588,19.99,20787885,92
858820,2021-07-27T04:00:00.000Z,2321422,19.99,20677914,77
1135690,2021-11-01T04:00:00.000Z,1520066,19.99,19979577,93
1149620,2021-09-15T04:00:00.000Z,1452098,19.99,19559922,88
780310,2021-10-14T04:00:00.000Z,1187203,29.99,19293219,91
1432860,2021-06-25T04:00:00.000Z,1098868,24.99,18606722,81
1677740,2021-10-07T04:00:00.000Z,14082478,0,17635415,85
1490890,2021-10-15T04:00:00.000Z,544122,59.99,17588167,87
1338770,2021-06-04T04:00:00.000Z,1242873,39.99,17073653,84
1522820,2021-07-23T04:00:00.000Z,1401241,29.99,16412709,86
1029780,2021-06-01T04:00:00.000Z,878738,24.99,16263219,90
1549970,2021-08-23T04:00:00.000Z,1220161,29.99,15936641,80
1243830,2021-03-23T04:00:00.000Z,866701,39.99,15661140,73
1277400,2021-07-08T04:00:00.000Z,632310,39.99,15276735,82
1455840,2021-03-25T04:00:00.000Z,1621191,13.99,14803704,96
400750,2021-06-11T04:00:00.000Z,1107178,34.99,14683995,84
1180320,2021-12-17T05:00:00.000Z,1819845,0,14591604,10
629820,2021-05-25T04:00:00.000Z,854388,39.99,14355636,89
597820,2021-05-25T04:00:00.000Z,739581,39.99,13598158,66
1509960,2021-05-07T04:00:00.000Z,3928276,4.99,13543746,91
1343370,2021-02-24T05:00:00.000Z,2168090,0,13522459,83
979690,2021-07-29T04:00:00.000Z,1101890,29.99,13484359,74
1369630,2021-01-20T05:00:00.000Z,1136264,24.99,13147306,94
1520470,2021-03-01T05:00:00.000Z,2224335,0,13125671,82
885970,2021-04-29T04:00:00.000Z,724393,29.99,13077719,77
1282730,2021-03-04T05:00:00.000Z,1920117,14.99,12895764,93
1034140,2021-03-26T04:00:00.000Z,598703,39.99,12839460,68
1568590,2021-04-29T04:00:00.000Z,24672001,0,12501553,87
784080,2021-05-26T04:00:00.000Z,664934,29.99,12102178,85
1128920,2021-01-18T05:00:00.000Z,428840,49.99,12045943,87
694280,2021-02-18T05:00:00.000Z,753114,49.99,11924996,86
1715130,2021-09-17T04:00:00.000Z,937090,29.99,11881394,77
1295500,2021-07-22T04:00:00.000Z,488078,39.99,11651780,88
1099410,2021-09-02T04:00:00.000Z,372305,39.99,11301237,72
1127500,2021-07-20T04:00:00.000Z,1359185,9.99,10612881,96
1335790,2021-06-01T04:00:00.000Z,907231,19.99,10390280,87
1003590,2021-08-17T04:00:00.000Z,438409,39.99,10249073,95
936790,2021-09-09T04:00:00.000Z,367399,59.99,10134333,89
1254120,2021-08-06T04:00:00.000Z,3055461,0,9810438,53
1372280,2021-09-29T04:00:00.000Z,388111,49.99,9740064,88
1385380,2021-04-08T04:00:00.000Z,714798,19.99,9653042,82
700600,2021-03-30T04:00:00.000Z,774281,39.99,9549115,69
1672970,2021-09-22T04:00:00.000Z,650583,39.99,9536143,91
1454400,2021-09-01T04:00:00.000Z,2857067,4.99,9348379,97
607080,2021-08-24T04:00:00.000Z,452401,59.99,9270185,96
774181,2021-02-26T05:00:00.000Z,774862,19.99,8964789,98
1419170,2021-03-24T04:00:00.000Z,2577794,0,8792967,94
1495320,2021-03-01T05:00:00.000Z,368188,29.99,8621483,83
976590,2021-09-07T04:00:00.000Z,333243,34.99,8331946,70
491540,2021-03-25T04:00:00.000Z,293874,39.99,8130903,73
1271700,2021-09-30T04:00:00.000Z,519338,39.99,8112358,79
1281590,2021-10-21T04:00:00.000Z,518935,29.99,8083623,89
1276790,2021-11-16T05:00:00.000Z,505256,29.99,8031138,89
1671200,2021-10-21T04:00:00.000Z,985744,0,7994352,73
1105670,2021-06-03T04:00:00.000Z,502881,24.99,7747583,92
1557740,2021-04-01T04:00:00.000Z,1968942,5.99,7606463,95
1466640,2021-08-16T04:00:00.000Z,868687,19.96,7372676,92
1543030,2021-10-21T04:00:00.000Z,511136,29.99,7307910,72
1158850,2021-07-26T04:00:00.000Z,345741,39.99,7100055,94
977880,2021-09-16T04:00:00.000Z,543937,24.99,7085472,84
875210,2021-01-12T05:00:00.000Z,363709,29.99,6933168,54
720620,2021-04-14T04:00:00.000Z,346909,24.99,6840571,91
1509510,2021-10-11T04:00:00.000Z,580804,19.99,6808323,86
1170950,2021-11-23T05:00:00.000Z,227092,39.99,6497005,61
1388880,2021-06-30T04:00:00.000Z,654775,14.99,6482757,97
1619750,2021-12-15T05:00:00.000Z,286671,29.99,6426246,95
1222370,2021-05-31T04:00:00.000Z,378333,39.99,6424127,65
1009560,2021-03-25T04:00:00.000Z,612460,19.99,6408854,79
894020,2021-07-20T04:00:00.000Z,739787,19.99,6392439,93
1157390,2021-01-26T05:00:00.000Z,326742,44.99,6257705,84
1140620,2021-01-20T05:00:00.000Z,68671,0,6157746,57
1257290,2021-01-25T05:00:00.000Z,189620,59.99,5989643,90
1069660,2021-12-10T05:00:00.000Z,211828,34.99,5950719,62
1426450,2021-10-07T04:00:00.000Z,457645,27.99,5909795,76
1737100,2021-11-16T05:00:00.000Z,549189,14.99,5903516,93
1414850,2021-10-04T04:00:00.000Z,423283,49.99,5419425,71
1259790,2021-03-23T04:00:00.000Z,365776,19.99,5237489,82
1388770,2021-01-04T05:00:00.000Z,491046,19.99,5130790,96
898750,2021-10-27T04:00:00.000Z,181489,59.99,5124980,86
1583320,2021-11-15T05:00:00.000Z,840659,4.99,5096908,82
1239020,2021-04-09T04:00:00.000Z,461117,17.99,5042412,59
1137300,2021-11-15T05:00:00.000Z,361120,44.99,5030160,78
1413480,2021-05-20T04:00:00.000Z,228103,49.99,5011047,87
1434950,2021-07-27T04:00:00.000Z,262759,29.99,4957473,88
1674170,2021-08-26T04:00:00.000Z,300673,19.99,4951257,93
872200,2021-07-20T04:00:00.000Z,2903381,0,4920623,74
1342330,2021-01-21T05:00:00.000Z,268457,24.99,4857925,94
1288310,2021-02-03T05:00:00.000Z,1003249,9.99,4789104,98
1110910,2021-08-18T04:00:00.000Z,634982,29.99,4776300,68
1696810,2021-10-01T04:00:00.000Z,170348,29.99,4771463,76
1369670,2021-12-17T05:00:00.000Z,289593,19.99,4748897,94
1607130,2021-08-06T04:00:00.000Z,465565,17.99,4724651,89
1000360,2021-02-16T05:00:00.000Z,402121,17.99,4720508,90
1404850,2021-01-08T05:00:00.000Z,785379,9.99,4688188,93
1424330,2021-01-28T05:00:00.000Z,401902,19.99,4649066,98
1525700,2021-11-16T05:00:00.000Z,701990,14.99,4641814,92
973810,2021-01-28T05:00:00.000Z,514054,29.99,4621639,87
761830,2021-03-18T04:00:00.000Z,487553,19.99,4605473,80
1220140,2021-03-18T04:00:00.000Z,286603,29.99,4579395,76
1827180,2021-12-19T05:00:00.000Z,653656,0,4552504,78
1335830,2021-11-26T05:00:00.000Z,270388,24.99,4539844,80
1562420,2021-09-10T04:00:00.000Z,494744,12.99,4472394,91
1520370,2021-12-16T05:00:00.000Z,352410,15.99,4455781,97
1446650,2021-09-02T04:00:00.000Z,135414,59.99,4428963,82
918570,2021-12-02T05:00:00.000Z,2095544,0,4288294,74
1552350,2021-10-13T04:00:00.000Z,185176,29.99,4200155,90
1559390,2021-11-22T05:00:00.000Z,442872,22.6,4165647,89
1097200,2021-08-19T04:00:00.000Z,330619,24.99,4035595,73
1173810,2021-11-10T05:00:00.000Z,287434,17.99,4021595,89
1547890,2021-11-05T04:00:00.000Z,388701,19.99,4000739,89
874260,2021-07-28T04:00:00.000Z,344628,24.99,3961821,96
1255560,2021-08-26T04:00:00.000Z,178408,34.99,3959804,89
978300,2021-05-21T04:00:00.000Z,281631,29.99,3946129,72
1104280,2021-04-06T04:00:00.000Z,318621,19.99,3936515,82
1173800,2021-09-08T04:00:00.000Z,275424,17.99,3878756,91
488860,2021-09-29T04:00:00.000Z,206950,24.99,3866902,97
1477590,2021-03-17T04:00:00.000Z,128172,44.99,3819609,91
751630,2021-12-09T05:00:00.000Z,248910,19.99,3803710,78
1580240,2021-12-07T05:00:00.000Z,245365,29.99,3792354,89
750130,2021-02-26T05:00:00.000Z,288593,39.99,3757710,76
1584090,2021-06-16T04:00:00.000Z,1114414,5.99,3691565,99
1465070,2021-09-08T04:00:00.000Z,104915,54.99,3654961,75
1580790,2021-06-09T04:00:00.000Z,150230,39.99,3635124,79
1088710,2021-01-28T05:00:00.000Z,385403,19.99,3634580,81
1173770,2021-08-12T04:00:00.000Z,388130,11.99,3604171,95
1556200,2021-04-29T04:00:00.000Z,247316,19.99,3569236,77
1462810,2021-09-02T04:00:00.000Z,208344,49.99,3490678,72
1265820,2021-02-24T05:00:00.000Z,269431,24.99,3464811,90
1618540,2021-07-15T04:00:00.000Z,281400,11.99,3457949,76
1358140,2021-07-29T04:00:00.000Z,200782,19.99,3457449,78
1283410,2021-09-17T04:00:00.000Z,419193,24.99,3451197,88
1134100,2021-05-20T04:00:00.000Z,324177,19.99,3440631,70
1489630,2021-08-10T00:00:00.000Z,153807,29.99,3429868,81
1682970,2021-09-01T04:00:00.000Z,305320,14.99,3411948,95
785770,2021-03-18T04:00:00.000Z,140077,29.99,3391258,61
1173790,2021-08-12T04:00:00.000Z,241284,17.99,3389390,93
1227280,2021-10-14T04:00:00.000Z,327741,19.99,3387771,84
1730910,2021-10-14T04:00:00.000Z,12080,0,3387466,62
1580780,2021-06-09T04:00:00.000Z,137495,39.99,3385641,83
1388590,2021-03-25T04:00:00.000Z,334828,19.99,3346470,93
1138850,2021-12-07T05:00:00.000Z,258109,19.99,3333901,95
1571340,2021-05-06T04:00:00.000Z,94994,44.99,3279857,64
1293160,2021-01-01T05:00:00.000Z,117245,49.99,3252296,89
1220010,2021-01-21T05:00:00.000Z,330922,19.99,3217738,87
1421250,2021-04-16T04:00:00.000Z,406434,10.99,3197117,96
1573360,2021-07-01T04:00:00.000Z,62084,0,3181970,57
1444480,2021-10-02T04:00:00.000Z,208450,19.99,3165674,96
1732190,2021-10-27T04:00:00.000Z,121487,39.99,3159875,82
1330460,2021-02-08T05:00:00.000Z,269041,19.99,3086785,83
1520500,2021-05-13T04:00:00.000Z,158005,29.99,3067301,89
1372810,2021-03-01T05:00:00.000Z,400233,9.99,3061712,87
757310,2021-09-23T04:00:00.000Z,257471,24.99,3050671,86
985830,2021-10-05T04:00:00.000Z,264914,24.99,3026320,77
1571440,2021-04-15T04:00:00.000Z,827529,4.99,2977542,85
1330000,2021-10-14T04:00:00.000Z,221348,19.99,2954662,85
1124180,2021-06-23T04:00:00.000Z,196199,24.99,2951000,89
1342260,2021-06-14T04:00:00.000Z,137287,0,2922618,80
1538570,2021-08-10T04:00:00.000Z,383921,19.99,2916481,73
768520,2021-06-17T04:00:00.000Z,180777,14.99,2906992,70
1684170,2021-10-25T04:00:00.000Z,271726,14.99,2882719,87
1480560,2021-08-10T04:00:00.000Z,289884,19.99,2856281,71
1280780,2021-02-02T05:00:00.000Z,109653,39.99,2841707,75
1687670,2021-08-30T04:00:00.000Z,50359,0,2746460,81
907650,2021-03-09T05:00:00.000Z,199335,39.99,2742188,65
1408230,2021-07-15T04:00:00.000Z,225052,24.99,2728488,98
1390350,2021-09-09T04:00:00.000Z,425251,9.99,2716858,98
990630,2021-10-07T04:00:00.000Z,693325,14.99,2696829,98
1352080,2021-03-15T04:00:00.000Z,963709,0,2691604,69
1195290,2021-11-15T05:00:00.000Z,322556,14.99,2675788,92
1242980,2021-08-31T04:00:00.000Z,257576,24.99,2661860,90
953880,2021-04-08T04:00:00.000Z,387858,14.99,2605534,79
1361320,2021-02-11T05:00:00.000Z,554962,8.99,2581574,99
1229380,2021-03-04T05:00:00.000Z,407891,9.99,2561452,95
1035120,2021-03-11T05:00:00.000Z,190482,19.99,2552205,81
1306630,2021-05-13T04:00:00.000Z,251930,19.99,2539413,86
1714040,2021-09-24T04:00:00.000Z,3668575,0,2526823,90
1287840,2021-10-21T04:00:00.000Z,117819,39.99,2509539,73
1272160,2021-03-04T05:00:00.000Z,252117,19.99,2499719,90
1173780,2021-07-28T04:00:00.000Z,269177,11.99,2496960,82
1227650,2021-03-03T05:00:00.000Z,185203,24.99,2473951,96
1291010,2021-04-29T04:00:00.000Z,400454,16.99,2460225,87
1123050,2021-08-02T04:00:00.000Z,165469,24.99,2457150,85
454120,2021-07-29T04:00:00.000Z,147675,34.99,2455457,57
1341200,2021-12-22T05:00:00.000Z,61381,59.99,2445492,49
1484720,2021-10-19T04:00:00.000Z,287548,14.99,2444899,95
1521580,2021-12-10T05:00:00.000Z,343066,9.99,2443350,93
1276390,2021-11-30T05:00:00.000Z,3307794,0,2441686,84
1517850,2021-12-17T05:00:00.000Z,172759,19.99,2435555,96
1252600,2021-03-30T04:00:00.000Z,135659,0,2420900,69
1198090,2021-04-09T04:00:00.000Z,69032,59.99,2361044,92
1153640,2021-12-03T05:00:00.000Z,187377,24.99,2356901,83
1105500,2021-01-28T05:00:00.000Z,291998,19.99,2345020,91
1515950,2021-05-24T04:00:00.000Z,192912,59.99,2343527,55
1138660,2021-08-10T04:00:00.000Z,199450,24.99,2342297,92
1205450,2021-04-22T04:00:00.000Z,345128,14.99,2332520,95
1182110,2021-04-03T04:00:00.000Z,137688,19.99,2304630,94
1511460,2021-10-15T04:00:00.000Z,135706,24.99,2296661,80
1158370,2021-09-17T04:00:00.000Z,138674,34.99,2274022,76
1443200,2021-06-10T04:00:00.000Z,297445,9.99,2260131,95
1105510,2021-01-28T05:00:00.000Z,285718,19.99,2255888,89
821880,2021-07-26T04:00:00.000Z,180128,19.99,2202614,88
648410,2021-04-06T04:00:00.000Z,92312,39.99,2170645,88
1755920,2021-10-07T04:00:00.000Z,73099,0,2158479,57
1484280,2021-05-06T00:00:00.000Z,90410,39.99,2143895,88
1118240,2021-09-01T04:00:00.000Z,198769,19.99,2125028,87
787810,2021-02-23T05:00:00.000Z,298762,19.99,2115735,78
1493760,2021-10-19T04:00:00.000Z,110149,24.99,2086601,73
671970,2021-10-13T04:00:00.000Z,206819,19.99,2064695,65
1386780,2021-08-09T04:00:00.000Z,170736,29.99,2016883,73
1462570,2021-09-10T04:00:00.000Z,229343,29.99,2009041,89
1076200,2021-06-17T04:00:00.000Z,198121,24.99,2004646,84
1082430,2021-04-08T04:00:00.000Z,436967,9.99,2004512,98
1458100,2021-04-07T04:00:00.000Z,273211,14.99,2001946,90
1591530,2021-07-26T04:00:00.000Z,56358,59.99,1998511,82
1506830,2021-09-30T04:00:00.000Z,2974375,0,1995848,81
1351630,2021-07-06T04:00:00.000Z,56835,59.99,1992976,95
1206610,2021-12-02T05:00:00.000Z,918376,9.99,1981598,84
1502970,2021-04-21T04:00:00.000Z,83872,39.99,1975654,90
824000,2021-06-02T04:00:00.000Z,203052,19.99,1937099,67
1244630,2021-11-11T05:00:00.000Z,175380,19.99,1931314,80
1552550,2021-09-23T04:00:00.000Z,157506,19.99,1925006,91
1098293,2021-03-18T04:00:00.000Z,195650,19.99,1924123,60
842180,2021-11-04T04:00:00.000Z,160614,19.99,1921971,87
1436990,2021-10-23T04:00:00.000Z,646281,4.99,1905502,91
841190,2021-09-14T04:00:00.000Z,164078,21.99,1905137,73
1604000,2021-12-16T05:00:00.000Z,479878,8.99,1890448,97
1330470,2021-10-02T04:00:00.000Z,148371,15.99,1876470,87
427940,2021-06-21T04:00:00.000Z,93881,29.99,1864902,63
1590910,2021-10-26T04:00:00.000Z,155653,19.99,1858139,84
1544360,2021-06-22T04:00:00.000Z,225396,19.99,1841891,83
1794470,2021-11-04T04:00:00.000Z,272824,9.99,1838483,90
760160,2021-09-07T04:00:00.000Z,6532555,0,1836563,76
1111460,2021-11-11T05:00:00.000Z,301460,10.99,1835621,94
1293180,2021-07-14T04:00:00.000Z,122657,24.99,1834775,97
1504500,2021-08-31T04:00:00.000Z,133721,24.99,1808329,96
1451480,2021-07-02T04:00:00.000Z,178406,14.99,1803241,90
1078760,2021-11-17T05:00:00.000Z,212407,19.99,1802336,67
1131620,2021-10-07T04:00:00.000Z,120536,0,1787522,87
1380420,2021-11-16T05:00:00.000Z,136285,24.99,1771758,81
732050,2021-04-15T04:00:00.000Z,90026,24.99,1759366,80
1191120,2021-10-13T04:00:00.000Z,165396,14.99,1758983,88
1566390,2021-08-27T04:00:00.000Z,104191,29.99,1735762,83
1364290,2021-09-09T04:00:00.000Z,102224,19.99,1694033,63
1369760,2021-06-09T04:00:00.000Z,71850,39.99,1692681,65
1143810,2021-07-09T04:00:00.000Z,155868,19.99,1690454,83
1125240,2021-11-03T04:00:00.000Z,107141,19.99,1682669,95
1481080,2021-04-06T04:00:00.000Z,127797,19.99,1670598,96
1119980,2021-09-28T04:00:00.000Z,177181,34.99,1664336,95
941460,2021-08-05T04:00:00.000Z,112889,19.99,1634104,93
1579380,2021-12-06T05:00:00.000Z,215509,19.99,1619146,93
1694420,2021-08-20T04:00:00.000Z,104497,24.99,1596900,95
855740,2021-08-26T04:00:00.000Z,198290,19.99,1586860,88
1609230,2021-06-11T04:00:00.000Z,85615,24.99,1579009,98
1472560,2021-09-16T04:00:00.000Z,176131,19.99,1573764,73
1307580,2021-09-17T04:00:00.000Z,212468,19.99,1562644,99
1043260,2021-10-13T04:00:00.000Z,224807,14.99,1562529,81
1367590,2021-08-26T04:00:00.000Z,224741,19.99,1523270,90
1267540,2021-09-16T04:00:00.000Z,188890,29.99,1516502,78
1701380,2021-10-22T04:00:00.000Z,49242,44.99,1512805,81
1606340,2021-08-17T04:00:00.000Z,64758,29.99,1474802,90
1508570,2021-03-25T04:00:00.000Z,104392,18.99,1471656,72
1716120,2021-12-08T05:00:00.000Z,65889,29.99,1471532,90
1802870,2021-11-18T05:00:00.000Z,353626,5.99,1468572,85
979070,2021-05-20T04:00:00.000Z,258558,14.99,1466289,82
1073910,2021-05-13T04:00:00.000Z,167507,19.99,1465723,78
824600,2021-01-29T05:00:00.000Z,108495,19.99,1458172,97
1471410,2021-11-11T05:00:00.000Z,93539,19.99,1456942,80
1167140,2021-05-18T04:00:00.000Z,158633,24.99,1454413,79
1534980,2021-03-01T05:00:00.000Z,115364,19.99,1440439,94
1392960,2021-09-15T04:00:00.000Z,61057,39.99,1426114,82
1511630,2021-03-17T04:00:00.000Z,67939,24.99,1419832,86
1078350,2021-01-29T05:00:00.000Z,160576,14.99,1401884,94
1123830,2021-05-06T04:00:00.000Z,155582,19.99,1373127,79
1108590,2021-07-29T04:00:00.000Z,191269,19.99,1365733,73
1304680,2021-02-25T05:00:00.000Z,118830,4.99,1359397,97
1514840,2021-02-25T05:00:00.000Z,106303,19.99,1344071,85
1374840,2021-06-15T04:00:00.000Z,122614,24.99,1333241,72
1597480,2021-09-22T04:00:00.000Z,140471,0,1331946,50
1590730,2021-04-15T04:00:00.000Z,114676,14.99,1331065,82
1310990,2021-06-20T04:00:00.000Z,74577,29.99,1329963,96
1639990,2021-10-20T04:00:00.000Z,136548,13.99,1329139,79
1620340,2021-07-02T04:00:00.000Z,89120,19.99,1310907,94
1151450,2021-01-22T05:00:00.000Z,56337,59.99,1310633,94
1578390,2021-08-10T04:00:00.000Z,86576,19.99,1292032,91
1423600,2021-11-08T05:00:00.000Z,42295,59.99,1289572,82
989440,2021-06-21T04:00:00.000Z,95640,19.99,1284940,82
1308700,2021-12-17T05:00:00.000Z,50434,39.99,1276509,85
1134710,2021-01-26T05:00:00.000Z,83081,18.99,1273371,89
1135300,2021-08-24T04:00:00.000Z,106840,39.99,1271668,62
1695830,2021-12-17T05:00:00.000Z,53347,39.99,1253029,83
1695840,2021-12-24T05:00:00.000Z,441944,4.99,1247744,67
1101790,2021-10-19T04:00:00.000Z,68660,44.99,1243557,74
288080,2021-06-08T04:00:00.000Z,82137,19.99,1237120,84
1029210,2021-02-17T05:00:00.000Z,89277,19.99,1227655,91
1123450,2021-06-10T04:00:00.000Z,102868,19.99,1214887,98
1499120,2021-08-24T04:00:00.000Z,71612,24.99,1212910,96
1347970,2021-05-07T04:00:00.000Z,140523,14.99,1202224,94
729000,2021-12-09T05:00:00.000Z,131284,19.99,1177198,93
917720,2021-09-16T04:00:00.000Z,77849,29.99,1174448,80
1486630,2021-07-26T04:00:00.000Z,199100,19.99,1173847,90
1137460,2021-02-19T05:00:00.000Z,823803,2.99,1172659,80
1492680,2021-11-16T05:00:00.000Z,64922,39.99,1156237,91
1477810,2021-06-22T04:00:00.000Z,100915,14.99,1148803,92
1372530,2021-05-28T04:00:00.000Z,141751,14.99,1130487,85
1157220,2021-02-17T05:00:00.000Z,95842,19.99,1129805,79
1152340,2021-10-11T04:00:00.000Z,43953,29.99,1126066,77
1447000,2021-04-22T04:00:00.000Z,91257,24.99,1114228,82
1289810,2021-03-12T05:00:00.000Z,93935,19.99,1100243,94
1197570,2021-06-03T04:00:00.000Z,86277,16.99,1094931,64
1562940,2021-08-25T04:00:00.000Z,39529,59.99,1083001,83
1502980,2021-04-21T04:00:00.000Z,45395,39.99,1082943,74
1769420,2021-12-14T05:00:00.000Z,64444,24.99,1073616,83
1432320,2021-11-30T05:00:00.000Z,83666,15.99,1064433,92
1502990,2021-04-21T04:00:00.000Z,44174,39.99,1058501,91
1316230,2021-05-27T04:00:00.000Z,116988,15.99,1057469,80
1754840,2021-10-20T04:00:00.000Z,98614,24.99,1055221,76
844260,2021-02-18T05:00:00.000Z,100400,24.99,1049842,75
674930,2021-08-11T04:00:00.000Z,84913,19.99,1042565,92
1316910,2021-10-04T04:00:00.000Z,74880,29.99,1024499,83
1097130,2021-03-05T05:00:00.000Z,81919,19.99,1017927,86
1250760,2021-08-17T04:00:00.000Z,175681,12.99,1016519,97
1634150,2021-08-25T04:00:00.000Z,121343,12.99,1010713,94
1612420,2021-08-31T04:00:00.000Z,100289,14.99,1009525,92
1641650,2021-06-23T04:00:00.000Z,801034,0,1004143,71
272230,2021-03-25T04:00:00.000Z,68149,19.99,1000122,70
773370,2021-11-18T05:00:00.000Z,144846,16.99,994659,90
1286880,2021-11-10T05:00:00.000Z,204835,14.99,989565,65
1683560,2021-09-03T04:00:00.000Z,75857,19.99,983435,94
774791,2021-09-02T04:00:00.000Z,130626,19.99,981074,46
1375400,2021-05-31T04:00:00.000Z,68048,29.99,965399,79
598550,2021-05-12T04:00:00.000Z,140254,19.99,960027,95
1357860,2021-07-28T04:00:00.000Z,38737,39.99,957369,93
1726190,2021-10-21T04:00:00.000Z,86792,24.99,953599,89
1702140,2021-11-18T05:00:00.000Z,23860,0,946807,59
1260590,2021-02-25T05:00:00.000Z,78574,19.99,929446,89
1450080,2021-03-24T04:00:00.000Z,35174,44.99,923872,84
1356280,2021-09-01T04:00:00.000Z,133172,19.99,920709,72
1685460,2021-12-07T05:00:00.000Z,23377,59.99,918404,76
1175830,2021-06-24T04:00:00.000Z,55783,29.99,916853,78
1442820,2021-04-30T04:00:00.000Z,38442,39.99,912570,75
1456820,2021-08-26T04:00:00.000Z,179719,7.99,911578,94
1042380,2021-05-13T04:00:00.000Z,84805,24.99,910301,77
1161170,2021-09-09T04:00:00.000Z,131972,14.99,903945,96
1764390,2021-10-26T04:00:00.000Z,139413,9.99,902955,98
865610,2021-06-08T04:00:00.000Z,91767,24.99,899275,67
1134700,2021-01-28T05:00:00.000Z,38616,39.99,898050,60
1731270,2021-11-30T05:00:00.000Z,146356,0,889979,70
1714320,2021-09-16T04:00:00.000Z,224971,4.99,889861,97
1453850,2021-06-03T04:00:00.000Z,51195,39.99,886216,79
1054430,2021-08-23T04:00:00.000Z,130706,19.99,876317,86
1182620,2021-09-30T04:00:00.000Z,185525,9.99,862131,96
1745200,2021-12-20T05:00:00.000Z,75201,0,852950,45
1406850,2021-11-01T04:00:00.000Z,86181,19.99,850847,94
1220150,2021-02-04T05:00:00.000Z,93277,19.99,848033,81
1610470,2021-11-30T05:00:00.000Z,58779,39.99,844198,84
978460,2021-04-16T04:00:00.000Z,208619,9.99,843866,92
1196470,2021-06-10T04:00:00.000Z,56666,24.99,840598,77
1712840,2021-11-09T05:00:00.000Z,177435,9.99,839532,65
1502380,2021-01-21T05:00:00.000Z,23365,59.99,833847,84
1497950,2021-05-27T04:00:00.000Z,39387,39.99,829754,81
1338330,2021-02-18T05:00:00.000Z,87841,14.99,828315,85
1487390,2021-12-01T05:00:00.000Z,44149,24.99,828299,61
1137750,2021-08-05T04:00:00.000Z,74971,19.99,822402,89
638990,2021-10-18T04:00:00.000Z,64071,19.99,818405,79
1025960,2021-11-29T05:00:00.000Z,52023,39.99,799443,85
1545450,2021-04-30T04:00:00.000Z,281741,4.99,798192,97
1491340,2021-05-07T04:00:00.000Z,52649,19.99,787172,90
1567800,2021-05-14T04:00:00.000Z,102806,19.99,786636,99
1113570,2021-10-28T04:00:00.000Z,46483,29.99,783619,80
1296360,2021-12-02T05:00:00.000Z,82812,14.99,783177,89
1648390,2021-11-29T05:00:00.000Z,70804,15.99,770746,95
1405470,2021-04-09T04:00:00.000Z,61725,19.99,768497,75
1802720,2021-11-06T04:00:00.000Z,41155,24.99,767306,91
1273260,2021-10-20T04:00:00.000Z,61965,19.99,762786,91
1507190,2021-03-23T04:00:00.000Z,172093,7.99,762126,93
1420290,2021-06-09T04:00:00.000Z,65854,19.99,745065,82
1175460,2021-03-03T05:00:00.000Z,68969,16.99,742467,82
1494470,2021-07-30T04:00:00.000Z,53731,39.99,740840,87
981600,2021-10-11T04:00:00.000Z,540595,0,737534,82
1172650,2021-09-30T04:00:00.000Z,93137,19.99,734432,71
1590600,2021-05-12T04:00:00.000Z,21549,39.99,728220,92
1615100,2021-07-15T04:00:00.000Z,133389,9.99,720801,89
1203710,2021-09-28T04:00:00.000Z,86276,19.99,718208,94
1709900,2021-09-28T04:00:00.000Z,74520,12.99,700967,89
1124260,2021-01-26T05:00:00.000Z,41937,24.99,700268,62
1367300,2021-06-07T04:00:00.000Z,100128,17.99,696263,74
1569090,2021-05-26T04:00:00.000Z,79859,14.99,694451,90
1573720,2021-09-27T04:00:00.000Z,70773,19.99,675480,76
1206060,2021-10-28T04:00:00.000Z,126471,13.13,670991,90
1635590,2021-10-22T04:00:00.000Z,33132,39.99,669643,87
897730,2021-11-10T05:00:00.000Z,70283,14.99,669037,68
1069530,2021-03-30T04:00:00.000Z,73172,24.99,661385,78
1264280,2021-06-03T04:00:00.000Z,65748,16.99,659308,93
1651960,2021-11-16T05:00:00.000Z,123908,9.99,659056,80
1566410,2021-05-03T04:00:00.000Z,61742,14.99,656248,98
1418760,2021-08-23T04:00:00.000Z,40602,19.99,650570,85
1281160,2021-10-08T04:00:00.000Z,64341,12.99,646354,92
1380220,2021-11-04T04:00:00.000Z,47513,19.99,640205,66
1510030,2021-01-15T05:00:00.000Z,38256,24.99,638611,97
1295270,2021-04-15T04:00:00.000Z,42151,24.99,637801,92
1069690,2021-09-30T04:00:00.000Z,54549,24.99,634934,70
1601970,2021-06-04T04:00:00.000Z,77478,14.99,634520,88
1364100,2021-05-20T04:00:00.000Z,94984,15.99,630986,92
1775550,2021-12-10T05:00:00.000Z,12133,79.99,625836,92
1062110,2021-09-30T04:00:00.000Z,60587,19.99,618928,93
1506980,2021-10-21T04:00:00.000Z,91576,13.99,615040,96
1330660,2021-08-31T04:00:00.000Z,58168,19.99,612526,64
1277510,2021-01-27T05:00:00.000Z,32528,59.99,610985,86
1315610,2021-09-22T04:00:00.000Z,100683,19.99,605928,71
1287530,2021-09-30T04:00:00.000Z,50477,24.99,599804,72
1741640,2021-11-01T04:00:00.000Z,37970,19.99,594859,92
1436590,2021-01-21T05:00:00.000Z,72636,19.99,593448,83
893720,2021-06-10T04:00:00.000Z,93261,14.99,593197,86
1450120,2021-02-07T05:00:00.000Z,34970,34.99,591814,86
1546010,2021-05-28T04:00:00.000Z,84861,14.99,588848,71
1269950,2021-02-18T05:00:00.000Z,106412,9.99,588401,94
1764530,2021-10-18T04:00:00.000Z,35282,19.99,588243,91
1339000,2021-10-21T04:00:00.000Z,106441,9.99,584407,86
1426490,2021-06-05T04:00:00.000Z,38715,17.99,583618,73
1062140,2021-08-11T04:00:00.000Z,62171,19.99,573785,89
795420,2021-04-15T04:00:00.000Z,67613,14.99,572242,96
1609080,2021-07-21T04:00:00.000Z,159241,8.99,571505,90
1421790,2021-06-22T04:00:00.000Z,78432,11.99,568928,96
1683320,2021-08-04T04:00:00.000Z,18098,49.99,566383,56
861250,2021-01-26T05:00:00.000Z,37161,19.99,566287,84
1433340,2021-12-03T05:00:00.000Z,60080,19.99,564814,93
1457510,2021-12-22T05:00:00.000Z,26942,44.99,560093,87
1425730,2021-02-12T05:00:00.000Z,28290,49.99,556420,84
1323470,2021-05-13T04:00:00.000Z,36216,24.99,555442,77
1734320,2021-12-17T05:00:00.000Z,36876,19.99,554762,98
1466180,2021-02-19T05:00:00.000Z,50823,9.99,543989,85
1741040,2021-11-11T05:00:00.000Z,63824,10.99,541698,77
1517970,2021-12-14T05:00:00.000Z,38229,29.99,540776,76
1125390,2021-08-10T04:00:00.000Z,32533,19.99,536165,80
1623660,2021-08-25T04:00:00.000Z,6091384,0,535081,65
1555110,2021-08-13T04:00:00.000Z,268657,7.99,533208,92
1385100,2021-04-29T04:00:00.000Z,54037,24.99,528977,80
1393370,2021-09-23T04:00:00.000Z,28599,29.99,528087,75
1536070,2021-04-14T04:00:00.000Z,109088,7.99,526946,84
1592520,2021-11-01T04:00:00.000Z,38093,19.99,526408,94
1435010,2021-05-13T04:00:00.000Z,32167,24.99,524874,78
760640,2021-06-04T04:00:00.000Z,23883,29.99,521135,96
1801650,2021-12-03T05:00:00.000Z,225887,3.99,519409,88
1577620,2021-09-23T04:00:00.000Z,51608,19.99,517477,87
1399840,2021-03-29T04:00:00.000Z,33889,39.99,515382,57
1163870,2021-08-30T04:00:00.000Z,54813,15.99,513787,92
1245620,2022-02-24T05:00:00.000Z,18787096,59.99,754268964,93
1938090,2022-10-27T04:00:00.000Z,40140757,0,480151779,59
1449850,2022-01-18T05:00:00.000Z,9299300,0,221000653,73
534380,2022-02-03T05:00:00.000Z,6350742,59.99,179926660,79
1142710,2022-02-16T05:00:00.000Z,3809420,59.99,140028048,69
1593500,2022-01-14T05:00:00.000Z,4525749,49.99,120802396,96
1817070,2022-08-12T04:00:00.000Z,3147347,59.99,119740507,96
1446780,2022-01-12T05:00:00.000Z,6061223,39.99,106481091,83
1604030,2022-05-17T04:00:00.000Z,5850343,34.99,105878720,89
1687950,2022-10-20T04:00:00.000Z,3408236,59.99,101553469,97
1361210,2022-11-30T05:00:00.000Z,2891253,39.99,81711996,71
1868140,2022-10-26T04:00:00.000Z,5710385,19.99,81582814,97
1332010,2022-07-19T04:00:00.000Z,3971069,29.99,77807238,97
1313140,2022-08-11T04:00:00.000Z,4207122,24.99,64740402,96
1462040,2022-06-17T04:00:00.000Z,1684298,39.99,59769675,88
1659040,2022-01-20T05:00:00.000Z,3227739,69.99,55301751,86
1284210,2022-08-23T04:00:00.000Z,2735816,0,54709380,89
1817190,2022-11-18T05:00:00.000Z,1584249,49.99,51359538,93
920210,2022-04-05T04:00:00.000Z,2463481,49.99,48083279,90
1874880,2022-05-17T04:00:00.000Z,1641010,39.99,47455622,78
529340,2022-10-25T04:00:00.000Z,1785631,49.99,47225184,70
1286680,2022-06-23T04:00:00.000Z,1973280,59.99,45162969,70
1943950,2022-08-11T04:00:00.000Z,6132144,9.99,44470400,90
1973710,2022-08-10T04:00:00.000Z,606574,0,42635216,61
1621690,2022-03-08T05:00:00.000Z,3637917,19.99,41973863,93
1997040,2022-10-18T04:00:00.000Z,2291878,0,40124645,73
1824220,2022-06-12T04:00:00.000Z,2227377,39.99,38548602,80
1583230,2022-12-13T05:00:00.000Z,886639,39.99,35968605,89
2167580,2022-11-09T05:00:00.000Z,1451483,0,35403904,77
1659420,2022-10-19T04:00:00.000Z,1303375,49.99,33409827,90
1029690,2022-05-25T04:00:00.000Z,1638234,49.99,33196575,83
1657630,2022-09-22T04:00:00.000Z,1593843,29.99,33105147,94
1974050,2022-10-11T04:00:00.000Z,1668110,0,32008696,70
1284190,2022-03-24T04:00:00.000Z,1911381,23.99,29367513,96
1044720,2022-08-09T04:00:00.000Z,1172351,34.99,27466117,87
975370,2022-12-06T05:00:00.000Z,998121,29.99,26653140,95
1846380,2022-12-01T05:00:00.000Z,1864814,69.99,26402955,60
1599600,2022-08-04T04:00:00.000Z,2356270,19.99,25804892,95
1850570,2022-03-30T04:00:00.000Z,1262423,39.99,25275797,93
1336490,2022-11-01T04:00:00.000Z,1544468,29.99,24604300,95
2208920,2022-12-06T05:00:00.000Z,1484323,59.99,24538572,70
1273400,2022-09-20T04:00:00.000Z,967017,34.99,24236479,81
1084600,2022-05-25T04:00:00.000Z,1056082,39.99,23974159,88
1062520,2022-07-14T04:00:00.000Z,1584513,19.99,23408429,92
1475810,2022-03-24T04:00:00.000Z,985588,59.99,22929570,83
1401590,2022-09-06T04:00:00.000Z,729024,39.99,22549690,92
2064650,2022-10-19T04:00:00.000Z,1219031,0,22391950,67
1942280,2022-09-27T04:00:00.000Z,6721162,4.99,21261578,97
1296830,2022-01-18T05:00:00.000Z,2085975,17.99,21144525,93
368260,2022-12-01T05:00:00.000Z,769446,79.99,19424652,81
1158160,2022-10-11T04:00:00.000Z,827807,29.99,19323665,88
1703340,2022-04-27T04:00:00.000Z,1207385,24.99,18385753,94
1549250,2022-10-11T04:00:00.000Z,2473499,0,17898595,52
1544020,2022-12-01T05:00:00.000Z,613834,59.99,17645235,65
1987080,2022-06-20T04:00:00.000Z,4053350,6.99,17559637,81
1237320,2022-11-07T05:00:00.000Z,612224,59.99,17464614,90
1818450,2022-12-09T05:00:00.000Z,4349633,0,16627041,74
1496790,2022-10-21T04:00:00.000Z,786142,59.99,16391836,67
1451940,2022-01-21T05:00:00.000Z,1994426,15.99,16297519,95
1789480,2022-10-03T04:00:00.000Z,607806,29.99,15376877,69
1336980,2022-07-20T04:00:00.000Z,351001,59.99,15327847,74
1592190,2022-09-29T04:00:00.000Z,442047,39.99,15019507,80
1629520,2022-11-08T05:00:00.000Z,1471655,14.99,14925908,92
1588010,2022-10-13T04:00:00.000Z,539945,59.99,14762037,75
1611600,2022-01-20T05:00:00.000Z,495269,39.99,14538921,80
1922560,2022-05-16T04:00:00.000Z,1888218,29.99,14232551,91
1341290,2022-05-10T04:00:00.000Z,1283564,17.99,14116259,91
1296610,2022-04-25T04:00:00.000Z,918833,19.99,13725459,84
1637320,2022-09-27T04:00:00.000Z,1384314,17.99,13538015,92
1577120,2022-06-09T04:00:00.000Z,731853,59.99,13354386,82
1272320,2022-02-09T05:00:00.000Z,794470,29.99,13245445,85
1611910,2022-05-05T04:00:00.000Z,609722,44.99,13212075,77
1350650,2022-08-19T04:00:00.000Z,1395408,13.99,12945413,95
1324130,2022-10-12T04:00:00.000Z,544525,34.99,12795071,85
1718570,2022-10-13T04:00:00.000Z,771674,24.99,12498931,95
872670,2022-02-22T05:00:00.000Z,788348,19.99,12476549,80
1969870,2022-06-27T04:00:00.000Z,1887842,0,12358830,56
1182900,2022-10-17T04:00:00.000Z,523745,69.99,12166335,91
553420,2022-03-16T04:00:00.000Z,573404,29.99,12026248,92
1608070,2022-12-13T05:00:00.000Z,337347,49.99,11779141,90
1594320,2022-05-31T04:00:00.000Z,496421,34.99,11767892,94
1372110,2022-09-01T04:00:00.000Z,605685,69.99,11673722,90
1605220,2022-04-26T04:00:00.000Z,528942,34.99,11477709,79
2141730,2022-10-18T04:00:00.000Z,1750870,9.99,11340967,88
1113120,2022-12-07T05:00:00.000Z,438593,34.99,11031690,79
1361510,2022-06-16T04:00:00.000Z,689521,24.99,10917839,94
1473480,2022-08-23T04:00:00.000Z,814627,0,10664700,47
1954200,2022-09-26T04:00:00.000Z,581447,39.99,10643892,92
1631080,2022-06-02T04:00:00.000Z,176990,69.99,10583452,81
1065310,2022-11-21T05:00:00.000Z,497095,49.99,10534649,74
1761390,2022-05-26T04:00:00.000Z,513339,39.39,10399826,94
1498570,2022-02-16T05:00:00.000Z,484590,29.99,10321577,84
867210,2022-05-10T04:00:00.000Z,684715,29.99,10221806,86
1061910,2022-09-15T04:00:00.000Z,671767,29.99,10155082,96
2087030,2022-09-08T04:00:00.000Z,1156280,9.99,10124774,73
1782120,2022-11-15T05:00:00.000Z,607902,19.99,10047529,85
2066020,2022-11-07T05:00:00.000Z,1279508,14.99,9812060,91
1176470,2022-09-26T04:00:00.000Z,328924,39.99,9676121,80
1202130,2022-06-16T04:00:00.000Z,462906,29.99,9551040,88
1288320,2022-08-16T04:00:00.000Z,404115,29.99,9512771,80
1948280,2022-04-08T04:00:00.000Z,2121495,7.99,9413015,96
1533420,2022-06-16T04:00:00.000Z,566825,24.99,9353691,98
736820,2022-12-06T05:00:00.000Z,284511,44.99,9256295,77
799600,2022-10-24T04:00:00.000Z,565453,19.99,9256215,95
2058190,2022-09-14T04:00:00.000Z,339718,59.99,9253218,94
1740720,2022-03-08T05:00:00.000Z,578924,24.99,9239668,86
1295920,2022-08-02T04:00:00.000Z,488913,24.99,9220026,92
1976440,2022-09-01T04:00:00.000Z,212353,0,9201432,75
1262350,2022-10-27T04:00:00.000Z,601851,19.99,9167148,97
1850740,2022-07-28T04:00:00.000Z,866534,14.99,9085706,86
1097430,2022-07-29T04:00:00.000Z,759149,0,9084519,65
597180,2022-05-18T04:00:00.000Z,466501,39.99,8841481,82
1121640,2022-09-14T04:00:00.000Z,509926,29.99,8596412,92
1649080,2022-08-09T04:00:00.000Z,700362,29.99,8569300,88
1451090,2022-11-11T05:00:00.000Z,264470,49.99,8477708,74
2058180,2022-09-14T04:00:00.000Z,432416,39.99,8358546,94
1408610,2022-08-31T04:00:00.000Z,467644,29.99,7693526,63
1970580,2022-08-15T04:00:00.000Z,559827,19.99,7565484,87
961200,2022-11-30T05:00:00.000Z,618757,0,7488354,72
1766740,2022-12-09T05:00:00.000Z,510960,19.99,7273503,91
1129540,2022-02-08T05:00:00.000Z,611608,14.99,7212304,86
1173820,2022-02-23T05:00:00.000Z,505045,17.99,7159446,92
2190290,2022-12-09T05:00:00.000Z,846856,12.99,6802643,89
1468720,2022-05-12T04:00:00.000Z,488441,19.99,6702873,84
698670,2022-10-14T04:00:00.000Z,429512,39.99,6673781,77
1645820,2022-06-24T04:00:00.000Z,730885,11.99,6671251,92
1563180,2022-01-07T05:00:00.000Z,702844,19.99,6512972,73
1556790,2022-09-13T04:00:00.000Z,526733,44.99,6468060,83
1797880,2022-08-04T04:00:00.000Z,2763447,0,6460709,56
973230,2022-11-14T05:00:00.000Z,371231,21.99,6455881,88
1432050,2022-01-18T05:00:00.000Z,499645,24.99,6429366,91
1599660,2022-10-27T04:00:00.000Z,190080,59.99,6358322,84
2014780,2022-09-16T04:00:00.000Z,130480,59.99,6160777,85
1850510,2022-10-13T04:00:00.000Z,198565,59.99,6143266,80
1488200,2022-06-10T04:00:00.000Z,531561,19.99,6093585,95
1954420,2022-09-08T04:00:00.000Z,272444,0,6009659,50
1562700,2022-06-20T04:00:00.000Z,595538,14.99,5968817,97
1944790,2022-09-06T04:00:00.000Z,304853,24.99,5946062,78
1966900,2022-06-07T04:00:00.000Z,1679466,4.99,5868174,91
1635450,2022-02-24T05:00:00.000Z,433517,19.99,5728339,67
1229240,2022-12-08T05:00:00.000Z,300117,24.99,5712577,89
1265920,2022-02-01T05:00:00.000Z,254229,39.99,5697407,90
1059990,2022-09-15T04:00:00.000Z,594982,14.99,5677279,98
987840,2022-01-20T05:00:00.000Z,248666,44.99,5633165,88
3595230,2022-10-27T00:00:00.000Z,100945,69.99,5610869,34
1276760,2022-10-13T04:00:00.000Z,400972,19.99,5483578,50
1531540,2022-03-10T05:00:00.000Z,158779,49.99,5263418,71
1588530,2022-03-31T04:00:00.000Z,136773,44.99,5256818,95
1286580,2022-11-22T05:00:00.000Z,550400,31.99,5249657,82
1815780,2022-08-02T04:00:00.000Z,2275005,0,5214648,82
1874490,2022-10-17T04:00:00.000Z,260899,24.99,5211681,91
1656780,2022-03-01T05:00:00.000Z,487741,17.99,5062970,80
1515210,2022-11-02T04:00:00.000Z,1478992,5.99,4973597,95
1677770,2022-10-13T04:00:00.000Z,372757,17.99,4945467,98
1594940,2022-05-16T04:00:00.000Z,388344,15.99,4905662,89
1843760,2022-01-28T05:00:00.000Z,418526,14.99,4864073,82
1492070,2022-10-06T04:00:00.000Z,260125,24.99,4850342,83
1585220,2022-12-15T05:00:00.000Z,392896,14.99,4785437,95
1816300,2022-11-04T04:00:00.000Z,126689,59.99,4772925,78
824550,2022-08-24T04:00:00.000Z,163100,59.99,4760937,63
2069310,2022-10-27T04:00:00.000Z,76137,69.99,4748613,88
1705180,2022-09-06T04:00:00.000Z,184772,29.99,4724439,92
1567020,2022-11-17T05:00:00.000Z,174444,39.99,4705014,56
900040,2022-03-01T05:00:00.000Z,200820,49.99,4701802,73
1135230,2022-04-20T04:00:00.000Z,361315,19.99,4670098,94
2096610,2022-11-17T05:00:00.000Z,344409,29.99,4666737,88
1879330,2022-07-12T04:00:00.000Z,186221,39.99,4607631,89
1702330,2022-07-13T04:00:00.000Z,174927,39.99,4582587,77
1218210,2022-03-31T04:00:00.000Z,542794,19.99,4528404,85
1063660,2022-11-15T05:00:00.000Z,329473,29.99,4487802,93
2096600,2022-11-17T05:00:00.000Z,340767,29.99,4477306,89
1621310,2022-02-24T05:00:00.000Z,137323,59.99,4470445,94
1136370,2022-07-28T04:00:00.000Z,304616,19.99,4352117,90
1574580,2022-01-21T05:00:00.000Z,492490,15.99,4300292,95
1343240,2022-08-18T04:00:00.000Z,310060,24.99,4279268,83
1378990,2022-10-18T04:00:00.000Z,208890,39.99,4276439,87
1794960,2022-06-22T04:00:00.000Z,208033,29.99,4264204,74
1205970,2022-06-28T04:00:00.000Z,173868,39.99,4225424,78
1337760,2022-09-22T04:00:00.000Z,322990,19.99,4168937,80
1732180,2022-06-21T04:00:00.000Z,512025,10.99,4134243,96
915810,2022-03-31T04:00:00.000Z,518027,19.99,4132567,77
2060130,2022-09-19T04:00:00.000Z,259523,24.99,4122599,91
1266700,2022-08-30T04:00:00.000Z,211800,39.99,4040414,78
1216060,2022-06-27T04:00:00.000Z,166960,49.99,3995321,63
1239320,2022-03-23T04:00:00.000Z,354838,19.99,3937026,87
1205520,2022-11-14T05:00:00.000Z,297594,19.99,3913704,95
2111630,2022-09-19T04:00:00.000Z,158701,22.99,3843300,75
1602010,2022-03-16T04:00:00.000Z,275121,29.99,3822077,87
2074800,2022-10-19T04:00:00.000Z,341851,18.99,3757648,47
2067920,2022-09-19T04:00:00.000Z,492168,14.99,3500538,91
1700870,2022-07-14T04:00:00.000Z,236899,29.99,3493706,91
2171440,2022-12-09T05:00:00.000Z,358868,11.99,3403700,97
1881420,2022-11-16T05:00:00.000Z,54345,69.99,3371303,78
1449200,2022-06-24T04:00:00.000Z,152164,39.99,3358779,86
1097350,2022-03-31T04:00:00.000Z,247606,39.99,3289428,79
1832640,2022-01-20T05:00:00.000Z,3623955,1.99,3284273,25
2009350,2022-10-31T04:00:00.000Z,160009,24.99,3253986,87
1578650,2022-05-05T04:00:00.000Z,315526,19.99,3136891,93
1972440,2022-05-12T04:00:00.000Z,411281,9.99,3118185,92
1280930,2022-04-12T04:00:00.000Z,193889,24.99,3110426,95
1179080,2022-10-21T04:00:00.000Z,292861,14.99,3010850,95
1109570,2022-01-21T05:00:00.000Z,147619,34.99,2989887,94
1939160,2022-11-11T05:00:00.000Z,160542,22.99,2988028,96
666150,2022-04-27T04:00:00.000Z,123352,29.99,2971234,89
1670870,2022-07-07T04:00:00.000Z,107968,34.99,2921267,87
1874170,2022-03-16T04:00:00.000Z,130884,29.99,2898621,95
1829980,2022-03-25T04:00:00.000Z,141431,34.99,2896012,98
1244800,2022-04-21T04:00:00.000Z,225000,19.99,2875981,88
1614550,2022-11-07T05:00:00.000Z,196073,19.99,2872778,83
1826980,2022-09-13T04:00:00.000Z,156401,0,2795787,68
1368030,2022-03-16T04:00:00.000Z,201299,24.99,2792867,81
871980,2022-07-28T04:00:00.000Z,125568,59.99,2787236,79
1109680,2022-08-16T04:00:00.000Z,130123,29.99,2780157,87
1731070,2022-10-11T04:00:00.000Z,136904,34.99,2738519,79
1410640,2022-03-18T04:00:00.000Z,172654,39.99,2735571,90
1665190,2022-10-21T04:00:00.000Z,319758,11.99,2723536,97
674140,2022-04-28T04:00:00.000Z,219578,24.99,2704798,97
2088570,2022-09-23T04:00:00.000Z,412924,9.99,2703011,97
1777620,2022-08-25T04:00:00.000Z,116368,59.99,2701371,66
1265930,2022-02-01T05:00:00.000Z,134070,39.99,2663205,83
1283400,2022-09-08T04:00:00.000Z,165856,49.99,2642830,72
976890,2022-01-24T05:00:00.000Z,226949,24.99,2535210,76
1380910,2022-10-12T04:00:00.000Z,112002,29.99,2516736,87
1504570,2022-04-14T04:00:00.000Z,196365,19.99,2480875,38
1150760,2022-09-05T04:00:00.000Z,160925,19.99,2457298,95
1454970,2022-10-20T04:00:00.000Z,101573,49.99,2437913,32
1846920,2022-04-12T04:00:00.000Z,229852,14.99,2429570,85
1608290,2022-01-23T05:00:00.000Z,140241,24.99,2403214,94
887570,2022-02-11T05:00:00.000Z,154617,29.99,2401463,82
1850960,2022-10-19T04:00:00.000Z,100126,29.99,2389193,83
1750770,2022-12-14T05:00:00.000Z,126679,24.99,2378652,93
2221920,2022-12-15T05:00:00.000Z,317453,39.99,2358776,73
1981570,2022-11-08T05:00:00.000Z,167171,25.99,2352212,74
1148760,2022-08-25T04:00:00.000Z,131625,24.99,2327964,97
1321680,2022-12-06T05:00:00.000Z,89217,39.99,2326639,79
1753410,2022-05-10T04:00:00.000Z,74771,0,2321065,55
1924480,2022-04-14T04:00:00.000Z,252151,12.99,2306634,79
1953520,2022-11-03T04:00:00.000Z,140316,39.99,2275405,70
1359980,2022-06-09T04:00:00.000Z,258181,19.99,2260694,95
1328350,2022-04-22T04:00:00.000Z,142197,19.99,2237752,95
1477070,2022-12-19T05:00:00.000Z,177282,19.99,2231787,93
1776380,2022-10-27T04:00:00.000Z,61787,59.99,2174998,67
1881200,2022-06-30T04:00:00.000Z,165319,16.99,2165069,85
1036890,2022-03-01T05:00:00.000Z,148745,39.99,2155672,69
1905950,2022-05-16T04:00:00.000Z,114024,0,2153291,63
1328840,2022-08-10T04:00:00.000Z,244188,19.99,2136760,98
1902710,2022-09-30T04:00:00.000Z,331666,10.99,2135484,92
1961460,2022-12-12T05:00:00.000Z,3953713,0,2108871,78
1611430,2022-08-24T04:00:00.000Z,179268,19.99,2105578,90
1948800,2022-12-06T05:00:00.000Z,283320,0,2101072,74
1260520,2022-03-29T04:00:00.000Z,147878,19.99,2094891,99
1307710,2022-02-24T05:00:00.000Z,148592,59.99,2093569,75
1745510,2022-03-15T04:00:00.000Z,241823,13.99,2084906,91
1364210,2022-11-10T05:00:00.000Z,84850,29.99,2077755,91
2013360,2022-11-14T05:00:00.000Z,105361,29.99,2041651,81
2176130,2022-12-13T05:00:00.000Z,40250,59.99,2034450,71
715400,2022-11-17T05:00:00.000Z,94686,19.99,2028740,64
1668510,2022-09-27T04:00:00.000Z,64960,39.99,2018304,98
2109460,2022-10-05T04:00:00.000Z,980033,2.99,1991912,97
1896700,2022-09-20T04:00:00.000Z,88890,24.99,1954087,96
1933650,2022-09-02T04:00:00.000Z,237480,12.99,1942906,80
1570330,2022-06-14T04:00:00.000Z,267226,9.99,1922216,84
1587130,2022-02-10T05:00:00.000Z,153716,24.99,1915297,90
1580520,2022-10-13T04:00:00.000Z,103856,34.99,1908320,69
1685750,2022-06-23T04:00:00.000Z,91271,29.99,1898822,90
1786790,2022-05-06T04:00:00.000Z,158530,19.99,1892457,96
1755910,2022-07-21T04:00:00.000Z,65702,59.99,1889445,68
1898290,2022-10-12T04:00:00.000Z,179469,29.99,1856899,84
1120320,2022-06-09T04:00:00.000Z,169897,19.99,1844669,73
1060230,2022-07-26T04:00:00.000Z,87300,24.99,1823879,84
1133760,2022-04-07T04:00:00.000Z,158542,19.99,1816119,61
1683340,2022-07-12T04:00:00.000Z,113928,22.99,1796335,82
1190340,2022-10-08T04:00:00.000Z,2402652,0,1791268,57
1676130,2022-10-18T04:00:00.000Z,115595,24.99,1773699,89
1546400,2022-08-04T04:00:00.000Z,93279,24.99,1768529,94
1294420,2022-08-16T04:00:00.000Z,114510,29.99,1752312,89
1201230,2022-04-27T04:00:00.000Z,153682,16.99,1751909,80
1329500,2022-09-22T04:00:00.000Z,169188,14.99,1739180,93
1457220,2022-05-22T04:00:00.000Z,59953,34.99,1730789,97
1862520,2022-08-09T04:00:00.000Z,267756,9.99,1723797,93
1612770,2022-07-28T04:00:00.000Z,108792,34.99,1714971,69
1309000,2022-01-13T05:00:00.000Z,137233,17.99,1710939,94
1574240,2022-06-15T04:00:00.000Z,110721,19.99,1684795,90
1710580,2022-04-21T04:00:00.000Z,127905,29.99,1683413,81
1812090,2022-07-13T04:00:00.000Z,128634,19.99,1683392,88
1324530,2022-10-20T04:00:00.000Z,141693,19.99,1657828,87
1324340,2022-09-02T04:00:00.000Z,80693,59.99,1651779,78
1684930,2022-10-13T04:00:00.000Z,195002,9.99,1650778,98
1586800,2022-12-14T05:00:00.000Z,113711,19.99,1635092,99
1920480,2022-12-14T05:00:00.000Z,58722,39.99,1632219,86
1901370,2022-04-11T04:00:00.000Z,172483,12.99,1629066,99
1080020,2022-09-21T04:00:00.000Z,392749,17.99,1592805,80
1621070,2022-01-12T05:00:00.000Z,269083,9.99,1587755,78
1282410,2022-08-04T04:00:00.000Z,123645,29.99,1560750,82
1403370,2022-01-27T05:00:00.000Z,238163,0,1545052,67
2068280,2022-12-15T05:00:00.000Z,327787,9.99,1544197,89
1730680,2022-07-07T04:00:00.000Z,92522,39.99,1540946,94
1757490,2022-12-21T05:00:00.000Z,237347,7.99,1533527,87
1807080,2022-01-07T05:00:00.000Z,174125,14.99,1532341,88
1411740,2022-07-13T04:00:00.000Z,164362,18.99,1519073,90
1570010,2022-03-01T05:00:00.000Z,188021,19.99,1454544,92
1891700,2022-03-17T04:00:00.000Z,1211083,0,1443476,85
1535560,2022-08-25T04:00:00.000Z,660797,0,1441468,95
1623070,2022-12-13T05:00:00.000Z,48276,39.99,1440121,71
1995890,2022-07-04T04:00:00.000Z,29623,59.99,1440059,88
1532690,2022-12-15T05:00:00.000Z,101887,29.99,1438386,81
1659600,2022-08-30T04:00:00.000Z,64116,39.99,1430988,88
1668690,2022-01-19T05:00:00.000Z,133884,14.99,1427342,92
845890,2022-09-29T04:00:00.000Z,60235,29.99,1391066,84
1371720,2022-06-02T04:00:00.000Z,136997,19.99,1389376,90
1811950,2022-07-27T04:00:00.000Z,52235,49.99,1387920,91
1155970,2022-09-12T04:00:00.000Z,213219,10.99,1360218,95
1354830,2022-04-14T04:00:00.000Z,115736,19.99,1348531,88
1491000,2022-11-24T05:00:00.000Z,167738,0,1346614,65
1792250,2022-01-25T05:00:00.000Z,132535,19.99,1340190,93
890550,2022-09-23T04:00:00.000Z,77249,20,1331939,87
1846170,2022-03-09T05:00:00.000Z,253621,7.99,1330437,92
782250,2022-08-22T04:00:00.000Z,97327,19.99,1329685,94
1849900,2022-11-10T05:00:00.000Z,160291,9.99,1323497,74
1863670,2022-09-30T04:00:00.000Z,88549,19.99,1310525,86
1713810,2022-04-13T04:00:00.000Z,112084,19.99,1298330,77
1968730,2022-08-18T04:00:00.000Z,281719,6.99,1288389,88
1866180,2022-08-03T04:00:00.000Z,200585,9.99,1281847,91
1963210,2022-11-11T05:00:00.000Z,44858,59.99,1274504,63
1389990,2022-03-24T04:00:00.000Z,159080,9.99,1259190,82
1898210,2022-05-18T04:00:00.000Z,45353,0,1249921,67
1859280,2022-02-06T05:00:00.000Z,206906,7.99,1249657,89
1722860,2022-12-01T05:00:00.000Z,105532,14.99,1248724,75
1843940,2022-05-10T04:00:00.000Z,58485,39.99,1246720,86
1749750,2022-06-28T04:00:00.000Z,30045,59.99,1242659,63
515960,2022-02-24T05:00:00.000Z,88345,29.99,1240467,79
982290,2022-03-07T05:00:00.000Z,95595,24.99,1224630,87
1647550,2022-10-19T04:00:00.000Z,43073,59.99,1220164,92
1897120,2022-09-28T04:00:00.000Z,120405,12.99,1215664,91
1048370,2022-09-15T04:00:00.000Z,379916,0,1210036,71
1839940,2022-10-04T04:00:00.000Z,52056,29.99,1207857,58
1896170,2022-05-11T04:00:00.000Z,343514,0,1180941,93
1730590,2022-11-03T04:00:00.000Z,105465,19.99,1178486,90
1784570,2022-05-30T04:00:00.000Z,52985,39.99,1176607,75
1690710,2022-07-22T04:00:00.000Z,195295,0,1176265,71
1836860,2022-05-11T04:00:00.000Z,65417,49.99,1170589,82
1140150,2022-08-17T04:00:00.000Z,51034,29.99,1168827,93
1952250,2022-12-08T05:00:00.000Z,26324,59.99,1167956,60
1489970,2022-03-24T04:00:00.000Z,54506,29.99,1167690,78
1927720,2022-07-12T04:00:00.000Z,330746,7.99,1164796,98
1895300,2022-06-14T04:00:00.000Z,44501,0,1149935,63
928960,2022-04-07T04:00:00.000Z,72143,39.99,1140583,64
1269370,2022-11-17T05:00:00.000Z,95686,19.99,1137008,74
587520,2022-07-18T04:00:00.000Z,204578,9.99,1136132,74
1603640,2022-12-22T05:00:00.000Z,83139,19.99,1134138,90
1718870,2022-02-17T05:00:00.000Z,126879,14.99,1129116,96
1767560,2022-06-09T04:00:00.000Z,55761,39.99,1128834,85
1715730,2022-09-15T04:00:00.000Z,169295,7.99,1119803,88
1958390,2022-05-20T04:00:00.000Z,320161,0,1118533,81
1766100,2022-10-19T04:00:00.000Z,102411,24.99,1085826,80
2009390,2022-08-31T04:00:00.000Z,8285,0,1080868,39
2069640,2022-07-14T04:00:00.000Z,98933,14.99,1075006,79
1429500,2022-12-14T05:00:00.000Z,80691,24.99,1071750,83
2099110,2022-10-28T04:00:00.000Z,134321,11.99,1067725,90
1962770,2022-05-26T04:00:00.000Z,17119,0,1066578,54
2067850,2022-09-27T04:00:00.000Z,92331,0,1061924,65
1522870,2022-01-14T05:00:00.000Z,109911,19.99,1056641,96
1190170,2022-02-07T05:00:00.000Z,72901,19.99,1053615,90
1407450,2022-08-15T04:00:00.000Z,90562,17.99,1040067,67
1350200,2022-08-30T04:00:00.000Z,83738,19.99,1028051,84
1967510,2022-09-06T04:00:00.000Z,122592,12.99,1026374,95
1341820,2022-07-19T04:00:00.000Z,101843,29.99,1010664,91
1160920,2022-09-14T04:00:00.000Z,84401,19.99,1005706,69
1615290,2022-04-29T04:00:00.000Z,344342,4.99,1001536,92
1390410,2022-08-23T04:00:00.000Z,76319,19.99,1000716,89
1944570,2022-08-05T04:00:00.000Z,248921,4.99,1000599,96
1970980,2022-05-24T04:00:00.000Z,62536,19.99,999535,88
1823600,2022-04-07T04:00:00.000Z,26349,49.99,998604,59
1776970,2022-06-17T04:00:00.000Z,52441,39.99,997982,97
1314000,2022-05-12T04:00:00.000Z,74183,24.99,993904,79
1679220,2022-12-14T05:00:00.000Z,91565,14.99,989617,88
1592110,2022-03-16T04:00:00.000Z,100502,14.99,979636,66
1883260,2022-06-28T04:00:00.000Z,147490,14.99,978443,92
1962430,2022-11-16T05:00:00.000Z,23057,59.99,971805,81
1927780,2022-08-19T04:00:00.000Z,595769,0,967052,92
1743850,2022-09-19T04:00:00.000Z,119686,14.99,963300,94
1755580,2022-06-29T04:00:00.000Z,63901,19.99,958232,94
1930640,2022-09-30T04:00:00.000Z,94999,15.99,956838,82
374190,2022-02-14T05:00:00.000Z,76929,19.99,955210,93
1768640,2022-02-11T05:00:00.000Z,107447,10.99,954194,96
1637730,2022-03-31T04:00:00.000Z,86625,13.99,951053,92
1723260,2022-05-19T04:00:00.000Z,169995,9.99,941374,91
943370,2022-11-15T05:00:00.000Z,84560,19.99,935829,77
1269640,2022-09-22T04:00:00.000Z,85462,19.99,932161,98
1694600,2022-04-28T04:00:00.000Z,109004,24.99,925929,68
1718130,2022-09-13T04:00:00.000Z,81371,14.99,924233,88
1602080,2022-09-19T04:00:00.000Z,70826,39.99,923232,73
1683430,2022-02-08T05:00:00.000Z,65101,19.99,922479,87
1973080,2022-06-04T04:00:00.000Z,112306,10.99,916652,76
1999360,2022-07-06T04:00:00.000Z,598878,1.99,916241,98
1859470,2022-08-25T04:00:00.000Z,89918,29.99,914904,93
1939560,2022-11-04T04:00:00.000Z,106896,14.99,912574,87
1793030,2022-12-01T05:00:00.000Z,48226,24.99,898334,86
1272010,2022-09-28T04:00:00.000Z,57493,29.99,894773,75
1889930,2022-07-20T04:00:00.000Z,41487,39.99,893486,80
1087760,2022-04-29T04:00:00.000Z,130987,24.99,888825,86
898890,2022-07-19T04:00:00.000Z,87946,29.99,888159,95
1622770,2022-11-04T04:00:00.000Z,85120,14.99,881446,91
2059810,2022-07-27T04:00:00.000Z,218130,5.99,880302,73
1511780,2022-07-04T04:00:00.000Z,76726,19.99,878721,92
1502190,2022-11-03T04:00:00.000Z,135914,14.99,870470,68
1574900,2022-09-20T04:00:00.000Z,67148,19.99,870134,85
1599020,2022-08-30T04:00:00.000Z,90490,24.99,866004,98
1964360,2022-11-18T05:00:00.000Z,108433,9.99,865601,78
1428100,2022-03-02T05:00:00.000Z,59097,19.99,858446,92
1612780,2022-05-12T04:00:00.000Z,36420,49.99,850345,80
1427340,2022-09-30T04:00:00.000Z,62679,19.99,837906,79
1388870,2022-08-11T04:00:00.000Z,68363,19.99,837139,82
699330,2022-04-19T04:00:00.000Z,45104,24.99,836351,79
1461810,2022-11-17T05:00:00.000Z,48383,24.99,818858,74
1498140,2022-12-05T05:00:00.000Z,68105,18.99,809680,65
2015240,2022-12-16T05:00:00.000Z,112577,9.99,807582,83
1492730,2022-11-01T04:00:00.000Z,25568,49.99,804374,90
1850550,2022-05-13T04:00:00.000Z,90393,9.99,801899,96
1999170,2022-06-01T04:00:00.000Z,146683,6.99,799481,84
1587540,2022-06-21T04:00:00.000Z,73341,19.99,798828,72
1768280,2022-10-11T04:00:00.000Z,77205,14.99,795512,88
1221250,2022-03-24T04:00:00.000Z,107227,14.99,791563,93
1867530,2022-12-08T05:00:00.000Z,40057,39.99,789228,91
1390190,2022-05-20T04:00:00.000Z,78658,19.99,785471,91
1851330,2022-04-06T04:00:00.000Z,19524,0,770096,59
1569200,2022-09-29T04:00:00.000Z,100060,17.99,766907,77
1782330,2022-06-09T04:00:00.000Z,48295,19.99,764545,58
1803400,2022-11-03T04:00:00.000Z,48260,24.99,753460,77
1843090,2022-03-18T04:00:00.000Z,157344,5.99,749614,88
864700,2022-05-04T04:00:00.000Z,62130,19.99,741597,77
1608700,2022-05-11T04:00:00.000Z,82756,29.99,740969,75
1399080,2022-09-22T04:00:00.000Z,25825,59.99,737809,51
1993150,2022-12-02T05:00:00.000Z,68265,16.99,720565,82
2154330,2022-11-16T05:00:00.000Z,99751,9.99,719501,82
1744330,2022-10-11T04:00:00.000Z,36812,39.99,719195,81
1570070,2022-03-03T05:00:00.000Z,143249,17.99,717564,66
1927740,2022-07-12T04:00:00.000Z,199569,7.99,714603,93
1664220,2022-09-07T04:00:00.000Z,59244,19.99,713894,80
1240590,2022-08-18T04:00:00.000Z,87023,16.99,713412,82
1231880,2022-04-28T04:00:00.000Z,72229,19.99,713274,90
1745310,2022-03-23T04:00:00.000Z,99160,10.99,710518,85
1265800,2022-12-07T05:00:00.000Z,30689,29.99,709639,75
1658290,2022-05-10T04:00:00.000Z,116780,14.99,707370,86
1919470,2022-11-11T05:00:00.000Z,23969,39.99,703312,93
1370140,2022-05-27T04:00:00.000Z,60425,29.99,702566,79
843810,2022-02-24T05:00:00.000Z,68464,19.99,694591,85
1763050,2022-01-06T05:00:00.000Z,226567,4.99,691295,88
1136380,2022-08-22T04:00:00.000Z,148401,19.99,684181,68
1309610,2022-05-05T04:00:00.000Z,47247,24.99,668793,80
1904860,2022-07-14T04:00:00.000Z,92825,14.99,665616,65
1949190,2022-07-13T04:00:00.000Z,399559,2.99,661192,86
1419160,2022-06-02T04:00:00.000Z,67759,19.99,657462,69
1786200,2022-01-21T05:00:00.000Z,48472,19.99,653193,43
1918040,2022-10-27T04:00:00.000Z,117473,7.99,653110,89
1968430,2022-08-04T04:00:00.000Z,19897,39.99,649265,95
1298140,2022-06-28T04:00:00.000Z,56708,29.99,648693,84
1970460,2022-12-14T05:00:00.000Z,88483,9.99,634459,98
1892030,2022-04-15T04:00:00.000Z,64446,11.99,634115,87
1837230,2022-04-29T04:00:00.000Z,37951,24.99,631184,80
1604380,2022-09-30T04:00:00.000Z,36723,29.99,626955,96
1941000,2022-07-19T04:00:00.000Z,83530,0,626858,67
1840350,2022-07-27T04:00:00.000Z,18126,59.99,622644,83
1449070,2022-03-09T05:00:00.000Z,52501,19.99,619979,81
1336180,2022-11-15T05:00:00.000Z,52241,19.99,618570,57
2106520,2022-12-15T05:00:00.000Z,97805,9.99,614527,96
1961950,2022-10-07T04:00:00.000Z,59087,24.99,612833,89
1269300,2022-03-17T04:00:00.000Z,49580,19.99,607474,70
1370050,2022-05-05T04:00:00.000Z,66809,19.99,604132,71
919360,2022-06-30T04:00:00.000Z,39914,34.99,603239,73
1557990,2022-04-29T04:00:00.000Z,147605,4.99,603200,77
1671410,2022-11-14T05:00:00.000Z,63543,19.99,598718,70
1629530,2022-08-14T04:00:00.000Z,43036,24.99,589211,97
1599560,2022-01-27T05:00:00.000Z,25462,39.99,586189,84
1946970,2022-09-08T04:00:00.000Z,56825,12.99,584725,80
1579020,2022-05-26T04:00:00.000Z,49051,17.99,578946,69
1182310,2022-09-28T04:00:00.000Z,57075,14.99,569546,92
1868000,2022-07-22T04:00:00.000Z,59942,16.99,568697,76
1488560,2022-06-08T04:00:00.000Z,32146,19.99,565300,80
1968340,2022-08-31T04:00:00.000Z,43602,14.99,562875,79
1866880,2022-08-01T04:00:00.000Z,81434,9.99,561131,92
1697700,2022-02-23T05:00:00.000Z,82897,11.99,560886,95
1164250,2022-02-08T05:00:00.000Z,62050,19.99,558840,75
1151050,2022-05-19T04:00:00.000Z,160051,9.99,557913,84
1722840,2022-07-28T04:00:00.000Z,35839,19.99,553550,90
1273440,2022-05-25T04:00:00.000Z,48257,9.99,550531,80
2059670,2022-10-20T04:00:00.000Z,34241,19.99,544758,99
2061250,2022-08-31T04:00:00.000Z,29564,29.99,544562,83
1271100,2022-06-11T04:00:00.000Z,60553,39.99,543379,71
1697880,2022-07-27T04:00:00.000Z,38573,14.99,540566,76
1592670,2022-05-23T04:00:00.000Z,85804,10.99,538543,93
1689910,2022-04-14T04:00:00.000Z,59251,19.99,536706,94
2151290,2022-12-11T05:00:00.000Z,41182,19.99,536432,96
801550,2022-11-16T05:00:00.000Z,96101,0,534835,75
1711610,2022-11-25T05:00:00.000Z,62560,11.99,531623,82
1065520,2022-06-22T04:00:00.000Z,21037,29.99,530611,55
1887930,2022-02-11T05:00:00.000Z,109263,0,530449,77
1611410,2022-03-30T04:00:00.000Z,61965,12.99,529114,94
1622780,2022-03-14T04:00:00.000Z,73988,9.99,527568,84
1916310,2022-07-19T04:00:00.000Z,50041,15.99,524746,77
990080,2023-02-10T05:00:00.000Z,11014137,59.99,397515430,90
1326470,2023-02-23T05:00:00.000Z,13732232,29.99,285894512,88
1716740,2023-09-05T04:00:00.000Z,2960430,69.99,183497463,57
2050650,2023-03-23T04:00:00.000Z,4568742,39.99,149488969,98
1966720,2023-10-23T04:00:00.000Z,16867600,9.99,144135326,97
1364780,2023-06-01T04:00:00.000Z,3351281,39.99,126767574,84
1282100,2023-07-25T04:00:00.000Z,2784780,49.99,102106091,83
1888160,2023-08-24T04:00:00.000Z,1851849,59.99,92621450,92
949230,2023-10-24T04:00:00.000Z,2076986,49.99,87879284,52
1888930,2023-03-28T04:00:00.000Z,2198869,59.99,86685483,82
2399830,2023-10-25T04:00:00.000Z,2370422,44.99,81725032,59
1260320,2023-09-20T04:00:00.000Z,5858436,19.99,80205300,79
1304930,2023-05-18T04:00:00.000Z,3546406,39.99,77983246,93
1973530,2023-02-26T05:00:00.000Z,2224605,0,74213495,86
2357570,2023-08-10T04:00:00.000Z,14646751,0,73928610,26
2073850,2023-12-07T05:00:00.000Z,17719456,0,71124425,78
671860,2023-06-15T04:00:00.000Z,4915861,14.99,64631241,82
2344520,2023-10-17T04:00:00.000Z,1999306,49.99,62860062,66
1774580,2023-04-27T04:00:00.000Z,1845197,69.99,62434451,70
1627720,2023-09-18T04:00:00.000Z,1636274,59.99,61424203,92
2141910,2023-05-23T04:00:00.000Z,2122819,0,53010985,62
1693980,2023-01-27T05:00:00.000Z,1733775,59.99,50763005,91
668580,2023-02-20T05:00:00.000Z,1641249,59.99,50705615,81
1669000,2023-05-02T04:00:00.000Z,1115445,49.99,42091667,81
2186680,2023-12-07T05:00:00.000Z,1257636,49.99,41996321,87
1971870,2023-09-19T04:00:00.000Z,1091435,49.99,39149865,71
1272080,2023-09-21T04:00:00.000Z,1316589,29.99,36082287,44
1501750,2023-10-13T04:00:00.000Z,1026244,29.99,34693637,67
1677280,2023-02-23T05:00:00.000Z,851735,59.99,34654127,57
1562430,2023-03-30T04:00:00.000Z,2000307,26.99,34504454,96
1190970,2023-12-14T05:00:00.000Z,1110631,39.99,34307504,86
2138710,2023-03-28T04:00:00.000Z,1521522,39.99,29311825,92
2349820,2023-05-17T04:00:00.000Z,2793012,0,25114711,54
1448440,2023-03-03T05:00:00.000Z,629669,39.99,24937133,49
1940340,2023-05-08T04:00:00.000Z,960535,39.99,24437828,75
2231380,2023-01-23T05:00:00.000Z,2281151,59.99,24253415,73
633230,2023-06-29T04:00:00.000Z,1969353,39.99,24154039,84
2668080,2023-12-24T05:00:00.000Z,676600,0,23597945,74
1895880,2023-07-26T04:00:00.000Z,509379,59.99,23357610,91
1548850,2023-06-22T04:00:00.000Z,670512,39.99,22945865,81
1817230,2023-01-25T05:00:00.000Z,974487,29.99,22929786,97
756800,2023-03-08T05:00:00.000Z,1383411,29.99,22878864,95
1971650,2023-02-24T05:00:00.000Z,578401,59.99,21132464,94
1466060,2023-03-30T04:00:00.000Z,605738,44.99,20652654,88
2369390,2023-05-11T04:00:00.000Z,1457908,59.99,20193472,71
1985810,2023-03-08T05:00:00.000Z,811417,59.99,19742709,80
2080690,2023-08-25T04:00:00.000Z,1230938,19.99,19347380,81
1268750,2023-05-17T04:00:00.000Z,823630,29.99,19091132,80
1929610,2023-03-27T04:00:00.000Z,1481108,19.99,18675815,86
2322560,2023-10-17T04:00:00.000Z,2707700,9.99,18419967,93
954850,2023-02-24T05:00:00.000Z,405171,49.99,18224154,27
2000950,2023-03-08T05:00:00.000Z,845273,59.99,17982725,79
1876890,2023-09-14T04:00:00.000Z,1084287,24.99,17590927,95
1367080,2023-05-30T04:00:00.000Z,673895,0,17505435,22
2273430,2023-08-15T04:00:00.000Z,1349495,19.99,17408916,95
1676840,2023-11-02T04:00:00.000Z,1018848,24.99,16647600,70
3595270,2023-11-10T00:00:00.000Z,288452,69.99,16592837,38
2140330,2023-08-17T04:00:00.000Z,281147,0,16438112,46
2071280,2023-04-06T04:00:00.000Z,1067183,24.99,16348100,80
2221490,2023-01-12T05:00:00.000Z,1598886,29.99,15203243,78
1649240,2023-02-15T05:00:00.000Z,337514,59.99,15117040,82
2290180,2023-06-08T04:00:00.000Z,1920626,39.99,14768758,82
1681430,2023-11-02T04:00:00.000Z,1034855,39.99,14509047,88
1547000,2023-01-19T05:00:00.000Z,544079,59.99,14316970,78
2231450,2023-01-26T05:00:00.000Z,837271,19.99,13693110,98
1337520,2023-11-08T05:00:00.000Z,1156842,14.99,13375365,90
1084160,2023-07-14T04:00:00.000Z,433413,44.99,13333071,89
1451190,2023-01-31T05:00:00.000Z,426821,49.99,13331753,61
2440510,2023-10-09T04:00:00.000Z,285131,69.99,12767047,50
1433140,2023-08-18T04:00:00.000Z,488363,19.99,12389311,66
1331550,2023-03-10T05:00:00.000Z,653636,22.99,12100729,93
986130,2023-04-24T04:00:00.000Z,743404,24.99,12040376,83
2005010,2023-05-23T04:00:00.000Z,750517,21.99,11885549,90
1669980,2023-04-20T04:00:00.000Z,1677722,10.99,11852035,98
1159690,2023-05-09T04:00:00.000Z,526855,29.99,11593018,75
1353230,2023-08-18T04:00:00.000Z,352397,39.99,11570007,98
1607250,2023-09-28T04:00:00.000Z,2538135,0,11440973,67
1938010,2023-02-16T05:00:00.000Z,265509,69.99,11177344,47
1150440,2023-06-19T04:00:00.000Z,436000,39.99,11006071,88
1948980,2023-03-07T05:00:00.000Z,1005368,17.99,10992277,84
601050,2023-04-26T04:00:00.000Z,276338,39.99,10880298,93
1881700,2023-06-13T04:00:00.000Z,633077,0,10872592,54
1063420,2023-09-07T04:00:00.000Z,576883,24.99,10793681,87
1244090,2023-08-28T04:00:00.000Z,405589,34.99,10774964,89
768200,2023-03-29T04:00:00.000Z,516276,34.99,10318387,82
2484110,2023-12-06T05:00:00.000Z,535473,0,10235325,61
1546990,2023-01-19T05:00:00.000Z,408718,59.99,10187119,81
2346550,2023-07-16T04:00:00.000Z,310069,0,9904288,61
1702010,2023-08-10T04:00:00.000Z,433802,29.99,9831514,74
2375550,2023-11-08T05:00:00.000Z,284330,49.99,9677667,96
482400,2023-05-30T04:00:00.000Z,401651,39.99,9500624,91
1902690,2023-09-28T04:00:00.000Z,240836,39.99,9374517,91
1849250,2023-11-02T04:00:00.000Z,316091,49.99,9324914,62
2157560,2023-12-13T05:00:00.000Z,289576,49.99,9316790,83
1928420,2023-04-23T04:00:00.000Z,5000409,0,9216005,77
1171690,2023-08-17T04:00:00.000Z,566576,24.99,9173690,59
2239150,2023-08-02T04:00:00.000Z,1319225,12.99,8879983,96
1989270,2023-10-23T04:00:00.000Z,632336,17.99,8788652,97
2114740,2023-08-24T04:00:00.000Z,520333,29.99,8780865,91
2248760,2023-05-18T04:00:00.000Z,680207,16.99,8777374,79
1805480,2023-02-21T05:00:00.000Z,265087,59.99,8606204,82
1641960,2023-06-22T04:00:00.000Z,378474,29.99,8514378,80
2144740,2023-10-26T04:00:00.000Z,499478,39.99,8503688,80
1574360,2023-03-05T05:00:00.000Z,240527,0,8295668,46
774801,2023-04-01T04:00:00.000Z,909905,9.99,7984992,98
814000,2023-01-12T05:00:00.000Z,172147,39.99,7927473,79
669330,2023-05-11T04:00:00.000Z,685760,14.99,7903465,84
2103140,2023-11-01T04:00:00.000Z,815238,15.99,7499153,93
1546970,2023-01-19T05:00:00.000Z,299925,59.99,7463978,66
1607680,2023-05-23T04:00:00.000Z,640876,14.99,7306970,80
1680880,2023-01-24T05:00:00.000Z,165386,69.99,7086138,62
1593030,2023-03-28T04:00:00.000Z,404384,24.99,6940594,88
1931770,2023-09-05T04:00:00.000Z,504226,19.99,6872629,98
1766060,2023-09-18T04:00:00.000Z,509256,19.99,6809782,77
2203070,2023-10-26T04:00:00.000Z,275027,0,6807361,60
1321440,2023-04-26T04:00:00.000Z,500406,19.99,6683100,95
1937780,2023-10-11T04:00:00.000Z,214504,39.99,6261467,63
1469610,2023-11-28T05:00:00.000Z,232505,39.99,6250851,87
2334730,2023-11-14T05:00:00.000Z,1025278,6.99,6185440,91
1624540,2023-03-23T04:00:00.000Z,531059,14.99,6054225,88
2140020,2023-11-07T05:00:00.000Z,612725,14.99,5868069,86
2362300,2023-09-26T04:00:00.000Z,213933,39.99,5820452,79
1957780,2023-03-20T04:00:00.000Z,287714,24.99,5807386,74
1755830,2023-09-21T04:00:00.000Z,287974,24.99,5777017,92
1282150,2023-01-31T05:00:00.000Z,241619,39.99,5565971,92
2458530,2023-07-21T04:00:00.000Z,284293,34.99,5506249,99
1382070,2023-07-18T04:00:00.000Z,375796,24.99,5502169,94
2218750,2023-05-24T04:00:00.000Z,1282402,6.66,5446963,96
2287220,2023-07-31T04:00:00.000Z,189308,64.99,5341417,80
2225070,2023-02-02T05:00:00.000Z,2270752,0,5310287,78
2239550,2023-01-26T05:00:00.000Z,590495,59.99,5284379,57
1937500,2023-07-26T04:00:00.000Z,390044,19.99,5260336,93
1150530,2023-10-16T04:00:00.000Z,327259,24.99,5233277,81
1920490,2023-03-07T05:00:00.000Z,212018,59.99,5230699,76
1332720,2023-10-04T04:00:00.000Z,388640,19.99,5201468,89
1545560,2023-08-17T04:00:00.000Z,248696,39.99,5189715,92
820520,2023-03-21T04:00:00.000Z,324879,19.99,5153143,82
2155180,2023-12-13T05:00:00.000Z,202139,34.99,5149205,84
2285150,2023-10-11T04:00:00.000Z,340888,19.99,5129987,68
1735700,2023-11-02T04:00:00.000Z,371748,23.99,5091635,94
835960,2023-11-02T04:00:00.000Z,258560,29.99,4941712,95
1651560,2023-04-13T04:00:00.000Z,408392,20.99,4899287,86
1270580,2023-12-14T05:00:00.000Z,266935,24.99,4895756,87
2238900,2023-11-02T04:00:00.000Z,121937,49.99,4888557,94
1358700,2023-04-06T04:00:00.000Z,187946,39.99,4887823,84
1985820,2023-03-08T05:00:00.000Z,158037,59.99,4796197,68
2674290,2023-12-25T05:00:00.000Z,32450,0,4731947,64
1696440,2023-08-29T04:00:00.000Z,425758,19.99,4730520,83
1798010,2023-04-13T04:00:00.000Z,170492,39.99,4685942,87
1020790,2023-11-16T05:00:00.000Z,117914,59.99,4601402,58
2395210,2023-10-03T04:00:00.000Z,243371,39.99,4590364,91
1485590,2023-10-19T04:00:00.000Z,185908,14.99,4577859,65
1650010,2023-08-24T04:00:00.000Z,204573,59.99,4553010,81
1530160,2023-02-21T05:00:00.000Z,189938,59.99,4537084,81
2230110,2023-09-08T04:00:00.000Z,147481,29.99,4507343,80
1457320,2023-07-18T04:00:00.000Z,202210,29.99,4413329,66
2212330,2023-02-02T05:00:00.000Z,994796,4.99,4391774,96
1658150,2023-09-20T04:00:00.000Z,300694,19.99,4347594,84
1811990,2023-04-12T04:00:00.000Z,260251,19.99,4346424,83
1944430,2023-06-06T04:00:00.000Z,288715,24.99,4340010,93
1230530,2023-08-09T04:00:00.000Z,196265,39.99,4338919,73
1201540,2023-02-16T05:00:00.000Z,290518,24.99,4308099,86
1537830,2023-04-18T04:00:00.000Z,1008028,0,4240803,68
1785150,2023-05-30T04:00:00.000Z,838106,9.99,4198169,83
1494810,2023-03-15T04:00:00.000Z,269410,24.99,4184178,95
1062810,2023-05-22T04:00:00.000Z,227521,29.99,4079416,87
1436700,2023-08-31T04:00:00.000Z,226005,29.99,4057200,91
1869590,2023-04-27T04:00:00.000Z,2329226,0,4042806,84
1540210,2023-12-07T05:00:00.000Z,122343,49.99,4022303,84
1643310,2023-11-09T05:00:00.000Z,97360,59.99,3995102,88
1958220,2023-09-25T04:00:00.000Z,154204,34.99,3984514,96
1286320,2023-07-13T04:00:00.000Z,101850,59.99,3981183,69
1357210,2023-04-27T04:00:00.000Z,112394,39.99,3979425,73
2194530,2023-10-19T04:00:00.000Z,563195,10.99,3964470,94
1999770,2023-03-23T04:00:00.000Z,107327,59.99,3954989,90
731040,2023-11-06T05:00:00.000Z,196921,29.99,3909870,89
1844380,2023-11-17T05:00:00.000Z,176561,59.99,3854900,52
538030,2023-07-18T04:00:00.000Z,140449,39.99,3832846,80
1967430,2023-06-29T04:00:00.000Z,215557,29.99,3832145,98
2163330,2023-07-13T04:00:00.000Z,549691,14.99,3830741,91
2378900,2023-10-13T04:00:00.000Z,457626,11.99,3811680,96
2131650,2023-10-24T04:00:00.000Z,228447,19.99,3776699,88
742420,2023-08-24T04:00:00.000Z,325222,29.99,3770598,57
2287520,2023-12-14T05:00:00.000Z,106140,39.99,3766286,95
1294810,2023-05-01T04:00:00.000Z,71341,39.99,3747163,38
2060160,2023-02-10T05:00:00.000Z,554626,9.99,3714555,96
2131630,2023-10-24T04:00:00.000Z,241406,19.99,3665503,80
1644320,2023-05-25T04:00:00.000Z,88145,59.99,3654967,73
1860510,2023-04-21T04:00:00.000Z,161935,29.99,3650523,75
2109370,2023-03-30T04:00:00.000Z,161895,34.99,3616406,67
1963370,2023-01-14T05:00:00.000Z,271494,16.99,3600151,66
2296990,2023-09-14T04:00:00.000Z,1348953,3.99,3581426,91
2059170,2023-10-02T04:00:00.000Z,222084,19.99,3561526,83
2052410,2023-12-14T05:00:00.000Z,145167,39.99,3538693,98
1686940,2023-11-16T05:00:00.000Z,425110,9.99,3517064,97
1422130,2023-01-13T05:00:00.000Z,117369,34.99,3492178,85
1028310,2023-08-17T04:00:00.000Z,182672,24.99,3474960,90
1245560,2023-04-25T04:00:00.000Z,187330,24.99,3473801,94
1351080,2023-02-15T05:00:00.000Z,188373,22.99,3410332,75
553540,2023-02-28T05:00:00.000Z,151994,29.99,3409609,78
2328760,2023-04-13T04:00:00.000Z,205293,0,3356989,72
2201940,2023-08-16T04:00:00.000Z,211103,24.99,3277058,78
307950,2023-04-12T04:00:00.000Z,1485642,0,3271730,76
1977170,2023-10-31T04:00:00.000Z,203194,24.99,3259738,93
1457080,2023-04-18T04:00:00.000Z,141110,29.99,3223966,84
1701520,2023-04-24T04:00:00.000Z,277282,24.99,3178639,78
1101120,2023-07-19T04:00:00.000Z,211117,24.99,3176550,85
1501610,2023-06-22T04:00:00.000Z,216973,19.99,3168650,90
1689500,2023-11-14T05:00:00.000Z,160562,22.99,3105854,94
2281730,2023-04-21T04:00:00.000Z,3917707,0,3095667,88
2492430,2023-10-25T04:00:00.000Z,21021,0,3038550,36
1497440,2023-09-29T04:00:00.000Z,191126,24.99,3025338,95
1850160,2023-05-30T04:00:00.000Z,192931,19.99,3022556,96
1928870,2023-04-18T04:00:00.000Z,102413,39.99,2978641,58
2084000,2023-06-27T04:00:00.000Z,313058,14.99,2972876,95
2244130,2023-11-05T04:00:00.000Z,199038,22,2958235,87
2254740,2023-11-16T05:00:00.000Z,72252,59.99,2952790,74
2273420,2023-12-15T05:00:00.000Z,352100,10.99,2937575,94
1122340,2023-02-23T05:00:00.000Z,201397,29.99,2937442,84
1677350,2023-04-06T04:00:00.000Z,100663,69.99,2914158,53
1809700,2023-01-18T05:00:00.000Z,178466,19.99,2853548,80
2439510,2023-06-25T04:00:00.000Z,71213,0,2809510,66
1494420,2023-05-03T04:00:00.000Z,153124,19.99,2768384,76
2022670,2023-10-16T04:00:00.000Z,71887,59.99,2716209,69
1214470,2023-03-07T05:00:00.000Z,165443,24.99,2714714,77
1473350,2023-12-14T05:00:00.000Z,453492,6.99,2708094,96
1646850,2023-02-17T05:00:00.000Z,161640,19.99,2701685,78
1967630,2023-04-19T04:00:00.000Z,157312,27.99,2668444,86
1159290,2023-10-05T04:00:00.000Z,185836,19.99,2653714,83
2366120,2023-12-11T05:00:00.000Z,11435,0,2632968,41
2351560,2023-11-30T05:00:00.000Z,434917,9.99,2591481,74
2471100,2023-07-27T04:00:00.000Z,592258,0,2591075,93
1868180,2023-06-14T04:00:00.000Z,99459,39.99,2572324,88
2140510,2023-05-26T04:00:00.000Z,586392,0,2564001,72
1161590,2023-07-20T04:00:00.000Z,203846,19.99,2549349,83
2168680,2023-10-15T04:00:00.000Z,161721,17.99,2540858,95
1956800,2023-04-21T04:00:00.000Z,209299,18.99,2540378,81
1730700,2023-06-01T04:00:00.000Z,168026,29.99,2531109,96
1715280,2023-10-19T04:00:00.000Z,93159,34.99,2530399,69
1880330,2023-07-27T04:00:00.000Z,370227,10.99,2510019,83
1599330,2023-09-28T04:00:00.000Z,135453,24.99,2505176,85
1920780,2023-08-09T04:00:00.000Z,99319,29.99,2472842,92
1581770,2023-02-03T05:00:00.000Z,130655,29.99,2438927,81
2161440,2023-01-11T05:00:00.000Z,145422,24.99,2431661,79
2653790,2023-11-29T05:00:00.000Z,726064,3.99,2420248,93
2131640,2023-10-24T04:00:00.000Z,145001,19.99,2365357,88
2338140,2023-09-07T04:00:00.000Z,82767,49.99,2365079,89
2230650,2023-11-29T05:00:00.000Z,110689,29.99,2350308,89
1988550,2023-08-10T04:00:00.000Z,319036,7.99,2326153,93
1683150,2023-12-07T05:00:00.000Z,81413,29.99,2323566,97
1194810,2023-04-04T04:00:00.000Z,90886,19.99,2317623,72
1566200,2023-05-03T04:00:00.000Z,135526,19.99,2305778,92
1016950,2023-02-23T05:00:00.000Z,103472,29.99,2284166,49
2095300,2023-01-08T05:00:00.000Z,346050,9.99,2267533,88
1167750,2023-10-03T04:00:00.000Z,63688,49.99,2253075,70
1450900,2023-08-15T04:00:00.000Z,95882,29.99,2252028,83
1748620,2023-11-17T05:00:00.000Z,191775,14.99,2247326,95
1675900,2023-01-24T05:00:00.000Z,961809,0,2236946,61
1036240,2023-01-18T05:00:00.000Z,136353,24.99,2225544,75
2216830,2023-10-18T04:00:00.000Z,80926,29.99,2169733,65
1894430,2023-02-15T05:00:00.000Z,218684,15.99,2161846,91
1801110,2023-02-13T05:00:00.000Z,604077,5.49,2160474,92
1574260,2023-07-18T04:00:00.000Z,84120,29.99,2159906,95
2179850,2023-11-08T05:00:00.000Z,130540,19.99,2153022,96
1622900,2023-10-12T04:00:00.000Z,79761,29.99,2151689,43
1658040,2023-08-08T04:00:00.000Z,190893,19.99,2145394,86
1451810,2023-05-18T04:00:00.000Z,66090,29.99,2128679,62
2626940,2023-11-15T05:00:00.000Z,102423,0,2110363,84
1560250,2023-01-14T05:00:00.000Z,157449,14.99,2099348,90
1903620,2023-06-01T04:00:00.000Z,164322,24.99,2093748,94
2291680,2023-12-20T05:00:00.000Z,182379,14.99,2088393,97
1532200,2023-06-21T04:00:00.000Z,147816,19.99,2041926,95
2187290,2023-04-05T04:00:00.000Z,610151,6.99,2011674,91
2186320,2023-02-17T05:00:00.000Z,325439,6.99,2004826,96
1623940,2023-04-27T04:00:00.000Z,147793,29.99,1996675,95
1274600,2023-11-15T05:00:00.000Z,107261,27.99,1995662,82
2379390,2023-06-15T04:00:00.000Z,200721,39.99,1984762,66
1649010,2023-05-23T04:00:00.000Z,74570,34.99,1968607,80
1397390,2023-07-17T04:00:00.000Z,136503,19.99,1948322,88
2318310,2023-06-01T04:00:00.000Z,146705,14.99,1943196,97
2303350,2023-07-17T04:00:00.000Z,258387,9.99,1903458,94
2343650,2023-08-16T04:00:00.000Z,427051,0,1878707,80
1677310,2023-11-20T05:00:00.000Z,109635,19.99,1865827,97
2272400,2023-10-03T04:00:00.000Z,167274,17.99,1850702,90
2486740,2023-12-05T05:00:00.000Z,76888,29.99,1805909,95
2358260,2023-10-04T04:00:00.000Z,52530,44.99,1800784,79
2250600,2023-10-03T04:00:00.000Z,35378,59.99,1791607,77
2181610,2023-09-13T04:00:00.000Z,240359,9.99,1789742,86
2342950,2023-09-12T04:00:00.000Z,392517,5.99,1782545,85
2106840,2023-03-08T05:00:00.000Z,137586,19.99,1781735,96
2166060,2023-04-25T04:00:00.000Z,231797,8.99,1781280,94
2138610,2023-03-01T05:00:00.000Z,34360,59.99,1744150,92
1333200,2023-11-01T04:00:00.000Z,84738,29.99,1743931,95
1985170,2023-10-19T04:00:00.000Z,192480,0,1735666,52
1644940,2023-11-16T05:00:00.000Z,144140,19.99,1727767,98
2290000,2023-04-05T04:00:00.000Z,174323,14.99,1703780,90
849100,2023-10-18T04:00:00.000Z,103944,21.99,1698562,63
2200780,2023-02-20T05:00:00.000Z,420496,5.99,1697725,91
2365810,2023-07-28T04:00:00.000Z,325238,5.99,1677603,97
758690,2023-05-10T04:00:00.000Z,84234,29.99,1669716,74
1419850,2023-09-29T04:00:00.000Z,82982,29.99,1653082,88
1368130,2023-06-15T04:00:00.000Z,57684,74.99,1632028,62
1963570,2023-11-09T05:00:00.000Z,85075,24.99,1630057,78
2009100,2023-08-21T04:00:00.000Z,75268,59.99,1614693,70
2553870,2023-09-01T04:00:00.000Z,132923,14.99,1610211,88
1947500,2023-03-21T04:00:00.000Z,53045,9.99,1582460,63
1608230,2023-05-23T04:00:00.000Z,160483,19.99,1573285,93
1202200,2023-09-26T04:00:00.000Z,81005,29.99,1570059,84
1340480,2023-08-16T04:00:00.000Z,130408,17.99,1567441,94
2276930,2023-09-06T04:00:00.000Z,353717,5.99,1567397,93
2134770,2023-12-01T05:00:00.000Z,110262,24.99,1554137,84
2291760,2023-03-31T04:00:00.000Z,294891,5.99,1548981,99
1589120,2023-05-25T04:00:00.000Z,92121,24.99,1546892,76
2130460,2023-03-08T05:00:00.000Z,42360,49.99,1545605,90
2131680,2023-10-24T04:00:00.000Z,93226,19.99,1542783,84
2415010,2023-12-07T05:00:00.000Z,352874,0,1539359,98
2314160,2023-03-26T04:00:00.000Z,120253,17.99,1531619,83
1922010,2023-04-13T04:00:00.000Z,57404,19.99,1522812,84
2399220,2023-06-23T04:00:00.000Z,120414,24.99,1507555,96
1913370,2023-08-01T04:00:00.000Z,85795,19.99,1506725,82
1445790,2023-12-04T05:00:00.000Z,149311,14.99,1501066,92
2497900,2023-10-27T04:00:00.000Z,182039,7.99,1498512,64
1116540,2023-11-29T05:00:00.000Z,64242,24.99,1487032,86
1793250,2023-06-28T04:00:00.000Z,168296,10.99,1471084,94
2005160,2023-11-15T05:00:00.000Z,80970,24.99,1468449,71
2272250,2023-10-19T04:00:00.000Z,91207,24.99,1452392,84
2205850,2023-08-16T04:00:00.000Z,148218,14.99,1447878,82
1426440,2023-09-08T04:00:00.000Z,268962,0,1447473,67
1963040,2023-01-14T05:00:00.000Z,186522,11.99,1431665,73
2183650,2023-09-01T04:01:07.000Z,90728,29.99,1431444,81
638510,2023-10-04T04:00:00.000Z,100491,17.59,1430926,95
2111170,2023-06-27T04:00:00.000Z,47356,39.99,1429640,79
1652250,2023-08-10T04:00:00.000Z,121636,17.99,1429028,78
1737340,2023-02-13T05:00:00.000Z,429907,4.99,1423064,89
1654660,2023-08-16T04:00:00.000Z,135697,19.99,1422249,91
1538970,2023-08-15T04:00:00.000Z,84299,24.99,1414998,61
2321210,2023-04-20T04:00:00.000Z,128123,14.99,1409488,55
1949030,2023-04-11T04:00:00.000Z,98585,39.99,1406370,83
843390,2023-03-30T04:00:00.000Z,54136,29.99,1406106,95
1243850,2023-11-01T04:00:00.000Z,74376,24.99,1403442,91
2506160,2023-10-20T04:00:00.000Z,224870,9.99,1403174,93
2237970,2023-10-16T04:00:00.000Z,137829,14.99,1398288,94
1931730,2023-08-22T04:00:00.000Z,81520,24.99,1362129,67
1981820,2023-11-10T05:00:00.000Z,100051,19.99,1358611,81
2088160,2023-01-05T05:00:00.000Z,81680,24.99,1346485,86
1487210,2023-06-02T04:00:00.000Z,78626,49.99,1340935,76
1668540,2023-07-07T04:00:00.000Z,29131,59.99,1325186,94
2498570,2023-08-03T04:00:00.000Z,82068,18.99,1322550,94
1810820,2023-06-14T04:00:00.000Z,51951,39.99,1321532,90
1822550,2023-11-13T05:00:00.000Z,88674,17.99,1311673,83
2218400,2023-08-04T04:00:00.000Z,167160,12.99,1302642,84
1754870,2023-01-27T05:00:00.000Z,67098,29.99,1291548,75
1021210,2023-10-17T04:00:00.000Z,55327,29.99,1288868,94
2020710,2023-04-20T04:00:00.000Z,104064,19.99,1288662,80
2514960,2023-11-13T05:00:00.000Z,194578,7.99,1288496,87
2014380,2023-04-27T04:00:00.000Z,46383,49.99,1283689,86
2371630,2023-08-21T04:00:00.000Z,230327,0,1283275,64
2198070,2023-04-12T04:00:00.000Z,145104,19.99,1276321,82
2173800,2023-05-26T04:00:00.000Z,159201,11.99,1270477,93
858710,2023-07-13T04:00:00.000Z,111094,16.99,1265574,94
2017080,2023-11-07T05:00:00.000Z,60127,49.99,1264698,76
2102520,2023-03-04T05:00:00.000Z,75158,18.99,1261001,87
2206270,2023-07-26T04:00:00.000Z,134595,14.99,1257742,91
2328750,2023-10-05T04:00:00.000Z,127924,14.99,1257043,86
695330,2023-01-31T05:00:00.000Z,73910,24.99,1242094,93
1356810,2023-10-19T04:00:00.000Z,94376,19.99,1235444,82
2348100,2023-07-19T04:00:00.000Z,137904,9.99,1234734,73
1796220,2023-10-19T04:00:00.000Z,109913,19.99,1233283,92
1761620,2023-10-31T04:00:00.000Z,101810,19.99,1229832,71
1566880,2023-10-05T04:00:00.000Z,29558,59.99,1220703,61
1946700,2023-06-15T04:00:00.000Z,57272,29.99,1213586,80
2458490,2023-12-18T05:00:00.000Z,110874,14.99,1212961,93
1345890,2023-02-02T05:00:00.000Z,71002,29.99,1212122,75
1402110,2023-09-11T04:00:00.000Z,73147,29.99,1198660,86
1968840,2023-01-27T05:00:00.000Z,134876,10.99,1195756,94
2455060,2023-07-31T04:00:00.000Z,132552,14.99,1185300,84
2551020,2023-12-15T05:00:00.000Z,6169676,0,1164633,91
1571100,2023-04-04T04:00:00.000Z,57334,24.99,1161523,95
2064870,2023-09-14T04:00:00.000Z,903463,0,1158714,59
1211600,2023-03-29T04:00:00.000Z,140147,11.99,1156058,81
2499470,2023-09-12T04:00:00.000Z,71519,11.99,1149859,92
2318480,2023-04-20T04:00:00.000Z,147300,11.99,1128532,95
2518960,2023-09-15T04:00:00.000Z,42871,34.99,1117141,78
1915510,2023-04-03T04:00:00.000Z,98237,16.99,1096675,84
2485460,2023-08-02T04:00:00.000Z,39805,0,1094032,57
1743830,2023-03-02T05:00:00.000Z,58858,24.99,1086396,77
2121980,2023-09-01T16:54:32.000Z,98982,11.99,1083555,91
1981610,2023-02-14T05:00:00.000Z,42113,29.99,1081705,67
1201270,2023-01-19T05:00:00.000Z,83407,19.99,1077836,97
1331510,2023-06-01T04:00:00.000Z,59082,19.99,1077613,77
2063610,2023-06-08T04:00:00.000Z,34576,39.99,1060904,77
2100160,2023-06-08T04:00:00.000Z,53577,39.99,1055994,75
1913210,2023-06-29T04:00:00.000Z,33435,39.99,1048987,57
1573280,2023-01-16T05:00:00.000Z,77066,19.99,1047318,86
1584940,2023-07-20T04:00:00.000Z,63517,22.99,1045718,71
2236070,2023-10-26T04:00:00.000Z,72752,18.99,1039176,98
1579880,2023-02-22T05:00:00.000Z,51155,24.99,1030941,90
843200,2023-11-01T04:00:00.000Z,59566,19.99,1029207,89
1254320,2023-01-17T05:00:00.000Z,60133,19.99,1022466,66
2027330,2023-07-21T04:00:00.000Z,190744,7.99,1016058,89
2055290,2023-02-06T05:00:00.000Z,61125,39.99,1010947,67
2559270,2023-11-10T05:00:00.000Z,132489,12.99,1010703,85
1708010,2023-11-20T05:00:00.000Z,82775,24.99,1009771,77
1276800,2023-05-23T04:00:00.000Z,50826,29.99,1007745,89
226620,2023-04-18T04:00:00.000Z,163131,14.99,1003837,84
1597460,2023-01-10T05:00:00.000Z,32011,0,1003068,69
1196090,2023-02-28T05:00:00.000Z,89220,29.99,998174,77
1815570,2023-02-23T05:00:00.000Z,80993,19.99,994696,90
2258500,2023-10-24T04:00:00.000Z,23188,59.99,983144,87
1663220,2023-04-20T04:00:00.000Z,87370,14.99,981310,97
1159830,2023-10-24T04:00:00.000Z,54268,24.99,975253,76
1420350,2023-01-18T05:00:00.000Z,51492,19.99,974723,77
2127010,2023-03-09T05:00:00.000Z,177147,6.99,973951,90
1668520,2023-03-14T04:00:00.000Z,29278,39.99,955053,98
2334220,2023-06-21T04:00:00.000Z,160852,0,953694,51
2544090,2023-11-03T04:00:00.000Z,64266,19.99,952363,80
2243710,2023-09-05T04:00:00.000Z,46846,39.99,952212,95
2081400,2023-02-23T05:00:00.000Z,60714,24.99,946006,80
2231010,2023-05-24T04:00:00.000Z,62956,19.99,945307,73
1432100,2023-06-22T04:00:00.000Z,106452,14.99,941645,92
777390,2023-11-17T05:00:00.000Z,51128,19.99,941598,82
2215260,2023-01-05T05:00:00.000Z,180404,14.99,930546,76
1813430,2023-04-24T04:00:00.000Z,103338,9.99,927910,94
1543280,2023-06-07T04:00:00.000Z,70923,19.99,922273,86
1249040,2023-11-15T05:00:00.000Z,66236,19.99,920685,94
2171630,2023-12-15T05:00:00.000Z,85640,16.99,916573,77
1956040,2023-06-26T04:00:00.000Z,139899,11.99,915772,75
2639100,2023-12-21T05:00:00.000Z,96345,14.99,914484,94
1479140,2023-09-14T04:00:00.000Z,78576,18.99,908545,75
2242710,2023-08-04T04:00:00.000Z,61065,34.99,901478,90
1839880,2023-03-02T05:00:00.000Z,168422,9.99,899447,89
2067780,2023-02-20T05:00:00.000Z,65565,16.99,893597,98
1904790,2023-10-19T04:00:00.000Z,50907,39.99,891952,85
1812300,2023-01-12T05:00:00.000Z,58374,24.99,884455,68
2051120,2023-10-19T04:00:00.000Z,57015,49.99,878929,75
1608640,2023-04-20T04:00:00.000Z,91219,14.99,876823,93
2008100,2023-05-18T04:00:00.000Z,26009,39.99,870613,89
1955830,2023-02-25T05:00:00.000Z,235592,6.99,870256,97
2392520,2023-07-17T04:00:00.000Z,20507,49.99,869604,57
2026000,2023-05-30T04:00:00.000Z,76855,14.99,860661,96
1403650,2023-05-30T04:00:00.000Z,56429,24.99,859395,72
2140650,2023-09-27T04:00:00.000Z,20527,49.99,859106,74
2291850,2023-09-27T04:00:00.000Z,350771,4.99,856356,98
2389120,2023-12-18T05:00:00.000Z,105820,0,847890,89
1423330,2023-09-25T04:00:00.000Z,76593,16.99,846709,81
2064810,2023-06-05T04:00:00.000Z,31670,29.99,844621,41
1998340,2023-02-14T05:00:00.000Z,20977,49.99,844041,85
2707940,2023-12-15T05:00:00.000Z,457858,3.99,842889,88
1641700,2023-08-15T04:00:00.000Z,55501,29.99,841864,79
2292060,2023-09-18T04:00:00.000Z,73265,14.99,841839,90
1924170,2023-05-11T04:00:00.000Z,31456,49.99,841833,75
593150,2023-10-05T04:00:00.000Z,44405,29.99,841784,91
2128270,2023-05-01T04:00:00.000Z,99340,9.99,841255,98
1910860,2023-06-22T04:00:00.000Z,34388,29.99,837012,79
2113920,2023-01-25T05:00:00.000Z,23458,59.99,836681,79
2399160,2023-12-04T05:00:00.000Z,50277,18.99,831619,86
1402120,2023-03-27T04:00:00.000Z,67794,19.99,830245,77
1351210,2023-08-08T04:00:00.000Z,48479,39.99,829985,55
2529170,2023-11-08T05:00:00.000Z,98517,11.99,829214,72
1835240,2023-04-03T04:00:00.000Z,55451,19.99,828537,93
1857080,2023-02-15T05:00:00.000Z,36719,24.99,818009,80
2544720,2023-10-10T04:00:00.000Z,99187,9.99,811178,85
1108000,2023-01-11T05:00:00.000Z,66506,19.99,803583,87
1266030,2023-02-24T05:00:00.000Z,62544,19.99,799200,89
2216130,2023-07-19T04:00:00.000Z,80207,14.99,795689,90
1421290,2023-10-03T04:00:00.000Z,46802,24.99,792077,83
1975440,2023-08-28T04:00:00.000Z,43730,29.99,787687,78
2281410,2023-03-31T04:00:00.000Z,87335,14.99,786164,89
1559600,2023-05-12T04:00:00.000Z,33229,29.99,782518,94
1173220,2023-03-10T05:00:00.000Z,37325,29.99,779769,74
2296380,2023-09-28T04:00:00.000Z,41643,24.99,776513,92
1799370,2023-01-09T05:00:00.000Z,193461,0,771562,68
1952370,2023-06-13T04:00:00.000Z,63760,17.99,769497,91
2500750,2023-07-25T04:00:00.000Z,229357,4.99,763885,54
1889040,2023-02-17T05:00:00.000Z,94193,10.99,760314,96
2078350,2023-11-17T05:00:00.000Z,26716,39.99,754335,73
1179580,2023-05-03T04:00:00.000Z,43009,24.99,746009,79
1777390,2023-03-10T05:00:00.000Z,61180,14.99,742062,90
850170,2023-08-15T04:00:00.000Z,763374,0,734847,69
1329880,2023-02-16T05:00:00.000Z,38517,26.99,734080,37
1964040,2023-05-25T04:00:00.000Z,76422,14.99,729993,72
2532550,2023-09-27T04:00:00.000Z,653652,2.99,727856,96
1812370,2023-10-31T04:00:00.000Z,50027,19.99,727002,95
1597310,2023-09-21T04:00:00.000Z,34424,29.99,725494,75
1798020,2023-04-13T04:00:00.000Z,26841,39.99,720172,86
1338840,2023-01-26T05:00:00.000Z,66846,14.99,718108,83
2058750,2023-03-09T05:00:00.000Z,30381,49.99,710884,69
754890,2023-05-18T04:00:00.000Z,24132,34.99,705869,72
1982340,2023-02-14T05:00:00.000Z,65378,14.99,704989,77
2313140,2023-05-24T04:00:00.000Z,19858,39.99,698673,90
1932160,2023-01-24T05:00:00.000Z,25679,49.99,697397,83
1155330,2023-05-02T04:00:00.000Z,36353,29.99,687794,94
1816570,2023-01-10T05:00:00.000Z,52655,17.99,685652,41
2258940,2023-03-13T04:00:00.000Z,32588,24.99,683486,89
1868170,2023-06-14T04:00:00.000Z,27900,39.99,681022,84
2296550,2023-08-02T04:00:00.000Z,40025,19.99,680928,88
1161830,2023-08-28T04:00:00.000Z,32887,29.99,678591,74
1951230,2023-09-28T04:00:00.000Z,157070,6.99,673793,94
2529820,2023-11-03T04:00:00.000Z,192617,4.99,673092,90
1491670,2023-07-31T04:00:00.000Z,68168,14.99,666664,92
2358720,2024-08-19T00:00:00.000Z,15559418,59.99,675347616,97
553850,2024-02-08T05:00:00.000Z,12849163,39.99,446708660,77
1623730,2024-01-18T05:00:00.000Z,17780460,29.99,413705536,94
2767030,2024-12-05T00:00:00.000Z,24113267,0,264268352,77
2183900,2024-09-09T00:00:00.000Z,4213677,59.99,196798448,83
2074920,2024-06-30T04:00:00.000Z,5791856,0,152310355,57
2429640,2024-10-01T00:00:00.000Z,4609868,0,151254255,68
2694490,2024-12-06T00:00:00.000Z,5213337,29.99,135373113,72
2933620,2024-10-23T00:00:00.000Z,2092304,69.99,126068809,44
2139460,2024-07-09T00:00:00.000Z,11256357,0,119740220,77
1203620,2024-01-24T05:00:00.000Z,4463828,29.99,108018844,86
2669320,2024-09-26T00:00:00.000Z,3021770,69.99,107133993,52
2054970,2024-03-21T04:00:00.000Z,1890916,69.99,104317947,61
2215430,2024-05-16T04:00:00.000Z,2141411,59.99,103397292,94
1643320,2024-11-20T00:00:00.000Z,1791881,59.99,91587875,80
1790600,2024-10-10T00:00:00.000Z,1463901,99.99,89501739,88
1363080,2024-04-26T04:00:00.000Z,3168882,39.99,85992138,85
1145350,2024-05-06T04:00:00.000Z,2924727,29.99,74511401,95
2379780,2024-02-20T05:00:00.000Z,5806698,14.99,72272761,98
2300320,2024-11-12T00:00:00.000Z,1597368,29.99,70222259,85
881020,2024-01-31T05:00:00.000Z,1678922,79.99,69814564,90
2507950,2024-12-04T00:00:00.000Z,13585252,0,64796290,58
1778820,2024-01-25T05:00:00.000Z,1174124,69.99,64287298,56
2679460,2024-10-10T00:00:00.000Z,995652,69.99,52714616,90
2161700,2024-02-01T05:00:00.000Z,1071640,59.99,51739844,94
2878980,2024-09-03T00:00:00.000Z,1977200,69.99,48863472,59
2322010,2024-09-19T00:00:00.000Z,936330,59.99,46261374,87
2124490,2024-10-07T00:00:00.000Z,802387,69.99,45260809,95
3097560,2024-10-02T00:00:00.000Z,7319551,6.99,39527166,90
2420110,2024-03-21T04:00:00.000Z,787126,59.99,38345701,89
2479810,2024-04-30T04:00:00.000Z,1126292,39.99,36871854,69
2406770,2024-06-07T04:00:00.000Z,1278516,33.32,35184809,75
2670630,2024-02-20T05:00:00.000Z,3245432,19.99,34522922,94
2881650,2024-04-01T04:00:00.000Z,5336187,7.99,33796133,94
1845910,2024-10-31T00:00:00.000Z,650031,59.99,32382048,69
2567870,2024-06-19T04:00:00.000Z,7937926,4.99,31854687,90
3070070,2024-09-15T00:00:00.000Z,2702994,12.99,30786949,97
2808930,2024-02-21T05:00:00.000Z,1486133,0,30036530,56
2527500,2024-12-10T00:00:00.000Z,2672679,14.99,28828888,98
1601580,2024-09-20T00:00:00.000Z,801107,44.99,27695690,76
2426960,2024-01-07T05:00:00.000Z,902138,0,27199008,72
427410,2024-05-02T04:00:00.000Z,1252713,34.99,27020786,96
2488620,2024-05-31T04:00:00.000Z,813882,69.99,26536199,74
2072450,2024-01-25T05:00:00.000Z,568301,69.99,26388547,91
1934680,2024-09-04T00:00:00.000Z,1119793,29.99,26186212,90
1371980,2024-04-18T04:00:00.000Z,901087,39.99,25553207,79
2515020,2024-09-17T00:00:00.000Z,641232,49.99,24919457,79
2677660,2024-12-08T00:00:00.000Z,398242,69.99,24056336,90
2016590,2024-06-07T04:00:00.000Z,5496844,0,20085312,64
1458140,2024-02-21T05:00:00.000Z,981769,29.99,19987652,83
2537590,2024-11-19T00:00:00.000Z,308156,69.99,19435318,50
934700,2024-04-22T04:00:00.000Z,723641,49.99,18289751,78
2668510,2024-10-29T00:00:00.000Z,500565,49.99,18258470,92
2707930,2024-03-25T04:00:00.000Z,3287630,0,17532519,86
2437170,2024-08-27T00:00:00.000Z,1460695,0,17281124,56
1875830,2024-06-13T04:00:00.000Z,394268,59.99,16521127,93
2321470,2024-02-14T05:00:00.000Z,2097619,12.99,16479907,86
2832330,2024-08-22T00:00:00.000Z,773345,0,16131220,74
2646460,2024-05-30T04:00:00.000Z,702510,29.99,15793786,81
1282270,2024-11-21T00:00:00.000Z,1617159,0,15746077,75
2552430,2024-06-13T04:00:00.000Z,462771,49.99,15635481,85
1809540,2024-05-28T04:00:00.000Z,719701,29.99,15514588,95
2835570,2024-04-04T04:00:00.000Z,6794289,2.99,15259257,96
2688950,2024-11-06T00:00:00.000Z,368984,64.99,15243823,70
1040200,2024-08-14T00:00:00.000Z,963814,24.99,15012851,98
1812450,2024-04-23T04:00:00.000Z,585500,29.99,14969094,81
3156770,2024-09-23T00:00:00.000Z,408622,39.99,14127415,92
1465460,2024-04-11T04:00:00.000Z,767418,24.99,13994700,80
2198150,2024-09-23T00:00:00.000Z,1093413,14.99,13332713,97
2427700,2024-03-08T05:00:00.000Z,1361881,14.99,13104455,91
813230,2024-05-09T04:00:00.000Z,681939,24.99,13004406,96
2513280,2024-10-24T00:00:00.000Z,299384,49.99,12648593,97
1928980,2024-02-20T05:00:00.000Z,559182,29.99,12624034,67
2701660,2024-11-14T00:00:00.000Z,237513,59.99,12337883,76
2162800,2024-08-15T00:00:00.000Z,686715,24.99,12284259,98
1887840,2024-04-25T04:00:00.000Z,558151,29.99,12117736,94
1575940,2024-08-15T00:00:00.000Z,312302,49.99,11888631,85
2780980,2024-07-22T00:00:00.000Z,1406484,9.99,11478825,86
2916430,2024-12-10T00:00:00.000Z,895768,14.99,11282133,92
2399420,2024-02-20T05:00:00.000Z,327382,39.99,10892648,79
2325290,2024-04-10T04:00:00.000Z,1855774,0,10813999,87
2933130,2024-08-27T00:00:00.000Z,590125,29.99,10185913,83
292000,2024-10-22T00:00:00.000Z,410697,29.99,10127331,49
2408820,2024-11-20T00:00:00.000Z,733749,19.99,10007181,84
2561580,2024-10-31T00:00:00.000Z,246284,49.99,9950779,83
2315690,2024-03-07T05:00:00.000Z,255758,59.99,9829755,75
1857090,2024-07-18T00:00:00.000Z,486341,29.99,9704440,81
1911610,2024-10-24T00:00:00.000Z,532729,24.99,9669315,90
2495450,2024-01-05T05:00:00.000Z,808967,19.99,9656684,97
2764370,2024-04-24T04:00:00.000Z,285013,0,9594253,63
2828860,2024-09-24T00:00:00.000Z,381466,29.99,9318120,71
2698940,2024-04-18T04:00:00.000Z,412214,69.99,9230085,78
2524890,2024-04-02T04:00:00.000Z,2776807,0,9070778,67
1114150,2024-08-29T00:00:00.000Z,643574,19.99,8996553,70
315210,2024-02-02T05:00:00.000Z,509311,69.99,8732989,62
2582560,2024-08-15T00:00:00.000Z,206444,69.99,8710714,55
1898300,2024-06-20T04:00:00.000Z,489454,24.99,8544399,80
2291060,2024-07-25T00:00:00.000Z,182031,59.99,8519561,68
2142790,2024-08-05T00:00:00.000Z,648680,13.99,8227407,98
2842040,2024-11-21T00:00:00.000Z,206421,69.99,8003813,73
2445690,2024-07-24T00:00:00.000Z,791847,14.99,8002733,79
2904000,2024-09-16T00:00:00.000Z,1082127,9.99,7983615,84
3035570,2024-10-17T00:00:00.000Z,400596,49.99,7939743,76
1840080,2024-05-13T04:00:00.000Z,153487,59.99,7773283,40
850190,2024-02-15T05:00:00.000Z,578036,29.99,7191020,98
2591280,2024-07-23T00:00:00.000Z,346335,44.99,7185077,81
2622000,2024-02-28T05:00:00.000Z,1505594,0,7134273,56
2840770,2024-06-17T04:00:00.000Z,258186,29.99,6955211,71
2683150,2024-09-05T00:00:00.000Z,684427,14.99,6911157,89
2903690,2024-11-07T00:00:00.000Z,525463,0,6906166,72
1177980,2024-05-09T04:00:00.000Z,364659,24.99,6872377,97
2051620,2024-03-28T04:00:00.000Z,2126069,0,6833538,80
3146520,2024-10-11T00:00:00.000Z,1434595,4.99,6713362,98
2135150,2024-11-01T00:00:00.000Z,383169,19.99,6706087,94
2967990,2024-09-17T00:00:00.000Z,305783,49.99,6670489,79
983870,2024-05-02T04:00:00.000Z,288052,29.99,6637711,80
2475490,2024-09-26T00:00:00.000Z,608760,12.99,6623452,96
2849080,2024-07-25T00:00:00.000Z,505976,19.99,6607345,88
1493640,2024-02-12T05:00:00.000Z,216731,49.99,6566408,85
1708850,2024-06-20T04:00:00.000Z,299742,24.99,6416872,70
2477340,2024-03-05T05:00:00.000Z,205612,39.99,6262963,56
1442430,2024-10-10T00:00:00.000Z,315651,24.99,6241137,83
1672500,2024-08-28T00:00:00.000Z,116511,59.99,6157878,74
2478970,2024-02-13T05:00:00.000Z,307702,29.99,6084288,89
2552450,2024-06-13T04:00:00.000Z,142789,59.99,5991190,91
1001270,2024-01-19T05:00:00.000Z,414621,17.99,5952392,84
2217000,2024-10-23T00:00:00.000Z,222444,29.99,5880719,80
1286220,2024-11-12T00:00:00.000Z,138062,49.99,5861700,90
2124120,2024-10-28T00:00:00.000Z,303604,24.99,5750301,87
1147860,2024-09-18T00:00:00.000Z,254659,24.99,5730900,95
2187220,2024-01-24T05:00:00.000Z,170705,49.99,5722193,89
1566690,2024-03-26T04:00:00.000Z,290783,24.99,5535600,66
2132850,2024-05-09T04:00:00.000Z,436447,14.99,5495757,97
2768430,2024-11-22T00:00:00.000Z,657604,9.99,5355422,97
2593370,2024-04-22T04:00:00.000Z,878080,9.99,5348209,95
2526380,2024-07-31T00:00:00.000Z,397981,0,5281915,75
2695940,2024-05-31T04:00:00.000Z,1279616,4.99,5247205,80
1684350,2024-03-04T05:00:00.000Z,236849,34.99,5230469,83
1249970,2024-09-12T00:00:00.000Z,129367,49.99,5229034,37
2455640,2024-10-24T00:00:00.000Z,141277,49.99,5223561,94
2172010,2024-10-04T00:00:00.000Z,101727,59.99,5201885,81
2920570,2024-08-30T00:00:00.000Z,745601,7.99,5121177,92
1422440,2024-07-22T00:00:00.000Z,248157,29.99,5035735,90
2909110,2024-10-20T00:00:00.000Z,1463068,6.99,4995491,82
1859910,2024-06-14T04:00:00.000Z,327026,19.99,4986103,74
2461850,2024-05-21T04:00:00.000Z,137777,49.99,4882618,87
1585180,2024-10-15T00:00:00.000Z,242388,24.99,4858325,95
2725260,2024-03-25T04:00:00.000Z,285862,24.99,4786241,95
1995520,2024-06-18T04:00:00.000Z,153679,29.99,4783385,60
2446550,2024-03-13T04:00:00.000Z,142248,35.01,4715061,24
1874000,2024-10-29T00:00:00.000Z,117963,49.99,4702240,68
2288150,2024-10-23T00:00:00.000Z,94870,59.99,4679379,49
1351240,2024-03-07T05:00:00.000Z,220460,29.99,4667860,62
2527390,2024-09-18T00:00:00.000Z,105216,59.99,4560862,81
2336220,2024-02-20T05:00:00.000Z,412361,15.99,4549953,73
2698780,2024-05-31T04:00:00.000Z,290571,9.99,4522510,82
1858630,2024-10-03T00:00:00.000Z,85994,59.99,4466466,65
2015270,2024-04-24T04:00:00.000Z,544844,19.99,4456693,76
1677110,2024-03-19T04:00:00.000Z,243334,24.99,4441576,84
1043810,2024-08-22T00:00:00.000Z,260401,19.99,4407029,98
1283700,2024-11-20T00:00:00.000Z,2368091,0,4389544,86
3199170,2024-10-18T00:00:00.000Z,1642828,0,4386177,80
2458860,2024-06-26T04:00:00.000Z,314430,17.99,4342715,98
2333480,2024-01-09T05:00:00.000Z,213025,0,4285413,61
2692440,2024-04-09T04:00:00.000Z,273155,0,4267370,71
2429860,2024-03-22T04:00:00.000Z,519265,12.99,4245357,96
2696050,2024-08-30T00:00:00.000Z,250977,24.99,4195156,88
2634890,2024-09-11T00:00:00.000Z,100034,49.99,4191436,94
1658280,2024-04-23T04:00:00.000Z,113211,49.99,4086614,76
2380050,2024-09-03T00:00:00.000Z,217030,24.99,4047897,79
2918150,2024-09-23T00:00:00.000Z,549024,0,3976048,68
3107230,2024-12-13T00:00:00.000Z,102438,39.99,3973562,74
1606180,2024-04-17T04:00:00.000Z,230746,24.99,3929477,71
1746030,2024-01-30T05:00:00.000Z,420650,14.99,3925450,97
2644470,2024-09-12T00:00:00.000Z,564901,8.99,3803085,89
2307350,2024-07-24T00:00:00.000Z,115564,39.99,3793337,81
3092660,2024-10-08T00:00:00.000Z,239743,0,3784128,94
2116120,2024-04-10T04:00:00.000Z,251164,18.99,3775732,76
2076010,2024-01-24T05:00:00.000Z,102800,49.99,3770743,86
2000890,2024-10-16T00:00:00.000Z,111035,29.99,3752744,75
2484250,2024-04-01T04:00:00.000Z,276465,0,3729932,46
2366980,2024-08-01T00:00:00.000Z,230932,19.99,3622554,96
1128860,2024-05-15T04:00:00.000Z,110182,44.99,3554410,63
2751000,2024-08-08T00:00:00.000Z,194280,29.99,3548077,85
2449710,2024-03-25T04:00:00.000Z,263474,0,3535828,69
1622910,2024-06-18T04:00:00.000Z,178627,34.99,3528146,89
1836730,2024-09-24T00:00:00.000Z,186221,24.99,3526877,97
2739590,2024-05-23T04:00:00.000Z,223798,19.99,3514420,91
2208570,2024-10-24T00:00:00.000Z,436651,14.99,3506062,83
1785650,2024-04-25T04:00:00.000Z,97594,19.99,3489471,53
2490990,2024-08-29T00:00:00.000Z,67052,59.99,3488582,79
2739990,2024-07-23T00:00:00.000Z,267213,0,3333154,86
2211170,2024-11-07T00:00:00.000Z,211917,19.99,3327223,88
2666510,2024-04-26T04:00:00.000Z,629731,6.99,3278861,97
2401970,2024-09-05T00:00:00.000Z,115458,39.99,3273949,97
2772750,2024-10-23T00:00:00.000Z,444574,9.99,3229119,86
2667120,2024-12-10T00:00:00.000Z,319201,12.34,3182857,86
2254890,2024-10-05T00:00:00.000Z,144095,29.99,3179706,88
1839950,2024-02-21T05:00:00.000Z,101244,39.99,3178578,83
2418520,2024-05-07T04:00:00.000Z,180696,25.99,3173417,93
2638370,2024-08-07T00:00:00.000Z,180635,19.99,3150473,96
2521380,2024-12-10T00:00:00.000Z,144464,29.99,3147185,90
2933080,2024-06-18T04:00:00.000Z,665788,19.99,3141210,68
1268590,2024-03-26T04:00:00.000Z,93929,39.99,3127766,67
2501600,2024-10-09T00:00:00.000Z,273117,14.99,3077714,96
2400510,2024-08-08T00:00:00.000Z,252622,14.99,3075858,81
3021100,2024-10-02T00:00:00.000Z,206775,19.99,3062790,91
1465470,2024-07-15T00:00:00.000Z,129815,29.99,3026917,77
2113850,2024-04-08T04:00:00.000Z,365602,11.99,2984276,98
2071500,2024-02-13T05:00:00.000Z,147429,29.99,2978308,71
2963880,2024-06-19T04:00:00.000Z,542073,8.99,2949627,88
2897760,2024-08-02T00:00:00.000Z,200582,19.99,2946043,95
2396980,2024-08-07T00:00:00.000Z,131790,29.99,2819721,96
2396910,2024-02-16T05:00:00.000Z,31742,0,2795549,50
2288630,2024-11-06T00:00:00.000Z,68566,49.99,2754351,85
1627570,2024-09-17T00:00:00.000Z,133016,29.99,2754251,85
1699480,2024-12-13T00:00:00.000Z,368936,9.99,2728661,92
1649950,2024-02-13T05:00:00.000Z,159037,24.99,2714465,96
2963870,2024-07-19T00:00:00.000Z,310721,0,2684933,68
2878420,2024-05-21T04:00:00.000Z,506212,9.99,2678626,89
3052450,2024-08-01T00:00:00.000Z,200289,0,2670559,81
2223840,2024-09-03T00:00:00.000Z,111308,29.99,2664953,63
3121110,2024-12-07T00:00:00.000Z,853891,4,2660757,90
2703850,2024-05-21T04:00:00.000Z,164072,24.99,2643590,95
1592280,2024-05-31T04:00:00.000Z,123847,24.99,2620702,94
2067050,2024-08-29T00:00:00.000Z,163116,19.99,2618255,86
2786680,2024-03-28T04:00:00.000Z,525904,6.99,2574664,95
3035500,2024-09-04T00:00:00.000Z,430468,7.99,2564394,90
1978590,2024-07-11T00:00:00.000Z,142400,19.99,2509950,93
2996040,2024-11-06T00:00:00.000Z,139799,29.99,2502034,82
1310410,2024-03-20T04:00:00.000Z,84057,39.99,2484734,79
2709570,2024-08-09T00:00:00.000Z,11259291,0,2478756,95
2198510,2024-01-18T05:00:00.000Z,119151,29.99,2462099,79
1522160,2024-09-24T00:00:00.000Z,64954,59.99,2396823,94
1939970,2024-07-17T00:00:00.000Z,157411,24.99,2393399,85
1214650,2024-03-26T04:00:00.000Z,106498,29.99,2380456,50
2111190,2024-05-15T04:00:00.000Z,155197,19.99,2351553,98
2608270,2024-08-15T00:00:00.000Z,169333,19.99,2345136,96
2708450,2024-03-15T04:00:00.000Z,320176,9.99,2341865,85
2369900,2024-08-27T00:00:00.000Z,113086,24.99,2340759,95
2021880,2024-09-24T00:00:00.000Z,46967,49.99,2333361,71
2658450,2024-09-11T00:00:00.000Z,72789,44.99,2333153,88
2961880,2024-06-10T04:00:00.000Z,296390,14.99,2314992,92
2356780,2024-11-21T00:00:00.000Z,287510,9.99,2293182,90
1278540,2024-05-23T04:00:00.000Z,168294,19.99,2275680,91
2420660,2024-10-15T00:00:00.000Z,156462,19.99,2263149,94
2356560,2024-06-13T04:00:00.000Z,102341,29.99,2249526,91
2459550,2024-06-25T04:00:00.000Z,171310,14.99,2242930,97
2853730,2024-08-22T00:00:00.000Z,134861,29.99,2230710,68
1817800,2024-04-24T04:00:00.000Z,118632,29.99,2221046,85
2763740,2024-10-11T00:00:00.000Z,842487,0,2218807,85
2669410,2024-11-07T00:00:00.000Z,75402,39.99,2203358,75
2928520,2024-10-02T00:00:00.000Z,191466,19.99,2188250,87
1737870,2024-09-12T00:00:00.000Z,140470,19.99,2179162,84
1885110,2024-05-09T04:00:00.000Z,100600,24.99,2153665,94
2821800,2024-09-12T00:00:00.000Z,145668,19.99,2144851,85
1574820,2024-06-25T04:00:00.000Z,167157,19.99,2139551,97
1875060,2024-05-28T04:00:00.000Z,121533,24.99,2127960,95
2569510,2024-11-11T00:00:00.000Z,170279,0,2126931,77
1556100,2024-06-04T04:00:00.000Z,60994,39.99,2122749,75
2458830,2024-09-10T00:00:00.000Z,102895,24.99,2090094,69
1416920,2024-07-18T00:00:00.000Z,317818,9.99,2081478,86
2706170,2024-12-02T00:00:00.000Z,175809,12.99,2073135,89
3279780,2025-01-01T00:00:00.000Z,143359,0,2070596,70
2228280,2024-08-29T00:00:00.000Z,96839,24.99,2058587,77
2106670,2024-05-13T04:00:00.000Z,205207,14.99,2057874,84
2510710,2024-07-18T00:00:00.000Z,51154,39.99,2054292,93
1830970,2024-01-17T05:00:00.000Z,163332,19.99,2032811,86
1571200,2024-01-16T05:00:00.000Z,158487,0,2030540,64
1380070,2024-02-12T05:00:00.000Z,115410,24.99,2026915,72
871540,2024-04-04T04:00:00.000Z,67092,24.99,2026735,80
2647680,2024-11-21T00:00:00.000Z,78003,29.99,2007839,88
1877020,2024-02-01T05:00:00.000Z,39498,79.99,1996714,60
2019810,2024-02-01T05:00:00.000Z,169985,14.99,1993315,93
2965660,2024-05-31T04:00:00.000Z,294415,7.99,1966234,75
1107320,2024-06-28T04:00:00.000Z,59965,34.99,1947842,80
2340650,2024-02-01T05:00:00.000Z,99876,29.99,1936712,58
1712350,2024-06-25T04:00:00.000Z,67470,34.99,1934834,93
2756770,2024-08-13T00:00:00.000Z,204240,14.99,1924680,92
2903950,2024-07-17T00:00:00.000Z,54096,59.99,1921399,81
2918300,2025-01-01T00:00:00.000Z,1674393,0,1920930,61
1996010,2024-05-09T04:00:00.000Z,124589,19.99,1908367,98
1373960,2024-05-02T04:00:00.000Z,111721,24.99,1906967,90
3198850,2025-01-01T00:00:00.000Z,150511,0,1903848,73
1924490,2024-04-09T04:00:00.000Z,121938,19.99,1896379,67
2816950,2024-07-15T00:00:00.000Z,144948,19.99,1895948,91
3036080,2024-07-19T00:00:00.000Z,711406,2.99,1890049,92
2305840,2024-08-08T00:00:00.000Z,135268,19.99,1884555,95
2012510,2024-07-30T00:00:00.000Z,459605,0,1867598,49
2950340,2024-10-08T00:00:00.000Z,117757,39.99,1865371,81
1876590,2024-09-10T00:00:00.000Z,120303,19.99,1852271,98
2229850,2024-03-07T05:00:00.000Z,907840,0,1846485,93
2195410,2024-06-04T04:00:00.000Z,91669,29.99,1844199,81
2331330,2024-05-09T04:00:00.000Z,114716,24.99,1838090,94
1979440,2024-04-25T04:00:00.000Z,42499,59.99,1831310,88
2289720,2024-12-12T00:00:00.000Z,130855,17.99,1827252,98
2732960,2024-03-07T05:00:00.000Z,677401,0,1814048,90
2229870,2024-03-07T05:00:00.000Z,349362,0,1808267,87
2229880,2024-03-07T05:00:00.000Z,223434,0,1803590,89
2229890,2024-03-07T05:00:00.000Z,112112,0,1797224,85
2878600,2024-09-03T00:00:00.000Z,138332,29.99,1795744,76
2962300,2024-12-19T00:00:00.000Z,237202,0,1790998,80
2229840,2024-03-07T05:00:00.000Z,105416,0,1790519,80
2229830,2024-03-07T05:00:00.000Z,90035,0,1787979,75
2791440,2024-11-06T00:00:00.000Z,389354,0,1786658,69
2313330,2024-03-22T04:00:00.000Z,68692,29.99,1777797,63
2441700,2024-01-25T05:00:00.000Z,82563,29.99,1774296,98
2819520,2024-05-21T04:00:00.000Z,70968,0,1773803,72
3174070,2024-12-01T00:00:00.000Z,388648,0,1759667,64
2287330,2024-11-06T00:00:00.000Z,55510,39.99,1735812,75
2233120,2024-10-17T00:00:00.000Z,68236,29.99,1733332,76
2302660,2024-11-01T00:00:00.000Z,145067,13.99,1733050,97
2178070,2024-11-19T00:00:00.000Z,64569,29.99,1723487,69
1796790,2024-09-12T00:00:00.000Z,98816,19.99,1722927,88
2497920,2024-03-06T05:00:00.000Z,195356,9.99,1719801,88
2193540,2024-10-03T00:00:00.000Z,89363,24.99,1714846,58
2716400,2024-11-12T00:00:00.000Z,97364,19.99,1701272,94
2361680,2024-09-19T00:00:00.000Z,172808,14.99,1699173,72
1411910,2024-06-14T04:00:00.000Z,158398,14.99,1690484,98
1266540,2024-05-23T04:00:00.000Z,77420,24.99,1685648,68
3247080,2024-12-06T00:00:00.000Z,44315,0,1680954,53
2440380,2024-08-30T00:00:00.000Z,206004,9.99,1676355,72
2078450,2024-08-06T00:00:00.000Z,134315,19.99,1673406,81
2511500,2024-01-17T05:00:00.000Z,43400,44.99,1660853,91
1675830,2024-05-09T04:00:00.000Z,107936,19.99,1660377,95
2807150,2024-10-21T00:00:00.000Z,98491,24.99,1651643,83
1536090,2024-04-29T04:00:00.000Z,109184,19.99,1648492,88
2719160,2024-04-25T04:00:00.000Z,93362,19.99,1643945,68
2581700,2024-05-02T04:00:00.000Z,58121,49.99,1610601,84
2695490,2024-04-25T04:00:00.000Z,85049,29.99,1608312,71
2682580,2024-09-25T00:00:00.000Z,161569,14.99,1579279,74
1634860,2024-04-02T04:00:00.000Z,136531,14.99,1575200,98
2195120,2024-06-18T04:00:00.000Z,79856,24.99,1568354,94
2719030,2024-09-13T00:00:00.000Z,134069,16.99,1560773,75
2453360,2024-05-09T04:00:00.000Z,247733,9.99,1558122,88
917950,2024-03-28T04:00:00.000Z,100767,19.99,1539867,90
2175540,2024-09-11T00:00:00.000Z,47765,39.99,1537796,76
2396240,2024-08-08T00:00:00.000Z,85181,29.99,1531285,94
1481170,2024-11-08T00:00:00.000Z,48211,39.99,1501941,85
2899050,2024-12-13T00:00:00.000Z,98649,17.99,1495334,97
2075070,2024-01-09T05:00:00.000Z,277101,5.99,1494333,93
1915380,2024-02-22T05:00:00.000Z,83869,24.99,1483858,76
2292260,2024-02-28T13:00:17.000Z,62860,29.99,1463985,90
2457540,2025-01-01T00:00:00.000Z,23292,69.99,1459664,70
2271930,2024-11-04T00:00:00.000Z,94605,19.99,1455091,75
2008920,2024-05-16T04:00:00.000Z,69524,24.99,1445685,94
2190220,2024-02-07T05:00:00.000Z,67890,29.99,1437184,81
1231560,2024-12-17T00:00:00.000Z,93990,19.99,1427091,95
2353250,2024-12-10T00:00:00.000Z,88256,19.99,1420508,84
1808680,2024-03-07T05:00:00.000Z,92003,19.99,1419659,97
1771980,2024-07-22T00:00:00.000Z,125385,13.99,1393767,92
2834910,2024-06-06T04:00:00.000Z,136172,0,1388292,18
2464530,2024-12-10T00:00:00.000Z,94883,19.99,1387967,94
2102450,2024-09-16T00:00:00.000Z,42593,39.99,1382931,68
1983260,2024-07-18T00:00:00.000Z,92257,22.99,1381816,94
1316680,2024-08-09T00:00:00.000Z,180411,11.99,1381283,90
1456760,2024-05-14T04:00:00.000Z,97086,19.99,1380191,95
2797340,2024-09-12T00:00:00.000Z,217644,9.99,1366262,94
2570210,2024-10-16T00:00:00.000Z,87638,19.99,1356049,86
1582650,2024-09-12T00:00:00.000Z,74713,24.99,1354212,86
1893810,2024-02-22T05:00:00.000Z,44520,39.99,1340699,88
1723780,2024-11-15T00:00:00.000Z,98250,14.99,1324228,94
2597080,2024-09-26T00:00:00.000Z,111624,16.99,1315578,93
983380,2024-08-01T00:00:00.000Z,76267,19.99,1298193,70
3263320,2024-10-23T00:00:00.000Z,368776,4.99,1297401,76
2272900,2024-11-06T00:00:00.000Z,67654,24.99,1287797,71
2776900,2024-08-28T00:00:00.000Z,53713,0,1285402,72
2654470,2024-04-18T04:00:00.000Z,61388,24.99,1285106,93
2663530,2024-04-26T04:00:00.000Z,156074,9.79,1264065,95
1013140,2024-03-15T04:00:00.000Z,41619,39.99,1247881,79
2510960,2024-11-13T00:00:00.000Z,147485,9.99,1238412,81
1974520,2024-04-12T04:00:00.000Z,134608,12.99,1228118,92
2897580,2024-05-03T04:00:00.000Z,84747,0,1223057,84
1759380,2024-02-21T05:00:00.000Z,66067,24.99,1222867,79
2731870,2024-10-25T00:00:00.000Z,23392,59.99,1215356,84
1069160,2024-05-30T04:00:00.000Z,106366,14.99,1212583,94
1975580,2024-12-09T00:00:00.000Z,150172,14.99,1211337,81
2354000,2024-09-18T00:00:00.000Z,111651,12.99,1203680,91
2056210,2024-01-18T05:00:00.000Z,142310,12.99,1192011,92
1662210,2024-02-06T05:00:00.000Z,47010,29.99,1188955,75
2201710,2024-01-17T05:00:00.000Z,91745,19.99,1183868,66
2494350,2024-06-06T04:00:00.000Z,38363,39.99,1172648,74
1962890,2024-06-21T04:00:00.000Z,98500,14.99,1171323,94
2421410,2024-05-09T04:00:00.000Z,169278,12.99,1164770,93
2818260,2024-05-16T04:00:00.000Z,762615,0,1163865,46
1849790,2024-12-05T00:00:00.000Z,74568,19.99,1160483,86
2419090,2024-07-31T00:00:00.000Z,86577,19.99,1150763,82
2059530,2024-08-15T00:00:00.000Z,74208,19.99,1150170,78
2004080,2024-02-19T05:00:00.000Z,92833,14.99,1126307,82
2604480,2024-06-20T04:00:00.000Z,46176,24.99,1114630,67
1901910,2024-06-06T04:00:00.000Z,26609,49.99,1107932,55
2637990,2024-05-23T04:00:00.000Z,134021,9.99,1105132,95
3062930,2024-10-10T00:00:00.000Z,175195,7.99,1104616,32
1663040,2024-10-10T00:00:00.000Z,58946,34.99,1095047,83
2093920,2024-09-30T00:00:00.000Z,79544,19.99,1093439,73
1887400,2024-12-03T00:00:00.000Z,62700,19.99,1092931,96
2897700,2024-10-17T00:00:00.000Z,68185,29.99,1090358,89
1747760,2024-01-11T05:00:00.000Z,85109,16.99,1090063,92
2614070,2024-02-15T05:00:00.000Z,81684,24.99,1078977,98
2386310,2024-02-13T05:00:00.000Z,79629,24.99,1076839,79
1823950,2024-04-10T04:00:00.000Z,71741,24.99,1076748,83
2889660,2024-09-05T00:00:00.000Z,30600,39.99,1075966,75
2357910,2024-01-16T05:00:00.000Z,81071,14.99,1074042,91
1990110,2024-02-12T05:00:00.000Z,84679,19.99,1073223,87
1951410,2024-03-04T05:00:00.000Z,35835,39.99,1064008,81
1360810,2024-05-19T04:00:00.000Z,81982,19.99,1047903,89
2128940,2024-06-02T04:00:00.000Z,184706,9.99,1045959,24
2955300,2024-08-15T00:00:00.000Z,47780,0,1044698,74
1127700,2024-03-21T04:00:00.000Z,60173,24.99,1038150,79
2086430,2024-10-28T00:00:00.000Z,116343,9.99,1028652,86
2749770,2024-08-23T00:00:00.000Z,116883,11.99,1028046,97
3017450,2024-10-11T00:00:00.000Z,92538,0,1015295,70
2717880,2024-05-27T04:00:00.000Z,58997,29.99,1004603,90
2178480,2024-12-11T00:00:00.000Z,30607,39.99,1004545,89
2693930,2024-06-24T04:00:00.000Z,123842,12.99,1000160,85
1989070,2024-05-21T04:00:00.000Z,55464,24.99,995929,81
3204250,2024-11-25T00:00:00.000Z,235224,6.99,992629,75
1775490,2024-03-20T04:00:00.000Z,113683,8.99,984379,97
1416960,2024-06-20T04:00:00.000Z,62395,19.99,978901,84
1909840,2024-07-31T00:00:00.000Z,91074,17.99,972144,72
2450450,2024-04-24T04:00:00.000Z,26710,49.99,968385,80
3107330,2024-08-13T00:00:00.000Z,364066,2.99,964816,98
2458560,2024-09-30T00:00:00.000Z,49472,24.99,958260,60
2467810,2024-10-24T00:00:00.000Z,54401,24.99,956760,76
2594540,2024-08-26T00:00:00.000Z,57471,17.99,935892,85
1507580,2024-11-28T00:00:00.000Z,70120,29.99,934168,97
1610440,2024-07-31T00:00:00.000Z,65028,19.99,928964,96
1519090,2024-02-29T05:00:00.000Z,46597,29.99,914023,67
2699820,2024-10-23T00:00:00.000Z,36242,29.99,909649,96
2689120,2024-11-26T00:00:00.000Z,75525,15.99,902723,84
1858650,2024-11-12T00:00:00.000Z,87146,14.99,901632,87
2631250,2024-11-08T00:00:00.000Z,25361,49.99,899587,79
2400770,2024-09-25T00:00:00.000Z,75745,14.99,896866,78
2649970,2024-02-05T05:00:00.000Z,74458,14.99,892335,93
2379910,2024-06-21T04:00:00.000Z,159252,6.99,885722,96
3170540,2024-10-10T00:00:00.000Z,95893,9.99,882035,97
2958970,2024-12-05T00:00:00.000Z,37194,29.99,874880,91
1707990,2024-12-05T00:00:00.000Z,25924,39.99,873900,75
2144640,2024-08-26T00:00:00.000Z,55474,29.99,872016,70
1309950,2024-04-09T04:00:00.000Z,81662,14.99,859575,93
2694420,2024-10-02T00:00:00.000Z,83303,14.99,858933,94
2739600,2024-01-31T05:00:00.000Z,311876,0,856735,70
2710480,2024-11-27T00:00:00.000Z,76852,16.99,850216,89
2676840,2024-01-17T05:00:00.000Z,156060,6.99,849801,97
2678990,2024-02-28T05:00:00.000Z,206807,4.99,847642,98
1713350,2024-09-23T00:00:00.000Z,59008,19.99,847566,68
1631470,2024-09-10T00:00:00.000Z,41697,24.99,845537,95
2235020,2024-03-12T04:00:00.000Z,31745,39.99,840152,87
2644610,2024-11-11T00:00:00.000Z,73753,16.99,838819,84
2719200,2024-05-13T04:00:00.000Z,23178,49.99,838591,87
1691190,2024-09-30T00:00:00.000Z,38883,29.99,836305,80
2085370,2024-03-05T05:00:00.000Z,33856,34.99,832402,75
998400,2024-05-30T04:00:00.000Z,57131,19.99,817610,91
2386720,2024-10-24T00:00:00.000Z,1185638,0,817061,96
1471270,2024-05-17T04:00:00.000Z,64175,14.99,813051,83
1439750,2024-02-23T05:00:00.000Z,52652,19.99,813010,82
2118810,2024-09-26T00:00:00.000Z,56639,19.99,807828,75
1590760,2024-11-05T00:00:00.000Z,42560,24.99,807430,79
2961530,2024-09-12T00:00:00.000Z,95904,9.99,794264,87
2313020,2024-08-29T00:00:00.000Z,36319,44.99,793068,70
2389040,2024-11-05T00:00:00.000Z,51038,23.99,792855,89
2533960,2024-03-08T05:00:00.000Z,227422,4.99,792810,94
1452250,2024-11-07T00:00:00.000Z,40138,24.99,790360,74
2224640,2024-07-22T00:00:00.000Z,58532,16.99,788026,89
2407830,2024-11-06T00:00:00.000Z,55470,19.99,777852,90
2674590,2024-03-29T04:00:00.000Z,129231,6.99,770643,94
1286990,2024-07-23T00:00:00.000Z,55626,19.99,767719,90
2653940,2024-05-23T04:00:00.000Z,51498,24.99,762606,90
2289650,2024-07-30T00:00:00.000Z,102431,9.99,760422,93
2445990,2024-09-24T00:00:00.000Z,50738,24.99,756353,86
1417930,2024-09-20T00:00:00.000Z,58537,14.99,749343,88
1955230,2024-02-21T05:00:00.000Z,34611,29.99,748616,81
2299900,2024-03-29T04:00:00.000Z,81745,10.99,747977,99
1456940,2024-08-13T00:00:00.000Z,44713,19.99,740452,52
1159420,2024-02-29T05:00:00.000Z,36877,29.99,740176,70
2262080,2024-03-28T04:00:00.000Z,36285,24.99,737180,79
2962810,2024-07-18T00:00:00.000Z,113845,0,733172,74
1564600,2024-10-03T00:00:00.000Z,53957,16.99,732628,90
2436570,2024-02-13T05:00:00.000Z,36080,27.99,732539,90
2844850,2024-12-05T00:00:00.000Z,19177,49.99,727700,79
2213190,2024-11-05T00:00:00.000Z,80802,9.99,720477,86
2238040,2024-05-30T04:00:00.000Z,60184,17.99,719957,95
2428810,2024-11-14T00:00:00.000Z,17742,39.99,717151,60
2763670,2024-05-16T04:00:00.000Z,102225,9.99,713042,96
2706300,2024-04-19T04:00:00.000Z,68092,14.99,706768,73
2774380,2024-03-05T05:00:00.000Z,121616,7.99,706070,72
2450700,2024-07-31T00:00:00.000Z,70565,9.99,705482,82
2230980,2024-02-15T05:00:00.000Z,46165,29.99,704214,77
2076140,2024-06-20T04:00:00.000Z,48611,17.99,703838,89
2649480,2024-10-30T00:00:00.000Z,68732,14.99,701741,91
2544110,2024-09-19T00:00:00.000Z,31590,29.99,701013,96
2366970,2024-08-15T00:00:00.000Z,48241,19.99,700818,96
2153350,2024-02-28T05:00:00.000Z,68193,19.99,697150,72
24880,2024-03-07T05:00:00.000Z,129779,9.99,689421,92
2758000,2024-02-19T05:00:00.000Z,155737,6.99,688762,88
2507980,2024-04-24T04:00:00.000Z,52414,17.99,682542,68
2603020,2024-10-17T00:00:00.000Z,41003,24.99,682477,83
2275020,2024-03-06T05:00:00.000Z,143327,6.99,682195,70
1108270,2024-10-21T00:00:00.000Z,10669,0,679515,49
2010030,2024-04-29T04:00:00.000Z,39803,19.99,676791,76
